customer_id,age,gender,geography,is_active,tenure_months,date_opened,credit_score,balance,num_products,has_cr_card,estimated_salary,is_churned
15634602,42,Female,France,1,24,1/9/2024,619,0,1,1,101348.88,1
15647311,41,Female,Spain,1,12,1/9/2025,608,83807.86,1,0,112542.58,0
15619304,42,Female,France,0,96,3/9/2018,502,159660.8,3,1,113931.57,1
15701354,39,Female,France,0,12,1/9/2025,699,0,2,0,93826.63,0
15737888,years 43,Female,Spain,1,24,1/9/2024,850,125510.82,1,1,79084.1,0
15574012,44,Male,Spain,0,96,3/9/2018,645,113755.78,2,1,149756.71,1
15592531,50,Male,France,1,84,3/9/2019,822,0,2,1,10062.8,0
15656148,29,Female,Germany,0,48,2/9/2022,376,115046.74,4,1,119346.88,1
15792365,44,Male,France,1,48,2/9/2022,501,142051.07,2,0,74940.5,0
15592389,27,Male,France,1,24,1/9/2024,684,134603.88,1,1,71725.73,0
15767821,31,Male,France,0,72,2/9/2020,528,102016.72,2,0,80181.12,0
15737173,24,male,Spain,0,36,2/9/2023,497,0,2,1,76390.01,0
15632264,34,Female,France,0,120,3/9/2016,476,0,2,1,26260.98,0
15691483,25,Female,France,0,60,2/9/2021,549,0,2,0,190857.79,0
15600882,35,Female,Spain,1,84,3/9/2019,635,0,2,1,65951.65,0
15643966,45,Male,Germany,1,36,2/9/2023,616,143129.41,2,0,64327.26,0
15737452,58,Male,  Germany  ,0,12,1/9/2025,653,132602.88,1,1,5097.67,1
15788218,24,Female,Spain,1,108,3/9/2017,549,0,2,1,14406.41,0
15661507,45,Male,Spain,0,72,2/9/2020,587,0,1,0,158684.81,0
15568982,24,Female,France,1,72,2/9/2020,726,0,2,1,54724.03,0
15577657,41,Male,France,1,96,3/9/2018,732,0,2,1,170886.17,0
15597945,32,Female,Spain,0,96,3/9/2018,636,0,2,1,138555.46,0
15699309,38,Female,Spain,0,48,2/9/2022,510,0,1,1,118913.53,1
15725737,46,Male,France,1,36,2/9/2023,669,0,2,0,8487.75,0
15625047,38,  Female  ,France,1,60,2/9/2021,846,0,1,1,187616.16,0
15738191,25,Male,France,1,36,2/9/2023,577,0,2,0,124508.29,0
15736816,36,Male,Germany,1,24,1/9/2024,756,136815.64,1,1,170041.95,0
15700772,44,Male,France,0,108,3/9/2017,571,0,2,0,38433.35,0
15728693,43,Female,Germany,1,36,2/9/2023,574,141349.43,1,1,100187.43,0
15656300,29,Male,France,1,0,1/9/2026,411,59697.17,2,1,53483.21,0
15589475,39,Female,Spain,0,36,2/9/2023,591,0,3,1,140469.38,1
15706552,36,Male,France,1,84,3/9/2019,533,85311.7,1,0,156731.91,0
15750181,41,Male,Germany,0,108,3/9/2017,553,110112.54,2,0,81898.81,0
15659428,42,Female,Spain,1,72,2/9/2020,520,0,2,1,34410.55,0
15732963,29,Female,ES,1,108,3/9/2017,722,0,2,1,142033.07,0
15794171,45,Female,France,0,0,1/9/2026,475,134264.04,1,1,27822.99,1
15788448,31,Male,Spain,1,36,2/9/2023,490,145260.23,1,0,114066.77,0
15729599,33,Male,Spain,1,84,3/9/2019,804,76548.6,1,0,98453.45,0
15717426,36,Male,France,1,84,3/9/2019,850,0,1,1,40812.9,0
15585768,years 41,Male,Germany,1,72,2/9/2020,582,70349.48,2,0,178074.04,0
15619360,40,Male,Spain,0,48,2/9/2022,472,0,1,1,70154.22,0
15738148,51,Female,France,0,96,3/9/2018,465,122522.32,1,0,181297.65,1
15687946,61,Female,France,1,24,1/9/2024,556,117419.35,1,1,94153.83,0
15755196,49,Female,France,0,24,1/9/2024,834,131394.56,1,0,194365.76,1
15684171,61,Female,Spain,1,60,2/9/2021,660,155931.11,1,1,158338.39,0
15754849,32,Female,Germany,1,48,2/9/2022,776,109421.13,2,1,126517.46,0
15602280,27,Female,Germany,1,108,3/9/2017,829,112045.67,1,1,119708.21,1
15771573,39,Female,Germany,1,108,3/9/2017,637,137843.8,1,1,117622.8,1
15766205,38,Male,Germany,1,24,1/9/2024,550,103391.38,1,0,90878.13,0
15771873,37,Female,Germany,0,24,1/9/2024,776,103769.22,2,1,194099.12,0
15616550,44,Male,Germany,0,120,3/9/2016,698,116363.37,2,1,198059.16,0
15768193,36,Male,Germany,0,60,2/9/2021,585,146050.97,2,0,86424.57,0
15683553,33,Female,France,0,60,2/9/2021,788,0,2,0,116978.19,0
15702298,41,Male,Germany,0,96,3/9/2018,655,125561.97,1,0,164040.94,1
15569590,42,Male,Germany,0,12,1/9/2025,601,98495.72,1,1,40014.76,1
15760861,43,Male,France,1,12,1/9/2025,619,125211.92,1,1,113410.49,0
15630053,45,Male,France,0,60,2/9/2021,656,127864.4,1,1,87107.57,0
15647091,19,Male,Germany,0,0,1/9/2026,725,75888.2,1,0,45613.75,0
15623944,66,Female,Spain,0,48,2/9/2022,511,0,1,1,1643.11,1
15804771,51,Male,France,1,48,2/9/2022,614,40685.92,1,1,46775.28,0
15651280,35,Male,Germany,0,60,2/9/2021,742,136857,1,0,84509.57,0
15773469,27,Female,Germany,0,108,3/9/2017,687,152328.88,2,0,126494.82,0
15702014,33,Male,Spain,0,12,1/9/2025,555,56084.69,2,0,178798.13,0
15751208,56,Male,Spain,1,96,3/9/2018,684,78707.16,1,1,99398.36,0
15592461,26,Male,Germany,1,48,2/9/2022,603,109166.37,1,1,92840.67,0
15789484,36,Female,Germany,1,72,2/9/2020,751,169831.46,2,1,27758.36,0
15696061,34,Female,Germany,0,12,1/9/2025,581,101633.04,1,1,110431.51,0
15641582,43,Male,Germany,1,120,3/9/2016,735,123180.01,2,1,196673.28,0
15638424,35,Female,Germany,1,60,2/9/2021,661,150725.53,2,0,113656.85,0
15755648,21,Female,France,0,96,3/9/2018,675,98373.26,1,1,18203,0
15703793,58,Male,Germany,0,24,1/9/2024,738,133745.44,4,1,28373.86,1
15620344,29,NULL,France,0,72,2/9/2020,813,0,1,1,33953.87,0
15812518,37,Female,Spain,1,0,1/9/2026,657,163607.18,1,0,44203.55,0
15779052,25,Female,Germany,1,60,2/9/2021,604,157780.84,2,1,58426.81,0
15770811,36,Male,France,1,108,3/9/2017,519,0,2,0,145562.4,0
15780961,21,Female,France,0,12,1/9/2025,735,178718.19,2,1,22388,0
15614049,55,Male,France,1,96,3/9/2018,664,0,2,1,139161.64,0
15662085,32,Female,France,1,108,3/9/2017,678,0,1,1,148210.64,0
15575185,33,Male,Spain,1,60,2/9/2021,757,77253.22,1,0,194239.63,0
15803136,41,Female,Germany,0,120,3/9/2016,416,122189.66,2,1,98301.61,0
15706021,34,Female,France,0,12,1/9/2025,665,96645.54,2,0,171413.66,0
15663706,32,Female,,0,24,1/9/2024,777,0,1,1,136458.19,1
15641732,36,Female,France,0,36,2/9/2023,543,0,2,0,26019.59,0
15701164,34,Female,France,1,48,2/9/2022,506,90307.62,1,1,159235.29,0
15738751,46,Female,France,0,48,2/9/2022,493,0,2,1,1907.66,0
15805254,75,Female,Spain,1,120,3/9/2016,652,0,2,1,114675.75,0
15762418,,Male,Spain,0,36,2/9/2023,750,121681.82,1,1,128643.35,1
15625759,30,Male,France,0,108,3/9/2017,729,0,2,1,151869.35,0
15622897,46,Female,France,0,48,2/9/2022,646,-1,3,1,93251.42,1
15767954,,Female,Germany,1,36,2/9/2023,635,81623.67,2,1,156791.36,0
15757535,44,Female,Spain,1,60,2/9/2021,647,0,3,1,174205.22,1
15731511,45,Male,France,0,84,3/9/2019,808,118626.55,2,1,147132.46,0
15809248,36,Female,France,0,120,3/9/2016,524,0,2,1,109614.57,0
15640635,29,Male,France,1,96,3/9/2018,769,0,2,1,172290.61,0
15676966,42,Male,Spain,1,48,2/9/2022,730,0,2,0,85982.47,0
15699461,35,Male,Spain,1,120,3/9/2016,515,176273.95,1,0,121277.78,0
15738721,41,Male,Spain,1,108,3/9/2017,773,102827.44,1,0,64595.25,0
15693683,29,Male,  Germany  ,1,96,3/9/2018,814,97086.4,2,1,197276.13,0
15604348,22,Male,Spain,0,96,3/9/2018,710,0,2,0,99645.04,0
15633059,34,Male,France,0,108,3/9/2017,six hundred,0,2,0,6534.18,0
15808582,40,Female,France,1,72,2/9/2020,665,0,1,1,161848.03,0
15743192,44,Female,France,0,72,2/9/2020,623,0,2,0,167162.43,0
15580146,31,Male,France,0,108,3/9/2017,738,82674.15,1,1,41970.72,0
15776605,36,Male,Spain,0,84,3/9/2019,528,0,2,1,60536.56,0
15804919,65,Female,Spain,1,12,1/9/2025,670,0,1,1,177655.68,1
15613854,46,FEMALE,Spain,1,48,2/9/2022,622,107073.27,2,1,30984.59,1
15599195,32,Male,Germany,1,12,1/9/2025,582,88938.62,1,1,10054.53,0
15812878,36,Female,Germany,1,24,1/9/2024,785,99806.85,1,0,36976.52,0
15602312,33,Male,Spain,0,60,2/9/2021,605,150092.8,1,0,71862.79,0
15744689,35,Male,Germany,0,108,3/9/2017,479,92833.89,1,1,99449.86,1
15803526,30,Male,Germany,1,36,2/9/2023,685,90536.81,1,0,63082.88,0
15665790,39,Male,Germany,0,84,3/9/2019,538,108055.1,2,1,27231.26,0
15715951,42,  Male  ,France,0,24,1/9/2024,562,100238.35,1,0,86797.41,0
15591100,36,Male,Spain,1,108,3/9/2017,675,106190.55,1,0,22994.32,0
15609618,28,Male,Germany,1,108,3/9/2017,721,154475.54,2,0,101300.94,1
15675522,30,Female,Germany,1,108,3/9/2017,628,132351.29,2,1,74169.13,0
15705512,37,Female,Germany,0,72,2/9/2020,668,167864.4,1,1,115638.29,0
15698028,years 41,Female,France,0,12,1/9/2025,506,0,2,1,31766.3,0
15661670,31,Female,  Germany  ,0,96,3/9/2018,524,107818.63,1,1,199725.39,1
15600781,34,Male,Germany,0,48,2/9/2022,699,185173.81,2,1,120834.48,0
15682472,34,Male,France,0,96,3/9/2018,828,129433.34,2,0,38131.77,0
15580203,39,Male,Spain,0,72,2/9/2020,674,120193.42,1,0,100130.95,0
15690673,39,Female,France,0,72,2/9/2020,656,0,2,1,141069.88,0
15760085,48,Female,Germany,1,120,3/9/2016,684,126384.42,1,1,198129.36,0
15779659,28,Female,France,0,36,2/9/2023,625,0,1,0,183646.41,0
15627360,42,Male,France,0,108,3/9/2017,432,152603.45,1,1,110265.24,1
15671137,52,Female,France,1,12,1/9/2025,549,0,1,0,8636.05,1
15782688,56,Male,Germany,0,0,1/9/2026,625,148507.24,1,1,46824.08,1
15575492,41,Female,France,0,84,3/9/2019,828,0,2,1,171378.77,0
15591607,24,Male,France,0,108,3/9/2017,770,101827.07,1,1,167256.35,0
15740404,34,N/A,France,1,36,2/9/2023,758,0,2,1,124226.16,0
15718369,33,Female,Germany,1,108,3/9/2017,795,130862.43,1,1,114935.21,0
15677871,38,Male,France,1,108,3/9/2017,687,122570.87,1,1,35608.88,0
15642004,25,Male,France,1,12,1/9/2025,686,0,2,0,16459.37,0
15712543,39,Male,Germany,1,84,3/9/2019,789,124828.46,2,1,124411.08,0
15584518,50,FEMALE,Germany,1,60,2/9/2021,589,144895.05,2,1,34941.23,0
15802381,34,Female,Germany,1,60,2/9/2021,461,63663.93,1,0,167784.28,0
15610156,40,Male,France,1,24,1/9/2024,637,133463.1,1,0,93165.34,0
15594408,48,Female,Spain,0,24,1/9/2024,584,213146.2,1,1,75161.25,1
15640905,35,Female,Spain,1,12,1/9/2025,579,129490.36,2,0,8590.83,1
15698932,44,Male,Germany,0,120,3/9/2016,756,137452.09,1,1,189543.9,0
15724944,34,Male,France,1,84,3/9/2019,663,0,2,1,180427.24,0
15628145,43,Female,France,1,60,2/9/2021,682,125851.93,1,1,193318.33,0
15713483,52,Male,Spain,0,24,1/9/2024,793,0,1,1,159123.82,1
15612350,31,Female,France,0,60,2/9/2021,691,40915.55,1,1,126213.84,1
15800703,21,Female,Spain,1,60,2/9/2021,485,113157.22,1,1,54141.5,0
15705707,29,Female,Spain,0,96,3/9/2018,635,138296.94,2,1,141075.51,0
15754105,37,Male,France,0,60,2/9/2021,650,106967.18,1,0,24495.03,0
15703264,44,Male,France,0,108,3/9/2017,735,120681.63,1,1,74836.34,0
15794413,32,Male,France,1,0,1/9/2026,416,0,2,0,878.87,0
15650237,32,Female,Spain,0,84,3/9/2019,754,0,2,1,89520.75,0
15759618,48,Female,France,0,108,3/9/2017,535,0,1,1,149892.79,1
15811589,42,Male,Spain,0,96,3/9/2018,716,0,2,1,180800.42,0
15689044,37,Male,France,0,24,1/9/2024,539,127609.59,1,1,98646.22,0
15709368,43,Female,France,1,72,2/9/2020,614,0,2,1,109041.53,0
15679145,57,Male,Spain,0,84,3/9/2019,706,0,1,1,17941.16,1
15655007,33,Female,France,0,84,3/9/2019,758,0,2,0,82996.47,0
15623595,28,Female,Spain,1,24,1/9/2024,586,0,2,1,92067.35,0
15589975,73,Female,France,1,72,2/9/2020,646,97259.25,1,0,104719.66,0
15804017,33,Female,Germany,0,48,2/9/2022,631,123246.7,1,0,112687.57,0
15692132,22,Female,Spain,1,72,2/9/2020,717,101060.25,1,0,84699.56,0
15641122,30,Male,France,0,24,1/9/2024,684,0,2,1,83473.82,0
15630910,49,Female,France,0,84,3/9/2019,800,108007.36,1,0,47125.11,0
15680772,36,Female,Spain,1,24,1/9/2024,721,0,2,1,106977.8,0
15658929,29,Male,Spain,0,0,1/9/2026,683,133702.89,1,1,55582.54,1
15585388,31,Male,Germany,1,108,3/9/2017,660,125189.75,2,1,139874.43,0
15724623,24,Female,Germany,0,84,3/9/2019,704,113034.22,1,1,162503.48,1
15588537,41,Female,Spain,0,108,3/9/2017,615,109013.23,1,1,196499.96,0
15574692,39,Female,Spain,0,24,1/9/2024,667,0,2,1,40721.24,1
15611325,24,Male,Germany,0,108,3/9/2017,682,57929.81,2,0,53134.3,0
15587562,29,Female,France,0,48,2/9/2022,484,130114.39,1,1,164017.89,0
15613172,27,Male,Germany,0,60,2/9/2021,628,95826.49,2,1,155996.96,0
15651022,44,Male,Germany,0,120,3/9/2016,480,129608.57,1,1,5472.7,1
15586310,30,Male,France,0,48,2/9/2022,578,169462.09,1,1,112187.11,0
15625524,40,Male,France,1,60,2/9/2021,512,0,2,1,146457.83,0
15755209,35,Female,Spain,1,84,3/9/2019,484,133868.21,1,1,27286.1,0
15645248,30,Female,France,1,0,1/9/2026,510,0,2,1,130553.47,0
15790355,36,Male,Germany,0,60,2/9/2021,606,190479.48,2,0,179351.89,0
15762615,40,Female,Spain,1,96,3/9/2018,597,101993.12,1,0,94774.12,0
15625426,55,Female,Germany,0,36,2/9/2023,754,161608.81,1,1,8080.85,1
15716334,45,Female,Spain,1,24,1/9/2024,850,122311.21,1,1,19482.5,0
15789669,65,Male,France,1,24,1/9/2024,510,0,2,1,48071.61,0
15621075,45,Female,Germany,0,12,1/9/2025,778,162150.42,2,1,174531.27,0
15810845,42,Male,France,1,24,1/9/2024,636,,2,1,55470.78,0
15719377,50,Female,France,1,48,2/9/2022,804,0,1,1,8546.87,1
15654506,32,Male,France,0,96,3/9/2018,514,0,2,1,95857.18,0
15771977,39,Female,France,0,12,1/9/2025,730,99010.67,1,1,194945.8,0
15708710,37,Female,Spain,1,0,1/9/2026,525,0,1,0,131521.72,0
15726676,30,Male,Spain,1,60,2/9/2021,616,0,2,0,196108.51,0
15587421,34,Female,Germany,0,84,3/9/2019,687,111388.18,2,1,148564.76,0
15726931,41,Female,France,0,96,3/9/2018,715,56214.85,2,0,92982.61,1
15771086,36,Female,France,0,36,2/9/2023,512,84327.77,2,1,17675.36,0
15756850,40,Male,France,0,12,1/9/2025,479,0,2,0,114996.43,0
15702741,32,Male,France,0,96,3/9/2018,601,93012.89,1,1,86957.42,0
15679200,29,Male,Spain,0,108,3/9/2017,580,61710.44,2,1,128077.8,0
15594815,35,Male,France,1,36,2/9/2023,807,174790.15,1,1,600.36,0
15635905,32,Female,Spain,1,72,2/9/2020,616,0,2,1,43001.46,0
15777892,37,Male,Germany,1,36,2/9/2023,721,107720.64,1,1,158591.12,0
15656176,57,Male,France,1,120,3/9/2016,501,0,2,1,47847.19,0
15811127,35,Male,France,0,72,2/9/2020,521,96423.84,1,1,10488.44,0
15604482,30,Male,Spain,1,24,1/9/2024,850,141040.01,1,1,5978.2,0
15622911,42,  Male  ,France,1,48,2/9/2022,759,105420.18,1,0,121409.06,0
15600974,50,Male,Spain,1,60,2/9/2021,-1,0,1,0,146145.93,1
15727868,38,Female,France,1,24,1/9/2024,711,129022.06,2,1,14374.86,1
15627801,33,Male,Spain,0,36,2/9/2023,512,176666.62,1,1,94670.77,0
15773039,37,Male,France,1,36,2/9/2023,550,0,1,1,179670.31,0
15755262,41,Female,Spain,0,36,2/9/2023,608,89763.84,1,0,199304.74,1
15679531,34,male,France,1,60,2/9/2021,618,134954.53,1,1,151954.39,0
15684181,45,Male,France,0,60,2/9/2021,643,0,1,1,142513.5,1
15612087,45,Male,France,1,24,1/9/2024,671,106376.85,1,0,158264.62,0
15752047,33,Male,Germany,0,24,1/9/2024,689,161814.64,2,1,169381.9,0
15624592,31,Male,France,1,96,3/9/2018,score_700,0,2,1,169915.02,0
15573152,41,Female,France,0,108,3/9/2017,620,0,-1,0,88852.47,0
15594917,34,Female,France,1,12,1/9/2025,676,63095.01,1,1,40645.81,0
15785542,26,Male,Germany,0,48,2/9/2022,572,118287.01,2,0,60427.3,0
15723488,47,Male,Germany,1,84,3/9/2019,668,106854.21,1,0,157959.02,1
15680920,46,Male,France,0,84,3/9/2019,695,49512.55,1,1,133007.34,0
15786308,33,Female,Spain,0,108,3/9/2017,730,0,2,0,176576.62,0
15659366,43,Male,France,0,12,1/9/2025,807,105799.32,2,1,34888.04,1
15774854,54,Male,France,1,96,3/9/2018,592,0,1,1,28737.71,1
15725311,31,Female,France,1,108,3/9/2017,726,114722.05,2,1,98178.57,0
15787155,30,Male,Spain,1,84,3/9/2019,514,0,1,0,125010.24,0
15727829,42,Male,France,1,24,1/9/2024,567,0,2,1,167984.61,0
15733247,33,Unknown,France,0,120,3/9/2016,850,0,1,1,4861.72,1
15568748,45,Male,Germany,1,72,2/9/2020,671,99564.22,1,1,108872.45,1
15699029,37,Male,France,0,48,2/9/2022,670,170557.91,2,1,198252.88,0
15774393,30,Female,France,1,108,3/9/2017,694,0,2,1,26960.31,0
15676895,39,Female,Germany,1,72,2/9/2020,547,74596.15,3,1,85746.52,1
15637753,50,Male,Germany,0,24,1/9/2024,751,96888.39,1,1,77206.25,1
15605461,29,Female,Germany,0,36,2/9/2023,594,130830.22,1,1,61048.53,0
15808473,72,Male,France,1,12,1/9/2025,673,0,2,0,111981.19,0
15627000,40,Male,France,0,0,1/9/2026,610,0,2,1,62232.6,0
15787174,37,Female,France,1,12,1/9/2025,512,0,2,0,156105.03,0
15723886,20,Male,Germany,1,36,2/9/2023,767,119714.25,2,0,150135.38,0
15704769,67,Female,France,1,60,2/9/2021,585,113978.97,2,0,93146.11,0
15772896,42,Male,Germany,0,72,2-Sep-20,763,100160.75,1,1,33462.94,1
15711540,29,Female,France,1,24,1/9/2024,712,0,1,1,144375,0
15764866,43,Female,Germany,0,36,2/9/2023,539,116220.5,3,1,55803.96,1
15794056,46,Female,France,0,24,1/9/2024,668,0,3,1,89048.46,1
15795149,28,Male,France,1,24,1/9/2024,703,81173.83,2,0,162812.16,0
15812009,38,Male,Spain,0,48,2/9/2022,662,0,2,1,136259.65,0
15651001,39,Female,Germany,0,60,2/9/2021,725,116803.8,1,1,124052.97,0
15813844,37,Male,France,1,96,3/9/2018,703,105961.68,2,0,74158.8,0
15596175,67,Male,Germany,1,72,2/9/2020,659,117411.6,two,1,45071.09,1
15576269,34,Male,Spain,0,84,3/9/2019,523,0,2,1,62030.06,0
15797219,40,Female,France,0,120,3/9/2016,635,123497.58,1,1,131953.23,1
15685500,26,Male,Germany,0,84,3/9/2019,772,152400.51,2,1,79414,0
15599792,26,Female,France,1,12,1/9/2025,545,0,2,1,199638.56,0
15657566,24,Male,Germany,1,96,3/9/2018,634,103097.85,1,1,157577.29,0
15772423,54,Male,Germany,0,96,3/9/2018,739,126418.14,1,1,134420.75,1
15628112,36,Female,Germany,0,60,2/9/2021,771,77846.9,0,0,99805.99,0
15753754,34,Female,Spain,1,12,1/9/2025,587,0,2,1,97932.68,0
15793726,79,Female,France,1,0,1/9/2026,681,0,2,0,170968.99,0
15694717,37,Male,Germany,1,24,1/9/2024,544,79731.91,1,1,57558.95,0
15665834,28,Male,Spain,0,96,3/9/2018,696,0,1,0,176713.47,0
15765297,41,Male,Spain,1,0,1/9/2026,766,0,2,0,34283.23,0
15636684,-1,Male,France,1,120,3/9/2016,727,0,2,1,198637.34,0
15592979,34,Female,Germany,0,72,2/9/2020,671,37266.67,2,0,156917.12,0
15750803,30,Female,France,1,72,2/9/2020,693,127992.25,1,1,50457.2,0
15607178,38,Male,Germany,1,36,2/9/2023,850,54901.01,1,1,140075.55,0
15713853,42,Male,Germany,1,108,3/9/2017,732,108748.08,2,1,65323.11,0
15673481,48,Female,Spain,0,72,2/9/2020,726,99906.19,1,1,64323.24,0
15686776,32,Female,France,0,72,2/9/2020,557,Unknown,2,1,14956.44,0
15673693,26,Female,France,1,0,1/9/2026,682,110654.02,1,0,111879.21,0
15700696,31,Male,Spain,1,108,3/9/2017,738,79019.8,1,1,18606.23,0
15813163,36,Female,Spain,0,108,3/9/2017,531,99240.51,1,1,123137.01,0
15653857,34,Male,France,1,24,1/9/2024,498,0,2,1,148528.24,0
15777076,36,Male,France,0,84,3/9/2019,651,0,2,1,13898.31,0
15717398,39,Female,Spain,0,84,3/9/2019,549,0,1,0,81259.25,1
15799217,35,Female,Germany,0,84,3/9/2019,791,52436.2,1,1,161051.75,0
15787071,41,Male,Spain,1,108,3/9/2017,650,0,2,0,191599.67,0
15619955,34,Male,Germany,0,36,2/9/2023,733,100337.96,3,1,48559.19,1
15796505,34,Female,Germany,1,12,1/9/2025,811,149297.19,2,1,186339.74,0
15725166,30,Male,France,0,96,3/9/2018,707,0,2,1,33159.37,0
15800116,28,Male,Germany,1,48,2/9/2022,712,145605.44,1,0,93883.53,0
15758685,37,Female,Spain,1,84,3/9/2019,706,0,2,1,110899.3,0
15694456,62,Male,France,1,36,2/9/2023,756,0,1,1,11199.04,1
15767339,53,Female,France,0,120,3/9/2016,777,0,2,1,189992.97,0
15683562,35,Male,France,1,72,2/9/2020,646,84026.86,1,0,164255.69,0
15782210,46,Male,France,0,12,1/9/2025,714,0,1,1,152167.79,1
15668893,39,Male,France,1,96,3/9/2018,782,0,2,1,33949.67,0
15669169,29,Male,Spain,1,120,3/9/2016,775,0,2,1,68143.93,0
15643024,35,Male,Germany,1,48,2/9/2022,479,138718.92,1,1,47251.79,1
15699389,42,Male,France,1,84,3/9/2019,807,118274.71,1,1,25885.72,0
15708608,22,Female,France,1,96,3/9/2018,799,174185.98,2,0,192633.85,0
15626144,40,Male,France,0,84,3/9/2019,675,113208.86,2,1,34577.36,0
15573112,29,Male,Spain,0,60,9/2/2021,602,103907.28,1,1,161229.84,0
15790678,32,Female,France,0,96,3/9/2018,475,119023.28,1,1,100816.29,0
15727556,26,Female,Spain,1,60,2/9/2021,744,166297.89,1,1,181694.44,0
15697307,34,Male,Spain,0,120,3/9/2016,588,0,2,1,79078.91,0
15652266,42,Male,Germany,1,108,3/9/2017,703,63227,1,0,137316.32,0
15607098,41,Female,Spain,0,60,2/9/2021,747,94521.17,2,1,194926.86,0
15655774,27,Male,France,0,84,3/9/2019,583,0,2,1,51285.49,0
15590241,34,Female,Spain,0,108,3/9/2017,750,112822.26,1,0,150401.53,1
15785819,38,Male,France,1,36,2/9/2023,681,0,2,1,112491.96,0
15723654,25,Male,France,0,24,1/9/2024,773,135903.33,1,1,73656.38,0
15774510,31,Female,France,1,48,2/9/2022,714,125169.26,1,1,106636.89,0
15684173,44,Female,Spain,0,84,3/9/2019,687,0,3,1,155853.52,1
15650068,58,Male,France,1,0,1/9/2026,511,149117.31,1,1,162599.51,0
15811490,33,Male,France,1,60,2/9/2021,627,0,2,1,103737.82,0
15803976,31,Female,France,0,120,3/9/2016,694,0,2,1,160990.27,0
15682541,36,Female,Spain,0,72,2/9/2020,616,132311.71,1,0,15462.84,0
15695699,,Male,France,0,96,3/9/2018,687,0,2,1,10334.05,0
15624188,33,Female,France,1,72,2/9/2020,712,0,2,1,190686.16,0
15812191,33,Male,France,0,48,2/9/2022,553,118082.89,1,0,94440.45,0
15636673,31,Male,France,1,12,1/9/2025,667,119266.69,1,1,28257.63,0
15594898,43,Male,France,1,24,1/9/2024,731,0,1,1,170034.95,1
15660211,35,Male,Germany,0,84,3/9/2019,629,156847.29,2,1,31824.29,0
15773972,50,Male,France,0,48,2/9/2022,614,137104.47,1,1,127166.49,1
15746726,31,Male,Germany,0,96,3/9/2018,438,78398.69,1,1,44937.01,0
15712287,80,Female,France,1,48,2/9/2022,652,0,2,1,188603.07,0
15702919,30,Male,Germany,0,72,2/9/2020,729,63669.42,1,1,145111.37,0
15674398,38,Male,France,0,36,2/9/2023,642,0,2,0,171463.83,0
15797960,59,Female,Germany,0,0,1/9/2026,806,135296.33,1,1,182822.5,0
15631868,36,Male,Spain,1,24,1/9/2024,744,9999999,1,1,87213.33,0
15581539,37,Male,Spain,0,36,2/9/2023,474,0,2,0,57175.32,0
15662736,49,Male,France,0,24,1/9/2024,559,147069.78,1,1,120540.83,1
15666252,42,Male,Spain,1,108,3/9/2017,706,0,2,1,28714.34,0
15677512,22,Female,Spain,0,36,2/9/2023,628,0,1,1,85426.28,0
15626114,24,Male,France,0,48,2/9/2022,429,95741.75,1,1,46170.75,0
15810834,57,Female,Spain,1,24,1/9/2024,525,145965.33,1,1,64448.36,0
15678910,30,Female,France,1,96,3/9/2018,680,141441.75,1,1,16278.97,0
15694408,40,Male,France,0,12,1/9/2025,749,139290.41,1,1,182855.42,1
15585215,31,Female,France,0,48,2/9/2022,763,0,2,0,50404.72,0
15682757,30,Male,France,0,36,2/9/2023,734,0,2,1,107640.25,0
15736601,35,Male,France,0,48,2/9/2022,716,144428.87,1,1,134132.65,0
15601848,35,Male,France,0,24,1/9/2024,594,0,2,1,103480.69,0
15736008,46,Female,France,0,108,3/9/2017,644,95441.27,1,1,108761.05,1
15669064,35,Male,Germany,1,12,1/9/2025,671,144848.74,1,1,179012.3,0
15624528,26,Male,Germany,1,84,3/9/2019,664,116244.14,2,1,95145.14,0
15598493,50,Male,France,1,84,3/9/2019,656,0,2,0,72143.44,0
15601274,40,Female,Spain,0,12,1/9/2025,667,146502.07,1,1,19162.89,0
15702669,44,Male,Germany,1,24,1/9/2024,663,117028.6,2,0,144680.18,0
15728669,30,Female,Germany,0,96,3/9/2018,584,112013.81,1,1,177772.03,1
15742668,37,Female,Spain,0,-1,2/9/2020,626,108269.37,1,1,5597.94,0
15697441,29,Male,France,0,84,3/9/2019,485,182123.79,1,1,116828.51,1
15740476,32,Female,Germany,1,36,2/9/2023,659,150923.74,2,0,174652.51,0
15648064,33,Male,France,0,24,1/9/2024,649,0,2,1,2010.98,0
15636624,39,Female,Spain,0,60,2/9/2021,805,165272.13,1,1,14109.85,1
15807923,39,Female,Germany,0,120,3/9/2016,716,,1,1,43527.4,1
15745844,40,Female,Germany,1,72,2/9/2020,642,129502.49,2,0,86099.23,1
15786170,31,Male,France,0,48,2/9/2022,score_700,118342.26,1,0,161574.19,0
15681081,47,Female,Spain,1,60,2/9/2021,545,0,2,1,38970.14,0
15684484,22,Male,France,0,96,3/9/2018,543,0,2,0,127587.22,0
15785869,25,Female,France,0,84,3/9/2019,718,0,2,1,30380.12,0
15763859,43,Female,France,0,84,3/9/2019,840,0,2,1,90908.95,0
15658935,34,Female,Germany,0,108,3/9/2017,630,106937.05,2,1,138275.01,0
15747358,59,Male,Germany,1,36,2/9/2023,643,170331.37,1,1,32171.79,0
15735203,32,Female,Germany,1,12,1/9/2025,654,114510.85,1,1,126143.23,0
15576256,39,Male,France,1,60,2/9/2021,582,0,2,1,129892.93,0
15659420,32,Male,Spain,1,36,2/9/2023,659,107594.11,2,1,102416.84,0
15593365,39,Male,Spain,1,24,1/9/2024,762,81273.13,1,1,18719.67,0
15777352,32,Female,Spain,0,84,3/9/2019,568,169399.6,1,1,61936.22,0
15812007,25,Male,Spain,1,72,2/9/2020,670,0,2,1,78358.94,0
15625461,45,Female,France,1,12,1/9/2025,613,187841.99,2,1,147224.27,0
15739438,30,Male,France,0,0,1/9/2026,539,0,2,1,160979.66,0
15611759,57,Female,Spain,1,96,3/9/2018,850,126776.3,2,1,132298.49,0
15661629,34,Male,Spain,0,108,3/9/2017,522,126436.29,1,1,174248.52,1
15633950,41,Male,France,1,12,1/9/2025,737,101960.74,1,1,123547.28,0
15592386,58,male,France,1,36,2/9/2023,520,0,2,0,32790.02,0
15803716,28,Male,Spain,1,36,2/9/2023,706,0,2,0,181543.67,0
15696674,45,Female,Germany,1,24,1/9/2024,643,150842.93,1,0,2319.96,1
15706365,50,Female,France,1,108,3/9/2017,648,102535.57,1,1,189543.19,0
15745088,29,Female,Germany,0,108,3/9/2017,443,99027.61,2,1,10940.4,0
15676715,68,Male,France,1,108,3/9/2017,640,0,2,1,199493.38,0
15613085,33,Female,Spain,1,36,2/9/2023,628,0,1,1,188193.25,0
15633537,42,Female,Germany,0,108,3/9/2017,540,87271.41,2,1,172572.64,0
15594720,35,Female,Germany,1,96,3/9/2018,460,102742.91,2,1,189339.6,0
15684042,34,Male,Germany,1,24,1/9/2024,636,40105.51,2,0,53512.16,0
15583303,29,Female,France,0,24,1/9/2024,593,152265.43,1,1,34004.44,0
15611579,42,Male,Spain,1,48,2/9/2022,801,141947.67,1,1,10598.29,0
15774696,75,Female,Germany,1,12,1/9/2025,640,106307.91,2,0,113428.77,0
15694506,31,Male,Germany,1,0,1/9/2026,611,107884.81,2,1,183487.98,0
15688074,31,Male,Germany,1,12,1/9/2025,802,125013.72,1,1,187658.09,0
15759537,35,Male,Germany,1,84,3/9/2019,717,58469.37,2,1,172459.39,0
15758449,39,Female,France,1,96,3/9/2018,769,0,1,0,21016,0
15583456,45,Male,NULL,1,120,3/9/2016,745,117231.63,3,1,122381.02,1
15667871,35,Male,Spain,0,48,2/9/2022,572,152390.26,1,1,128123.66,0
15677371,30,Female,Spain,0,24,1/9/2024,629,34013.63,1,1,19570.63,0
15629677,39,Female,Spain,0,24,1/9/2024,687,0,3,0,188150.6,1
15713578,50,Female,France,1,108,3/9/2017,483,,2,1,111020.24,0
15591509,36,Male,France,0,84,3/9/2019,690,101583.11,2,1,123775.15,0
15568240,30,Female,Germany,1,120,3/9/2016,492,77168.87,2,0,146700.22,0
15622993,28,Male,Germany,0,96,3/9/2018,709,124695.72,2,1,145251.35,0
15689294,44,Male,Germany,0,36,2/9/2023,705,105934.96,1,1,82463.69,0
15720910,66,Female,France,1,108,3/9/2017,560,0,1,1,15928.49,0
15721181,46,Male,Spain,0,72,2/9/2020,611,0,2,1,45886.33,0
15776433,62,Male,Spain,1,24,1/9/2024,730,0,2,1,186489.95,0
15748936,,Female,Spain,1,24,1/9/2024,709,0,2,0,162922.65,0
15717225,21,Female,France,0,120,3/9/2016,544,161525.96,2,1,9262.77,0
15685226,29,Female,Germany,1,84,3/9/2019,712,147199.07,1,1,84932.4,0
15785611,38,Male,Germany,1,36,2/9/2023,752,183102.29,1,1,71557.12,0
15573456,46,Male,Spain,0,108,3/9/2017,648,127209,2,1,77405.95,1
15684548,years 38,Male,Spain,0,96,3/9/2018,556,0,2,0,417.41,1
15620505,24,Female,Spain,1,0,1/9/2026,594,97378.54,1,1,71405.17,0
15807432,37,Female,Germany,1,24,1/9/2024,645,136925.09,2,0,153400.24,0
15584766,33,Male,France,1,36,2/9/2023,557,54503.55,1,1,371.05,0
15612187,,Male,Germany,0,96,3/9/2018,547,155726.85,1,1,67789.99,0
15762218,39,Female,France,1,108,3/9/2017,701,0,2,0,145894.9,0
15646372,66,Female,France,0,12,1/9/2025,616,135842.41,1,1,183840.51,1
15690452,Unknown,Male,France,0,12,1/9/2025,605,63349.75,1,1,108887.44,0
15747795,38,Female,Germany,1,48,2/9/2022,593,129499.42,1,1,154071.27,0
15781589,52,Male,Spain,1,96,3/9/2018,751,0,2,0,179291.85,0
15732674,36,Male,Spain,1,72,2/9/2020,443,70438.01,2,0,56937.43,0
15642291,23,Male,France,1,96,3/9/2018,685,0,2,1,112239.03,0
15692761,36,Male,France,0,108,3/9/2017,718,0,1,1,45909.87,0
15578045,49,Female,Spain,0,108,3/9/2017,538,141434.04,1,0,173779.25,1
15745354,37,Female,Spain,0,48,2/9/2022,611,0,2,1,125696.26,0
15701376,37,Male,Germany,1,120,3/9/2016,668,152958.29,2,1,159585.61,0
15691625,41,Female,Germany,0,36,2/9/2023,537,138306.34,1,1,106761.47,0
15566594,23,Male,Spain,0,120,3/9/2016,709,0,2,0,129590.18,0
15760431,38,Male,France,1,12,1/9/2025,850,0,2,1,80006.65,0
15686302,31,Female,Spain,1,36,2/9/2023,745,124328.84,1,1,140451.52,0
15801559,41,Female,Germany,1,108,3/9/2017,693,181461.48,3,1,187929.43,1
15810432,35,Male,Spain,0,96,3/9/2018,795,0,2,1,167155.36,0
15809616,26,Male,Spain,0,96,3/9/2018,626,0,2,0,191420.71,0
15720559,61,Female,Germany,0,60,2/9/2021,487,110368.03,1,0,11384.45,1
15695632,39,Female,France,1,108,3/9/2017,556,89588.35,1,1,94898.1,0
15659843,46,Female,France,0,72,2/9/2020,643,0,2,0,106781.59,0
15615624,28,Female,France,0,72,2/9/2020,605,0,2,0,159508.52,0
15810418,60,Female,Germany,0,36,2/9/2023,756,115924.89,1,1,93524.19,1
15716186,38,Female,France,0,24,1/9/2024,586,0,2,1,87168.46,0
15674551,40,Male,Germany,0,84,3/9/2019,535,111756.5,1,1,8128.32,1
15622834,35,Female,France,0,48,2/9/2022,678,0,1,1,125518.32,0
15566111,39,Male,France,0,108,3/9/2017,596,0,1,1,48963.59,0
15784597,26,Male,France,0,108,3/9/2017,648,162923.85,1,1,98368.24,0
15652883,39,Male,Germany,0,120,3/9/2016,492,124576.65,2,1,148584.61,0
15806964,45,Male,France,1,0,1/9/2026,702,80793.58,1,1,27474.81,0
15576313,40,Female,Germany,0,108,3/9/2017,486,71340.09,1,1,76192.21,0
15806467,40,Male,Germany,0,12,1/9/2025,568,99282.63,1,0,134600.94,1
15597602,57,Male,Germany,1,36,2/9/2023,619,137946.39,1,1,72467.99,1
15743040,41,Male,Germany,1,24,1/9/2024,724,127892.57,2,0,199645.45,0
15705521,33,Female,Germany,0,0,1/9/2026,548,101084.36,1,1,42749.85,0
15595039,37,Female,Germany,0,96,3/9/2018,545,114754.08,1,1,136050.44,1
15799384,33,Male,France,0,96,3/9/2018,683,0,1,0,73564.44,0
15581197,51,Female,France,1,36,2/9/2023,762,99286.98,1,0,85578.63,0
15693737,30,Female,Germany,0,48,2/9/2022,627,79871.02,2,1,129826.89,0
15624623,35,Male,France,0,120,3/9/2016,six hundred,104088.59,2,0,119666,0
15783501,38,Female,France,0,24,1/9/2024,800,168190.33,2,1,68052.08,0
15690134,42,Female,Germany,1,36,2/9/2023,464,85679.25,1,1,164104.74,0
15782735,35,Female,France,0,36,2/9/2023,626,0,1,0,80190.36,0
15611088,31,Female,France,0,108,3/9/2017,790,0,2,1,84126.75,0
15672145,34,Female,France,1,84,3/9/2019,534,121551.58,2,1,70179,0
15732628,46,Male,France,1,24,1/9/2024,745,122220.19,1,1,118024.1,0
15787470,47,Male,Spain,0,36,2/9/2023,553,116528.15,1,0,145704.19,1
15803406,26,Female,France,1,12,1/9/2025,748,77780.29,1,0,183049.41,0
15730460,37,Male,France,0,24,1/9/2024,722,0,1,0,120906.83,0
15644572,40,Male,France,1,48,2/9/2022,501,125832.2,1,1,100433.83,0
15694860,38,Female,France,0,72,2/9/2020,675,68065.8,1,0,138777,1
15658169,47,Female,Spain,0,72,2/9/2020,778,127299.34,2,1,124694.99,0
15794396,38,Female,Germany,0,84,3/9/2019,494,174937.64,1,1,40084.32,0
15785798,40,Male,France,1,108,3/9/2017,850,0,2,0,119232.33,0
15710825,31,Male,Spain,0,84,3/9/2019,592,110071.1,1,0,43921.36,0
15668444,44,Female,Spain,0,36,2/9/2023,590,139432.37,1,1,62222.81,0
15726631,39,Female,France,1,72,2/9/2020,758,127357.76,1,0,56577,0
15733797,36,Male,France,0,60,2/9/2021,506,0,2,1,164253.35,0
15747960,33,Male,France,1,36,2/9/2023,733,0,1,1,7666.73,0
15634632,38,Male,France,0,36,2/9/2023,711,0,2,1,68487.51,0
15707362,43,Male,Germany,1,12,1/9/2025,514,95556.31,1,0,199273.98,1
15662976,37,Male,Spain,1,96,3/9/2018,637,0,1,1,186062.36,0
15732778,29,Male,Germany,1,12,1/9/2025,468,111681.98,2,1,195711.16,0
15718443,39,Male,France,0,36,2/9/2023,539,0,2,1,36692.17,0
15670039,25,Female,Spain,0,36,2/9/2023,509,108738.71,2,1,106920.57,0
15773792,32,Female,France,1,48,2/9/2022,662,133950.37,1,1,48725.68,1
15613786,26,Male,Spain,1,48,2/9/2022,818,0,2,1,167036.94,0
15726032,33,Male,France,0,108,3/9/2017,608,89968.69,1,1,68777.26,0
15663252,32,Female,Spain,1,108,3/9/2017,850,0,2,1,18924.92,0
15593782,38,Female,Germany,0,60,2/9/2021,816,130878.75,3,1,71905.77,1
15633283,35,Male,France,0,96,3/9/2018,536,0,2,1,64833.28,0
15749167,35,Male,France,1,36,2/9/2023,753,0,2,1,184843.77,0
15759298,27,Male,Spain,1,120,3/9/2016,631,134169.62,1,1,176730.02,0
15683625,37,Male,France,0,12,1/9/2025,703,149762.08,1,1,20629.4,1
15635367,26,Male,France,0,24,1/9/2024,774,93844.69,1,1,28415.36,0
15681705,28,Male,France,0,96,3/9/2018,785,0,2,1,77231.27,0
15603156,33,Female,France,0,12,1/9/2025,571,0,2,1,102750.7,0
15591986,46,Male,Germany,0,72,2/9/2020,621,141078.37,1,0,34580.8,1
15798888,31,Female,Germany,1,12,1/9/2025,605,117992.59,1,1,183598.77,0
15809722,40,Female,France,0,96,3/9/2018,611,100812.33,2,1,147358.27,0
15677538,38,Male,France,1,84,3/9/2019,569,0,1,1,108469.2,0
15797736,29,Male,France,1,48,2/9/2022,658,80262.6,1,1,20612.82,0
15695585,34,Male,Spain,1,72,2/9/2020,788,156478.62,1,0,181196.76,0
15744398,23,Female,France,0,60,2/9/2021,525,0,7,1,160249.1,0
15750658,37,Male,France,0,96,3/9/2018,798,0,3,0,110783.28,0
15578186,37,Male,Germany,0,108,3/9/2017,486,115217.99,2,1,144995.33,0
15676519,61,Male,Spain,0,108,3/9/2017,615,0,2,1,150227.85,1
15637954,35,Female,France,1,0,1/9/2026,730,155470.55,1,1,53718.28,0
15758639,37,Male,France,0,84,3/9/2019,641,0,2,1,75248.3,0
15613772,39,Male,France,1,36,2/9/2023,542,135096.77,1,1,14353.43,1
15731744,30,Male,France,1,24,1/9/2024,692,0,2,0,130486.57,0
15807709,55,Female,Germany,1,108,3/9/2017,714,180075.22,1,1,100127.71,0
15714689,29,Male,Spain,1,12,1/9/2025,591,97541.24,1,1,196356.17,0
15699005,41,Female,France,1,24,1/9/2024,710,156067.05,1,1,9983.88,0
15624170,38,Female,France,1,48,2/9/2022,639,81550.94,2,0,118974.77,0
15725679,47,Female,France,0,72,2/9/2020,531,0,1,0,194998.34,1
15585865,38,Female,France,0,24,1/9/2024,673,170061.92,2,0,134901.34,1
15804256,36,Male,Germany,1,96,3/9/2018,765,92310.54,2,1,72924.56,0
15662403,32,Female,France,0,72,2/9/2020,622,169089.38,2,1,101057.95,0
15733616,40,Male,France,1,60,2/9/2021,806,80613.93,1,1,142838.64,0
15591995,26,Male,Germany,1,96,3/9/2018,757,121581.56,2,1,127059.04,0
15677020,58,Female,France,1,96,3/9/2018,570,0,1,0,116503.92,1
15727688,32,Male,Spain,1,48,2/9/2022,555,0,2,1,54405.79,0
15715941,54,Male,France,1,60,2/9/2021,692,0,2,1,88721.84,0
15714485,60,Male,France,0,60,2/9/2021,774,85891.55,1,1,74135.48,1
15730059,44,Male,Spain,1,108,3/9/2017,638,77637.35,2,1,111346.22,0
15715527,41,Female,Spain,0,48,2/9/2022,543,0,1,0,194902.16,0
15576623,31,Male,France,0,60,2/9/2021,584,9999999,2,1,31474.27,0
15805565,30,Male,Germany,0,84,3/9/2019,691,116927.89,1,1,21198.39,0
15677307,40,Female,Germany,0,72,2/9/2020,684,137326.65,1,1,186976.6,0
15773890,22,Male,France,1,60,2/9/2021,733,0,2,1,117202.19,0
15598883,37,Female,Spain,1,24,1/9/2024,599,0,2,1,143739.29,0
15568506,31,Female,Germany,1,120,3/9/2016,524,67238.98,2,1,161811.23,0
15761043,38,Female,Germany,0,72,2/9/2020,632,86569.76,2,1,98090.91,0
15782236,34,Male,Spain,0,60,2/9/2021,735,0,2,0,71095.41,0
15593601,34,Male,France,1,72,2/9/2020,734,133598.4,1,1,13107.24,0
15682048,51,Female,France,1,36,2/9/2023,605,136188.78,1,1,67110.59,1
15746902,38,Male,Spain,0,108,3/9/2017,793,0,2,1,88225.02,0
15752081,56,Female,France,1,120,3/9/2016,468,0,3,0,62256.87,1
15781307,37,Male,Germany,0,84,3/9/2019,779,120092.52,2,1,135925.72,0
15775912,48,Male,France,1,48,2/9/2022,698,101238.24,2,0,177815.87,1
15745417,58,Male,France,1,72,2/9/2020,707,89685.92,1,0,126471.13,0
15671256,35,Female,France,0,12,1/9/2025,850,211774.31,1,1,188574.12,1
15653547,56,Male,France,1,84,3/9/2019,850,131317.48,1,1,119175.45,0
15595766,37,Male,Spain,1,60,2/9/2021,527,93722.73,2,1,139093.73,0
15742358,32,Male,Germany,1,96,3/9/2018,696,101160.99,1,1,115916.55,0
15763274,48,Male,France,0,36,2/9/2023,661,120320.54,1,0,96463.25,0
15786063,31,Female,France,1,24,1/9/2024,776,0,2,1,112349.51,0
15600258,43,Male,France,1,24,1/9/2024,701,0,2,1,165303.79,0
15573318,26,Male,France,0,96,3/9/2018,610,0,2,1,166031.08,0
15653849,48,Female,Germany,0,36,2/9/2023,572,152827.99,1,1,38411.79,1
15694272,30,Male,France,1,12,1/9/2025,673,,1,1,77783.35,0
15736112,57,Female,Spain,1,24,1/9/2024,519,119035.35,2,1,29871.79,0
15749851,26,Female,Spain,1,48,2/9/2022,702,135219.57,1,0,59747.63,0
15663478,32,Male,France,1,72,2/9/2020,729,93694.42,1,1,79919.13,0
15592300,35,Male,Spain,0,120,3/9/2016,543,59408.63,1,1,76773.53,0
15567832,40,Female,France,0,84,3/9/2019,550,114354.95,1,1,54018.93,0
15776780,59,Male,France,0,12,1/9/2025,608,0,1,1,70649.64,1
15592846,35,Male,Germany,0,120,3/9/2016,639,128173.9,2,1,59093.39,0
15739803,34,Male,Spain,0,108,3/9/2017,686,0,2,1,127569.8,0
15794142,62,Female,Germany,1,60,2/9/2021,564,114931.35,3,0,18260.98,1
15762729,28,Female,Germany,0,-10,1/9/2025,745,111071.36,1,1,73275.96,1
15667896,37,Male,france,1,96,3/9/2018,833,151226.18,2,1,136129.49,0
15626578,26,Male,France,1,108,3/9/2017,622,0,2,1,153237.59,0
15776223,42,Female,France,1,48,2/9/2022,597,64740.12,1,1,106841.12,0
15705953,51,Male,Spain,0,0,1/9/2026,721,169312.13,1,1,109078.35,1
15802593,49,Female,France,1,84,3/9/2019,504,,3,0,87822.14,1
15615457,44,Female,Spain,0,24,1/9/2024,842,112652.08,2,1,126644.98,0
15708916,38,Male,France,0,0,1/9/2026,587,0,2,1,47414.15,0
15720187,30,Female,Germany,0,84,3/9/2019,479,143964.36,2,1,41879.99,0
15595440,49,Male,France,1,84,3/9/2019,508,122451.46,2,1,75808.1,0
15600651,24,Male,France,1,12,1/9/2025,749,0,3,1,47911.03,0
15750141,36,Female,Germany,0,36,2/9/2023,721,65253.07,2,1,28737.78,0
15657284,47,Male,Germany,1,72,2/9/2020,674,106901.94,1,1,2079.2,1
15763063,25,Female,Spain,0,120,3/9/2016,685,128509.63,1,1,121562.33,0
15709324,34,Male,France,0,84,3/9/2019,417,0,2,1,55003.79,0
15711309,33,Male,Germany,0,36,2/9/2023,574,129834.67,1,1,193131.42,0
15775318,51,Female,Spain,1,36,2/9/2023,590,154962.99,3,0,191932.27,1
15705515,40,Male,Germany,0,60,2/9/2021,587,138241.9,2,1,159418.1,0
15634844,41,Male,Germany,0,36,2/9/2023,598,91536.93,1,1,191468.78,1
15717046,53,Male,Spain,1,36,2/9/2023,741,0,2,1,38913.68,0
15571816,70,Female,Spain,1,60,2/9/2021,850,0,1,1,705.18,0
15670080,29,Female,Germany,1,84,3/9/2019,584,105204.01,1,0,138490.03,0
15800440,61,Male,Spain,1,12,1/9/2025,650,152968.73,1,0,82970.69,0
15665678,,Male,Spain,1,96,3/9/2018,607,158261.68,1,1,76744.72,0
15665956,46,Female,France,0,12,1/9/2025,509,0,1,1,71244.59,1
15788126,38,Female,Spain,1,72,2/9/2020,689,121021.05,1,1,12182.15,0
15811773,36,Male,France,1,48,2/9/2022,543,0,2,1,141210.5,0
15651674,54,Female,Spain,0,24,1/9/2024,438,0,1,0,191763.07,1
15689614,63,Female,Spain,1,12,1/9/2025,687,137715.66,1,1,37938.74,0
15795564,31,Male,Germany,1,60,2/9/2021,737,121192.22,2,1,74890.58,0
15706647,31,Male,France,1,84,3/9/2019,761,0,3,1,166698.18,0
15728505,44,Male,France,1,12,1/9/2025,601,100486.18,2,1,62678.53,0
15730076,45,Male,France,0,12,1/9/2025,651,0,1,1,67740.08,1
15622003,35,Male,France,0,108,3/9/2017,745,92566.53,2,1,161519.77,0
15607312,49,Female,Spain,1,120,3/9/2016,648,0,2,1,159835.78,1
15644753,40,Male,Spain,1,36,2/9/2023,848,110929.96,1,1,30876.84,0
15653620,27,Female,France,1,96,3/9/2018,546,0,2,1,14858.1,0
15761986,32,Female,Spain,0,36,2/9/2023,439,138901.61,1,1,75685.97,0
15633922,30,Male,France,1,48,2/9/2022,755,123217.66,2,0,144183.1,0
15734674,41,Female,France,0,72,2/9/2020,593,0,1,1,65170.66,0
15658032,39,Male,France,1,24,1/9/2024,701,0,2,1,82526.92,0
15692671,36,Male,Spain,0,96,3/9/2018,701,0,2,1,169161.46,0
15737741,33,Female,Spain,1,24,1/9/2024,607,108431.87,2,0,109291.39,1
15576352,57,Female,Spain,1,36,2/9/2023,586,0,2,0,6057.81,0
15753719,30,Female,Germany,0,108,3/9/2017,547,72392.41,1,1,77077.14,0
15803689,51,Female,Germany,0,12,1/9/2025,647,119741.77,2,0,54954.51,1
15718057,51,Female,France,0,24,1/9/2024,760,9999,1,0,179614.8,1
15722010,53,Male,Spain,0,108,3/9/2017,621,170491.84,1,1,35588.07,1
15680998,44,Male,France,1,60,2/9/2021,725,0,1,1,117356.14,0
15614782,36,  Male  ,France,0,12,1/9/2025,526,0,1,1,160696.72,0
15591047,47,Female,Spain,0,72,2/9/2020,519,157296.02,2,0,147278.43,1
15788291,38,Female,Germany,1,84,3/9/2019,713,144606.22,1,1,56594.36,1
15604044,38,Male,France,0,96,3/9/2018,700,134811.3,1,1,1299.75,0
15679587,34,Female,France,1,108,3/9/2017,666,115897.12,1,1,25095.03,0
15775153,32,Male,Spain,0,48,2/9/2022,630,82034,1,0,146326.45,0
15603925,26,Female,Spain,1,48,2/9/2022,779,174318.13,2,0,38296.21,0
15680970,41,Female,Germany,0,24,1/9/2024,611,114206.84,1,1,164061.6,0
15697183,43,Male,Spain,0,108,3/9/2017,685,0,2,1,107811.28,0
15567446,39,Male,Germany,1,108,3/9/2017,646,111574.41,1,1,30838.51,0
15637476,57,  Female  ,Germany,0,60,2/9/2021,683,162448.69,1,0,9221.78,1
15714939,34,Female,Germany,1,48,2/9/2022,484,148249.54,1,0,33738.27,0
15683503,43,Female,France,1,96,3/9/2018,601,0,3,0,110916.15,1
15645569,26,Female,Spain,1,84,3/9/2019,762,123709.46,2,1,169654.57,0
15782569,72,Female,France,1,108,3/9/2017,687,0,1,0,69829.4,0
15592387,30,Male,France,0,60,2/9/2021,566,0,1,1,54926.51,1
15609286,37,Male,France,1,120,3/9/2016,702,150525.8,1,1,94728.49,0
15814035,29,Male,France,1,108,3/9/2017,601,0,1,1,80393.27,0
15661249,53,Male,France,1,48,2/9/2022,699,0,2,0,111307.98,0
15629117,28,Male,France,0,120,3/9/2016,584,0,2,1,19834.32,0
15607170,35,Male,France,1,60,2/9/2021,699,0,2,1,78397.24,0
15586585,51,Female,Germany,0,24,1/9/2024,698,111018.98,1,1,86410.28,0
15686611,30,Male,France,0,120,3/9/2016,495,129755.99,1,0,172749.65,0
15603203,27,Female,France,0,72,2/9/2020,650,0,2,1,1002.39,0
15619857,64,Female,France,1,24,1/9/2024,605,129555.7,1,1,13601.79,0
15805062,38,Male,Spain,1,12,1/9/2025,667,87202.38,1,1,77866.91,0
15660271,26,Male,Germany,1,96,3/9/2018,688,146133.39,1,1,175296.76,0
15745295,31,Female,Spain,0,0,1/9/2026,727,0,1,1,121751.04,1
15719352,39,Male,Spain,0,72,2/9/2020,754,170184.99,2,1,89593.26,0
15766575,62,Female,Germany,0,96,3/9/2018,612,140745.33,1,1,193437.89,1
15594594,42,Male,Spain,1,84,3/9/2019,546,139070.51,1,1,86945,0
15646161,37,Female,Spain,1,96,3/9/2018,673,0,2,1,183318.79,0
15682585,35,Male,France,0,108,3/9/2017,593,114193.24,1,1,71154.1,0
15603134,40,Female,Spain,1,120,3/9/2016,656,167878.5,1,0,151887.16,0
15636444,53,Female,Germany,1,60,2/9/2021,535,141616.55,2,1,75888.65,0
15773456,36,Male,Germany,1,36,2/9/2023,678,145747.67,2,0,89566.74,0
15745307,48,FEMALE,Spain,1,24,1/9/2024,477,129120.64,1,0,26475.79,0
15604119,35,Male,Spain,0,84,3/9/2019,850,110349.82,1,0,126355.8,0
15626900,29,Male,France,1,12,1/9/2025,427,141325.56,1,1,93839.3,0
15605447,49,Male,France,0,24,1/9/2024,752,78653.84,1,1,7698.6,0
15589030,47,Male,France,1,12,1/9/2025,649,0,2,1,145593.85,0
15692463,28,Female,Spain,0,36,2/9/2023,799,142253.65,1,1,45042.56,0
15712403,61,Female,France,0,12,1/9/2025,589,0,1,1,61108.56,1
15811762,54,Female,Germany,0,72,2/9/2020,583,115988.86,1,1,57553.98,1
15718673,33,Female,Spain,0,120,3/9/2016,839,75592.43,1,1,62674.42,0
15724282,44,Male,Germany,1,36,2/9/2023,540,164113.04,2,1,12120.79,0
15738181,31,Male,France,0,72,2/9/2020,850,67996.23,2,0,50129.87,1
15633648,51,Female,Spain,0,60,2/9/2021,696,0,2,1,55022.43,0
15603323,33,Female,Spain,0,12,1/9/2025,660,0,2,0,117834.91,0
15583725,Unknown,Male,France,1,12,1/9/2025,682,138778.15,1,0,168840.23,0
15588350,43,Female,France,1,120,3/9/2016,744,147832.15,1,0,24234.11,0
15798398,36,Female,France,0,48,2/9/2022,785,135438.4,1,0,190627.01,0
15784844,48,Male,Spain,0,60,2/9/2021,752,116060.08,1,1,156618.38,1
15580684,29,Female,France,0,60,2/9/2021,706,112564.62,1,1,42334.38,0
15809663,27,Female,France,1,12,1/9/2025,583,125406.58,1,1,110784.42,0
15640078,39,Female,Germany,0,60,2/9/2021,660,135134.99,1,1,173683,1
15698786,39,Female,France,0,108,3/9/2017,819,133102.92,7,1,27046.46,1
15569807,34,Female,France,0,96,3/9/2018,673,42157.08,1,1,20598.59,1
15730830,30,Female,France,1,36,2/9/2023,752,0,2,1,104991.28,0
15805112,38,male,France,0,84,3/9/2019,578,82259.29,1,1,8996.97,0
15633064,years 36,Female,France,0,48,2/9/2022,438,0,2,1,64420.5,0
15703119,38,Male,France,1,72,2/9/2020,652,0,2,1,145700.22,0
15730447,49,Female,France,1,48,2/9/2022,629,0,2,1,196335.48,0
15813850,52,Male,France,1,84,3/9/2019,720,0,1,1,14781.12,0
15711889,42,Male,France,0,36,2/9/2023,668,150461.07,1,1,108139.23,0
15664610,48,Male,Germany,1,48,2/9/2022,459,133994.52,1,1,19287.06,1
15751710,31,Male,Spain,1,96,3/9/2018,729,164870.81,2,1,9567.39,0
15692926,25,Male,Germany,1,96,3/9/2018,498,121702.73,1,1,132210.49,0
15813741,25,Male,Spain,1,72,2/9/2020,549,193858.2,1,0,21600.11,0
15698474,54,Female,Germany,1,12,1/9/2025,601,131039.97,2,1,199661.5,0
15568595,64,Male,France,1,108,3/9/2017,544,113829.45,1,1,124341.49,0
15603065,30,Female,France,0,72,2/9/2020,751,0,2,1,15766.1,0
15592937,41,Female,Germany,1,36,2/9/2023,632,81877.38,1,1,33642.21,0
15699637,57,Male,Spain,1,96,3/9/2018,694,116326.07,1,1,117704.65,0
15667215,31,Male,France,1,24,1/9/2024,678,0,2,1,58803.28,0
15788659,46,Male,France,1,48,2/9/2022,695,0,2,1,137537.22,0
15763218,41,Female,France,1,12,1/9/2025,661,0,2,0,131300.68,0
15645772,33,male,France,1,108,3/9/2017,661,0,2,1,84174.81,0
15725511,31,Female,France,1,36,2/9/2023,559,127070.73,1,0,160941.78,0
15575024,29,Male,France,1,36,2/9/2023,unknown,0,2,1,143954.99,0
15640825,46,Male,Spain,1,36,2/9/2023,695,122549.64,1,1,56297.85,0
15662397,42,Female,France,1,60,2/9/2021,640,176099.13,1,1,8404.73,0
15576368,48,Female,Germany,0,36,2/9/2023,624,122388.38,2,0,30020.09,0
15674991,42,Male,France,1,108,3/9/2017,667,0,2,0,58137.42,0
15721024,26,Male,  France  ,0,0,1/9/2026,642,0,1,0,47472.68,0
15745621,32,Female,Spain,1,72,2/9/2020,640,118879.35,2,1,19131.71,0
15642394,35,Male,Spain,1,60,2/9/2021,529,0,2,1,187288.5,0
15754605,39,Female,France,1,60,2/9/2021,563,0,2,1,17603.81,0
15607040,38,Female,Spain,0,48,2/9/2022,593,88736.44,2,1,67020.03,0
15715142,45,Male,Germany,1,84,3/9/2019,739,102703.62,1,0,147802.94,1
15810978,70,Female,Spain,1,12,1/9/2025,788,0,2,1,41610.62,0
15668886,38,Female,Spain,0,36,2/9/2023,684,0,2,1,44255.65,0
15780804,55,Male,France,1,60,2/9/2021,482,97318.25,1,0,78416.14,0
15613880,58,Male,Spain,1,60,2/9/2021,591,128468.69,1,0,137254.55,0
15775238,41,Female,Germany,1,48,2/9/2022,651,133432.59,1,0,151303.48,0
15786905,40,Female,Germany,0,96,3/9/2018,749,141782.57,2,0,86333.63,0
15747867,24,Male,France,0,108,3/9/2017,583,135125.28,1,0,89801.9,0
15600337,42,Male,Spain,0,24,1/9/2024,661,178820.91,1,0,29358.57,1
15801277,31,Female,France,1,24,1/9/2024,715,112212.14,2,1,181600.72,0
15579334,45,Female,Germany,0,60,2/9/2021,769,126674.81,1,1,124118.71,1
15802741,51,Female,France,0,84,3/9/2019,625,136294.97,1,1,38867.46,1
15720649,36,Female,France,0,60,2/9/2021,641,66392.64,1,1,31106.67,0
15589493,27,Male,Germany,0,12,1/9/2025,716,122552.34,2,1,67611.36,0
15688251,43,Male,France,0,12,1/9/2025,767,76408.85,2,1,77837.63,0
15665238,36,Male,Germany,0,96,3/9/2018,745,145071.24,1,0,6078.46,0
15740900,years 34,Male,France,1,72,2/9/2020,589,0,2,1,177896.92,0
15681068,45,Female,France,1,24,1/9/2024,796,109730.22,1,1,123882.73,0
15748625,57,Male,France,1,72,2-Sep-20,664,0,2,1,15304.08,0
15727299,62,Male,Spain,1,12,1/9/2025,445,64119.38,1,1,76569.64,1
15620204,57,Female,Germany,1,12,1/9/2025,543,106138.33,2,1,120657.32,1
15669516,36,Male,Spain,1,24,1/9/2024,746,0,2,1,16436.56,0
15736534,33,Male,Germany,1,0,1/9/2026,742,181656.51,1,1,107667.91,0
15803457,32,Female,France,0,60,2/9/2021,750,0,2,1,95611.47,0
15659098,30,Male,France,0,84,3/9/2019,669,95128.86,1,0,19799.26,0
15603436,49,Female,Spain,1,24,1/9/2024,594,126615.94,2,0,123214.74,0
15566292,36,Male,Spain,1,12,1/9/2025,574,0,2,0,71709.12,0
15808621,36,Male,Germany,1,24,1/9/2024,659,76190.48,2,1,149066.14,0
15580148,40,Male,Germany,0,60,2/9/2021,750,168286.81,3,1,20451.99,1
15776231,35,Male,Germany,1,48,2/9/2022,626,88109.81,1,1,32825.5,0
15773809,42,Male,France,0,48,2/9/2022,620,0,2,1,6232.31,0
15649423,35,Female,France,1,96,3/9/2018,580,0,2,0,10357.03,0
15734886,34,Female,France,0,36,2/9/2023,686,123971.51,2,1,147794.63,0
15722548,48,Male,France,0,0,1/9/2026,540,148116.48,1,0,116973.48,0
15650288,35,Male,Germany,0,72,2/9/2020,634,116269.01,1,1,129964.94,0
15629448,38,Male,Spain,0,12,1/9/2025,632,120599.21,1,1,92816.86,0
15716164,41,Female,France,0,36,2/9/2023,501,144260.5,1,1,172114.67,0
15807609,25,Female,Spain,0,36,2/9/2023,650,86605.5,3,1,16649.31,1
15578977,34,Male,France,0,108,3/9/2017,786,0,2,1,144517.19,0
15677369,37,Female,Germany,0,48,2/9/2022,554,58629.97,three,0,182038.6,0
15804072,42,Female,Spain,0,60,2/9/2021,701,0,2,0,24210.56,0
15696859,45,Male,France,0,120,3/9/2016,474,0,2,0,172175.9,0
15653780,43,Female,France,1,60,2/9/2021,621,0,1,1,47578.45,0
15721658,56,Female,Spain,1,24,1/9/2024,672,,2,1,150694.42,1
15578761,42,Female,Spain,1,72,2/9/2020,459,129634.25,2,1,177683.02,1
15736879,23,Male,France,0,12,1/9/2025,669,0,2,0,66088.83,0
15571973,38,Female,France,0,24,1/9/2024,776,169824.46,1,1,169291.7,0
15626742,36,Male,France,1,36,2/9/2023,694,97530.25,1,1,117140.41,0
15672692,42,Female,France,1,120,3/9/2016,787,145988.65,2,1,79510.37,0
15673570,37,Male,France,1,108,3/9/2017,580,0,2,0,77108.66,0
15767432,25,Female,NULL,1,84,3/9/2019,711,0,3,1,9679.28,0
15654238,40,Female,France,0,60,2/9/2021,673,137494.28,1,1,81753.92,0
15612525,57,Female,France,0,12,1/9/2025,499,0,1,0,131372.38,1
15812750,24,Male,France,1,72,2/9/2020,591,147360,1,1,25310.82,0
15790757,25,Female,France,0,120,3/9/2016,769,0,2,0,187925.75,0
15723873,31,Male,Spain,0,36,2/9/2023,657,125167.02,1,0,98820.39,0
15744607,43,Male,Germany,0,108,3/9/2017,738,121152.05,2,1,64166.7,1
15612966,60,Female,Germany,1,84,3/9/2019,545,128981.07,many,0,176924.21,1
15784209,47,Male,France,1,72,2/9/2020,497,0,1,1,90055.08,0
15794278,67,Male,Spain,1,72,2/9/2020,816,151858.98,1,1,72814.31,0
15766741,36,Male,France,1,24,1/9/2024,525,114628.4,1,0,168290.06,0
15661036,46,Male,France,0,72,2/9/2020,725,0,2,1,161767.38,0
15705639,28,Female,France,0,96,3/9/2018,692,95059.02,2,1,44420.18,0
15637414,24,Female,France,1,84,3/9/2019,618,128736.39,1,0,37147.61,0
15716835,24,Male,France,1,96,3/9/2018,546,156325.38,1,1,125381.02,0
15696231,29,Male,France,1,84,3/9/2019,635,-1,1,1,149853.89,0
15641675,49,Female,France,0,24,1/9/2024,611,88915.37,3,0,161435.02,1
15670755,60,Male,France,1,96,3/9/2018,650,0,2,1,102925.76,0
15640059,40,Male,France,1,60,2/9/2021,606,0,2,1,70899.27,0
15787619,18,Male,France,0,24,1/9/2024,844,160980.03,1,0,145936.28,0
15587535,46,Female,Spain,0,60,2/9/2021,450,177619.71,1,1,54227.06,0
15813034,38,Male,Spain,1,24,1/9/2024,727,62276.99,1,1,59280.79,0
15698839,46,Male,Germany,1,48,2/9/2022,460,127559.97,2,1,126952.5,0
15790314,41,Male,France,1,0,1/9/2026,649,0,2,0,130567.02,0
15634245,47,Female,Germany,0,108,3/9/2017,758,95523.16,1,1,73294.48,0
15677305,35,Female,France,1,84,3/9/2019,490,107749.03,1,1,3937.37,0
15661526,37,Male,Germany,0,24,1/9/2024,815,,2,1,2383.59,0
15685997,39,Female,Spain,0,60,2/9/2021,838,166733.92,2,1,14279.44,0
15660101,31,Male,France,0,108,3/9/2017,803,157120.86,2,1,141300.53,0
15637979,36,Female,Germany,0,24,1/9/2024,664,127160.78,2,1,78140.75,0
15815364,28,Female,,1,24,1/9/2024,736,0,2,1,117431.1,0
15647099,37,Female,France,0,108,3/9/2017,633,,1,1,72008.61,0
15625944,58,Male,France,1,60,2/9/2021,664,98668.18,1,1,60887.58,0
15583212,43,Female,France,0,60,2/9/2021,600,134022.06,1,1,194764.83,0
15582741,35,Female,France,0,60,2/9/2021,693,124151.09,1,1,88705.14,1
15637876,36,Female,Germany,0,72,2/9/2020,663,77253.5,1,0,35817.97,1
15622750,21,Female,Germany,0,12,1/9/2025,742,114292.48,1,1,31520.4,0
15672056,43,Male,Germany,1,24,1/9/2024,710,140080.32,3,1,157908.19,1
15812351,27,Female,Spain,0,24,1/9/2024,710,135277.96,1,1,142200.15,0
15810864,82,Female,France,1,24,1/9/2024,700,0,2,0,182055.36,0
15677921,60,Male,Germany,0,108,3/9/2017,720,115920.62,2,0,157552.08,1
15724296,41,Male,Spain,0,24,1/9/2024,684,119782.72,2,0,120284.67,0
15685329,63,Female,France,1,12,1/9/2025,531,114715.71,1,0,24506.95,1
15584091,36,Female,Germany,0,24,1/9/2024,742,129748.54,2,0,47271.61,1
15640442,31,Male,France,0,48,2/9/2022,717,129722.57,1,0,41176.6,0
15639314,32,Male,France,1,24,1/9/2024,589,0,2,0,9468.64,0
15685320,36,Male,France,0,36,2/9/2023,767,139180.2,1,0,123880.19,0
15789158,49,Male,  Germany  ,0,72,2/9/2020,636,113599.74,2,1,158887.09,1
15752137,33,Male,France,1,84,3/9/2019,648,134944,1,1,117036.38,0
15712551,58,Female,Germany,0,84,3/9/2019,622,116922.25,1,1,120415.61,1
15628936,28,Male,Spain,0,108,3/9/2017,692,118945.09,1,0,16064.25,1
15797227,28,Male,France,1,96,3/9/2018,754,0,2,1,52615.62,0
15769974,35,Female,Spain,0,96,3/9/2018,679,119182.73,1,0,121210.09,0
15737051,27,Male,France,0,96,3/9/2018,639,0,2,1,192247.35,0
15585595,28,Female,  France  ,1,12,1/9/2025,774,71264.02,2,0,68759.57,0
15654060,41,Male,France,1,24,1/9/2024,517,0,2,0,75937.47,0
15745196,35,Female,France,0,96,3/9/2018,571,0,2,0,84569.13,0
15571221,58,Male,Germany,1,84,3/9/2019,747,116313.57,1,1,190696.35,1
15660155,36,Male,Spain,1,60,2/9/2021,792,92140.15,1,0,67468.67,0
15605284,26,Male,France,1,12,1/9/2025,688,0,2,1,104435.94,0
15694366,42,Male,Germany,1,24,1/9/2024,714,177640.09,1,0,47166.55,0
15600739,35,Female,Spain,0,0,1/9/2026,562,0,2,1,119899.52,0
15653253,48,Male,Spain,1,96,3/9/2018,704,167997.6,1,1,173498.45,0
15763431,36,Male,France,1,24,1/9/2024,698,82275.35,2,1,93249.26,0
15643696,49,Male,France,1,36,2/9/2023,611,0,2,1,142917.54,0
15707473,48,Female,Germany,0,72,2/9/2020,850,111962.99,1,1,111755.8,0
15769504,34,Female,Germany,1,12,1/9/2025,743,131736.88,1,1,108543.21,0
15776807,29,Male,France,0,12,1/9/2025,654,0,1,1,180345.44,0
15686870,36,Male,Germany,0,96,3/9/2018,761,108239.11,2,0,99444.02,0
15668747,46,Female,France,1,108,3/9/2017,702,98444.19,1,0,109563.28,0
15766908,32,Male,Germany,0,36,2/9/2023,488,114540.38,1,1,92568.07,0
15570134,35,Female,France,1,72,2/9/2020,683,187530.66,2,1,37976.36,0
15567367,42,Female,Germany,1,108,3/9/2017,601,133636.16,1,0,103315.74,0
15747542,52,Male,France,1,84,3/9/2019,605,0,2,1,173952.5,0
15762238,44,Female,Germany,1,0,1/9/2026,671,84745.03,2,0,34673.98,0
15681554,31,Female,Germany,1,84,3/9/2019,614,120599.38,2,1,46163.44,0
15712825,29,Female,Spain,1,108,3/9/2017,511,0,2,0,140676.98,0
15640280,39,Male,France,1,48,2/9/2022,850,127771.35,2,0,151738.54,0
15756026,46,Female,,0,108,3/9/2017,790,0,1,0,14679.81,1
15613319,33,Female,France,0,0,1/9/2026,793,0,1,0,175544.02,0
15798906,69,Male,France,1,60,2/9/2021,628,0,2,1,181964.6,0
15708917,53,Male,Germany,1,120,3/9/2016,598,167772.96,1,1,136886.86,0
15778463,37,Female,France,0,72,2/9/2020,657,95845.6,1,1,122218.23,0
15699430,35,Female,France,0,120,3/9/2016,618,0,2,1,180439.75,0
15649992,65,Male,Spain,1,84,3/9/2019,681,134714.7,2,0,190419.81,0
15578980,33,Female,Spain,1,36,2/9/2023,516,0,2,1,58685.59,0
15775306,28,Male,Germany,1,96,3/9/2018,421,122384.22,3,1,89017.38,1
15641655,26,Female,France,0,24,1/9/2024,700,0,2,0,50051.42,0
15619708,25,Male,France,0,60,2/9/2021,745,157993.15,2,1,146041.45,0
15734565,29,Male,France,0,96,3/9/2018,696,0,2,1,191166.09,0
15806438,42,Female,Germany,0,24,1/9/2024,580,123331.36,1,0,103516.08,1
15591969,27,Male,Spain,1,108,3/9/2017,497,75263.16,1,1,164825.04,0
15747807,43,Female,France,0,72,2/9/2020,720,137824.03,2,1,172557.77,0
15596939,36,Male,Germany,0,48,2/9/2022,659,132578.92,2,1,84320.94,0
15716155,36,Female,France,0,60,2/9/2021,841,156021.31,1,0,122662.98,0
15765311,34,Male,Spain,0,96,3/9/2018,642,0,1,1,72085.1,0
15757811,69,Female,Spain,1,108,3/9/2017,732,137453.43,1,0,110932.24,1
15603830,36,Male,Spain,0,48,2/9/2022,600,0,2,1,143635.36,0
15660602,33,Male,Germany,1,96,3/9/2018,464,164284.72,2,1,3710.34,0
15660535,47,Female,France,1,60,2/9/2021,680,-5000,2,1,179843.33,0
15666633,years 56,Male,Spain,1,12,1/9/2025,758,0,2,1,10643.38,0
15596914,31,Female,Germany,1,24,1/9/2024,630,112373.49,2,1,131167.98,0
15639788,39,Female,France,0,120,3/9/2016,577,0,2,1,10553.31,0
15695846,34,Female,France,1,72,2/9/2020,684,0,2,1,130928.22,0
15726234,41,Female,Spain,1,60,2/9/2021,708,0,1,0,157003.99,0
15797964,29,Female,Germany,1,12,1/9/2025,-1,154333.82,1,1,138527.56,0
15625881,37,Male,Germany,1,36,2/9/2023,634,111432.77,2,1,167032.49,0
15780628,30,Female,France,0,72,2/9/2020,633,0,2,0,41642.29,0
15575883,34,male,France,0,24,1/9/2024,559,137390.11,2,1,9677,0
15585036,37,Female,Spain,1,36,2/9/2023,694,0,2,1,147012.22,0
15589488,56,Female,Germany,1,60,2/9/2021,686,111642.08,1,1,80553.87,0
15585888,48,Female,Spain,1,36,2/9/2023,553,0,1,0,30730.95,1
15727915,36,Male,France,0,48,2/9/2022,507,83543.37,1,0,140134.43,0
15707567,50,Male,Germany,0,72,2/9/2020,732,145338.76,1,0,91936.1,1
15737792,31,Female,France,0,12,1/9/2025,818,186796.37,1,0,178252.63,0
15599433,35,Male,Germany,1,96,3/9/2018,660,58641.43,1,0,198674.08,0
15672012,41,Female,Spain,0,60,2/9/2021,773,0,1,1,28266.9,1
15806983,44,Male,France,0,36,2/9/2023,640,137148.68,1,1,92381.01,0
15592222,49,Male,France,0,84,3/9/2019,score_700,80001.23,1,0,135180.11,0
15608968,21,  Male  ,Germany,0,72,2/9/2020,714,86402.52,2,0,27330.59,0
15586959,42,Female,France,0,60,2/9/2021,468,0,2,1,125305.34,0
15646558,51,Male,Spain,1,12,1/9/2025,611,122874.74,1,1,149648.45,0
15725811,25,Male,,1,0,1/9/2026,705,97544.29,1,0,59887.15,0
15572265,46,Male,Germany,0,12,1/9/2025,646,170826.55,2,1,45041.32,0
15794048,48,Female,Germany,0,12,1/9/2025,667,97133.92,2,0,113316.77,1
15677610,41,Female,Germany,1,96,3/9/2018,511,153895.65,1,1,39087.42,0
15745012,43,Female,France,1,72,2/9/2020,653,0,2,1,7330.59,0
15601589,57,Female,France,1,96,3/9/2018,675,0,2,0,95463.29,0
15686436,32,Male,Spain,0,48,2/9/2022,523,0,2,1,167848.02,0
15693864,49,Female,Germany,0,60,2/9/2021,567,134956.02,1,1,93953.84,1
15760550,39,Male,Spain,1,84,3/9/2019,741,143637.58,2,0,174227.66,0
15686137,32,Male,Spain,1,108,3/9/2017,456,147506.25,1,1,135399.21,0
15809087,64,Male,France,0,12,1/9/2025,598,0,2,1,195635.3,1
15807663,43,Male,France,0,96,3/9/2018,667,190227.46,1,1,97508.04,1
15809100,32,Female,France,0,24,1/9/2024,548,172448.77,1,1,188083.77,1
15794916,41,Male,France,1,84,3/9/2019,725,113980.21,1,1,116704.25,0
15614215,53,Male,France,1,72,2/9/2020,717,0,2,0,97614.87,0
15805449,38,Male,France,0,48,2/9/2022,594,0,2,0,186884.04,0
15686983,25,Female,Germany,1,120,3/9/2016,678,76968.12,2,0,131501.72,0
15808017,38,Male,France,1,12,1/9/2025,545,88293.13,2,1,24302.95,0
15756804,48,Female,France,0,12,1/9/2025,636,170833.46,1,1,110510.28,1
15646810,44,Male,Germany,0,72,2/9/2020,603,108122.39,2,1,108488.33,1
15710424,36,Male,France,1,48,2/9/2022,435,9999,1,1,197015.2,0
15799422,40,Female,France,1,96,3/9/2018,535,0,1,1,27689.77,0
15692750,45,Female,Germany,0,84,3/9/2019,629,129818.39,3,1,9217.55,1
15794549,35,Female,France,1,24,1/9/2024,722,163943.89,2,1,15068.18,0
15803764,28,Male,France,0,84,3/9/2019,561,,2,1,7797.01,0
15674840,38,Female,France,1,60,2/9/2021,645,101430.3,2,0,4400.32,0
15653762,39,Female,France,0,108,3/9/2017,501,117301.66,1,0,182025.95,0
15581229,32,Female,Germany,1,12,1/9/2025,502,173340.83,1,0,122763.95,0
15800228,42,Female,Spain,1,48,2/9/2022,652,0,2,1,38152.01,0
15656333,33,Female,France,0,36,2/9/2023,574,134348.57,1,1,63163.99,0
15697497,45,Female,France,1,108,3/9/2017,518,105525.65,2,1,73418.29,0
15585362,60,Female,France,0,72,2/9/2020,749,0,1,1,17978.68,1
15571928,43,Female,France,0,48,2/9/2022,679,0,3,1,115136.51,1
15785519,36,Male,France,0,72,2/9/2020,565,106192.1,1,1,149575.59,0
15743007,45,Female,France,0,48,2/9/2022,643,45144.43,1,1,60917.24,1
15777211,65,Male,France,1,84,3/9/2019,515,92113.61,1,1,142548.33,0
15721935,25,Male,France,1,84,3/9/2019,521,0,2,1,157878.67,0
15591711,38,Male,Spain,0,0,1/9/2026,739,128366.44,1,1,12796.43,0
15625021,42,Male,France,1,24,1/9/2024,585,0,2,1,18657.77,0
15702968,74,Male,Germany,1,36,2/9/2023,733,106545.53,1,1,134589.58,0
15600462,43,Female,France,1,96,3/9/2018,542,145618.37,1,0,10350.74,0
15768104,37,Male,Spain,0,96,3/9/2018,788,141541.25,1,0,66013.27,0
15780140,32,Male,Germany,1,24,1/9/2024,435,57017.06,2,1,5907.11,0
15585255,42,Male,France,0,108,3/9/2017,577,0,1,1,74077.91,0
15772781,51,Female,France,1,36,2/9/2023,703,0,3,1,77294.56,1
15669987,35,Female,Germany,0,96,3/9/2018,728,125884.95,2,1,54359.02,1
15697000,32,Male,Germany,1,60,2/9/2021,728,61825.5,1,1,156124.93,0
15733119,35,Male,France,0,96,3/9/2018,718,0,2,1,94820.85,0
15782390,,Female,France,0,72,2/9/2020,621,0,1,1,155155.25,0
15654700,40,Female,France,0,24,1/9/2024,523,102967.41,1,1,128702.1,1
15632210,25,Male,Germany,0,24,1/9/2024,657,171770.55,1,1,22745.5,0
15642041,40,Male,Germany,0,12,1/9/2025,727,93051.64,2,1,71865.31,1
15709737,36,Male,France,1,84,3/9/2019,643,161064.64,2,0,84294.82,0
15792388,48,Female,France,1,84,3/9/2019,645,90612.34,1,1,149139.13,0
15786014,28,male,France,0,60,2/9/2021,568,145105.64,2,1,185489.11,0
15794580,58,Male,France,0,48,2/9/2022,599,0,1,0,176407.15,1
15675964,45,Female,France,1,108,3/9/2017,672,0,1,1,92027.69,1
15814275,33,Male,France,1,72,2/9/2020,685,174912.72,1,1,43932.54,0
15724848,46,Female,France,0,12,1/9/2025,516,104947.72,1,1,115789.25,1
15754713,31,Male,Spain,1,120,3/9/2016,685,135213.71,1,1,125777.28,0
15693814,25,Male,Spain,0,84,3/9/2019,806,0,2,1,18461.9,0
15599660,36,Male,France,1,72,2/9/2020,604,116229.85,2,1,79633.38,0
15746490,53,Female,Spain,1,72,2/9/2020,648,111201.41,1,1,121542.29,0
15566091,32,Female,Spain,0,48,2/9/2022,545,0,1,1,94739.2,0
15655961,27,Male,Germany,0,12,1/9/2025,756,131899,1,1,93302.29,0
15710404,35,Male,France,1,120,3/9/2016,569,124525.52,1,1,193793.78,0
15775625,47,Male,France,0,72,2/9/2020,596,0,1,1,74835.65,0
15792328,39,Male,France,1,72,2/9/2020,475,0,1,1,56999.9,1
15719856,45,Female,France,1,36,2/9/2023,646,47134.75,1,1,57236.44,0
15593773,35,Male,Spain,0,36,2/9/2023,784,0,2,0,81483.64,0
15733114,45,Male,Spain,0,108,3/9/2017,552,0,2,1,26752.56,0
15797748,44,Male,France,1,60,2/9/2021,729,0,2,0,9200.54,0
15743411,61,Male,Spain,0,12,1/9/2025,609,0,1,1,22447.85,1
15753337,51,N/A,France,0,60,2/9/2021,555,0,3,1,189122.89,1
15601026,19,Female,Germany,1,12,1/9/2025,572,138657.08,1,1,16161.82,0
15658485,34,Female,France,1,108,3/9/2017,785,70302.48,1,1,68600.36,0
15636731,36,Female,Germany,1,12,1/9/2025,714,101609.01,2,1,447.73,0
15628303,35,Male,Spain,1,36,2/9/2023,738,0,1,1,15650.73,0
15633461,38,Male,Germany,1,60,2/9/2021,639,130170.82,1,1,149599.62,0
15677135,61,Male,Germany,1,96,3/9/2018,520,133802.29,2,1,90304.01,0
15590876,24,Female,France,0,84,3/9/2019,764,106234.02,1,0,115676.38,0
15790782,39,Male,Spain,0,72,2/9/2020,661,132628.98,1,0,38812.67,0
15700476,41,Male,Germany,1,108,3/9/2017,564,103522.75,2,1,34338.21,0
15634141,42,Female,Germany,0,96,3/9/2018,708,192390.52,2,1,823.36,0
15737795,36,Male,Spain,1,12,1/9/2025,512,0,1,0,135482.26,1
15790299,37,Male,Spain,1,108,3/9/2017,592,0,3,1,10656.89,0
15675316,38,Female,France,1,36,2/9/2023,619,0,2,0,116467.35,0
15613630,52,Male,France,1,96,3/9/2018,775,109922.61,1,1,96823.32,1
15662100,44,Female,Germany,1,60,2/9/2021,850,128605.32,1,0,171096.2,0
15668032,37,Female,France,1,48,2/9/2022,577,0,1,1,79881.39,0
15599289,37,Female,France,0,120,3/9/2016,724,68598.56,1,1,157862.82,0
15754084,35,Male,Spain,1,12,1/9/2025,710,106518.52,1,1,127951.81,0
15676521,31,Female,France,0,96,3/9/2018,696,0,2,0,191074.11,0
15804586,46,Female,France,0,72,2/9/2020,376,0,1,1,157333.69,1
15781465,29,Female,Germany,0,96,3/9/2018,675,121326.42,7,1,133457.52,0
15729362,36,Male,France,0,96,3/9/2018,745,67226.37,1,1,130789.6,0
15709295,25,Female,Spain,1,60,2/9/2021,six hundred,82931.85,2,1,128373.88,0
15745324,39,Female,Spain,0,48,2/9/2022,599,0,1,1,194273.2,1
15741336,38,Female,France,1,60,2/9/2021,715,118590.41,1,1,5684.17,1
15783659,67,Male,France,1,48,2/9/2022,659,145981.87,1,1,131043.2,0
15620981,48,Female,France,0,36,2/9/2023,684,73309.38,1,0,21228.34,1
15630328,years 48,Female,France,1,96,3/9/2018,635,130796.33,2,1,43250.3,0
15785899,33,Male,Germany,0,96,3/9/2018,789,151607.56,1,1,4389.4,0
15606149,66,Female,Germany,1,108,3/9/2017,571,111577.01,many,0,189271.9,0
15671139,39,Male,Spain,1,0,1/9/2026,694,107042.74,1,1,102284.2,0
15660429,42,Female,Spain,1,24,1/9/2024,665,156371.61,2,0,156774.94,1
15571002,44,Female,France,0,48,2/9/2022,706,129605.99,1,0,69865.49,0
15631681,43,Female,Spain,1,0,1/9/2026,807,0,2,0,85523.24,0
15731522,67,Female,Spain,1,96,3/9/2018,771,0,2,1,51219.8,0
15619529,27,Male,Spain,0,96,3/9/2018,531,132576.25,1,0,7222.92,0
15628034,37,Female,France,1,72,2/9/2020,629,129101.3,1,1,23971.33,0
15686164,31,Female,  Germany  ,1,12,1/9/2025,850,108822.4,1,1,132173.31,0
15582797,35,Male,Spain,0,48,2/9/2022,685,137948.51,1,1,113639.64,0
15753831,32,Male,Spain,1,84,3/9/2019,642,100433.8,1,1,39768.59,0
15731815,63,Male,Spain,0,48,2/9/2022,529,96134.11,3,1,108732.96,1
15580956,43,Female,Germany,1,48,2/9/2022,683,115888.04,1,1,117349.19,1
15602084,42,Female,France,1,60,2/9/2021,663,124626.07,1,1,78004.5,0
15589805,34,Female,France,1,72,2/9/2020,563,139810.34,1,1,152417.79,0
15720893,34,Female,Spain,0,108,3/9/2017,637,0,2,0,26057.08,0
15641009,37,Male,France,0,36,2/9/2023,544,84496.71,1,0,79972.09,0
15605926,70,Male,Germany,1,108,3/9/2017,649,116854.71,2,0,107125.79,0
15805955,48,Female,France,1,120,3/9/2016,638,138333.03,1,1,47679.14,0
15801488,25,Male,France,1,36,2/9/2023,723,0,2,1,134509.47,0
15605918,43,Male,Germany,0,60,2/9/2021,635,78992.75,2,0,153265.31,0
15779711,38,  Female  ,Spain,1,84,3/9/2019,750,97257.41,2,0,179883.04,0
15705620,34,Male,France,0,60,2/9/2021,730,122453.37,2,1,138882.98,0
15685357,36,Female,Spain,1,96,3/9/2018,750,112940.07,1,0,9855.81,0
15570060,43,Female,France,0,96,3/9/2018,586,132558.26,1,1,67046.83,1
15582616,38,Female,France,0,48,2/9/2022,520,0,2,1,56388.63,0
15799515,48,Female,France,0,96,3/9/2018,652,133297.24,1,1,77764.37,0
15642937,46,  Female  ,France,0,84,3/9/2019,550,0,2,1,130590.35,0
15624729,27,Male,France,0,0,1/9/2026,594,197041.8,1,0,151912.49,0
15566156,years 44,Female,Germany,0,0,1/9/2026,749,71497.79,2,0,151083.8,0
15792360,32,Male,France,1,84,3/9/2019,668,0,2,1,777.37,0
15807008,35,N/A,Germany,0,72,2/9/2020,614,128100.28,1,0,69454.24,1
15704770,25,Male,France,1,12,1/9/2025,773,124532.78,2,0,11723.57,0
15756475,31,Male,Germany,1,108,3/9/2017,551,82293.82,2,1,91565.25,0
15655339,36,Male,France,0,12,1/9/2025,566,142120.91,1,1,79616.37,0
15613749,34,Male,Spain,0,0,1/9/2026,569,151839.26,1,1,102299.81,1
15664521,31,Male,Spain,1,84,3/9/2019,659,149620.88,2,1,104533.51,0
15681206,49,Female,France,0,36,2/9/2023,722,,1,1,140765.57,1
15745527,37,Male,France,0,60,2/9/2021,655,93147,2,1,66214.13,0
15806926,35,Female,France,1,24,1/9/2024,615,97440.02,2,1,139816.1,0
15724563,42,Female,Germany,1,36,2/9/2023,752,65046.08,2,0,140139.28,0
15782899,28,Female,Spain,0,84,3/9/2019,661,95357.49,1,0,102297.15,0
15623521,43,Male,Spain,0,108,3/9/2017,838,123105.88,2,1,145765.83,0
15810218,29,Male,Spain,1,108,3/9/2017,610,0,3,0,83912.24,0
15645621,44,Male,Spain,1,36,2/9/2023,811,0,2,0,78439.73,0
15608114,62,Male,Spain,1,84,3/9/2019,587,121286.27,1,0,6776.92,0
15659557,28,Female,Germany,1,48,2/9/2022,811,167738.82,2,1,9903.42,0
15787772,38,Female,France,0,12,1/9/2025,759,104091.29,1,0,91561.91,0
15691111,42,Female,Germany,0,96,3/9/2018,648,121980.56,2,1,4027.02,0
15592089,43,Female,France,1,120,3/9/2016,788,0,2,1,116111.51,0
15633897,39,Male,Germany,1,12,1/9/2025,725,50880.98,2,1,184023.54,0
15701301,42,Female,France,0,36,2/9/2023,646,175159.9,2,0,67124.48,1
15723685,26,  Female  ,Germany,0,84,3/9/2019,601,105514.69,2,1,50070.59,0
15701602,52,Male,Germany,0,60,2/9/2021,521,116497.31,3,0,53793.1,1
15739189,33,Female,Spain,0,72,2/9/2020,561,0,2,1,45261.47,0
15573086,42,Male,France,1,84,3/9/2019,564,99824.45,1,1,36721.4,0
15569050,45,Male,France,0,999,2/9/2020,444,0,1,1,130009.85,1
15750765,71,Male,Spain,1,0,1/9/2026,650,0,1,1,175380.77,0
15799811,40,Male,France,0,120,3/9/2016,724,0,1,1,127847.25,1
15698442,35,Male,Spain,1,36,2/9/2023,719,122964.88,1,1,138231.7,0
15655274,29,Female,  France  ,1,48,2/9/2022,548,0,2,0,48673.18,0
15603594,24,Male,Spain,1,48,2/9/2022,635,0,2,1,70668.77,0
15585961,43,Female,Spain,1,36,2/9/2023,unknown,0,2,0,199505.53,0
15686936,37,Female,France,1,60,2/9/2021,676,89634.69,1,1,169583.18,1
15770424,40,Male,Germany,0,84,3/9/2019,541,95710.11,2,1,49063.42,0
15587451,41,Male,Germany,0,84,3/9/2019,778,139706.31,1,1,63337.19,0
15602010,,Female,Germany,0,60,2/9/2021,850,103909.86,1,1,60083.11,1
15600583,31,Male,France,0,12,1/9/2025,633,0,1,1,48606.71,0
15654673,49,Male,France,0,72,2/9/2020,625,173434.9,1,1,165580.93,1
15717164,32,male,Spain,1,72,2/9/2020,485,102238.01,2,1,194010.12,0
15765014,48,Female,France,1,12,1/9/2025,547,,2,0,69263.1,0
15682639,32,Male,France,1,36,2/9/2023,642,0,2,1,88698.83,0
15729279,25,Female,France,0,48,2/9/2022,718,108691.95,1,1,63030.97,0
15759805,32,Female,France,0,48,2/9/2022,582,0,2,1,59668.81,0
15767864,33,Male,France,0,72,2/9/2020,628,0,2,0,184230.23,0
15769948,35,Male,Germany,1,0,1/9/2026,737,133377.8,1,0,64050.19,0
15686345,34,Male,Spain,1,108,3/9/2017,828,0,2,1,81853.98,0
15688071,53,Male,Spain,1,120,3/9/2016,609,0,1,1,154642.91,0
15681174,39,Male,France,0,12,1/9/2025,730,116537.6,1,0,145679.6,0
15667521,22,Female,France,0,36,9/2/2023,631,0,2,0,30781.77,0
15750243,40,Male,Spain,1,48,2/9/2022,830,0,2,0,81622.52,0
15695475,29,Male,France,1,12,1/9/2025,645,130131.08,2,0,196474.35,0
15689176,46,Male,France,1,36,2/9/2023,663,0,2,0,176276.1,0
15652955,30,Male,Spain,0,0,1/9/2026,678,0,1,1,35113.08,0
15668958,30,Male,France,0,24,1/9/2024,521,107316.09,1,1,64299.82,0
15631054,24,Female,France,1,12,1/9/2025,625,0,2,1,180969.55,0
15581479,30,Male,France,1,12,1/9/2025,523,83181.29,1,1,138176.78,0
15577478,72,Female,France,1,36,2/9/2023,714,0,1,1,86733.61,0
15780870,67,Male,Spain,1,36,2/9/2023,580,153946.14,1,1,7418.92,0
15692317,30,Male,France,0,60,2/9/2021,722,0,2,1,166376.54,0
15593969,39,Female,Spain,0,84,3/9/2019,630,135483.17,1,1,140881.2,1
15570417,35,Male,France,0,12,1/9/2025,579,0,2,1,4460.2,0
15779059,38,Female,France,1,48,2/9/2022,670,119624.54,2,1,110472.12,0
15785980,34,Male,Spain,0,72,2/9/2020,588,121132.26,2,1,86460.28,0
15644200,42,Female,Spain,0,12,1/9/2025,807,0,1,1,16500.66,1
15793949,48,Female,France,0,48,2/9/2022,726,0,1,1,114020.06,1
15645103,25,Male,Germany,0,60,2/9/2021,812,54817.55,1,1,131660.31,0
15705860,40,Male,Germany,0,36,2/9/2023,631,107949.45,1,1,52449.62,1
15623828,30,Male,France,1,48,2/9/2022,682,0,1,0,161465.31,0
15715003,49,Female,Spain,1,24,1/9/2024,625,80816.45,1,1,20018.79,0
15623471,38,Male,Germany,0,36,2/9/2023,607,98205.77,1,1,176318.27,0
15798348,50,Female,Spain,1,72,2/9/2020,600,94684.27,1,1,50488.91,0
15743016,22,Female,Spain,0,84,3/9/2019,602,141604.76,1,1,30379.6,0
15769499,74,Female,Spain,1,36,2/9/2023,545,0,2,1,161326.73,0
15798521,33,Male,Spain,0,36,2/9/2023,675,0,2,1,45348.08,0
15706534,,Female,France,0,12,1/9/2025,581,122949.14,1,0,180251.68,1
15706186,33,Male,Germany,0,96,3/9/2018,640,81677.22,2,0,34925.56,0
15812197,38,Male,France,0,-1,3/9/2019,850,80293.98,1,0,126555.74,0
15650933,48,Female,Spain,0,96,3/9/2018,490,155413.06,1,1,187921.3,0
15692991,38,Female,Spain,1,48,2/9/2022,710,0,2,1,136390.88,0
15631189,38,Male,Germany,0,108,3/9/2017,613,67111.65,1,1,78566.64,1
15762198,34,Male,France,1,60,2/9/2021,812,103818.43,1,1,166038.27,0
15699598,20,Female,France,1,48,2/9/2022,723,0,2,1,140385.33,0
15692744,36,Male,France,0,48,2/9/2022,512,152169.12,2,0,38629.3,1
15688963,52,Female,France,1,120,3/9/2016,731,0,1,1,24998.75,1
15599131,26,Male,Germany,0,48,2/9/2022,650,214346.96,2,1,128815.33,0
15680303,57,Male,France,0,72,2/9/2020,594,0,1,1,19376.56,1
15628674,40,Male,France,0,84,3/9/2019,score_700,113348.14,1,1,31904.31,1
15648075,,Female,Germany,0,60,2/9/2021,686,170935.94,1,1,173179.79,1
15586970,52,Male,Germany,1,96,3/9/2018,695,103023.26,1,1,22485.64,0
15625698,23,Female,Spain,1,72,2/9/2020,624,0,2,0,196668.51,0
15790497,37,Male,Spain,0,72,2/9/2020,503,0,2,0,136506.86,0
15682618,31,Female,France,1,84,3/9/2019,535,111855.04,2,1,36278.89,0
15762937,32,Female,Germany,1,72,2/9/2020,743,140348.56,2,1,163254.39,0
15750929,39,Male,Spain,0,96,3/9/2018,702,0,2,1,99654.13,0
15729832,29,Male,France,0,36,2/9/2023,658,145512.84,1,1,20207.02,0
15633650,41,Female,Germany,1,96,3/9/2018,677,146720.98,2,1,4195.84,0
15748856,32,Male,France,1,120,3/9/2016,664,107209.73,1,1,112340.2,0
15589195,38,Female,Germany,1,84,3/9/2019,766,130933.74,1,0,2035.94,0
15699911,35,Female,Spain,0,96,3/9/2018,461,0,1,1,132295.95,0
15663438,36,Male,Spain,0,0,1/9/2026,688,89772.3,1,1,177383.68,1
15692583,32,Female,France,0,60,2/9/2021,678,0,2,1,90284.47,0
15591257,24,Male,France,0,96,3/9/2018,796,0,2,1,61349.37,0
15646513,42,Male,France,0,60,2/9/2021,803,0,1,1,196466.83,1
15708063,36,Male,France,0,24,1/9/2024,712,100749.5,3,0,70758.37,1
15696098,31,Female,France,0,120,3/9/2016,498,0,2,1,13892.57,0
15645517,22,Male,Spain,1,24,1/9/2024,850,0,2,1,9684.52,0
15649744,51,Female,France,1,36,2/9/2023,628,123981.31,2,1,40546.15,0
15604304,34,Female,Germany,1,48,2/9/2022,539,91622.42,1,1,136603.42,0
15784092,36,Male,France,1,84,3/9/2019,732,126195.81,1,1,133172.48,0
15585198,41,Male,France,1,48,2/9/2022,715,94267.9,1,0,152821.12,1
15624347,40,Male,France,1,48,2/9/2022,651,0,2,1,147715.83,0
15621687,34,Male,France,0,0,1/9/2026,813,0,2,1,43169.15,0
15689081,29,Male,France,0,48,2/9/2022,692,0,1,1,76755.99,1
15813168,39,Female,Germany,1,36,2-Sep-23,756,100717.85,3,1,73406.04,1
15604295,36,Male,France,0,72,2/9/2020,543,0,2,1,176728.28,0
15724127,26,Female,France,0,48,2/9/2022,790,141581.71,2,0,98309.27,0
15673055,38,Male,Spain,1,84,3/9/2019,494,0,2,1,6203.66,0
15768201,39,Female,France,1,24,1/9/2024,850,148586.64,1,1,176791.27,0
15782219,29,Male,ES,0,108,3/9/2017,703,0,2,1,50679.48,0
15746410,38,Male,Spain,0,84,3/9/2019,432,0,2,1,150580.88,0
15780144,32,FEMALE,Germany,0,24,1/9/2024,512,123403.85,2,1,80120.19,0
15590476,28,Male,France,0,84,3/9/2019,589,0,2,1,151645.96,0
15624293,46,Female,France,0,36,2/9/2023,514,106511.85,1,1,55072.32,0
15618182,38,Female,France,0,24,1/9/2024,678,0,2,0,115068.99,0
15660316,34,Female,Germany,0,12,1/9/2025,420,135549.9,1,0,149471.13,1
15678886,38,Male,Germany,0,84,3/9/2019,679,110555.37,2,1,46522.68,0
15616330,31,Male,France,0,48,2/9/2022,595,0,2,1,189995.86,0
15592229,52,Female,France,1,0,1/9/2026,713,185891.54,1,1,46369.57,1
15798424,59,Male,Germany,1,12,1/9/2025,833,130854.59,1,1,30722.52,1
15714750,42,Female,France,0,36,2/9/2023,690,92578.14,2,0,70810.6,0
15648800,21,Female,Germany,0,96,3/9/2018,731,132312.06,1,1,106663.46,1
15626147,62,Female,France,0,96,3/9/2018,608,144976.5,1,0,175836.03,1
15626608,48,Male,Spain,1,60,2/9/2021,479,87070.23,1,0,85646.41,0
15723250,years 42,Male,France,1,96,3/9/2018,519,0,2,1,101485.72,0
15592583,47,Female,France,0,12,1/9/2025,731,115414.19,3,0,191734.67,1
15759381,61,Male,Spain,1,84,3/9/2019,617,91070.43,1,1,101839.77,0
15585241,29,Male,Spain,0,24,1/9/2024,756,117412.19,2,1,4888.91,0
15589358,31,Male,Germany,0,48,2/9/2022,848,90018.45,2,1,193132.98,0
15672704,24,  Female  ,France,0,48,2/9/2022,809,0,2,1,193518.76,0
15789955,56,Male,Germany,0,12,1/9/2025,698,112414.81,2,0,93982.02,1
15596800,33,Male,Germany,1,12,1/9/2025,779,158456.76,1,1,197000.92,1
15627305,35,Male,Spain,0,84,3/9/2019,606,0,1,1,106837.06,1
15645316,58,Female,Germany,1,12,1/9/2025,612,149641.53,1,1,115161.28,0
15593973,33,Female,Spain,0,96,3/9/2018,663,122528.18,1,1,196260.3,0
15647301,45,Female,Germany,1,36,2/9/2023,549,143734.01,2,1,96404.38,0
15750258,32,Female,France,0,24,1/9/2024,675,155663.31,1,1,97658.66,0
15685309,35,Female,France,1,84,3/9/2019,669,0,1,1,49108.23,1
15628205,34,Female,Germany,1,12,1/9/2025,571,101736.66,1,0,195651.66,0
15733974,-1,Male,Spain,0,108,3/9/2017,500,125822.21,1,1,111698,0
15762110,37,Male,France,1,0,1/9/2026,628,0,2,1,171707.93,0
15706899,34,Male,France,1,48,2/9/2022,559,0,2,1,66721.98,0
15732660,27,Female,France,1,24,1/9/2024,769,0,1,1,57876.05,0
15656121,31,Male,Germany,0,72,2/9/2020,733,157791.07,2,0,177994.81,0
15614220,22,Male,France,1,60,2/9/2021,750,0,2,0,105125.65,0
15645269,42,Female,France,0,48,2/9/2022,583,0,2,1,17439.66,0
15698510,42,Male,Germany,0,108,3/9/2017,468,181627.14,2,1,172668.39,0
15569247,57,Female,Spain,1,12,1/9/2025,727,109679.72,1,0,753.37,0
15566251,37,Female,France,0,60,2/9/2021,618,96652.86,1,1,98686.4,1
15716134,40,Male,France,1,60,2/9/2021,617,190008.32,2,1,107047.92,0
15763625,41,Male,Spain,0,108,3/9/2017,793,0,2,1,152153.74,0
15605965,43,Male,france,1,108,3/9/2017,630,0,2,1,34338.04,0
15694821,43,Male,Germany,1,48,2/9/2022,765,148962.76,1,0,173878.87,1
15601688,28,Male,France,0,96,3/9/2018,546,0,1,1,159254.29,0
15575581,30,Female,Germany,0,36,2/9/2023,614,131344.52,2,1,54776.64,0
15671209,29,Female,Germany,0,60,2/9/2021,593,101713.84,3,1,134594.99,0
15616529,34,Male,Spain,1,36,2/9/2023,613,Unknown,1,1,41724.72,0
15773906,38,Male,France,0,48,2/9/2022,655,0,2,0,110527.71,0
15722993,27,Female,France,0,72,2/9/2020,700,137963.07,1,0,8996.79,0
15752463,29,Female,Spain,1,48,2/9/2022,826,129938.07,1,0,190200.53,0
15589754,45,Male,Germany,1,24,1/9/2024,652,151421.44,1,0,115333.43,0
15669899,45,Female,Germany,0,84,3/9/2019,755,135643,1,0,143619.52,1
15766887,39,Male,Spain,1,24,1/9/2024,538,122773.5,2,1,58467.08,0
15768006,34,Male,France,0,36,2/9/2023,729,152303.8,1,1,12128.69,0
15741295,49,Male,France,1,36,2/9/2023,615,0,2,1,49872.33,0
15811327,54,Male,Spain,1,12,1/9/2025,700,79415.67,1,0,139735.54,0
15690007,58,Female,Germany,0,108,3/9/2017,434,125801.03,2,1,60891.8,1
15690664,37,Male,Spain,0,120,3/9/2016,729,0,2,1,100862.54,0
15719348,35,Male,France,0,96,3/9/2018,513,0,1,1,76640.29,1
15781802,41,Male,France,0,72,2/9/2020,755,104817.41,1,1,126013.58,1
15752731,30,Female,France,0,108,3/9/2017,615,0,1,1,87347.82,0
15600997,32,Female,Germany,1,60,2/9/2021,747,67495.04,2,0,77370.37,0
15750776,36,Female,France,1,0,1/9/2026,850,164850.54,1,1,62722.44,0
15723907,49,Female,Germany,0,60,2/9/2021,712,154776.42,2,0,196257.68,0
15633419,28,Female,Germany,0,12,1/9/2025,622,143124.63,2,1,81723.8,0
15702430,35,Female,France,1,120,3/9/2016,548,0,1,1,31299.71,0
15710456,27,Female,France,0,24,1/9/2024,607,0,2,1,63495.86,0
15650351,38,Female,France,1,96,3/9/2018,653,102133.38,1,1,166520.96,0
15590820,26,Male,Spain,0,72,2/9/2020,699,79932.41,1,0,150242.44,0
15640454,40,Male,Germany,0,0,1/9/2026,693,120711.73,1,0,27345.18,1
15697789,43,Female,Germany,1,36,2/9/2023,647,122717.53,2,1,87000.39,0
15808182,36,Female,Spain,0,36,2/9/2023,478,92363.3,2,1,44912.7,0
15588670,40,Female,Spain,0,60,2/9/2021,705,203715.15,1,1,179978.68,1
15721292,39,Male,Spain,0,60,2/9/2021,719,0,2,1,145759.7,0
15604217,34,Male,France,0,108,3/9/2017,726,0,2,0,14121.61,0
15651369,21,Male,France,0,12,1/9/2025,626,0,2,1,66232.23,0
15782454,49,Male,France,1,48,2/9/2022,552,0,1,1,190296.76,1
15814032,31,Female,Germany,0,12,1/9/2025,807,93460.47,2,0,172782.69,0
15570326,34,Male,France,1,72,2/9/2020,621,0,2,1,99128.13,0
15624428,24,Female,Germany,1,84,3/9/2019,651,40224.7,1,1,178341.33,0
15755638,43,Female,France,1,60,2/9/2021,673,168069.73,1,1,146992.24,1
15600992,36,Male,France,1,12,1/9/2025,652,0,2,1,151314.98,0
15755649,47,Male,Germany,0,84,3/9/2019,584,130538.77,1,1,92915.84,0
15795228,37,Male,France,1,36,2/9/2023,756,132623.6,1,1,58974,0
15589257,35,Female,France,1,36,2/9/2023,670,103465.02,three,1,174627.06,0
15719302,50,Female,France,1,108,3/9/2017,765,126547.8,1,1,79579.94,1
15639882,30,Male,France,0,24,1/9/2024,528,128262.72,2,1,50771.16,0
15791279,40,Male,France,1,60,2/9/2021,701,169742.64,1,1,153537.55,1
15636935,29,Female,France,1,12,1/9/2025,797,0,2,1,132975.39,0
15686909,,Male,Germany,1,36,2/9/2023,639,150795.81,1,0,85208.93,0
15589572,61,Female,Spain,0,48,2/9/2022,785,129855.72,2,1,170214.82,1
15779947,28,Female,Spain,0,72,2/9/2020,363,146098.43,3,1,100615.14,1
15573769,24,Female,France,0,84,3/9/2019,764,0,2,1,186105.99,0
15578866,43,Female,France,1,24,1/9/2024,676,0,1,1,55119.53,0
15739131,28,Male,Germany,0,48,2/9/2022,718,65643.3,1,1,28760.99,0
15813444,34,Female,Spain,0,72,2/9/2020,590,0,2,1,171021.44,0
15678058,38,Male,France,0,108,3/9/2017,584,104584.16,1,1,176678.72,0
15769169,41,Male,France,1,84,3/9/2019,645,0,1,0,28667.56,0
15804602,30,Male,Germany,0,72,2/9/2020,772,99785.28,2,0,197238.03,0
15651052,46,Male,Germany,0,24,1/9/2024,399,127655.22,1,1,139994.68,1
15724334,22,Male,France,0,60,2/9/2021,529,0,1,1,151169.83,0
15569451,35,Male,France,1,24,1/9/2024,463,101257.16,1,1,118113.64,0
15650098,40,Female,France,1,84,3/9/2019,630,0,2,1,34453.17,0
15724307,76,Male,France,1,-10,3/9/2016,780,121313.88,1,0,64872.33,0
15599268,32,Male,Spain,0,60,2/9/2021,584,0,2,1,10956.82,0
15594864,30,Male,Germany,1,48,2/9/2022,752,81523.38,1,1,36885.85,0
15616451,47,Female,France,1,72,2/9/2020,697,128252.66,1,1,168053.4,0
15715667,-1,Female,France,0,84,3/9/2019,850,0,2,0,155227,0
15658969,51,Male,France,0,84,3/9/2019,711,0,3,1,38409.79,1
15738174,32,Female,France,1,60,2/9/2021,452,0,2,0,75279.39,0
15813590,42,Male,Spain,0,72,2/9/2020,610,0,2,1,158302.59,1
15624229,22,Female,France,1,48,2/9/2022,694,0,2,1,11525.72,0
15674148,33,Male,Spain,0,72,2/9/2020,579,0,1,1,94993.04,1
15625080,54,Female,Spain,0,96,3/9/2018,745,0,1,1,173912.29,1
15682528,33,Male,France,1,60,2/9/2021,572,0,1,0,41139.05,0
15696900,29,Male,Germany,1,36,2/9/2023,505,145541.56,2,1,58019.95,0
15730038,23,Female,France,0,60,2/9/2021,706,0,1,0,164128.41,1
15812272,44,Male,Germany,1,60,2/9/2021,693,124601.58,2,1,46998.13,1
15654654,33,Female,Germany,1,84,3/9/2019,725,115182.84,2,1,177279.41,0
15697625,37,Male,France,0,24,1/9/2024,791,163789.49,2,1,75832.53,0
15616280,46,Male,France,0,12,1/9/2025,536,65733.41,1,1,61094.53,0
15654229,47,Male,Spain,1,12,1/9/2025,699,0,2,0,30117.44,0
15628298,47,Female,Spain,0,96,3/9/2018,500,128486.11,1,1,179227.12,0
15733387,53,Female,Spain,1,72,2/9/2020,707,109663.47,1,1,52110.45,0
15775572,42,Female,Germany,0,72,2/9/2020,531,88324.31,2,1,75248.75,0
15613844,28,Female,France,0,84,3/9/2019,557,146445.24,2,1,184317.74,0
15578515,38,Female,France,0,36,2/9/2023,659,0,2,1,158553.1,0
15607598,31,Female,Spain,1,72,2/9/2020,575,0,2,1,95686.42,0
15742480,36,Male,Germany,1,24,1/9/2024,775,109949.05,2,0,71682.54,0
15749482,30,Male,Spain,0,48,2/9/2022,772,78653.05,1,1,1790.48,0
15607537,46,Male,Germany,0,108,3/9/2017,587,107850.82,1,1,139431,1
15575410,39,Female,Germany,0,48,2/9/2022,667,83765.35,2,1,118358.54,0
15684865,66,Female,France,1,84,3/9/2019,771,143773.07,1,1,130827.88,0
15600700,63,male,Germany,1,72,2/9/2020,523,116227.27,1,1,119404.63,0
15774155,33,Male,Germany,1,0,1/9/2026,662,103471.52,1,1,162703,0
15634267,42,Male,France,0,60,2/9/2021,717,0,2,1,172665.21,0
15619626,24,Male,France,1,36,2/9/2023,746,137492.35,2,0,170142.09,0
15660422,28,Male,France,0,84,3/9/2019,569,0,2,1,73977.23,0
15617934,36,Male,France,1,108,3/9/2017,579,129829.59,1,1,60906.12,0
15760774,21,Female,France,1,12,1/9/2025,519,146329.57,2,1,194867.27,0
15813132,30,Male,Germany,1,48,2/9/2022,696,114027.7,1,1,193716.56,0
15593331,25,Male,Germany,1,72,2/9/2020,693,146580.69,1,0,14633.35,0
15616709,38,Female,Germany,0,0,1/9/2026,587,132122.42,2,0,31730.32,0
15658052,44,Female,France,0,120,3/9/2016,626,81553.93,1,1,20063.63,1
15721189,66,Female,France,1,84,3/9/2019,666,0,2,1,99792.82,0
15711288,24,Male,France,0,72,2/9/2020,512,0,2,1,37654.31,0
15770030,28,Female,Spain,1,36,2/9/2023,689,0,2,1,192449.02,0
15803681,26,Female,  France  ,1,48,2/9/2022,803,0,2,1,181208.47,0
15702789,32,Male,Germany,1,60,2/9/2021,548,175214.71,1,1,155165.61,0
15814930,40,Female,Germany,0,120,3/9/2016,588,125534.51,1,1,121504.18,1
15658306,68,Male,France,1,48,2/9/2022,693,97705.99,1,1,61569.07,0
15699523,55,Female,Germany,0,48,2/9/2022,499,126817.65,2,1,123269.71,0
15610383,46,Female,France,0,12,1/9/2025,628,46870.43,4,1,31272.14,1
15615032,46,Male,Spain,1,36,2/9/2023,624,0,2,1,62825.03,0
15781989,42,Male,France,0,108,3/9/2017,733,120094.93,1,1,184056.45,0
15647402,38,Female,France,1,36,2/9/2023,628,0,2,1,48924.73,0
15740494,-1,Female,France,0,36,2/9/2023,633,0,2,1,191111.02,0
15701265,36,Female,Germany,1,12,1/9/2025,559,104356.94,2,0,54184.06,0
15743532,27,Male,Germany,0,60,2/9/2021,704,147004.34,1,1,64381.33,1
15794870,38,Male,Germany,0,72,2/9/2020,744,73023.17,2,1,78770.86,0
15747591,40,Female,Spain,1,12,1/9/2025,665,173432.55,1,0,116766.79,0
15726557,42,Female,France,0,84,3/9/2019,638,165679.92,1,0,32916.29,0
15732199,31,Male,Spain,1,108,3/9/2017,837,104678.62,1,0,50972.6,0
15662291,55,Female,France,0,96,3/9/2018,534,116973.26,3,1,122066.5,1
15749050,36,Female,France,0,36,2/9/2023,548,0,1,1,65996.9,0
15781586,38,Male,Germany,1,24,1/9/2024,837,126732.85,1,1,79577.38,0
15617078,44,N/A,France,0,72,2/9/2020,658,148481.09,1,1,130529.13,0
15723339,38,Female,France,1,48,2/9/2022,554,137654.05,2,1,172629.67,0
15671322,30,Male,Germany,0,84,3/9/2019,724,115315.04,1,1,15216.53,0
15793854,42,Male,France,1,24,1/9/2024,723,99095.73,1,1,17512.53,0
15756539,39,Female,Germany,0,84,3/9/2019,585,-5000,2,0,131852.01,0
15612064,33,Male,France,0,60,2/9/2021,474,0,2,1,181945.52,1
15625916,32,Male,Spain,0,72,2/9/2020,562,161628.66,1,1,91482.5,0
15683195,32,Male,France,1,108,3/9/2017,719,146605.27,1,1,77119.45,0
15690182,37,Male,Germany,0,60,2/9/2021,635,113488.68,1,1,95611.74,1
15721719,,Male,France,1,84,3/9/2019,743,77002.2,2,1,80428.42,0
15641690,67,Male,Spain,1,84,3/9/2019,681,0,2,0,163714.92,0
15634896,39,Female,France,1,72,2/9/2020,521,0,2,0,27375.15,0
15671590,Unknown,Male,Spain,1,48,2/9/2022,741,0,2,1,73873.65,0
15779182,46,Male,Spain,0,96,3/9/2018,790,182364.53,1,0,139266.48,1
15778287,35,Male,France,1,96,3/9/2018,622,0,2,1,131772.51,0
15609510,45,Male,France,1,84,3/9/2019,669,149364.58,1,0,173454.07,0
15742229,59,Male,France,1,84,3/9/2019,583,127450.14,1,0,67552.71,0
15658532,63,Female,Spain,1,60,2/9/2021,520,162278.32,1,1,34765.33,0
15590993,37,Male,Spain,0,60,2/9/2021,579,152212.88,2,0,120219.14,0
15565701,39,Female,Spain,0,108,3/9/2017,698,161993.89,1,0,90212.38,0
15597239,39,Male,Spain,0,84,3/9/2019,548,131468.44,1,1,164975.82,0
15688880,40,Male,Germany,0,120,3/9/2016,672,102980.44,1,1,1285.81,1
15813917,31,Male,Germany,0,108,3/9/2017,653,143321.97,1,1,83679.46,0
15679611,37,Female,Spain,0,24,1/9/2024,734,130404.92,1,0,34548.74,0
15636589,41,Female,France,1,84,3/9/2019,794,0,2,1,74275.08,0
15687752,30,Male,France,1,24,1/9/2024,641,87505.47,2,0,7278.57,0
15584363,30,Male,France,1,0,1/9/2026,824,133634.02,1,1,162053.92,0
15737748,33,Female,Spain,0,36,2/9/2023,534,151233.62,1,0,199336.63,0
15803365,55,Male,Spain,1,24,1/9/2024,653,70263.83,1,0,62347.71,0
15793247,34,Male,France,1,60,2/9/2021,498,0,2,1,91711.66,0
15572360,30,Male,France,0,120,3/9/2016,683,57657.49,1,0,79240.9,0
15795166,42,Male,Germany,1,96,3/9/2018,618,153572.31,2,1,76679.6,0
15724620,37,Male,France,0,12,1/9/2025,538,134752.08,1,1,162511.55,0
15800856,34,Male,Spain,1,36,2/9/2023,643,83132.09,1,1,21360.88,0
15671097,31,Female,France,0,24,1/9/2024,428,0,2,1,54487.43,0
15683930,32,Female,Germany,0,108,3/9/2017,593,134096.53,2,1,53931.05,1
15749004,31,Female,France,0,0,1/9/2026,718,118100.59,2,1,103165.15,0
15800434,52,Male,Germany,0,120,3/9/2016,811,76915.4,1,0,146359.81,1
15709117,46,Female,Spain,1,36,2/9/2023,823,81576.75,1,1,28370.95,1
15638806,49,Male,Spain,0,24,1/9/2024,645,0,2,0,10023.15,0
15662294,33,Male,France,1,120,3/9/2016,710,118327.17,2,1,192928.82,0
15690079,30,Male,Spain,0,96,3/9/2018,591,124857.69,2,0,50485.7,0
15759317,27,Female,Germany,1,24,1/9/2024,748,90971.85,1,1,131662.47,0
15750497,37,Female,France,1,84,3/9/2019,850,153147.75,1,1,152235.3,0
15596181,38,Male,France,1,96,3/9/2018,542,65942.26,1,1,68093.23,1
15576602,38,Male,France,1,36,2/9/2023,809,0,2,1,80061.31,0
15644833,54,Male,France,0,24,1/9/2024,675,0,1,1,149583.67,1
15734634,27,Female,Spain,0,60,2/9/2021,607,100912.19,1,0,7631.27,0
15808689,31,Female,France,1,48,2/9/2022,850,0,2,1,33082.81,0
15720702,37,Male,France,0,36,2/9/2023,789,0,1,1,121883.87,1
15665077,43,Female,France,1,60,2/9/2021,598,0,3,1,100722.72,1
15763612,41,Male,Germany,1,24,1/9/2024,756,124439.49,2,0,47093.11,0
15596493,47,Female,France,1,84,3/9/2019,687,0,2,1,177624.01,0
15704483,40,Male,France,0,72,2/9/2020,724,0,2,0,106149.48,0
15598846,44,Female,France,0,24,1/9/2024,700,58781.76,1,1,16874.92,0
15629244,50,Male,Spain,0,84,3/9/2019,635,159453.64,2,0,54560.79,1
15765537,26,Male,Germany,1,24,1/9/2024,687,142721.52,1,1,153605.75,0
15729975,46,Female,France,1,96,3/9/2018,613,167795.6,1,0,44390.38,0
15682773,38,Female,France,0,36,2/9/2023,781,128345.69,2,1,63218.85,0
15688007,20,Male,Spain,1,36,2/9/2023,703,165260.98,1,1,41626.78,0
15574331,62,Female,Germany,1,36,2/9/2023,593,118233.81,1,0,24765.53,1
15645572,40,Female,France,0,72,2/9/2020,743,0,1,1,28280.8,1
15742854,46,Female,Spain,0,96,3/9/2018,640,0,2,1,89043.19,0
15575417,37,Male,Germany,1,84,3/9/2019,849,143452.74,2,1,17294.12,0
15796721,38,Male,France,1,36,2/9/2023,778,145018.49,2,1,126702.41,0
15734942,38,Female,Germany,0,96,3/9/2018,539,82407.51,1,1,13123.41,0
15664772,28,Male,Germany,1,12,1/9/2025,489,79460.98,2,1,167973.63,0
15576683,43,Female,Spain,0,108,3/9/2017,568,0,1,1,125870.79,1
15682563,38,Male,Spain,0,60,2/9/2021,618,126473.99,1,1,91972.49,0
15650889,30,Female,Germany,0,120,3/9/2016,710,133537.1,2,1,155593.74,0
15612108,52,Male,France,1,60,2/9/2021,625,164978.01,1,1,67788.49,0
15761132,46,Male,Spain,1,84,3/9/2019,682,128029.72,1,1,62615.35,0
15645511,43,Male,Spain,1,24,1/9/2024,727,97403.18,1,1,107415.02,1
15609824,41,Female,France,0,84,3/9/2019,794,176845.41,3,1,166526.26,1
15640268,71,Male,Spain,1,48,2/9/2022,652,0,1,1,120107.1,0
15645778,42,Male,Spain,0,36,2/9/2023,670,81589.04,1,1,188227.8,0
15691104,40,Female,Germany,0,72,2/9/2020,460,119507.58,2,1,91560.63,1
15714567,26,Female,Spain,0,72,2/9/2020,568,0,2,0,166495.2,0
15777826,30,Male,France,1,60,2/9/2021,643,94443.77,1,1,165614.4,0
15668445,37,Male,France,1,24,1/9/2024,521,0,2,1,86372.24,0
15576162,32,Male,  France  ,1,84,3/9/2019,615,92199.84,1,1,2755.53,0
15778135,43,Male,Spain,0,36,2/9/2023,575,0,1,1,83594.51,0
15613141,41,Female,France,1,36,2/9/2023,717,135756.96,1,1,103706.41,0
15635435,54,Female,France,0,108,3/9/2017,648,120633.42,1,0,5924.38,1
15596552,48,Male,Germany,1,60,2/9/2021,535,134542.73,1,1,58203.67,1
15623644,29,Male,Spain,0,84,3/9/2019,626,0,2,1,49361.84,0
15683403,52,Male,Spain,1,84,3/9/2019,611,0,1,0,73585.18,1
15615029,39,Male,Spain,1,72,2/9/2020,734,0,1,1,95135.27,0
15769005,49,Male,France,1,48,2/9/2022,709,154344.49,2,1,38794.57,0
15746326,43,Male,France,1,36,2/9/2023,591,0,2,0,198926.36,0
15722364,43,Male,France,1,108,3/9/2017,664,189026.53,2,1,56099.86,0
15704954,37,Male,France,1,0,1/9/2026,431,120764.08,1,1,117023.08,0
15694409,,Female,Germany,1,36,2/9/2023,647,97975.82,2,0,62083,0
15754068,32,Male,France,1,48,2/9/2022,578,0,2,1,141822.8,0
15683841,41,Male,Germany,1,120,3/9/2016,555,113270.2,2,1,185387.14,0
15789095,30,Male,Spain,1,48,2/9/2022,775,0,2,0,57461.13,0
15719958,39,Male,Germany,1,36,2/9/2023,850,N/A,2,1,120380.12,0
15689514,43,Male,France,0,96,3/9/2018,625,201696.07,1,1,133020.9,1
15621353,37,Female,Spain,0,84,3/9/2019,645,0,2,1,13589.93,0
15627232,44,Male,Germany,1,84,3/9/2019,608,114203.47,1,1,77830.36,1
15745843,31,Female,Spain,1,48,2/9/2022,689,0,2,1,136610.02,0
15722902,50,Male,Germany,1,96,3/9/2018,652,125437.64,1,1,17160.94,1
15791767,26,Female,France,0,84,3/9/2019,769,0,2,1,176843.53,0
15792722,43,Female,France,0,96,3/9/2018,611,64897.75,1,1,114996.33,0
15723006,38,Male,France,1,96,3/9/2018,489,0,2,0,196990.79,0
15771942,46,Female,Germany,0,108,3/9/2017,528,135555.66,1,1,133146.03,1
15774738,44,Male,France,0,36,2/9/2023,632,107764.75,1,1,185667.72,0
15574004,27,  Female  ,France,1,72,2/9/2020,429,117307.44,2,1,24020.49,0
15587233,41,Male,France,1,96,3/9/2018,457,73700.12,3,1,185750.02,1
15808228,44,Female,Spain,1,72,2/9/2020,768,60603.4,1,1,178045.97,0
15682834,35,Female,Spain,1,48,2/9/2022,715,40169.88,2,1,199857.47,0
15571752,32,Female,Germany,1,120,3/9/2016,668,92041.87,1,1,43595.9,0
15743067,26,Male,Germany,0,36,2/9/2023,625,130483.95,1,1,122810.53,0
15714466,41,Female,France,0,60,2/9/2021,846,0,3,1,3440.47,1
15617982,42,Female,Spain,0,36,2/9/2023,661,0,2,1,35989.41,0
15696637,23,Female,France,1,120,3/9/2016,571,151097.28,1,0,17163.75,0
15690647,46,Female,Spain,0,96,3/9/2018,582,67563.31,1,1,44506.09,1
15672756,35,Female,France,1,96,3/9/2018,716,112808.18,1,0,17848.3,0
15704586,42,Female,France,1,84,3/9/2019,758,0,2,0,76209.56,0
15674526,66,  Male  ,France,1,48,2/9/2022,725,86459.8,1,1,141476.56,0
15775295,40,Female,France,1,0,1/9/2026,630,118633.08,1,0,60032.46,1
15684196,55,Female,France,0,24,1/9/2024,627,159441.27,1,1,100686.11,1
15727281,27,Female,France,0,108,3/9/2017,653,0,2,1,96429.29,0
15787835,38,Female,Germany,1,48,2/9/2022,775,125212.65,2,1,15795.88,1
15730540,45,Male,Spain,0,96,3/9/2018,794,88656.37,2,1,116547.31,0
15646276,32,Female,France,0,24,1/9/2024,831,146033.62,1,1,191260.74,0
15582180,29,Male,France,1,108,3/9/2017,561,120268.13,1,1,173870.39,0
15697095,46,Male,Spain,0,84,3/9/2019,705,0,2,1,117273.35,0
15748797,33,Female,Spain,0,0,1/9/2026,636,0,1,1,92277.47,1
15754796,46,Female,Germany,1,48,2/9/2022,487,135070.58,2,1,44244.49,1
15628947,38,Female,France,0,36,2/9/2023,693,0,2,0,78133.48,1
15775546,29,Female,Spain,0,60,2/9/2021,517,0,2,1,103402.88,0
15670481,27,Female,France,1,108,3/9/2017,684,122550.05,2,0,137835.82,0
15619029,43,Female,Spain,0,24,1/9/2024,620,0,2,1,20670.1,0
15613282,29,Male,France,0,96,3/9/2018,757,130306.49,1,1,77469.38,0
15721487,27,Female,France,1,72,2/9/2020,739,0,1,1,57572.38,0
15797276,41,Female,Spain,0,48,2/9/2022,662,90350.77,1,1,75884.65,1
15612494,44,Female,France,0,72,2/9/2020,359,128747.69,1,1,146955.71,1
15629617,23,Male,Spain,1,24,1/9/2024,572,126873.52,1,0,67040.12,0
15600821,69,Male,France,1,24,1/9/2024,721,108424.19,1,1,178418.35,0
15579062,32,Male,France,0,108,3/9/2017,707,0,2,0,30807.02,0
15814268,40,Female,France,0,60,2/9/2021,444,84350.07,1,1,143835.76,0
15710164,73,Female,France,0,84,3/9/2019,523,0,2,0,130883.9,1
15693904,30,Female,Germany,1,48,2/9/2022,685,84958.6,2,0,194343.72,0
15588986,29,Female,Germany,1,48,2/9/2022,673,99097.36,1,1,9796.69,0
15797733,30,Male,Germany,0,120,3/9/2016,503,136622.55,2,0,47310.24,0
15620507,30,Female,Germany,1,60,2/9/2021,485,156771.68,1,1,141148.21,0
15685150,28,Male,Germany,1,84,3/9/2019,799,167658.33,2,1,111138.25,0
15667651,33,Female,Spain,0,96,3/9/2018,585,0,2,1,114182.07,0
15774166,24,Female,Germany,1,24,1/9/2024,607,109483.54,2,0,127560.77,0
15649280,40,Female,Germany,0,108,3/9/2017,521,134504.78,1,1,18082.06,0
15705657,44,Female,France,1,24,1/9/2024,535,114427.86,1,1,136330.26,0
15753969,45,Male,Spain,1,60,2/9/2021,unknown,83888.54,1,0,34121.81,0
15742378,32,Male,Germany,0,60,2/9/2021,520,110029.77,1,1,56246.69,0
15794874,41,Male,Spain,1,108,3/9/2017,696,127523.75,1,0,191417.42,0
15589221,30,Male,Germany,1,12,1/9/2025,657,139762.13,2,1,23317.88,0
15596671,42,Female,Spain,0,96,3/9/2018,603,91611.12,1,0,144675.3,1
15583668,42,Female,France,1,24,1/9/2024,726,109471.79,1,0,175161.05,0
15710206,39,Female,France,0,48,2/9/2022,591,150500.64,1,1,14928.8,0
15799966,-1,Female,Germany,0,108,3/9/2017,792,101609.77,1,0,161479.19,1
15794560,57,Male,France,1,60,2/9/2021,550,0,1,1,133501.94,0
15626485,26,Female,France,1,96,3/9/2018,601,78892.23,1,1,23703.52,0
15703143,29,Female,France,1,36,2/9/2023,820,82344.84,1,0,115985.38,0
15809772,48,Male,France,0,24,1/9/2024,667,0,1,1,43229.2,0
15687959,44,Female,Spain,1,48,2/9/2022,573,0,1,1,94862.93,0
15585282,62,Male,France,1,12,1/9/2025,755,127706.33,2,0,142377.69,0
15714993,41,Female,France,0,108,3/9/2017,552,124349.34,1,1,135635.25,0
15596021,44,Male,Spain,0,96,3/9/2018,598,0,2,1,148487.9,0
15646615,28,Male,Germany,1,12,1/9/2025,score_700,119336.29,2,0,58976.85,0
15742632,31,Female,France,1,108,3/9/2017,670,0,1,0,76254.83,0
15574068,56,Male,Germany,0,108,9/3/2017,504,104217.3,1,0,55857.48,1
15806967,-5,Female,France,1,84,3/9/2019,778,0,1,1,77867.23,0
15796334,39,Male,Germany,0,120,3/9/2016,558,144757.02,1,1,22878.16,1
15688713,44,Male,Spain,1,72,2/9/2020,627,0,1,1,114469.55,0
15796179,43,Male,France,0,96,3/9/2018,683,0,1,1,96754.8,0
15598751,43,Female,France,0,72,2/9/2020,556,0,3,0,125154.57,1
15703019,38,Female,France,1,120,3/9/2016,583,0,2,0,113597.64,0
15646302,24,Female,France,0,84,3/9/2019,705,100169.51,1,1,121408.55,0
15680855,33,Male,France,1,24,1/9/2024,637,145731.83,1,0,109219.43,0
15697311,56,Male,Spain,1,60,2/9/2021,697,110802.03,1,1,50230.31,1
15585367,46,Female,Germany,0,48,2/9/2022,555,120392.99,1,1,177719.88,1
15726556,26,Female,Germany,0,72,2/9/2020,594,135067.52,2,0,131211.86,0
15676242,31,Male,Spain,0,36,2/9/2023,632,136556.44,1,1,82152.83,1
15684198,38,Female,France,1,120,3/9/2016,551,0,2,1,216.27,0
15774882,35,Female,France,1,36,2/9/2023,687,99587.43,1,1,1713.1,1
15714227,53,Female,France,1,84,3/9/2019,672,0,1,1,136910.18,0
15608653,34,Female,Spain,1,84,3/9/2019,521,70731.07,1,1,20243.97,1
15784280,35,Male,Germany,1,24,1/9/2024,686,109342.82,2,0,86043.27,0
15789546,28,Male,  Spain  ,0,96,3/9/2018,639,0,2,1,126561.07,0
15590320,66,Male,France,1,48,2/9/2022,850,0,2,0,64350.8,0
15678385,25,Male,France,1,24,1/9/2024,465,78247.31,2,1,10472.31,0
15571778,55,Female,France,0,120,3/9/2016,817,117561.49,1,1,95941.55,1
15657085,9999,Male,France,1,120,3/9/2016,578,88980.32,1,1,125222.36,0
15640627,34,Male,Spain,0,48,2/9/2022,611,0,2,1,170950.58,0
15566211,41,Female,Germany,0,12,1/9/2025,616,103560.57,1,1,236.45,1
15669293,37,Male,France,1,60,2/9/2021,517,113308.84,1,0,31517.16,0
15595067,40,Female,Spain,1,72,2/9/2020,637,0,2,1,181610.6,0
15753566,32,Female,France,0,36,2/9/2023,806,63763.49,1,1,156593.09,0
15650391,29,Female,France,0,84,3/9/2019,633,169988.35,1,1,4272,0
15681843,35,Female,Germany,0,0,1/9/2026,624,180303.24,2,1,163587.9,0
15814846,52,Male,France,0,36,2/9/2023,691,0,1,1,175843.68,1
15670374,49,Female,Germany,0,12,1/9/2025,819,120656.86,4,0,166164.3,1
15762332,31,Female,Germany,1,12,1/9/2025,568,61592.14,2,1,61796.64,0
15700223,48,Male,France,1,48,2/9/2022,806,164701.68,1,1,21439.49,0
15729956,26,Female,Spain,1,12,1/9/2025,726,80780.16,1,1,19225.85,0
15594862,36,N/A,France,0,96,3/9/2018,552,0,2,0,132547.02,0
15598782,30,Female,Germany,1,72,2/9/2020,755,154221.37,2,0,62688.55,0
15745080,26,Male,France,0,96,3/9/2018,634,0,1,1,21760.96,0
15703399,26,Female,France,1,60,2/9/2021,756,101641.14,2,0,154460.68,0
15732175,37,Male,France,1,24,1/9/2024,776,0,1,0,8065,0
15630725,45,Female,France,0,60,2/9/2021,649,92786.66,1,1,173365.9,1
15640260,32,Male,Germany,1,96,3/9/2018,595,131081.66,2,1,69428.79,0
15716822,30,Male,France,1,60,2/9/2021,646,98014.74,1,1,12757.14,0
15583748,38,Male,Spain,0,96,3/9/2018,592,0,2,1,180426.2,0
15605968,26,Male,France,1,96,3/9/2018,574,97460.1,1,1,43093.67,0
15790683,36,Male,France,1,12,1/9/2025,850,104077.19,2,0,68594,0
15607713,29,Female,Spain,1,12,1/9/2025,850,0,7,1,197996.65,0
15700212,46,Female,France,0,120,3/9/2016,475,0,2,0,122953,1
15626710,39,Female,France,1,48,2/9/2022,642,0,1,1,76821.24,0
15716491,51,Female,Spain,1,48,2/9/2022,710,93656.95,1,0,141400.51,1
15625824,30,Male,Spain,0,72,2/9/2020,596,121345.88,4,1,41921.75,1
15617705,39,Female,France,1,96,3/9/2018,609,141675.23,1,0,175664.25,0
15761976,31,Female,Spain,0,96,3/9/2018,797,0,2,1,117916.63,0
15634891,43,Female,Germany,0,84,3/9/2019,504,102365.49,1,1,194690.77,1
15744517,50,Male,Spain,0,108,3/9/2017,735,0,1,0,166677.35,1
15686963,30,Female,Spain,0,36,2/9/2023,680,0,1,1,160131.58,0
15808189,52,Male,France,1,72,2/9/2020,449,0,2,0,123622,0
15580845,57,Male,Germany,1,84,3/9/2019,685,101868.51,1,0,113483.96,0
15799156,38,Male,Spain,0,96,3/9/2018,569,0,2,0,79618.79,0
15694296,35,Male,France,0,108,3/9/2017,631,112392.45,2,1,24472.23,0
15677049,999,Female,Germany,1,84,3/9/2019,595,106570.34,2,0,177025.79,0
15583595,28,Female,France,1,96,3/9/2018,461,0,1,1,103349.74,0
15590146,50,Male,France,1,12,1/9/2025,630,81947.76,1,0,63606.22,1
15801548,31,Female,France,1,84,3/9/2019,661,144162.3,2,1,14490.79,0
15660833,39,Male,Germany,0,60,2/9/2021,796,86350.87,2,0,105080.53,0
15762277,47,Male,France,0,60,2/9/2021,710,158623.14,1,0,83499.89,1
15791302,32,Male,France,0,96,3/9/2018,741,0,2,1,143598.7,0
15798975,48,Male,Germany,0,48,2/9/2022,606,132403.56,1,0,36091.91,1
15599956,27,Male,France,0,120,3/9/2016,747,0,2,0,13007.89,0
15577274,43,Female,Germany,0,36,2/9/2023,549,134985.66,1,1,6101.41,0
15701200,36,Male,France,1,72,2/9/2020,576,0,2,1,48314,0
15638149,37,Male,France,0,72,2/9/2020,528,103772.45,1,1,197111.99,0
15786199,33,Male,  France  ,1,24,1/9/2024,535,133040.32,1,1,110299.78,0
15701765,37,Female,Spain,0,0,1/9/2026,575,0,2,0,30114.32,0
15586974,39,Male,France,1,120,3/9/2016,656,0,2,1,98894.64,0
15729040,42,Male,France,0,24,1/9/2024,440,0,2,1,49826.68,0
15788676,38,Male,Spain,1,96,3/9/2018,539,71460.67,2,1,10074.05,0
15602497,39,Male,Spain,1,72,2/9/2020,850,133214.13,1,0,20769.88,0
15701333,37,Female,France,0,84,3/9/2019,646,96558.66,1,0,163427.18,0
15812071,54,Male,France,1,72,2/9/2020,744,93806.31,2,0,140068.77,0
15634375,36,Female,Spain,0,96,3/9/2018,710,0,2,0,83206.19,0
15738267,64,Female,France,1,36,2/9/2023,544,124043.8,1,1,111402.97,1
15786800,52,Male,Germany,1,60,2/9/2021,723,131694.97,1,0,92873.5,1
15591130,29,Female,Spain,1,72,2/9/2020,507,0,2,0,94780.9,0
15720662,35,Female,France,1,12,1/9/2025,787,106266.8,1,1,16607.15,0
15751531,41,Male,Spain,1,96,3/9/2018,598,0,2,1,161954.43,0
15653595,51,Male,France,1,72,2/9/2020,796,0,2,0,194733.28,0
15568360,41,Female,Spain,1,48,2/9/2022,569,139840.36,1,1,163524.7,0
15781210,34,Male,NULL,0,96,3/9/2018,711,0,2,0,48260.19,0
15668058,35,Male,Germany,0,96,3/9/2018,661,124098.54,1,1,86678.48,0
15597131,32,Male,France,1,60,2/9/2021,415,145807.59,1,1,3064.65,0
15697283,23,Male,Spain,0,96,3/9/2018,578,0,2,1,112124.98,0
15640953,26,Female,France,1,24,1/9/2024,611,107508.93,2,1,120801.65,0
15715031,28,Female,France,1,72,2/9/2020,600,0,2,0,52193.23,0
15589660,32,Female,Germany,1,12,1/9/2025,661,145980.23,1,0,56636.28,0
15769818,37,Female,France,1,36,2/9/2023,850,212778.2,1,0,69372.88,0
15782736,47,Female,Germany,1,48,2/9/2022,573,152522.47,1,0,164038.07,1
15614818,33,Female,Spain,1,108,3/9/2017,764,168964.77,1,0,118982.51,0
15794014,34,Female,France,0,96,3/9/2018,838,0,2,1,27472.07,0
15732448,28,Female,France,1,96,3/9/2018,821,0,1,1,36754.13,0
15723411,36,Female,Spain,1,48,2/9/2022,607,98266.3,1,1,46416.36,0
15797686,38,Male,France,1,96,3/9/2018,558,113000.92,1,1,152872.39,0
15605950,23,Male,Germany,1,12,1-Sep-25,530,137060.88,2,1,165227.23,0
15812497,37,Male,Germany,0,60,2/9/2021,654,112146.12,1,1,75927.35,0
15690678,33,Female,France,1,48,2/9/2022,530,129307.32,1,1,172930.28,0
15747677,69,Male,Spain,1,72,2/9/2020,656,163975.09,1,1,36108.5,0
15618926,43,Male,Spain,1,84,3/9/2019,520,0,2,1,36202.74,0
15673908,42,Female,Germany,1,72,2/9/2020,602,158414.85,1,1,131886.46,0
15727944,48,Female,Germany,1,12,1/9/2025,701,92072.68,1,1,133992.36,0
15807294,30,Female,Spain,1,24,1/9/2024,1000,88243.29,2,1,96658.26,0
15618581,25,Male,Spain,1,96,3/9/2018,668,0,2,1,135112.09,0
15584364,48,Male,France,0,48,2/9/2022,652,59486.31,1,1,163944.18,1
15599552,54,Female,Spain,1,24,1/9/2024,639,0,2,1,53843.71,0
15749177,52,  Female  ,Spain,1,84,3/9/2019,730,0,2,0,122398.84,0
15718779,34,Male,France,1,12,1/9/2025,780,0,1,1,64804.04,0
15568106,38,Female,France,1,96,3/9/2018,592,119278.01,2,0,19370.73,0
15779481,34,Male,France,1,48,2/9/2022,628,158741.43,2,1,126192.54,0
15709994,40,Female,France,1,84,3/9/2019,658,140596.95,1,0,135459.02,1
15772777,29,Female,Spain,1,120,3/9/2016,850,0,2,1,94815.04,0
15706815,37,Male,Germany,1,24,1/9/2024,515,90432.92,1,1,188366.04,1
15618018,35,Female,France,1,12,1/9/2025,571,104783.81,2,0,178512.52,0
15671032,42,Male,Germany,1,0,1/9/2026,760,77992.97,2,1,97906.38,0
15634281,43,Female,Germany,0,120,3/9/2016,720,110822.9,1,0,72861.94,0
15766374,42,Male,Germany,1,48,2/9/2022,632,119624.6,2,1,195978.86,0
15600991,31,Male,Germany,1,72,2/9/2020,694,109052.59,2,1,19448.93,1
15777576,40,Female,Spain,1,60,2/9/2021,559,139129.44,1,0,32635.54,0
15742613,42,Female,Germany,0,96,3/9/2018,773,152324.66,2,1,171733.22,0
15649523,38,Male,france,0,12,1/9/2025,581,0,2,1,46176.22,0
15651063,37,Female,Germany,0,108,3/9/2017,524,127480.58,2,1,179634.69,0
15683124,53,Male,France,0,72,2/9/2020,713,115029.4,1,0,191521.32,1
15618314,40,Male,France,1,96,3/9/2018,676,114005.78,1,1,67998.45,0
15670823,42,Female,Germany,0,12,1/9/2025,651,116646.76,1,1,44731.8,1
15607133,49,Female,Spain,1,12,1/9/2025,717,110864.38,2,1,124532.9,1
15615012,23,Male,France,0,60,2/9/2021,594,156267.59,1,1,160968.44,0
15725141,44,Female,France,0,36,2/9/2023,716,109528.28,1,1,27341.63,1
15623560,35,Female,France,1,72,2/9/2020,668,102482.76,1,1,53994.64,0
15693018,23,Male,Germany,1,120,3/9/2016,678,115563.71,1,1,91633.53,0
15636756,23,Male,France,0,24,1/9/2024,545,0,2,1,189613.12,0
15647474,40,Female,France,1,108,3/9/2017,613,95624.36,2,1,60706.33,0
15576714,21,Female,Spain,1,96,3/9/2018,687,0,2,1,154767.34,0
15585047,,Male,France,0,84,3/9/2019,715,160376.61,1,0,196853.11,0
15743976,41,Male,Germany,1,96,3/9/2018,618,37702.79,1,1,195775.48,0
15793881,35,Female,France,1,72,2/9/2020,721,118273.83,many,0,3086.89,0
15576517,34,Female,Germany,1,84,3/9/2019,score_700,131082.17,2,1,70618,0
15631072,38,Male,France,1,12,1/9/2025,690,94456,2,0,55034.02,0
15730394,43,Female,France,0,96,3/9/2018,709,0,2,0,168035.62,1
15631460,42,Female,Spain,1,36,2/9/2023,671,0,2,1,128449.33,0
15692002,33,Male,France,1,72,2/9/2020,538,93791.38,1,1,199249.29,0
15595282,33,Female,France,0,48,2/9/2022,-20,0,2,1,149474.69,0
15789548,37,Female,France,1,84,3/9/2019,592,0,2,1,126726.33,0
15758035,61,Male,France,1,84,3/9/2019,747,155973.13,1,0,147554.26,0
15617518,36,Male,Germany,1,84,3/9/2019,675,89409.95,1,1,149399.7,0
15651802,39,Female,Spain,0,60,2/9/2021,632,97854.37,2,1,93536.38,0
15631813,39,Male,France,1,72,2/9/2020,621,0,2,1,58883.91,0
15729668,29,Male,Spain,0,36,2/9/2023,521,60280.62,1,1,154271.41,0
15741728,36,Male,Spain,1,84,3/9/2019,591,135216.8,1,1,122022.89,0
15576676,28,Female,Germany,1,72,2/9/2020,706,124923.35,2,1,50299.14,0
15711378,38,Male,France,0,48,2/9/2022,677,0,2,1,187800.63,0
15765520,27,Male,Germany,0,84,3/9/2019,769,188614.07,1,1,171344.09,0
15656726,32,Male,France,1,60,2/9/2021,771,62321.62,1,1,40920.59,0
15647842,48,Female,Germany,0,96,3/9/2018,601,120782.7,1,1,63940.68,1
15719309,42,Female,France,1,12,1/9/2025,670,115961.58,2,0,29483.87,0
15748718,28,Male,France,0,24,1/9/2024,517,115062.61,1,1,179056.23,0
15594404,49,Female,France,0,96,3/9/2018,834,160602.25,2,1,129273.94,0
15751158,42,Female,France,0,48,2/9/2022,571,108825.34,3,1,55558.51,1
15593470,36,Female,Germany,1,96,3/9/2018,576,166287.85,1,1,23305.85,0
15695129,31,Female,France,1,12,1/9/2025,718,152663.77,1,0,17128.64,0
15640865,31,Female,Germany,1,108,3/9/2017,636,80844.69,0,1,74641.9,0
15714080,40,Female,Germany,0,24,1/9/2024,566,97001.36,2,1,154486.01,0
15648721,64,Male,France,1,48,2/9/2022,711,0,2,1,3185.67,0
15801466,39,Female,France,0,24,1/9/2024,574,122524.61,2,1,88463.63,0
15750248,35,Female,France,0,96,3/9/2018,619,132292.63,1,1,65682.93,0
15758726,24,Female,France,1,0,1/9/2026,588,0,2,1,140586.08,0
15781553,49,Female,Germany,0,108,3/9/2017,760,91502.99,1,1,117232.9,1
15649121,52,Male,France,0,36,2/9/2023,665,0,1,1,116137.01,1
15674811,29,Male,Germany,1,36,2/9/2023,739,59385.98,2,1,105533.96,0
15646037,77,Male,France,1,108,3/9/2017,641,0,3,1,81514.06,0
15722578,21,Female,Germany,1,72,2/9/2020,685,97956.5,1,1,164966.27,0
15665695,49,Female,France,1,48,2/9/2022,594,0,2,1,23631.55,0
15801062,40,Female,Spain,1,48,2/9/2022,557,0,2,0,105433.53,0
15662955,27,Male,France,0,96,3/9/2018,697,141223.68,2,1,90591.15,0
15770309,18,Male,France,1,120,3/9/2016,656,151762.74,1,0,127014.32,0
15657386,43,Male,Germany,1,12,1/9/2025,712,141749.74,2,0,90905.26,0
15777797,38,Male,Spain,1,60,2/9/2021,689,75075.14,1,1,8651.92,1
15783955,25,Female,France,0,48,2/9/2022,697,165686.11,2,1,15467.98,0
15804516,38,Male,France,0,24,1/9/2024,589,0,1,1,79915.28,0
15681758,25,Female,Spain,0,120,3/9/2016,525,0,2,1,69361.95,0
15630321,44,Male,France,0,36,2/9/2023,680,0,2,1,86935.08,0
15588248,28,Female,France,1,0,1/9/2026,617,0,2,1,7597.83,1
15591932,32,Male,France,0,60,2/9/2021,680,92961.61,1,1,116957.6,0
15810347,30,Female,Spain,1,108,3/9/2017,662,0,2,0,157884.83,0
15595303,46,Male,Germany,1,60,2/9/2021,736,130812.91,1,1,77981.54,1
15634950,57,Male,Germany,1,96,3/9/2018,657,107174.58,1,1,126369.55,1
15685372,54,Male,Spain,1,12,1/9/2025,350,152677.48,1,1,191973.49,1
15745827,30,Male,France,0,36,2/9/2023,617,132005.77,1,1,142940.39,0
15755868,35,Male,France,0,84,3/9/2019,562,0,1,0,48869.67,0
15735222,23,Female,Spain,1,60,2/9/2021,705,0,2,1,73131.73,0
15604804,33,Female,France,1,84,3/9/2019,516,127305.5,1,1,120037.36,0
15718944,37,Female,France,0,72,2/9/2020,573,0,2,1,193995.37,0
15678626,31,Female,Spain,0,0,1/9/2026,538,,2,0,179453.66,0
15571550,39,Male,France,0,108,3/9/2017,699,0,1,1,80963.92,0
15723053,32,Male,GERMANY,1,96,3/9/2018,504,170291.22,2,0,15658.99,0
15661528,47,Male,Spain,0,60,2/9/2021,583,102562.23,1,1,92708.1,0
15754177,53,Male,Spain,0,24,1/9/2024,712,111061.01,2,0,26542.17,0
15683544,62,Male,Spain,1,36,2/9/2023,626,0,1,1,65010.74,0
15708048,34,Female,France,0,48,2/9/2022,631,124379.14,1,1,106892.91,0
15701109,37,Female,France,1,84,3/9/2019,663,0,1,1,185210.63,0
15600110,41,Female,Germany,0,36,2/9/2023,506,57745.76,1,1,4035.46,0
15651533,50,Female,Germany,0,60,2/9/2021,570,129293.74,1,1,177805.44,1
15777904,45,Female,France,1,84,3/9/2019,703,0,2,1,68831.72,0
15655574,40,Female,Germany,0,96,3/9/2018,698,150777.1,1,1,114732.62,0
15569423,41,Male,Spain,0,48,2/9/2022,731,0,2,1,22299.27,0
15718106,34,Male,France,0,72,2/9/2020,625,0,2,0,197283.2,0
15585067,31,Male,Spain,1,108,3/9/2017,634,108632.48,1,1,179485.96,1
15675501,59,Male,France,1,60,2/9/2021,616,153861.1,1,1,17699.48,0
15633233,56,Male,France,0,12,1/9/2025,500,100374.58,1,1,118490.8,1
15667134,32,Male,France,0,96,3/9/2018,446,0,2,0,133292.94,0
15659105,47,Female,France,0,108,3/9/2017,669,61196.54,1,1,58170.24,0
15575409,31,Male,Germany,0,72,2/9/2020,581,116891.72,1,1,107137.3,0
15752342,54,Female,Germany,0,72,2/9/2020,704,133656.91,3,1,145071.33,1
15654851,44,Male,France,1,24,1/9/2024,748,92911.52,1,0,85495.24,0
15741429,31,Female,Spain,1,108,3/9/2017,680,119825.75,2,1,101139.3,0
15682356,37,Female,France,0,84,3/9/2019,655,111852.84,2,1,10511.13,0
15806447,32,Male,Germany,1,0,1/9/2026,690,106683.52,2,1,137916.49,0
15800229,40,  Male  ,Germany,1,84,3/9/2019,695,139022.24,1,0,193383.13,0
15663441,40,Female,Germany,0,48,2/9/2022,700,148571.07,1,1,189826.96,1
15791991,52,Male,France,1,48,2/9/2022,773,0,1,0,144113.42,0
15775082,42,Male,France,1,12,1/9/2025,749,129776.72,2,0,143538.51,0
15579706,46,Female,France,0,60,9/2/2021,611,0,1,1,77677.14,1
15718247,46,Female,Spain,1,96,3/9/2018,606,0,2,1,183717.94,0
15755722,24,Male,France,0,120,3/9/2016,554,0,1,0,92180.62,0
15582259,37,Female,France,1,84,3/9/2019,567,0,2,1,28690.9,0
15716994,24,Male,Spain,0,36,2/9/2023,559,114739.92,1,1,85891.02,1
15586880,-1,Male,Germany,1,24,1/9/2024,594,122545.65,2,1,42050.24,0
15713854,37,Female,France,0,72,2/9/2020,513,0,2,1,110142.34,0
15780835,26,Female,Germany,1,12,1/9/2025,652,131908.35,1,1,179269.79,0
15675896,42,Female,Germany,1,84,3/9/2019,680,105722.69,1,1,90558.24,1
15658459,33,Male,Spain,0,120,3/9/2016,784,0,2,1,162022.47,0
15658057,44,Female,Spain,0,96,3/9/2018,812,0,3,1,66926.83,1
15801767,40,Female,Spain,0,96,3/9/2018,784,0,2,1,108891.3,0
15569178,18,Female,France,0,48,2/9/2022,570,82767.42,1,1,71811.9,0
15731478,42,Female,France,0,12,1/9/2025,712,87842.98,1,0,92223.59,0
15811236,39,Male,Spain,1,72,2/9/2020,705,133261.13,1,1,78065.9,0
15746749,32,Female,Spain,1,36,2/9/2023,681,0,2,1,59679.9,0
15662758,41,Male,France,0,0,1/9/2026,620,97925.11,1,1,85000.32,0
15709387,52,Male,France,1,60,2/9/2021,711,0,1,1,159808.95,0
15572093,24,Female,France,0,84,3/9/2019,613,140453.91,1,1,129001.3,0
15713826,20,Female,Germany,0,0,1/9/2026,613,117356.19,1,0,113557.7,1
15570205,36,Male,Spain,1,60,2/9/2021,682,0,2,1,147758.51,0
15589348,37,Male,Spain,1,48,2/9/2022,850,137204.77,1,1,28865.59,0
15804610,41,Female,France,1,12,1/9/2025,601,0,2,0,160607.06,0
15700854,N/A,Male,Spain,0,96,3/9/2018,595,0,1,1,100015.79,1
15758836,36,Male,Spain,1,36,2/9/2023,675,54098.18,2,0,54478.52,0
15772933,31,Male,Spain,1,96,3/9/2018,591,0,1,1,141677.33,0
15809006,23,Male,France,0,84,3/9/2019,602,113758.48,2,0,84077.6,0
15689612,34,Female,Spain,1,96,3/9/2018,554,0,1,0,106981.03,0
15744614,37,Male,France,1,108,3/9/2017,541,118636.92,1,1,73551.44,0
15704250,34,Male,France,0,84,3/9/2019,506,0,two,0,115842.1,0
15700255,44,Male,Germany,0,96,3-Sep-18,814,95488.82,2,0,107013.59,0
15669410,30,Male,France,0,96,3/9/2018,683,110829.52,2,0,24938.84,0
15807595,51,Male,Germany,0,84,3/9/2019,485,144244.59,2,1,51113.14,0
15664523,31,Female,Germany,0,96,3/9/2018,696,N/A,2,1,33828.64,0
15642833,30,Female,France,0,96,3/9/2018,608,0,2,1,128875.86,0
15605279,50,Male,France,1,108,3/9/2017,792,0,4,1,194700.81,1
15713644,22,Male,Spain,0,60,2/9/2021,686,0,2,1,158974.45,0
15750466,42,Male,Germany,0,12,1/9/2025,790,85839.62,1,1,198182.73,0
15739054,29,Female,France,1,48,2/9/2022,654,96974.97,1,0,141404.07,0
15612771,35,Male,France,1,48,2/9/2022,452,148172.44,1,1,4175.68,0
15788483,38,Male,Spain,0,0,1/9/2026,719,0,1,1,126876.47,0
15732832,40,Female,France,0,60,2/9/2021,707,0,2,1,41052.82,0
15772892,49,Female,France,0,24,1/9/2024,699,0,1,0,105760.01,0
15713843,30,Male,Spain,1,24,1/9/2024,850,0,2,0,27937.12,0
15567993,28,Male,Spain,0,96,3/9/2018,828,134766.85,1,1,79355.87,0
15617603,30,Male,Germany,1,60,2/9/2021,850,123210.56,2,1,102180.27,0
15744983,47,Male,Spain,1,12,1/9/2025,712,139887.01,1,1,95719.73,0
15630419,44,Male,France,0,108,3/9/2017,634,149961.11,1,1,57121.51,0
15738828,45,Male,Germany,0,72,2/9/2020,730,152880.97,1,0,162478.11,0
15778025,43,Male,Germany,1,108,3/9/2017,685,108589.47,2,0,194808.51,0
15799479,33,Male,Spain,1,108,3/9/2017,809,0,1,1,124045.65,0
15684269,35,Female,Spain,0,36,2/9/2023,707,56674.48,1,1,17987.4,1
15762745,32,Male,Spain,0,96,3/9/2018,648,0,1,1,133653.38,0
15746970,57,Female,Spain,1,12,1/9/2025,760,0,2,1,25101.17,0
15725024,33,Female,Germany,1,36,2/9/2023,805,105663.56,2,0,33330.89,0
15592116,39,Female,France,0,84,3/9/2019,585,0,2,1,2401.26,0
15624391,30,Female,Spain,1,60,9/2/2021,595,100683.54,1,1,178361.04,0
15567422,42,Male,France,0,72,2/9/2020,630,0,2,1,162697.93,0
15612627,29,Male,Germany,0,60,2/9/2021,627,139541.58,2,1,80607.33,0
15574879,37,Female,Germany,1,24,1/9/2024,631,121801.72,2,0,23146.62,0
15745107,38,Male,Germany,1,60,2/9/2021,776,112281.7,1,0,89893.6,0
15734491,36,Female,Spain,1,48,2/9/2022,676,0,2,1,3173.31,0
15675320,40,Female,Spain,0,60,2/9/2021,758,93499.82,2,0,123218.81,0
15643824,33,Male,France,1,0,1/9/2026,637,132255.99,2,0,74588.41,0
15643438,20,Male,France,0,84,3/9/2019,850,0,2,1,31288.77,0
15721730,44,Female,Spain,0,48,2/9/2022,601,0,2,1,58561.31,0
15680727,49,Male,France,0,60,2/9/2021,735,121973.28,1,1,148804.36,0
15752508,32,Male,Germany,1,84,3/9/2019,614,99462.8,2,1,51117.06,0
15808846,21,Female,Germany,1,36,2/9/2023,672,165878.76,2,1,164537.17,0
15727251,30,Male,France,0,96,3/9/2018,642,117494.27,1,0,61977.82,0
15663489,29,Female,Germany,0,0,1/9/2026,633,138577.34,1,1,193362.99,0
15683677,39,Male,Spain,1,108,3/9/2017,769,0,1,1,47722.79,0
15596414,41,Male,Spain,0,96,3/9/2018,796,107525.07,1,1,18510.41,0
15730639,23,Male,France,0,84,3/9/2019,715,139224.92,2,1,65057.71,0
15672132,42,Female,France,0,84,3/9/2019,695,121453.63,1,0,46374.64,0
15742638,25,Female,France,1,48,2/9/2022,747,0,2,0,42039.67,0
15578603,54,Female,Germany,0,12,1/9/2025,584,77354.37,1,0,138192.98,1
15726088,40,Male,France,1,72,2/9/2020,476,0,1,1,22735.45,0
15682533,39,Female,France,1,84,3/9/2019,850,79259.99,1,0,186910.74,0
15772995,30,Male,France,0,24,1/9/2024,529,116295.29,1,1,75285.47,0
15765694,59,Female,Spain,1,12,1/9/2025,584,0,1,0,130260.11,1
15659486,34,Male,Germany,0,108,3/9/2017,586,74309.81,1,1,15034.93,0
15568963,34,Male,Germany,0,24,1/9/2024,674,152797.9,1,1,175709.4,1
15703820,N/A,Male,France,0,108,3/9/2017,552,133701.07,2,1,101069.71,1
15569410,33,Female,Germany,1,84,3/9/2019,601,114430.18,2,1,153012.13,0
15632256,29,Male,France,0,84,3/9/2019,541,127504.57,1,0,86173.92,0
15724466,41,Female,Germany,0,24,1/9/2024,744,84113.41,1,1,197548.63,0
15777639,23,Female,Spain,0,120,3/9/2016,595,101126.66,2,0,37042.8,0
15802501,33,Male,Germany,0,60,2/9/2021,724,103564.83,2,1,121085.72,0
15778410,52,Female,Spain,1,84,3/9/2019,533,0,1,0,194113.99,1
15670702,37,Male,France,1,24,1/9/2024,618,168178.21,2,0,101273.23,0
15704763,39,Female,Germany,1,12,1/9/2025,523,143903.11,1,1,118711.75,1
15645544,30,Female,Germany,0,60,2/9/2021,642,129753.69,1,1,582.53,0
15757646,35,Male,France,0,108,3/9/2017,584,0,2,1,192381.21,0
15701121,38,Male,France,1,60,2/9/2021,521,110641.18,1,0,136507.69,1
15796313,36,Female,France,0,48,2/9/2022,662,166909.2,2,1,138871.12,1
15815660,34,Female,France,1,-10,1/9/2025,758,154139.45,1,1,60728.89,0
15602844,38,  Male  ,France,0,84,3/9/2019,717,97459.06,1,0,189175.71,0
15636238,40,Male,France,1,12,1/9/2025,611,0,2,1,102547.56,0
15770101,43,Male,GERMANY,1,72,2/9/2020,766,112088.04,2,1,36706.56,0
15645543,34,Female,France,1,36,2/9/2023,636,0,2,1,44756.25,0
15596397,48,Female,France,1,84,3/9/2019,814,0,2,1,132870.15,0
15770525,28,Male,Spain,0,12,1/9/2025,760,141038.57,2,0,16287.38,0
15684267,39,Male,Germany,1,24,1/9/2024,607,84468.67,2,1,121945.42,0
15689980,36,Female,Spain,0,48,2/9/2022,725,118520.26,1,0,131173.9,1
15633260,37,Male,France,1,12,1/9/2025,600,142663.46,1,0,88669.89,0
15756471,27,Male,Germany,1,48,2/9/2022,656,118627.16,2,1,160835.3,0
15721303,34,Male,Spain,0,12,1/9/2025,640,137523.02,1,0,24761.36,0
15802256,28,Male,France,0,84,3/9/2019,439,110976.23,2,1,138526.96,0
15725664,38,Female,France,0,96,3/9/2018,549,107283.4,1,0,157442.75,0
15674851,38,Male,France,0,60,2/9/2021,622,0,2,0,105295.77,0
15701946,34,Male,  France  ,0,48,2/9/2022,715,124314.45,1,0,97782.92,0
15748947,41,Female,France,1,60,2/9/2021,657,95858.37,1,1,68255.88,0
15673342,36,Male,France,0,24,1/9/2024,703,0,2,1,108790.95,0
15601008,33,Male,France,0,96,3/9/2018,802,0,2,1,143706.18,0
15771636,36,Female,Spain,0,0,1/9/2026,793,0,1,0,148993.47,0
15642002,35,Female,France,0,72,2/9/2020,554,117707.18,2,0,95277.15,1
15693381,38,Male,Spain,1,12,1/9/2025,533,135289.33,2,0,152956.33,0
15607691,36,Male,France,1,96,3/9/2018,658,174060.46,1,1,94925.62,0
15589380,40,Male,Germany,1,36,2/9/2023,713,114446.84,2,1,87308.18,0
15603846,37,Male,Spain,0,24,1/9/2024,711,0,2,1,83978.86,1
15753549,25,Male,France,0,12,1/9/2025,669,157848.53,1,0,37543.93,1
15725355,43,Female,France,1,96,3/9/2018,439,0,1,0,104889.3,0
15773017,years 37,Female,Spain,1,72,2/9/2020,763,0,2,1,149705.25,0
15625641,74,Female,Germany,1,36,2/9/2023,697,108071.36,2,1,16445.79,0
15776467,35,Female,Spain,0,96,3/9/2018,702,14262.8,2,1,54689.16,0
15746451,41,Male,Spain,1,84,3/9/2019,686,102749.72,1,0,194913.86,0
15777922,36,Male,Spain,1,12,1/9/2025,629,161757.87,2,1,146371.72,0
15606841,38,Male,France,0,12,1/9/2025,823,0,2,1,156603.7,0
15757648,35,Female,Germany,1,60,2/9/2021,683,95698.79,1,0,182566.76,0
15677173,37,Male,France,0,108,3/9/2017,555,124969.13,1,1,60194.05,0
15764170,44,Male,Germany,0,48,2/9/2022,647,93960.35,1,1,36579.53,1
15610446,51,Female,France,0,48,2/9/2022,714,88308.87,3,0,5862.53,1
15612776,39,Female,Spain,1,120,3/9/2016,850,0,2,1,143030.09,0
15794122,59,Female,France,1,36,2/9/2023,713,0,2,1,62700.08,0
15774931,30,Male,France,1,84,3/9/2019,452,112935.87,1,1,99017.34,0
15779247,24,Female,Spain,0,96,3/9/2018,683,98567.1,1,1,187987.01,0
15707078,26,Female,France,0,12,1/9/2025,577,180530.51,1,0,123454.62,0
15605263,33,Male,France,1,60,2/9/2021,552,140931.57,1,0,10921.5,0
15607381,31,Female,Germany,0,84,3/9/2019,769,148913.72,2,1,53817.23,0
15683471,38,Male,France,0,84,3/9/2019,691,0,2,0,81617.4,0
15605037,49,Female,France,1,24,1/9/2024,818,0,1,0,192298.84,1
15576085,41,Male,France,0,60,2/9/2021,739,0,2,0,143882.25,0
15770435,50,Female,France,1,72,2/9/2020,639,115335.32,2,1,53130.41,0
15592994,65,Female,France,1,0,1/9/2026,651,0,2,1,190454.04,0
15624068,26,Female,France,1,0,1/9/2026,779,0,2,0,111906,0
15595221,33,Female,Germany,0,84,3/9/2019,850,134678.13,1,1,113177.95,0
15637131,38,Male,France,0,108,3/9/2017,829,0,2,1,30529.88,0
15613471,31,Male,Germany,1,24,1/9/2024,579,90547.48,2,1,18800.13,0
15583499,32,Male,France,1,108,3/9/2017,510,103324.78,1,1,46127.7,0
15752816,29,Male,France,0,36,2/9/2023,531,114590.58,1,0,75585.48,0
15804075,36,Female,Germany,0,36,2/9/2023,628,91286.51,1,1,63085.94,0
15800517,32,Male,Spain,1,60,2/9/2021,633,163340.12,2,1,74415.2,0
15712319,45,Male,Spain,1,96,3/9/2018,714,150900.29,2,0,139889.15,0
15797389,23,Male,Spain,1,108,3/9/2017,604,124577.33,1,1,7267.25,0
15621432,35,Male,Spain,0,12,1/9/2025,630,0,2,0,186826.22,0
15779390,31,Female,Spain,1,48,2/9/2022,850,91292.7,1,1,162149.07,0
15711219,57,Female,Germany,1,96,3/9/2018,788,93716.72,1,1,180150.49,1
15770498,37,Female,France,1,48,2/9/2022,798,111723.08,1,1,83478.12,0
15678727,45,Male,Germany,0,48,2/9/2022,770,110765.68,1,1,26163.74,1
15573893,25,Male,Germany,1,108,3/9/2017,569,173459.45,2,1,44381.06,0
15740104,22,Female,Spain,1,84,3/9/2019,425,169649.73,2,0,136365,1
15792649,31,Female,Spain,0,108,3/9/2017,547,0,2,0,99294.22,0
15605275,45,Male,Germany,0,96,3/9/2018,725,116917.07,1,0,173464.43,1
15572467,37,Male,France,1,60,2/9/2021,506,0,2,1,127543.81,0
15738219,36,Female,France,1,84,3/9/2019,632,0,2,1,52526.65,0
15600710,22,Male,France,0,0,1/9/2026,620,0,1,1,32589.45,0
15804394,32,Male,Germany,0,96,3/9/2018,663,130627.66,1,1,47161.25,1
15694188,46,Female,Spain,1,60,2/9/2021,700,56580.95,2,0,45424.13,0
15583718,38,Male,Germany,1,72,2/9/2020,696,142316.14,1,1,8018.49,0
15802478,31,Male,Spain,1,72,2/9/2020,767,0,2,1,195668,0
15619343,56,Male,France,0,84,3/9/2019,561,152759,2,1,133167.11,1
15758813,39,Male,Germany,0,0,1/9/2026,350,109733.2,2,0,123602.11,1
15761374,54,Male,France,1,108,3/9/2017,706,117444.51,1,1,186238.85,0
15569209,34,Female,Spain,1,60,2/9/2021,464,76001.57,1,1,158668.87,0
15788539,34,Female,France,0,36,2/9/2023,501,107747.57,1,1,9249.36,0
15747222,35,Female,Spain,1,96,3/9/2018,745,0,2,1,116581.1,0
15769346,36,Female,France,0,12,1/9/2025,587,134997.49,2,1,44688.08,0
15699634,48,Female,France,1,24,1/9/2024,667,0,2,1,148608.39,0
15589076,36,Male,France,1,108,3/9/2017,737,0,1,0,188670.9,1
15812338,30,Female,Spain,0,84,3/9/2019,485,0,1,1,107067.37,0
15758845,37,Female,Spain,1,0,1/9/2026,590,64345.21,1,0,61759.33,1
15685844,35,Female,Germany,1,96,3/9/2018,518,141665.63,1,0,192776.64,0
15583090,29,Female,Spain,0,96,3/9/2018,581,0,2,1,46735.19,0
15587581,33,Female,Germany,1,60,2/9/2021,785,136624.6,2,1,169117.74,0
15633640,52,Female,France,1,48,2/9/2022,799,161209.66,1,1,89081.41,0
15573741,38,Male,Spain,1,120,3/9/2016,698,95010.92,1,1,105227.86,0
15633574,41,Female,France,0,48,2/9/2022,730,167545.32,1,1,128246.81,0
15711455,36,Female,Germany,0,48,2/9/2022,740,109044.6,1,0,94554.74,1
15570601,47,Female,France,1,108,3/9/2017,785,122031.55,1,1,33823.5,1
15690925,29,Female,Spain,0,24,1/9/2024,527,27755.97,1,1,97468.44,1
15709338,29,FEMALE,France,1,12,1/9/2025,544,118560.55,1,1,164137.36,0
15780746,61,Male,France,1,48,2/9/2022,705,0,2,1,191313.7,0
15681956,34,Male,France,1,108,3/9/2017,684,0,2,1,65257.57,0
15778190,28,Female,Spain,1,96,3/9/2018,639,97840.72,1,1,178222.77,0
15786852,38,Female,Germany,1,24,1/9/2024,565,158651.29,2,1,179445.28,0
15726494,44,Male,France,0,108,3/9/2017,481,175303.06,1,1,65500.53,1
15641183,,Male,Spain,0,96,3/9/2018,731,96950.21,1,1,97877.92,0
15805312,45,Male,France,1,84,3/9/2019,607,123859.6,1,0,113051.57,0
15636572,years 32,Female,France,1,84,3/9/2019,760,0,2,1,105969.05,0
15632575,70,Female,France,1,108,3/9/2017,559,0,1,1,122996.76,0
15740164,33,Female,France,1,36,2/9/2023,715,85227.84,1,1,68087.15,0
15574947,36,Male,France,1,96,3/9/2018,656,97786.08,2,0,21478.36,0
15597909,33,Male,Germany,0,84,3/9/2019,652,128135.99,1,1,158437.73,0
15782574,33,Male,Spain,0,72,2/9/2020,624,,2,0,76551.7,0
15734999,36,Male,Spain,0,24,1/9/2024,634,85996.19,1,1,15887.68,0
15706593,50,Female,Spain,1,120,3/9/2016,850,0,2,1,33741.84,0
15766686,39,Female,Germany,0,12,1/9/2025,659,104502.11,1,1,20652.69,0
15590268,35,Male,Spain,1,60,2/9/2021,529,95772.97,1,1,112781.5,0
15763055,31,Male,Spain,1,60,2/9/2021,572,98108.79,1,0,119996.95,0
15664754,39,  Male  ,Germany,1,108,3/9/2017,640,131607.28,4,0,6981.43,1
15643630,55,Male,Spain,0,108,3/9/2017,770,63127.41,2,1,185211.28,1
15641043,35,Male,Spain,1,84,3/9/2019,648,0,2,1,78436.36,0
15768095,31,Male,  France  ,1,108,3/9/2017,579,0,1,0,139048,0
15811314,36,Female,Germany,0,108,3/9/2017,589,140355.56,2,1,136329.96,0
15669922,36,Female,Spain,1,24,1/9/2024,530,0,2,1,14721.8,0
15707114,30,N/A,France,1,24,1/9/2024,831,0,2,0,3430.38,0
15670602,24,Male,Germany,1,84,3/9/2019,790,107418.27,1,0,160450.21,0
15713479,35,Male,France,0,72,2/9/2020,656,0,2,1,1485.27,0
15663830,32,Male,Spain,1,72,2/9/2020,563,0,2,1,19720.08,0
15566958,39,Male,Spain,1,84,3/9/2019,667,167557.12,1,1,41183.02,0
15680918,34,Male,Spain,0,96,3/9/2018,613,117300.02,1,1,139410.08,0
15663921,60,Male,France,1,84,3/9/2019,429,0,2,1,163691.48,0
15716324,23,Female,France,1,108,3/9/2017,665,143672.9,1,1,115147.33,0
15796969,33,Male,France,1,48,2/9/2022,731,0,2,1,74945.11,0
15574783,37,Female,France,1,12,1/9/2025,584,0,2,1,180363.56,0
15773487,31,Female,Germany,0,96,3/9/2018,634,76798.92,1,0,196021.73,0
15802486,34,Male,France,1,36,2/9/2023,488,0,2,1,125979.36,0
15783398,49,Female,Spain,0,84,3/9/2019,535,115309.75,1,1,111421.77,0
15649418,29,Female,France,1,84,3/9/2019,776,178171.04,2,1,115818.51,0
15604588,38,Female,Spain,1,36,2/9/2023,850,0,2,0,179360.76,0
15735428,37,Female,Spain,0,0,1/9/2026,673,0,2,0,82351.06,0
15629078,45,Female,Germany,1,60,2/9/2021,850,127258.79,1,1,192744.23,1
15806880,30,Female,Spain,1,72,2/9/2020,627,0,1,1,113408.47,0
15754999,33,Female,France,1,96,3/9/2018,570,0,1,1,124641.42,0
15781034,67,Male,Spain,1,60,2/9/2021,796,0,2,0,54871.02,0
15622017,33,Female,Spain,1,120,3/9/2016,773,0,1,1,98820.09,0
15705885,36,Male,Spain,1,24,1/9/2024,752,0,2,1,45570.84,0
15677382,69,Female,Spain,1,12,1/9/2025,625,107569.96,1,1,182336.45,0
15566843,20,Male,Germany,1,108,3/9/2017,535,134874.4,1,1,118825.56,0
15608387,29,Female,France,0,48,2/9/2022,786,0,2,1,103372.79,0
15810786,67,Female,France,1,36,2/9/2023,620,0,2,1,43486.73,0
15626983,48,Female,Spain,1,72,2/9/2020,605,0,2,1,40062.99,0
15773605,32,Female,Spain,0,36,2/9/2023,670,0,2,1,46175.7,0
15811261,42,Male,Spain,1,0,1/9/2026,617,70105.87,1,1,120830.73,0
15590606,41,Male,France,0,108,3/9/2017,595,0,2,1,5967.09,0
15576644,29,Female,Germany,0,48,2/9/2022,687,78939.15,1,1,122134.56,1
15750264,30,Male,Germany,1,72,2/9/2020,757,105128.85,2,1,62972.13,0
15741554,31,Male,Spain,1,24,1/9/2024,746,113836.27,1,1,174815.54,0
15769051,25,Male,Spain,1,84,3/9/2019,503,0,1,0,192841.13,0
15812198,48,Male,Germany,0,12,1/9/2025,543,100900.5,1,0,33310.72,1
15699772,40,Female,Germany,0,36,2/9/2023,428,129248.11,2,1,72876.43,1
15744105,28,Female,France,1,36,2/9/2023,768,109118.05,2,0,50911.41,0
15739858,56,Male,France,1,84,3/9/2019,618,0,1,1,142400.27,1
15723720,31,Female,France,1,84,3/9/2019,591,0,2,0,48778.46,0
15638355,35,Female,France,0,60,2/9/2021,658,126397.66,1,0,156361.58,1
15805637,36,Male,France,0,108,3/9/2017,625,108546.16,3,1,133807.77,1
15629575,36,Male,France,0,24,1/9/2024,717,148061.89,1,1,179128.69,1
15586243,44,Male,France,1,96,3/9/2018,667,122277.87,1,1,91810.71,0
15757931,24,Male,France,0,36,2/9/2023,804,0,2,1,173195.33,0
15716023,31,Male,France,1,12,1/9/2025,693,0,2,0,182270.88,0
15647782,36,Male,Germany,0,96,3/9/2018,729,152899.24,2,1,177130.33,0
15716609,54,Male,Germany,0,36,2/9/2023,484,134388.11,1,0,49954.79,1
15623791,40,Female,Spain,0,36,2/9/2023,632,109740.62,1,1,141896.74,0
15627262,23,Male,Germany,0,72,2/9/2020,536,92366.72,2,1,120661.71,0
15652693,26,Female,France,0,48,2/9/2022,573,129109.02,1,0,149814.68,1
15586993,56,Female,Spain,1,60,2/9/2021,655,0,2,1,41782.7,0
15815560,74,Male,Germany,1,84,3/9/2019,666,105102.5,1,1,46172.47,0
15584930,30,Male,Germany,0,60,2/9/2021,726,111375.32,2,1,2704.09,0
15799031,39,Male,France,0,36,2/9/2023,523,0,2,1,6726.53,0
15810457,33,Female,Germany,0,108,3/9/2017,728,150412.14,2,1,170764.08,0
15697879,30,Male,France,0,36,2/9/2023,701,156660.72,2,1,45742.42,0
15594902,38,Male,France,1,36,2/9/2023,518,90957.81,1,0,162304.59,0
15799710,37,Male,France,1,84,3/9/2019,739,104960.46,1,0,80883.82,0
15659651,31,Female,Germany,0,84,3/9/2019,531,117052.82,1,1,118508.09,1
15645956,44,Male,Spain,0,36,2/9/2023,452,88915.85,1,1,69697.74,0
15651713,45,Male,France,0,72,2/9/2020,unknown,148071.39,1,1,183575.01,0
15737265,39,Male,GERMANY,0,72,2/9/2020,728,152182.83,1,0,161203.6,0
15687310,39,Male,Spain,0,108,3/9/2017,783,0,2,1,143752.77,0
15607347,22,Male,France,0,60,2/9/2021,734,130056.23,1,0,121894.31,1
15698321,34,Male,Germany,1,36,2/9/2023,648,95039.73,2,1,147055.87,0
15657812,52,Male,France,1,12,1/9/2025,688,0,2,1,172033.57,0
15569187,35,Male,Spain,0,108,3/9/2017,680,0,2,0,143774.06,0
15681562,43,Female,France,1,24,1/9/2024,516,112773.73,2,1,139366.58,0
15615456,37,Female,France,0,120,3/9/2016,unknown,123806.28,1,1,81776.84,1
15589793,53,Male,France,0,96,3/9/2018,604,144453.75,1,1,190998.96,1
15781884,27,Male,Germany,1,108,3/9/2017,624,94667.29,2,0,4470.52,0
15675190,21,Male,France,1,120,3/9/2016,623,0,2,0,135851.3,0
15600734,51,Male,Spain,1,60,2/9/2021,624,174397.21,2,1,172372.63,0
15779176,58,Female,Germany,1,36,2/9/2023,565,108888.24,3,0,135875.51,1
15605286,55,Male,france,1,48,2/9/2022,565,118803.35,2,1,128124.7,1
15674922,54,Male,France,1,72,2/9/2020,710,171137.62,1,1,167023.95,1
15737506,42,Male,  France  ,0,72,2/9/2020,645,0,1,0,149807.01,0
15780514,33,Male,France,0,96,3/9/2018,707,136678.52,1,1,54290.62,0
15623647,36,Female,Spain,0,12,1/9/2025,655,135515.76,1,1,86013.96,0
15668472,24,Female,Spain,0,60,2/9/2021,705,177799.83,2,0,79886.06,0
15692416,52,Female,Spain,0,96,3/9/2018,358,143542.36,3,1,141959.11,1
15771139,34,Male,Germany,0,96,3/9/2018,578,147487.23,2,1,66680.77,0
15738318,40,Female,France,0,60,2/9/2021,800,97764.41,1,1,98640.15,1
15772243,33,Female,France,0,108,3/9/2017,612,0,1,0,142797.5,1
15638463,48,Female,Germany,1,96,3/9/2018,681,139480.18,1,1,163581.67,0
15598088,25,Male,Spain,1,60,2/9/2021,559,0,2,1,163221.22,0
15693468,39,Female,Spain,0,108,3/9/2017,488,140553.46,1,0,12440.44,0
15671930,36,Female,France,1,60,2/9/2021,717,0,2,1,145551.6,0
15762268,41,Female,France,0,120,3/9/2016,666,141162.08,1,1,50908.48,0
15780954,26,male,Spain,0,48,2/9/2022,582,65848.36,2,1,30149.21,0
15700174,30,Female,Spain,0,0,1/9/2026,733,83319.28,1,0,57769.2,0
15635728,41,Male,France,0,48,2/9/2022,693,0,2,0,156381.47,0
15679283,33,Female,France,0,48,2/9/2022,694,129731.64,2,1,178123.86,0
15591386,35,Female,France,0,60,2/9/2021,622,0,2,1,51112.8,0
15694192,38,Female,Spain,0,72,2/9/2020,598,0,99,0,173783.38,0
15585901,35,Male,Spain,0,12,1/9/2025,717,0,3,0,174770.14,1
15792329,37,Male,Germany,0,60,2/9/2021,494,107106.33,2,1,172063.09,0
15635597,33,Male,France,1,96,3/9/2018,644,0,2,1,155294.17,0
15775880,30,FEMALE,France,1,108,3/9/2017,554,0,2,1,40320.3,0
15630913,69,Female,Spain,1,12,1/9/2025,476,105303.73,1,0,134260.34,0
15756680,28,Male,France,0,72,2/9/2020,667,165798.1,1,1,147090.9,0
15587913,40,Female,Spain,0,48,2/9/2022,748,0,2,1,132368.47,0
15737605,45,Female,ES,1,12,1/9/2025,531,126495.57,2,1,164741.5,0
15627876,47,Female,Spain,0,108,3/9/2017,719,116393.59,1,1,63051.32,1
15772601,41,Female,Germany,0,24,1/9/2024,845,81733.74,2,0,199761.29,0
15758606,54,Male,France,1,48,2/9/2022,738,0,1,0,55725.04,1
15657107,46,Female,Spain,0,96,3/9/2018,563,106171.68,1,1,163145.5,1
15622454,28,Male,Spain,1,0,1/9/2026,695,96020.86,1,1,57992.49,0
15775803,41,Male,Spain,1,12,1/9/2025,841,0,2,0,193093.77,0
15570859,36,Male,Germany,1,24,1/9/2024,626,181671.16,2,1,57531.14,0
15748381,29,Female,France,1,72,2/9/2020,613,185709.28,2,1,77242.19,0
15787189,60,Male,Germany,0,96,3/9/2018,824,134250.17,3,0,153046.16,1
15666055,49,Female,France,0,84,3/9/2019,705,0,1,1,63405.2,1
15617648,44,Female,France,1,60,2/9/2021,584,95671.75,2,1,106564.88,0
15755678,62,Male,France,0,24,1/9/2024,534,0,2,0,42763.12,1
15624781,34,Unknown,France,1,12,1/9/2025,672,142151.75,2,1,168753.34,0
15779497,43,Male,France,1,60,2/9/2021,603,127823.93,1,1,19483.35,0
15567399,43,Male,Germany,1,36,2/9/2023,633,144164.29,1,1,158646.46,0
15613656,58,Male,France,1,12,1/9/2025,842,63492.94,1,1,83172.19,0
15734311,27,Female,France,1,36,2/9/2023,661,0,2,1,76889.79,0
15657214,74,Male,France,1,24,1/9/2024,601,0,2,0,51554.58,0
15799350,41,Male,france,1,0,1/9/2026,632,106134.46,1,0,105570.39,0
15729970,29,Male,,1,96,3/9/2018,684,127269.75,1,0,79495.01,0
15725835,32,Female,Germany,1,36,2/9/2023,785,124493.03,2,0,52583.79,1
15745543,39,Male,France,0,84,3/9/2019,687,0,2,1,26848.25,0
15727384,43,Female,Germany,1,120,3/9/2016,705,146547.78,1,0,10072.55,1
15666916,43,Male,France,0,72,2/9/2020,639,99610.92,2,1,187296.78,0
15732917,46,Male,Germany,0,60,2/9/2021,729,117837.43,1,1,104016.61,1
15612050,48,Female,Spain,1,96,3/9/2018,556,168522.37,1,1,151310.16,0
15726267,32,Male,  France  ,1,108,3/9/2017,570,117337.54,2,0,62810.91,0
15780124,74,Male,France,1,108,3/9/2017,841,108131.53,1,0,60830.38,0
15742238,35,Male,Germany,0,48,2/9/2022,705,136496.12,2,1,116672.02,0
15679024,32,Male,France,0,36,2/9/2023,553,116324.53,1,1,77304.49,0
15715297,40,Female,Germany,1,24,1/9/2024,779,75470.23,1,1,52894.01,0
15633612,28,Male,France,1,48,2/9/2022,696,172646.82,1,1,116471.43,0
15602929,37,Female,Spain,0,48,2/9/2022,728,0,1,0,4539.38,0
15696703,27,Male,Germany,0,36,2/9/2023,691,160358.68,2,1,142367.72,0
15756668,30,Male,France,1,36,2/9/2023,706,98415.37,1,1,110520.48,0
15565779,30,Female,Germany,0,72,2/9/2020,627,57809.32,1,1,188258.49,0
15795519,18,Female,Germany,0,36,2/9/2023,716,128743.8,1,0,197322.13,0
15761477,24,Male,Germany,0,48,2/9/2022,501,130806.42,2,1,80241.14,0
15731890,41,Male,France,1,12,1/9/2025,601,123971.16,1,0,172814.99,0
15633043,39,Female,Spain,0,72,2/9/2020,545,0,1,0,38410.74,1
15752953,45,Male,france,0,108,3/9/2017,634,0,2,0,17622.82,0
15603088,23,Female,Spain,1,108,3/9/2017,451,0,2,0,48021.71,0
15606613,59,Female,France,0,84,3/9/2019,655,0,1,1,88958.49,1
15635939,39,Female,France,0,108,3/9/2017,458,0,2,1,116343.09,0
15666043,33,Male,France,1,48,2/9/2022,520,156297.58,2,1,166102.61,0
15746190,28,Female,Spain,1,24,1/9/2024,624,0,2,0,104353.26,0
15591357,51,Male,France,1,36,2/9/2023,765,123372.3,1,1,115429.32,0
15658716,years 37,Female,Germany,0,60,2/9/2021,667,92171.35,3,1,178106.34,1
15679909,41,Male,Spain,0,96,3/9/2018,665,0,2,1,132152.32,0
15634262,34,Male,Germany,1,48,2/9/2022,709,148375.19,2,1,21521.38,0
15799825,44,Female,France,1,96,3/9/2018,583,,2,1,27431.62,0
15756875,34,Male,Spain,1,72,2/9/2020,782,147422.44,1,0,42143.61,0
15678146,24,Female,Spain,0,84,3/9/2019,668,173962.32,1,0,106457.11,1
15710743,47,Male,France,1,0,1/9/2026,621,0,1,1,133831.37,1
15595831,64,Female,Germany,1,72,2/9/2020,579,145215.43,1,1,164083.72,0
15626684,38,Female,France,1,60,2/9/2021,547,167539.97,1,0,159207.34,0
15709846,years 39,Female,France,0,12,1/9/2025,840,94968.97,1,1,84487.62,0
15635459,27,Female,Germany,0,36,2/9/2023,667,106116.5,2,1,3674.71,0
15642544,34,Male,France,1,60,2/9/2021,723,0,2,0,12092.03,0
15566494,45,Male,France,0,24,1/9/2024,487,0,2,1,77475.73,0
15655238,31,Female,France,0,108,3/9/2017,668,0,2,0,41291.73,0
15733429,34,Male,Germany,1,96,3/9/2018,520,120018.86,2,1,343.38,0
15814536,37,Male,France,0,24,1/9/2024,549,112541.54,2,0,47432.43,0
15771702,35,Female,France,0,60,2/9/2021,567,166118.45,2,1,127827.18,0
15723008,45,Female,France,1,12,1/9/2025,720,102882.4,2,1,35633.15,1
15797160,49,Female,France,1,96,3/9/2018,492,0,1,1,182865.09,1
15792222,37,Female,France,0,12,1/9/2025,712,106881.5,2,0,169386.81,0
15644765,26,Male,Germany,1,48,2/9/2022,689,120727.97,1,0,149073.88,0
15610686,63,Male,France,0,96,3/9/2018,850,169832.57,1,0,184107.26,1
15730868,41,Male,France,1,60,2/9/2021,747,0,2,1,22750.17,0
15705991,38,Male,Germany,0,108,3/9/2017,469,113599.42,1,0,11950.29,0
15577078,38,Male,Spain,1,72,2/9/2020,539,0,1,1,152880.07,1
15679550,32,Male,France,0,108,3/9/2017,743,0,2,1,175252.78,0
15787655,47,Male,France,0,36,9/2/2023,707,0,2,1,174303.29,0
15668081,50,Female,Spain,1,48,2/9/2022,581,0,2,1,80701.72,0
15747980,38,Male,Spain,0,72,2/9/2020,737,146282.79,2,1,198516.2,0
15710295,38,Female,Germany,0,72,2/9/2020,445,119413.62,2,1,175756.36,0
15724443,29,Female,Germany,1,36,2/9/2023,703,122084.63,1,0,82824.08,0
15571305,35,Female,Germany,0,12,1/9/2025,588,103060.63,1,1,179866.01,1
15569503,44,Male,France,1,72,2/9/2020,765,0,2,1,159899.97,0
15581840,33,Male,France,0,96,3/9/2018,626,0,2,1,138504.28,0
15772262,37,Male,Germany,1,108,3/9/2017,545,110483.86,1,1,127394.67,0
15767794,31,Male,France,1,108,3/9/2017,744,120718.28,1,1,58961.49,0
15629338,31,Female,Spain,0,24,1/9/2024,658,36566.96,1,1,103644.98,1
15790379,28,Male,Germany,1,96,3/9/2018,629,108601,1,1,119647.7,0
15750684,42,Female,France,0,48,2/9/2022,719,0,1,1,28465.86,1
15697214,36,Female,Spain,1,60,2/9/2021,686,0,2,1,152979.14,0
15711015,36,Male,France,1,48,2/9/2022,743,0,2,1,190911.02,0
15573309,48,Female,Spain,1,24,1/9/2024,626,0,many,1,95794.98,0
15805303,44,Male,Germany,0,12,1/9/2025,661,141136.62,1,1,189742.78,1
15741385,45,Male,Germany,1,108,3/9/2017,710,108231.37,1,1,188574.08,0
15780254,40,Male,France,0,72,2/9/2020,654,0,1,0,183872.88,1
15744843,34,Female,Spain,0,72,2/9/2020,569,144855.34,1,0,196555.32,0
15815626,63,Male,France,1,24,1/9/2024,640,68432.45,2,1,112503.24,1
15784736,45,Male,France,0,72,2/9/2020,562,136855.24,1,1,46864,0
15813412,55,Female,France,0,36,2/9/2023,721,44020.89,1,1,65864.4,1
15809143,32,Male,Germany,1,108,3/9/2017,456,133060.63,1,1,125167.92,0
15617617,39,Male,Spain,1,84,3/9/2019,811,0,2,1,177519.39,0
15779738,24,Male,France,1,12,1/9/2025,534,0,1,1,169653.32,0
15668669,36,Female,France,0,60,2/9/2021,423,97665.61,1,1,118372.55,1
15687477,28,Male,Germany,0,60,2/9/2021,594,185013.02,1,1,16481.12,0
15578908,32,Female,Spain,1,0,1/9/2026,725,0,2,1,138525.19,0
15687658,52,Female,France,0,84,3/9/2019,716,65971.61,2,1,14608,1
15615020,41,Female,Germany,1,108,3/9/2017,595,150463.11,2,0,81548.38,0
15608886,33,Female,France,0,12,1/9/2025,679,0,2,0,69608.48,0
15602551,39,Male,Spain,0,108,3/9/2017,667,0,2,1,68873.8,0
15672945,37,Female,France,0,60,2/9/2021,661,136425.18,1,1,81102.81,0
15757408,38,Male,Spain,1,36,2/9/2023,655,250898.09,3,0,81054,1
15806132,55,Male,France,1,48,2/9/2022,555,-1,1,1,74149.77,0
15813022,70,Male,NULL,0,12,1/9/2025,531,0,2,0,99503.19,0
15673578,40,Female,Germany,0,84,3/9/2019,611,128486.91,2,1,10109.47,0
15757916,38,Female,France,1,108,3/9/2017,600,0,2,1,58855.85,0
15689168,37,Male,Spain,1,12,1/9/2025,531,143407.29,2,0,84402.46,0
15769216,43,Female,France,0,24,1/9/2024,601,0,1,1,49713.87,1
15593295,57,Male,France,1,72,2/9/2020,548,76165.65,1,1,133537.53,0
15804814,40,Male,France,0,48,2/9/2022,759,0,2,1,124615.59,0
15778934,49,Female,Spain,1,96,3/9/2018,678,,2,0,98090.69,0
15802351,33,Female,Germany,1,72,2/9/2020,755,90560.3,2,1,42607.69,0
15630241,61,Male,France,1,36,2/9/2023,594,62391.22,1,1,192434.11,0
15719561,42,Male,France,0,60,2/9/2021,768,0,3,0,60686.4,0
15615096,31,Female,France,1,84,3/9/2019,492,0,2,1,49463.44,0
15659931,55,Female,Germany,0,12,1/9/2025,637,123378.2,1,1,81431.99,1
15714586,42,Female,Spain,1,36,2/9/2023,646,99836.47,1,0,22909.56,0
15634949,74,Male,Germany,1,60,2/9/2021,593,161434.36,2,1,65532.17,0
15589224,41,Male,Spain,1,60,2/9/2021,596,0,2,0,141053.85,0
15795990,48,Female,Germany,1,120,3/9/2016,722,138311.76,1,1,3472.63,1
15603216,25,Male,France,0,84,3/9/2019,642,0,2,1,102083.78,0
15631201,28,Female,Spain,0,48,2/9/2022,472,0,2,1,1801.77,0
15686255,35,Male,Germany,0,72,2/9/2020,738,101744.84,1,0,85185.44,0
15746594,33,Male,Spain,0,96,3/9/2018,732,0,1,1,119882.7,0
15718893,54,Female,Germany,0,48,2/9/2022,404,125456.07,1,1,83715.66,1
15671609,44,Male,France,0,84,3/9/2019,701,0,2,1,23425.78,0
15652540,31,Male,  France  ,1,24,1/9/2024,683,0,2,0,77326.78,0
15774857,27,Female,France,0,84,3/9/2019,460,0,2,1,156150.08,1
15791836,29,Male,France,0,60,2/9/2021,690,0,2,1,108577.97,0
15651554,54,Female,Germany,1,48,2/9/2022,618,118449.21,1,1,133573.29,1
15583576,30,Male,France,1,24,1/9/2024,671,0,1,0,102057.86,0
15732740,32,Female,Spain,0,108,3/9/2017,765,178095.55,1,0,47247.56,0
15723320,25,Female,Germany,0,24,1/9/2024,651,109175.14,2,1,114566.47,0
15603851,32,Male,Unknown,0,84,3/9/2019,704,127785.17,4,0,184464.7,1
15777923,45,Female,France,1,72,2/9/2020,544,0,2,0,151401.33,0
15735719,40,Female,France,1,108,3/9/2017,790,0,2,1,70607.1,0
15703482,34,Male,Germany,0,108,3/9/2017,710,134260.36,2,1,147074.67,0
15605835,37,Male,France,1,96,3/9/2018,score_700,69143.91,2,0,105780.18,0
15664881,34,Male,France,0,48,2/9/2022,702,100054.77,1,1,109496.45,0
15757568,45,Female,France,1,72,2/9/2020,704,0,1,1,137739.45,0
15792660,38,Male,France,0,24,1/9/2024,614,116248.88,1,1,105140.92,0
15599722,43,Female,Spain,1,72,2/9/2020,609,86053.52,2,1,113276.46,1
15726354,32,Female,France,0,72,2/9/2020,688,123157.95,1,1,172531.23,0
15610355,44,Male,France,0,12,1/9/2025,score_700,63438.91,1,1,64375.4,0
15704284,57,Male,Germany,0,108,3/9/2017,736,95295.39,1,1,28434.44,1
15621893,18,Male,France,1,48,2/9/2022,727,133550.67,1,1,46941.41,0
15588219,38,Female,France,0,12,1/9/2025,850,106871.81,2,1,29333.01,0
15688619,45,Male,Spain,1,36,2/9/2023,718,105266.32,2,1,193724.51,0
15765518,51,Female,France,0,24,1/9/2024,643,105229.53,1,1,34967.75,1
15616931,41,Male,France,0,96,3/9/2018,653,102768.42,1,1,55663.85,0
15758372,18,Male,France,1,84,3/9/2019,674,0,2,1,55753.12,1
15782591,35,Male,France,0,72,2/9/2020,690,112689.95,1,1,176962.31,0
15612109,38,Male,France,1,108,3/9/2017,819,122334.26,2,1,181507.44,0
15613712,34,Male,Spain,0,12,1/9/2025,634,0,2,1,61995.57,0
15639322,33,Male,Spain,0,48,2/9/2022,633,137847.41,2,1,98349.13,0
15594349,49,Male,France,1,60,2/9/2021,850,122486.47,1,0,59748.19,0
15574167,33,Male,France,1,24,1/9/2024,665,101286.11,1,1,159840.51,0
15811842,26,Male,Spain,1,84,3/9/2019,630,0,2,1,6656.64,0
15648794,57,Male,Spain,0,48,2/9/2022,836,101247.06,1,1,37141.62,1
15771211,38,Male,France,1,120,3/9/2016,668,86977.96,1,0,37094.75,0
15588614,57,Male,,0,84,3/9/2019,753,0,1,1,159475.08,1
15630698,55,Female,France,1,108,3/9/2017,745,110123.59,1,0,51548.14,1
15694200,36,Male,France,0,96,3/9/2018,693,178111.82,1,0,58719.63,1
15721426,65,Male,Germany,0,120,3/9/2016,606,126306.64,3,0,7861.68,1
15725997,35,Female,France,0,72,2/9/2020,660,100768.77,1,1,19199.61,0
15762138,42,Male,France,0,60,2/9/2021,608,0,2,1,178504.29,0
15750649,44,Female,France,1,36,2/9/2023,744,0,2,1,189016.14,0
15685706,40,Female,France,1,84,3/9/2019,731,118991.79,1,1,156048.64,0
15641835,,Male,France,1,36,2/9/2023,683,140997.26,1,0,52876.41,0
15586821,28,Male,France,1,60,2/9/2021,727,0,2,0,19653.08,0
15569678,32,Male,Germany,0,72,2/9/2020,561,166824.59,1,1,139451.98,0
15793842,34,Female,France,0,24,1/9/2024,700,76322.69,1,1,128136.29,0
15667554,35,Male,France,1,72,2/9/2020,605,0,2,1,45206.57,0
15794479,77,Male,Spain,1,96,3/9/2018,767,149083.7,1,1,190146.83,0
15585041,33,Male,France,1,84,3/9/2019,511,0,2,0,158313.87,0
15780650,40,Male,France,1,108,3/9/2017,667,0,1,1,96670.2,0
15780846,33,Male,France,1,12,1/9/2025,787,126588.81,2,0,62163.53,0
15805260,56,Female,Germany,0,24,1/9/2024,705,143249.67,1,1,88428.41,1
15621629,43,Male,Germany,1,96,3/9/2018,773,81844.91,2,1,35908.46,0
15662151,40,Male,France,1,48,2/9/2022,554,,1,0,168780.04,0
15747174,58,Male,Germany,1,108,3/9/2017,526,190298.89,2,1,191263.76,0
15651585,35,Male,Germany,1,24,1/9/2024,661,-1,1,1,83052.03,0
15649738,46,Female,France,1,0,1/9/2026,698,0,2,1,125962.02,0
15633108,26,Male,France,0,48,2/9/2022,646,139848.17,1,1,164696.27,0
15769254,34,Female,Germany,0,108,3/9/2017,757,101861.36,2,0,187011.96,0
15704746,35,Male,Spain,1,24,1/9/2024,699,167455.66,2,1,55324.49,0
15637644,24,Female,France,1,48,2/9/2022,667,0,2,0,34335.55,0
15609562,43,  Female  ,Spain,0,12,1/9/2025,774,116360.07,1,1,17004.14,0
15787459,40,Male,Spain,0,36,2/9/2023,745,88466.82,1,0,116331.42,0
15762902,42,FEMALE,France,1,84,3/9/2019,649,0,2,0,22974.01,0
15738605,46,Female,Germany,1,60,2/9/2021,634,123642.36,1,1,49725.16,1
15724889,38,Male,Spain,1,108,3/9/2017,665,0,1,0,87412.74,0
15730735,38,Male,France,1,108,3/9/2017,713,72286.84,2,1,26136.89,0
15689147,40,Female,France,0,12,1/9/2025,652,0,2,1,126554.96,0
15730397,40,Male,Spain,1,12,1/9/2025,739,109681.61,1,1,193321.3,0
15762169,37,Male,Germany,0,108,3/9/2017,556,145018.64,2,1,90928.02,1
15589320,34,Male,Spain,1,96,3/9/2018,699,0,1,1,76510.46,0
15799211,32,Female,Spain,1,96,3/9/2018,708,187487.63,1,1,120115.5,0
15798310,35,Male,France,1,24,1/9/2024,480,165692.91,1,1,197984.58,0
15609998,59,Female,Germany,0,60,2/9/2021,700,137648.41,1,1,142977.05,1
15583548,47,Female,Spain,0,72,2/9/2020,525,118560,1,1,82522.61,1
15761763,33,Male,France,0,96,3/9/2018,845,164385.53,1,1,150664.97,0
15764409,37,Male,France,1,108,3/9/2017,613,108286.5,three,1,114153.44,0
15710161,34,Female,France,1,24,1/9/2024,850,0,2,1,171706.66,0
15735246,58,Female,Spain,0,108,3/9/2017,798,0,2,0,119071.56,1
15791700,47,Male,Germany,1,24,1/9/2024,773,118079.47,4,1,143007.49,1
15670753,35,Male,Spain,1,24,1/9/2024,614,127283.78,1,1,31302.35,0
15573876,48,Male,Spain,0,96,3/9/2018,473,0,2,1,71139.8,0
15770174,29,Male,France,0,72,2/9/2020,762,141389.06,1,1,54122.89,0
15641114,37,Male,France,1,96,3/9/2018,701,130091.5,1,1,120031.29,0
15682435,35,Male,France,0,48,2/9/2022,600,143744.77,2,1,104076.51,0
15751788,28,Male,ES,1,108,3/9/2017,850,97408.03,1,1,175853.64,0
15672598,30,Male,Spain,1,108,3/9/2017,613,111927.45,1,1,175795.87,0
15762803,31,Male,France,0,36,2/9/2023,509,0,2,1,15360.91,0
15812982,38,Male,Spain,0,24,1/9/2024,509,0,1,0,168460.12,0
15597901,34,Male,France,1,12,1/9/2025,609,0,1,1,181177.9,0
15731507,33,Female,France,0,12,1/9/2025,456,188285.68,1,0,58363.94,0
15809826,46,Female,France,0,24,1/9/2024,728,109705.52,1,1,20276.87,1
15764237,33,Male,Spain,0,108,3/9/2017,663,0,2,0,91514.62,0
15769917,34,Female,Germany,1,12,1/9/2025,673,127122.79,3,0,76703.1,0
15641850,40,Male,France,0,0,1/9/2026,717,98241.04,1,1,110887.14,0
15770974,37,Female,Germany,0,96,3/9/2018,741,170840.08,2,0,109843.16,0
15803749,41,Female,Germany,1,48,2/9/2022,498,87541.06,2,1,12577.21,1
15684999,26,Female,France,1,48,2/9/2022,850,62610.96,2,0,179365.1,0
15770225,36,Male,France,1,108,3/9/2017,493,0,2,1,65816.53,0
15627484,47,Female,France,0,60,2/9/2021,686,113328.93,1,1,124170.9,0
15610337,35,Male,Spain,0,24,1/9/2024,666,104832.49,1,1,175015.12,0
15752488,31,Female,Spain,1,108,3/9/2017,733,102289.85,1,1,115441.66,0
15610056,34,Female,Germany,1,72,2/9/2020,631,125227.82,2,0,128247.03,0
15806049,49,Female,Germany,0,60,2/9/2021,714,140510.89,1,1,141914.94,0
15736069,35,Female,Germany,0,72,2/9/2020,767,132253.22,1,1,115566.57,1
15763662,43,Male,Germany,1,24,1/9/2024,711,39043.29,2,1,175423.69,0
15615575,34,Male,France,1,96,3/9/2018,722,0,2,1,133447.49,0
15691723,55,Male,Spain,0,108,3/9/2017,631,99685.06,1,1,114474.98,0
15774098,38,Male,Germany,1,36,2/9/2023,701,125385.49,2,0,52044.66,0
15750808,46,Male,Spain,1,24,1/9/2024,790,131365.37,2,1,180290.68,0
15744368,58,male,Spain,1,72,2/9/2020,633,98308.51,1,1,132034.13,0
15610594,37,Female,France,0,96,3/9/2018,644,0,2,1,20968.88,0
15756125,44,Male,Spain,0,60,2/9/2021,757,140856.16,2,1,158735.1,0
15623277,30,Female,France,1,96,3/9/2018,696,0,2,1,196134.44,0
15795954,35,Male,France,0,24,1/9/2024,746,172274.01,1,1,22374.97,0
15671969,36,Male,Spain,0,96,3/9/2018,649,0,2,1,161668.15,0
15791268,38,Male,Spain,0,0,1/9/2026,565,122447.76,1,0,67339.34,0
15713655,38,Female,France,1,120,3/9/2016,720,0,2,1,56229.72,1
15633930,56,Female,Spain,0,72,2/9/2020,648,157559.59,2,1,140991.23,1
15712849,41,Male,Germany,0,36,2/9/2023,632,126550.7,1,0,177644.52,1
15639077,30,Female,France,0,24,1/9/2024,622,158584.82,3,1,142342.55,1
15808784,28,Male,France,1,24,1/9/2024,835,163569.61,2,1,154559.28,0
15648577,31,Female,France,1,36,2/9/2023,493,0,1,1,176570.28,1
15670345,33,Female,Germany,0,72,2/9/2020,785,-1,1,0,191961.83,0
15633112,42,Male,Germany,0,36,2/9/2023,681,-5000,2,1,9452.88,1
15714397,30,Female,Germany,1,24,1/9/2024,621,101014.08,2,1,165257.31,0
15780038,38,Male,Spain,0,72,2/9/2020,756,119208.85,1,1,169763.89,1
15756305,,Female,France,1,72,2/9/2020,515,0,2,1,160663.11,0
15578799,58,Female,France,1,120,3/9/2016,625,53772.73,1,1,192072.1,1
15800326,39,Female,Unknown,0,72,2/9/2020,717,0,2,1,93275.61,0
15785485,41,Female,Germany,1,24,1/9/2024,595,138878.81,1,0,112269.67,0
15783958,37,Female,Spain,0,12,1/9/2025,539,130922.81,2,0,2186.83,0
15727546,35,Male,France,1,108,3/9/2017,762,0,2,1,43075.7,0
15739576,20,Male,Spain,1,96,3/9/2018,706,0,2,1,12368.11,0
15631333,years 25,Female,Spain,0,96,3/9/2018,677,130866.19,1,1,42410.21,0
15604782,33,Female,Germany,1,84,3/9/2019,733,187257.94,1,0,190430.81,0
15589643,41,Female,Spain,1,84,3/9/2019,684,0,1,1,138394.37,0
15585533,36,Male,France,1,72,2/9/2020,679,147733.64,1,0,172501.38,0
15681506,43,Male,Spain,1,-10,1/9/2025,478,0,2,1,197916.43,0
15630551,33,Male,France,1,24,1/9/2024,696,163139.27,1,1,7035.36,0
15698349,35,Female,Spain,1,48,2/9/2022,686,0,2,1,159676.55,0
15776631,36,Female,France,1,60,2/9/2021,466,119540.15,1,0,80603.99,0
15762216,41,Female,France,0,48,2/9/2022,686,129553.76,2,1,187599.8,0
15623927,55,N/A,France,1,108,3/9/2017,576,0,2,1,94450.97,0
15681402,61,Female,Germany,1,12,1/9/2025,763,66101.89,1,1,143981.27,0
15586264,43,Male,France,0,24,1/9/2024,572,140431.98,1,1,26450.57,1
15594685,49,Female,France,0,24,1/9/2024,757,0,2,0,164482.92,0
15812945,29,Female,France,1,0,1/9/2026,582,0,1,1,84012.81,0
15734628,35,Female,France,0,60,2/9/2021,623,0,2,1,101192.08,0
15629323,37,Female,Germany,0,48,2/9/2022,617,116471.43,2,1,175324.74,1
15666823,39,Male,France,0,48,2/9/2022,425,0,2,1,197226.32,0
15777553,56,Female,France,0,108,3/9/2017,659,123785.24,1,1,99504.03,1
15613097,33,Female,France,1,48,2/9/2022,605,0,2,0,83700.66,0
15622217,38,Female,France,0,96,3/9/2018,538,88758.95,2,0,28226.15,1
15703588,25,Male,Germany,0,60,2/9/2021,665,153611.83,2,1,35321.65,0
15570835,57,Female,Germany,1,48,2/9/2022,491,112044.72,1,1,41229.73,1
15679299,27,FEMALE,Spain,1,84,3/9/2019,726,123826.07,1,0,78970.58,0
15808044,65,Female,France,0,108,3/9/2017,580,106804.26,3,1,107890.69,1
15579208,48,Female,France,1,72,2/9/2020,550,0,2,1,191870.28,0
15684951,59,Female,France,0,24,1/9/2024,542,68892.77,2,1,7905.06,1
15667620,43,Female,France,0,72,2/9/2020,732,0,2,1,65731.53,0
15582960,33,Female,France,1,60,2/9/2021,473,125827.43,1,0,145698.73,0
15590730,34,Male,Spain,0,108,3/9/2017,745,0,2,1,50046.25,0
15763747,36,Male,France,1,84,3/9/2019,732,0,2,1,60830.24,0
15778320,40,Female,Germany,0,60,2/9/2021,848,148495.64,1,0,158853.98,0
15642787,37,Male,France,0,12,1/9/2025,572,133043.66,1,0,111243.09,0
15624633,45,Male,France,1,108,3/9/2017,702,74989.58,1,1,171014.69,0
15766765,39,Male,Germany,0,84,3/9/2019,664,60263.23,1,1,170835.32,0
15783615,50,Male,Germany,1,36,2/9/2023,630,129370.91,4,1,47775.34,1
15640161,44,Male,Germany,0,60,9/2/2021,618,157955.83,2,0,139297.71,0
15619889,26,Male,France,0,48,2/9/2022,556,0,1,1,195167.38,0
15579166,30,Female,France,1,84,3/9/2019,619,70729.17,1,1,160948.87,0
15789097,48,Male,France,1,96,3/9/2018,644,0,2,0,44965.54,1
15674880,50,Male,Spain,0,24,1/9/2024,658,0,2,1,52137.73,0
15778157,27,Male,Spain,0,96,3/9/2018,598,90721.52,2,1,109296.18,0
15779064,27,Male,France,1,24,1/9/2024,677,0,2,1,20092.89,0
15801265,45,Female,Spain,0,0,1/9/2026,689,57784.22,1,1,197804,1
15589204,33,Male,France,0,108,3/9/2017,591,131765.72,1,1,118782.06,0
15664543,40,Male,France,1,84,3/9/2019,699,0,1,0,152876.13,1
15582714,47,Male,GERMANY,1,108,3/9/2017,749,110022.74,1,0,135655.29,1
15797595,40,Female,France,1,108,3/9/2017,709,131569.63,1,1,103970.58,0
15614034,61,Male,Germany,1,24,1/9/2024,607,164523.5,2,1,35786.76,0
15763171,25,Female,Germany,1,24,1/9/2024,650,114330.95,1,1,25325.07,0
15647266,45,Female,Spain,0,120,3/9/2016,651,135923.16,1,1,18732.84,0
15757577,61,Female,France,1,96,3/9/2018,676,0,2,1,118522.73,0
15736656,49,Female,France,1,48,2/9/2022,723,0,2,0,89972.25,0
15635078,45,Male,Spain,1,0,1/9/2026,714,124693.48,1,0,187194.15,0
15680141,35,Female,Spain,1,84,3/9/2019,759,147936.42,1,1,106785.7,0
15576945,29,Male,France,0,0,1/9/2026,582,0,1,1,142516.35,0
15602034,34,Female,France,0,24,1/9/2024,697,126558.92,1,1,73334.43,0
15732020,57,Male,Germany,1,72,2/9/2020,610,106938.11,2,0,186612.47,0
15611029,33,Female,Germany,0,48,2/9/2022,488,140002.35,1,1,123613.81,0
15621210,46,Male,Germany,1,108,3/9/2017,599,123444.72,1,1,31368.08,1
15569222,32,Male,France,1,72,2/9/2020,781,147107.91,1,1,40066.95,0
15664639,19,Male,France,0,108,3/9/2017,645,128514.84,1,0,175969.19,0
15724223,55,Female,France,0,60,2/9/2021,545,0,1,0,10034.77,1
15644621,40,Female,Germany,0,108,3/9/2017,597,106756.01,2,1,151167.94,0
15756056,28,Female,Spain,0,36,2/9/2023,561,0,2,1,191387.76,0
15700353,37,Female,France,0,72,2/9/2020,662,0,2,1,51229.17,0
15624388,50,Female,Germany,1,60,2/9/2021,649,155393.32,1,1,87351.42,1
15627212,36,Female,France,1,24,1/9/2024,630,110414.48,1,1,48984.95,0
15648005,33,Male,Spain,1,24,1/9/2024,672,0,2,1,182738,0
15681446,37,Female,Germany,1,108,3/9/2017,636,157098.52,1,1,153535.27,0
15775888,38,Female,Germany,1,60,2/9/2021,593,85626.6,1,1,125079.65,0
15749019,45,Male,Germany,1,72,2/9/2020,545,93796.42,2,1,162321.26,0
15709928,41,Female,Spain,0,12,1/9/2025,567,0,2,1,3414.72,0
15784676,51,Male,France,0,72,2/9/2020,583,125268.03,2,1,165082.25,0
15748116,29,Female,France,1,24,1/9/2024,681,148143.84,1,1,52021.39,0
15612193,29,Male,Spain,0,120,3/9/2016,762,115545.33,2,1,148256.43,0
15762984,35,Male,Spain,0,84,3/9/2019,648,0,2,0,122899.01,0
15613713,30,Male,France,1,60,2/9/2021,644,44928.88,1,1,10771.46,0
15664204,29,Male,Spain,1,24,1/9/2024,706,0,2,1,18255.51,0
15639415,35,Male,France,0,36,2/9/2023,850,162442.35,1,1,183566.78,0
15806332,39,Female,Spain,1,60,2/9/2021,484,0,2,1,175224.12,0
15614929,28,Male,Germany,0,0,1/9/2026,508,96213.82,2,1,147913.56,0
15695492,29,Female,France,0,72,2/9/2020,439,156569.43,1,1,180598.66,0
15635972,36,Male,Spain,0,96,3/9/2018,484,0,2,1,186136.48,0
15616380,37,Female,Spain,0,12,1/9/2025,803,0,2,0,7455.2,0
15581440,48,Female,Germany,1,72,2/9/2020,724,110463.25,2,1,80552.11,1
15654390,33,Male,France,0,84,3/9/2019,640,154575.76,1,1,25722.28,1
15660688,35,Female,Spain,0,108,3/9/2017,701,0,2,0,170996.86,0
15806307,37,Male,France,1,36,2/9/2023,537,0,2,1,20603.32,0
15647975,26,Male,Germany,0,60,2/9/2021,651,147037.32,1,0,141763.26,0
15595728,41,Male,Germany,0,0,1/9/2026,523,119276.31,1,0,122284.38,1
15735388,25,Female,France,0,84,3/9/2019,717,108664.85,2,1,190011.85,0
15788535,44,Male,Spain,0,60,2/9/2021,593,0,1,1,128046.98,0
15765902,38,  Male  ,Germany,1,60,2/9/2021,706,163034.82,2,1,135662.17,0
15642345,49,Female,Germany,0,48,2/9/2022,714,93059.34,1,1,7571.51,1
15641250,38,Male,Spain,0,108,3/9/2017,794,179581.31,1,1,23596.24,0
15706163,46,Male,Germany,0,48,2/9/2022,518,113625.93,1,0,92727.42,1
15746708,55,Male,Germany,0,84,3/9/2019,589,119961.48,1,1,65156.83,1
15775203,45,Male,France,0,36,2/9/2023,824,129209.48,1,0,60151.77,0
15787907,42,Female,Germany,0,60,2/9/2021,719,137227.04,3,1,149097.38,1
15646764,58,Female,Germany,0,36,2/9/2023,617,119024.75,2,1,35199.24,1
15678284,35,Male,France,0,84,3/9/2019,651,74623.5,3,1,129451.29,1
15726791,45,Female,Spain,1,24,1/9/2024,637,157929.45,1,1,145134.49,1
15813144,26,Female,France,0,84,3/9/2019,554,92606.86,2,1,192709.69,0
15669342,35,Male,Germany,0,24,1/9/2024,731,127862.93,2,1,139083.7,0
15710366,42,Female,Spain,1,12,1/9/2025,569,0,1,1,83629.6,1
15614934,37,Female,Germany,0,48,2/9/2022,625,142711.81,1,1,35625.41,0
15588701,38,Female,France,0,48,2/9/2022,592,0,2,1,35338.96,0
15665438,43,Male,France,1,12,1/9/2025,669,163159.85,1,0,15602.8,0
15644896,32,Male,Germany,1,36,2/9/2023,663,108586.86,1,1,182355.21,0
15670205,41,Female,Germany,0,60,2/9/2021,518,110624.99,1,1,89327.67,0
15635776,43,Female,Germany,1,60,2/9/2021,686,154846.24,2,1,151903.6,0
15791053,45,Male,Germany,1,48,2/9/2022,709,122917.71,1,1,11.58,1
15644005,33,Female,France,1,108,3/9/2017,571,0,2,0,77519.62,0
15796343,31,Female,France,0,24,1/9/2024,707,82787.93,2,0,91423.69,0
15751057,32,Male,Germany,0,60,2/9/2021,701,102500.34,1,0,106287.77,0
15623430,34,Male,France,0,108,3/9/2017,672,0,2,1,161800.77,0
15682600,39,Male,Germany,0,108,3/9/2017,620,159492.79,1,1,80582.34,1
15769312,48,Male,Spain,1,120,3/9/2016,557,0,2,1,185094.48,0
15708212,54,Female,Spain,0,84,3/9/2019,648,118241.02,1,1,172586.89,1
15650258,35,Female,France,0,24,1/9/2024,479,113090.4,1,1,195649.79,0
15604345,22,Female,France,1,108,3/9/2017,730,65763.57,1,1,145792.01,0
15578297,43,Female,Germany,0,12,1/9/2025,737,125537.38,1,1,138510.01,1
15671789,31,Male,France,0,36,2/9/2023,616,94263.91,2,1,168895.06,0
15726186,29,Male,Spain,0,48,2/9/2022,639,133434.57,2,1,97983.44,0
15764618,39,Female,Spain,1,72,2/9/2020,815,0,1,1,85167.88,0
15730738,31,Male,Spain,1,108,3/9/2017,786,0,2,1,18210.36,0
15637650,50,Male,France,1,108,3/9/2017,549,94748.76,2,0,13608.18,0
15606267,38,Female,France,1,48,2/9/2022,622,98640.74,1,1,110457.99,0
15625904,26,Male,France,0,108,3/9/2017,624,74681.9,2,0,31231.35,0
15654463,34,Male,France,0,48,2/9/2022,841,0,2,1,141582.66,0
15774151,41,Female,Spain,0,84,3/9/2019,614,179915.85,1,0,14666.35,1
15693259,30,Male,France,1,12,1/9/2025,676,128207.23,1,1,55400.17,0
15642468,42,Male,France,0,108,3/9/2017,697,132739.26,2,0,174667.65,0
15758531,,Female,France,0,120,3/9/2016,732,0,2,1,154189.08,0
15728352,27,Male,France,0,48,2/9/2022,623,120509.81,1,0,142170.44,0
15637240,46,Male,France,0,48,2/9/2022,541,124547.13,2,1,94499.06,0
15595588,39,Female,Spain,1,48,2/9/2022,773,,2,0,182081.45,0
15778395,34,Male,Germany,0,48,2/9/2022,762,88815.56,2,1,68562.26,1
15711825,35,Female,Spain,0,12,1/9/2025,655,82231.51,2,1,88798.02,0
15599251,32,Male,Germany,0,84,3/9/2019,602,184715.86,2,1,113781.99,0
15570004,31,Male,France,0,36,2/9/2023,850,0,2,1,121866.87,0
15656912,51,Male,Spain,1,48,2/9/2022,649,0,1,1,150390.57,0
15657342,28,Male,Germany,0,48,2/9/2022,850,147972.19,1,1,60708.72,1
15716284,43,Male,France,1,108,3/9/2017,543,0,2,1,78858.07,0
15672374,52,Male,France,0,96,3/9/2018,672,170008.84,1,0,56407.42,1
15732476,27,Female,France,1,36,2/9/2023,600,0,2,0,125698.97,0
15747724,34,Female,Spain,0,120,3/9/2016,671,0,1,1,23235.38,0
15633877,-5,Female,Spain,1,96,3/9/2018,706,95386.82,1,1,75732.25,0
15672516,51,Male,Germany,0,84,3/9/2019,541,90373.28,2,1,179861.79,0
15607827,34,Male,Germany,1,48,2/9/2022,711,133467.77,2,1,42976.64,0
15751336,30,Male,Spain,1,36,2/9/2023,630,0,2,0,10486.69,0
15646539,31,Male,France,0,36,2/9/2023,531,96288.26,1,1,56794.73,0
15756901,26,Female,France,1,48,2/9/2022,641,91547.84,2,0,28157.34,0
15809286,37,Male,Germany,0,999,3/9/2018,631,138292.64,2,0,152422.91,1
15759021,35,Male,France,0,108,3/9/2017,685,0,1,1,167033.83,0
15725039,32,Male,Spain,1,96,3/9/2018,702,71667.74,1,1,126082.18,0
15579130,43,Female,Germany,0,0,1/9/2026,708,118994.84,1,1,181499.77,1
15754112,55,Male,Spain,1,84,3/9/2019,653,0,2,1,41967.03,0
15735522,37,Male,Germany,0,24,1/9/2024,654,145610.07,2,0,186300.59,0
15613326,33,Female,France,0,12,1/9/2025,596,138162.81,1,1,85412.54,0
15739502,31,Female,Germany,1,108,3/9/2017,549,135020.21,2,1,23343.18,0
15670914,38,Male,France,0,24,1/9/2024,754,0,2,1,180698.32,0
15604073,25,Female,Germany,1,96,3/9/2018,815,135161.67,1,1,136071.05,0
15806027,52,Female,France,0,108,3/9/2017,556,0,1,1,175149.2,1
15574886,32,Male,France,1,72,2/9/2020,706,94486.47,1,1,146949.74,0
15707120,46,Male,France,0,108,3/9/2017,850,117640.39,1,1,88920.68,0
15800845,33,Female,Spain,1,96,3/9/2018,732,111379.55,1,1,45098.62,0
15603914,40,Male,France,1,72,2/9/2020,614,0,1,1,20339.79,1
15722765,57,Female,Spain,1,0,1/9/2026,580,136820.99,1,0,108528.74,0
15783305,46,Female,France,0,84,3/9/2019,593,98752.51,1,1,145560.38,0
15574842,25,Female,Germany,1,24,1/9/2024,653,158266.42,3,1,199357.24,0
15607837,,Female,France,1,48,2/9/2022,746,105599.67,1,1,43106.17,0
15714877,29,Female,France,0,120,3/9/2016,662,0,2,1,137508.31,0
15782941,31,Male,France,1,24,1/9/2024,573,0,2,1,91957.39,0
15630167,39,Female,Spain,1,48,2/9/2022,684,139723.9,1,1,120612.11,0
15759038,41,Female,France,0,-1,2/9/2023,793,141806.46,1,1,102921.17,0
15661821,49,Female,Germany,1,60,2/9/2021,798,132571.67,1,1,31686.33,1
15728006,40,Male,France,0,24,1/9/2024,524,180516.9,1,1,180002.42,0
15712176,31,Male,France,1,96,3/9/2018,816,0,2,1,28407.4,0
15689351,41,Female,Germany,1,48,2/9/2022,742,92805.72,1,0,73743.95,1
15782247,22,Male,France,1,48,2/9/2022,540,0,3,1,186233.26,1
15769064,39,Male,Germany,0,36,2/9/2023,537,135309.36,1,1,31728.86,1
15718153,74,Female,Spain,1,72,2/9/2020,759,128917.84,1,1,48244.64,0
15613189,52,Female,France,0,24,1/9/2024,774,56580.93,1,1,113266.28,1
15661734,42,Male,Germany,0,96,3/9/2018,608,131390.75,2,1,71178.09,0
15592645,37,Male,Spain,0,48,2/9/2022,704,0,2,0,25684.93,0
15768387,41,Male,France,0,96,3/9/2018,581,0,2,0,29737.14,0
15792525,61,Female,Germany,1,12,1/9/2025,628,97361.66,1,1,149922.38,1
15586976,42,Female,France,0,72,2/9/2020,566,0,1,1,180702.12,1
15790659,59,Male,Spain,1,84,3/9/2019,701,0,2,0,27597.59,0
15691446,29,Male,Spain,1,120,3/9/2016,735,0,2,1,95025.27,0
15772632,34,Female,France,0,12,1/9/2025,680,0,2,1,167035.07,0
15706587,57,  Male  ,France,1,0,1/9/2026,560,0,2,0,116781.71,0
15572461,29,Female,Germany,0,48,2/9/2022,663,102714.65,2,0,21170.81,0
15654409,34,Female,France,1,60,2/9/2021,665,67816.72,1,1,29641.58,0
15568025,51,Male,France,1,96,3/9/2018,758,81710.46,1,1,116520.07,0
15715769,26,Male,France,1,24,1/9/2024,621,75237.54,1,0,44220.4,0
15667458,28,Male,Germany,0,120,3/9/2016,764,124023.18,1,1,166188.28,0
15567980,46,Female,Germany,1,60,2/9/2021,537,100727.5,1,0,140857.76,1
15679294,46,Female,France,0,120,3/9/2016,589,107238.85,2,1,37024.28,0
15606507,24,male,France,0,60,2/9/2021,555,0,2,1,27513.47,0
15578825,29,Female,France,0,0,1/9/2026,734,139994.66,1,1,17744.72,0
15619935,59,Female,Spain,1,108,3/9/2017,783,126224.87,1,1,4423.63,0
15636089,51,  Female  ,Germany,0,12,1/9/2025,678,145751.03,1,0,109718.44,1
15727490,47,Male,France,1,60,2/9/2021,661,0,1,0,107243.31,1
15591766,25,Female,Spain,1,48,2/9/2022,607,121166.89,1,0,115288.24,0
15641629,38,Female,Spain,1,12,1/9/2025,537,0,2,0,41233.97,0
15813303,88,Male,Spain,1,120,3/9/2016,513,0,2,1,52952.24,0
15756920,63,Male,  France  ,0,108,3/9/2017,576,70655.48,1,0,78955.8,1
15726403,41,Male,Germany,0,12,1/9/2025,660,129901.21,1,1,26025.6,1
15592765,40,Male,France,1,96,3/9/2018,637,125470.81,1,1,174536.17,0
15704442,53,Female,France,1,108,3/9/2017,672,169406.33,4,1,147311.47,1
15641136,32,Male,France,1,24,1/9/2024,629,0,2,0,77965.44,0
15725818,40,Male,Germany,1,48,2/9/2022,583,107041.3,1,1,5635.63,0
15612071,32,Female,Spain,1,120,3/9/2016,763,95153.77,1,0,81310.1,0
15719809,32,Male,Germany,0,36,2/9/2023,516,145166.09,2,0,111421.45,0
15716518,27,Female,France,0,48,2/9/2022,617,0,2,0,190269.21,0
15742210,38,Male,  France  ,1,108,3/9/2017,700,65962.63,1,1,100950.48,0
15630617,36,Male,Germany,1,72,2/9/2020,727,140418.81,two,1,113033.73,1
15720838,31,Female,Spain,1,36,2/9/2023,689,139799.63,1,0,120663.57,0
15595537,49,Male,Germany,0,108,3/9/2017,626,,2,1,187192.23,0
15623196,38,Male,France,1,72,2/9/2020,686,149238.97,1,1,97825.23,0
15679249,57,Female,Germany,0,48,2/9/2022,351,163146.46,1,1,169621.69,1
15693199,37,Female,France,0,96,3/9/2018,739,0,2,1,191557.1,1
15661219,32,Male,France,0,120,3/9/2016,627,0,2,1,103287.62,0
15617136,38,Female,Germany,1,108,3/9/2017,451,61482.47,1,1,167538.66,0
15760294,41,Female,France,0,96,3/9/2018,512,145150.28,1,1,64869.32,1
15652808,41,Female,France,0,60,2/9/2021,774,126670.37,1,1,102426.06,0
15657139,40,Female,France,1,96,3/9/2018,652,84390.8,2,0,107876.2,0
15803790,37,Male,Germany,1,24,1/9/2024,638,89728.86,2,1,37294.88,0
15764105,57,Female,France,0,12,1/9/2025,475,0,2,1,89248.99,0
15672610,40,Male,Spain,0,48,2/9/2022,567,118628.8,1,0,91973.63,0
15766896,37,Male,France,0,36,2/9/2023,750,0,2,1,16870.2,0
15587735,39,Male,France,1,72,2/9/2020,850,96863.13,1,1,121681.19,0
15659501,38,Female,France,1,72,2/9/2020,753,142263.45,1,0,33730.43,0
15745001,36,Female,Spain,0,84,3/9/2019,683,0,2,1,104786.59,0
15651140,32,Female,France,0,36,2/9/2023,710,0,1,1,94790.34,0
15571148,21,Female,Spain,0,12,1/9/2025,645,0,2,0,28726.07,0
15776824,28,Male,France,1,72,2/9/2020,714,122724.37,1,1,67057.27,0
15633141,35,Female,Germany,0,48,2/9/2022,696,174902.26,1,1,69079.85,0
15764174,,Female,Spain,1,48,2/9/2022,612,0,2,1,179780.74,0
15778155,31,Female,Germany,1,36,2/9/2023,520,108914.17,1,1,183572.39,1
15715920,23,Male,Spain,1,120,3/9/2016,782,98052.66,1,1,142587.32,0
15671917,46,Male,France,1,60,2/9/2021,666,123873.19,1,1,177844.06,0
15666548,56,Female,Germany,0,24,1/9/2024,466,111920.13,3,1,197634.11,1
15625623,45,Female,France,1,48,2/9/2022,567,0,2,0,121053.19,0
15748123,20,Male,France,1,36,2/9/2023,613,0,2,1,149613.77,0
15648735,37,Male,France,1,96,3/9/2018,718,0,2,1,142.81,0
15634974,37,Female,France,1,96,3/9/2018,614,75150.34,4,0,131766.67,1
15713378,38,Male,France,0,120,3/9/2016,711,0,2,0,53311.78,0
15753370,38,Female,Germany,0,60,2/9/2021,691,114753.76,1,1,107665.02,0
15782659,32,Male,France,0,0,1/9/2026,527,0,1,1,109523.88,0
15583364,32,Female,france,0,72,2/9/2020,476,111871.93,1,0,112132.86,0
15625942,45,Female,Spain,0,0,1/9/2026,619,0,2,0,113645.4,0
15720284,37,Female,Germany,0,48,2/9/2022,607,135927.06,1,0,180890.4,0
15679642,44,male,Spain,1,96,3/9/2018,695,0,2,1,70974.13,0
15628007,33,Male,France,0,12,1/9/2025,653,0,2,0,53379.52,0
15661974,46,Male,France,1,24,1/9/2024,677,57037.74,1,1,158531.01,0
15689341,50,Female,France,0,120,3/9/2016,655,0,4,1,179267.94,1
15607993,52,Female,France,1,24,1/9/2024,625,79468.96,1,1,84606.03,0
15693267,34,Female,Germany,0,84,3/9/2019,679,121063.85,1,1,56984.58,0
15769522,51,Male,France,1,12,1/9/2025,734,118537.47,1,1,116912.45,0
15755825,39,Male,France,0,120,3/9/2016,666,0,2,1,102999.33,0
15598175,26,Female,Germany,0,48,2/9/2022,592,105082.07,2,1,132801.57,0
15744327,40,Male,France,0,48,2/9/2022,564,0,1,1,85455.62,1
15798666,36,Female,France,1,72,2/9/2020,814,0,2,1,98657.01,0
15577064,36,Male,Germany,0,24,1/9/2024,592,104702.65,2,1,107948.72,0
15759436,50,Female,France,1,24,1/9/2024,758,95813.76,3,1,67944.09,1
15690231,62,Female,Spain,1,0,1/9/2026,612,167026.61,2,1,192892.05,0
15751561,61,Male,Germany,0,84,3/9/2019,498,102453.26,1,1,187247.56,1
15739068,25,Male,Germany,1,48,2/9/2022,638,148045.45,2,1,114722.42,0
15758056,35,Male,France,0,12,1/9/2025,558,0,2,0,111687.57,0
15742269,24,Female,France,0,12,1/9/2025,756,0,2,1,184182.25,0
15726490,52,Male,Spain,1,48,2/9/2022,782,0,1,1,52759.82,1
15738411,34,Male,France,1,120,3/9/2016,505,104498.79,1,0,126451.14,0
15727919,29,Female,Spain,0,72,2/9/2020,671,0,2,0,12048.67,0
15709396,42,Male,France,1,72,2/9/2020,801,0,2,1,95804.33,0
15654106,26,Male,France,1,96,3/9/2018,604,149542.52,2,0,197911.52,0
15621653,29,Female,France,1,120,3/9/2016,716,87946.39,1,1,182531.74,0
15598086,45,Female,France,0,36,2/9/2023,624,68639.57,1,1,168002.31,1
15752300,47,Male,Germany,1,48,2/9/2022,score_700,148826.32,1,1,79450.61,0
15658693,60,Female,France,1,24,1/9/2024,827,0,2,0,60615.83,0
15631838,61,Male,France,1,60,2/9/2021,606,108166.09,2,0,8643.21,0
15803804,35,Female,Germany,0,60,2/9/2021,717,103214.71,1,1,172172.7,0
15578809,40,Male,Germany,0,12,1/9/2025,651,134760.21,2,0,174434.06,1
15752026,58,Male,France,1,36,2/9/2023,691,0,1,0,194930.3,1
15723706,33,Female,France,0,0,1/9/2026,573,90124.64,1,1,137476.71,0
15752838,38,Male,Spain,1,72,2/9/2020,723,0,2,1,94415.6,0
15569571,46,Female,Germany,0,72,2/9/2020,584,87361.02,2,1,120376.87,1
15769703,45,Female,Germany,0,96,3/9/2018,550,111257.59,1,0,97623.42,1
15679770,61,Female,France,1,36,2/9/2023,611,131583.59,4,0,66238.23,1
15791102,41,Male,Germany,1,108,3/9/2017,549,95020.8,3,1,131710.59,1
15655192,24,Female,Spain,1,12,1/9/2025,850,0,2,0,69052.87,0
15709487,34,Male,Germany,0,60,2/9/2021,668,9999999,2,0,56780.97,0
15687130,43,Female,France,1,0,1/9/2026,686,0,1,1,170072.9,0
15755178,50,Male,France,1,12,1/9/2025,660,0,3,1,191849.15,1
15634772,59,Female,Spain,1,0,1/9/2026,682,122661.39,1,0,84803.76,0
15617197,50,Male,France,1,48,2/9/2022,524,0,2,1,31840.59,1
15631240,36,Female,France,1,96,3/9/2018,645,0,2,1,12096.61,1
15784301,42,Male,France,0,0,1/9/2026,850,0,2,1,44165.84,0
15631310,53,Unknown,France,1,36,2/9/2023,537,0,1,1,91406.62,0
15756560,46,Female,Spain,0,84,3/9/2019,599,81742.84,2,1,83282.21,0
15732270,71,Male,Spain,1,96,3/9/2018,727,0,1,1,198446.91,1
15739357,30,Male,Spain,0,24,1/9/2024,756,145127.85,1,0,7554.68,0
15771540,38,Male,France,0,108,3/9/2017,755,148912.44,1,1,80416.16,0
15567486,41,Female,Spain,1,48,2/9/2022,634,0,2,1,164549.74,0
15714634,26,Male,France,0,48,2/9/2022,837,89900.24,2,1,175477.03,0
15727021,30,Female,Germany,1,96,3/9/2018,727,119027.28,2,1,137903.54,0
15650670,40,Female,Germany,0,24,1/9/2024,567,105222.86,2,1,93795.86,0
15711834,30,Female,Spain,0,72,2/9/2020,650,0,1,0,67997.13,1
15729763,34,Male,Spain,1,12,1/9/2025,655,116114.93,1,1,49492.15,0
15646566,58,Female,France,1,108,3/9/2017,763,187911.55,1,0,35825.18,0
15645463,27,Female,France,1,60,2/9/2021,843,0,2,1,67494.23,0
15672144,38,Female,France,1,72,2/9/2020,667,144432.04,1,1,73963.17,1
15596088,50,Female,France,1,48,2/9/2022,705,77065.9,2,0,145159.26,0
15614878,29,Female,Germany,1,72,2/9/2020,660,180520.29,1,1,123850.58,0
15635240,42,Male,France,0,12,1/9/2025,553,0,2,0,23822.04,0
15775905,47,Female,Germany,1,72,2/9/2020,612,130024.87,1,1,45750.21,1
15700657,40,Female,Germany,0,24,1/9/2024,641,110086.69,1,1,159773.14,0
15611905,31,Female,Spain,0,60,2/9/2021,513,174853.46,1,1,84238.63,0
15652527,44,Male,France,1,84,3/9/2019,680,108724.98,1,0,72330.46,0
15785865,58,Male,France,1,108,3/9/2017,711,91285.13,2,1,26767.85,0
15645942,40,Male,Spain,1,24,1/9/2024,689,0,2,1,164768.82,0
15688691,51,Female,Germany,1,108,3/9/2017,665,110610.41,2,0,1112.76,1
15592736,54,Male,Germany,0,60,2/9/2021,551,102994.04,1,1,176680.16,1
15673529,36,Male,Spain,0,48,2/9/2022,0,59893.85,2,1,43999.64,0
15724145,29,Male,Germany,0,96,3/9/2018,616,149318.55,1,1,140746.13,0
15704629,32,Female,France,1,12,1/9/2025,582,116409.55,1,0,152790.92,0
15597896,30,Male,Germany,0,0,1/9/2026,365,127760.07,1,1,81537.85,1
15731790,38,Female,Germany,1,72,2/9/2020,697,132591.36,1,1,7387.8,1
15634719,31,Male,France,0,0,1/9/2026,704,0,2,1,183038.33,0
15703205,46,Female,France,1,60,2/9/2021,656,113402.14,2,1,138849.06,0
15567333,31,Female,France,0,84,3/9/2019,712,0,2,1,170333.38,0
15754537,40,Male,France,0,0,1/9/2026,748,0,1,0,60416.76,0
15612030,28,Male,France,1,108,3/9/2017,724,0,2,1,100240.2,0
15573242,50,Male,France,1,72,2/9/2020,691,136953.47,1,1,2704.98,0
15601892,33,Male,France,1,96,3/9/2018,563,0,2,0,68815.05,0
15663885,32,Male,France,1,60,2/9/2021,741,,1,1,64839.23,0
15701096,44,Male,France,0,96,3/9/2018,778,123863.64,1,1,144494.94,0
15710450,22,Male,Spain,1,84,3/9/2019,848,120811.89,1,1,185510.34,0
15790846,38,Male,Germany,1,24,1/9/2024,634,148430.55,1,1,56055.72,0
15658956,40,Male,Germany,1,72,2/9/2020,505,47869.69,2,1,155061.97,0
15755223,53,Male,Germany,0,84,3/9/2019,692,150926.99,2,0,119817.19,0
15787318,47,Female,Germany,0,72,2/9/2020,537,103163.35,1,1,16259.64,1
15737310,29,Male,France,0,120,3/9/2016,633,130206.28,1,1,184654.87,0
15763665,28,FEMALE,France,0,48,2/9/2022,833,136674.51,2,0,5278.78,0
15668818,40,Female,Spain,1,24,1/9/2024,592,200322.45,1,1,113244.73,0
15765812,48,Male,Spain,1,12,1/9/2025,587,0,2,1,8908,0
15704844,62,Male,Spain,1,84,3/9/2019,550,80927.56,1,0,64490.67,0
15744582,24,Female,France,0,120,9/3/2016,680,0,3,1,154971.63,1
15616700,41,Female,Spain,1,108,3/9/2017,622,0,2,1,155786.39,0
15683521,28,Male,Germany,0,0,1/9/2026,594,142574.71,2,1,129084.82,0
15583049,34,Female,Germany,1,84,3/9/2019,643,160426.07,1,0,188533.11,0
15643752,25,Male,France,0,60,2/9/2021,540,116160.23,1,1,13411.67,0
15620398,34,Female,Spain,0,60,2/9/2021,635,98683.47,2,1,15733.19,0
15715707,32,Male,France,1,36,2/9/2023,657,118829.03,2,1,73127.61,0
15814209,31,Male,France,0,12,1/9/2025,814,118870.92,1,1,101704.19,0
15733768,32,Male,France,1,12,1/9/2025,600,0,1,1,101986.16,0
15755242,46,Female,France,1,24,1/9/2024,682,0,1,1,114442.66,0
15729412,38,Male,France,1,48,2/9/2022,682,107192.38,1,1,15669.17,0
15746564,42,Male,France,1,36,2/9/2023,566,108010.78,1,1,157486.1,0
15588446,34,Male,Spain,0,36,2/9/2023,550,0,2,0,131281.28,0
15665221,26,Male,France,1,84,3/9/2019,630,129837.72,2,0,197001.15,0
15640846,58,Female,Germany,0,36,2/9/2023,546,106458.31,4,1,128881.87,1
15700209,63,Male,France,1,108,3/9/2017,486,97009.15,1,1,85101,0
15658360,35,Male,Spain,0,108,3/9/2017,762,122929.42,2,0,149822.04,0
15602735,45,Male,Germany,1,72,2/9/2020,692,152296.83,4,0,108040.86,1
15724834,30,Female,France,0,12,1/9/2025,498,0,2,0,135795.53,0
15800062,49,Male,Spain,0,96,3/9/2018,850,-5000,1,0,25867.67,1
15685300,35,Male,France,0,72,2/9/2020,603,128993.76,2,1,130483.56,0
15760102,36,Female,France,0,60,2/9/2021,551,0,1,1,183479.12,0
15787026,27,Male,Germany,1,0,1/9/2026,627,185267.45,2,1,77027.34,0
15653696,28,Female,France,0,108,3/9/2017,515,0,2,0,94141.75,0
15788946,29,Female,Spain,0,36,2/9/2023,605,116805.82,1,0,4092.75,0
15600724,29,Male,Germany,0,60,2/9/2021,567,129750.68,1,1,109257.59,0
15574324,29,Female,Germany,1,24,1/9/2024,568,129177.01,2,0,104617.99,0
15707144,25,Male,Germany,0,72,2/9/2020,571,82506.72,2,1,167705.07,0
15775891,48,Male,Germany,1,24,1/9/2024,634,107247.69,1,1,103712.05,1
15711789,42,Female,Spain,0,36,2/9/2023,768,0,1,0,161242.99,1
15600879,36,Female,Germany,0,36,2/9/2023,554,157780.93,2,1,6089.13,0
15681196,35,Male,France,1,12,1/9/2025,629,172170.36,1,1,159777.37,0
15716000,48,Male,Spain,1,24,1/9/2024,638,0,2,1,7919.08,0
15766776,41,Male,France,1,12,1/9/2025,576,0,1,1,188274.6,0
15680278,42,Female,Spain,0,108,3/9/2017,661,75361.44,1,1,27608.12,1
15688637,27,Female,France,1,48,2/9/2022,592,0,2,1,183569.25,0
15591179,30,Male,Spain,1,24,1/9/2024,702,0,2,1,145537.32,0
15677435,29,Female,France,0,0,1/9/2026,647,98263.46,2,1,164717.95,0
15698619,43,Male,france,1,108,3/9/2017,593,0,2,1,76357.43,0
15581036,40,Female,Germany,0,36,2/9/2023,712,109308.79,2,1,120158.72,1
15622117,31,Female,Spain,0,96,3/9/2018,625,0,2,1,151843.54,0
15599301,28,Female,Germany,1,72,2/9/2020,538,164365.44,1,0,5698.97,0
15581548,22,FEMALE,Spain,0,60,2/9/2021,637,98800,1,1,122865.55,0
15586870,27,Male,France,1,48,2/9/2022,632,193125.85,1,1,152665.85,0
15735263,27,Male,France,1,60,2/9/2021,736,51522.75,1,0,192131.77,0
15765322,23,Male,France,1,60,2/9/2021,755,84284.48,2,1,62851.6,0
15582944,39,Female,Spain,0,60,2/9/2021,425,0,2,1,140941.47,0
15687162,51,Male,France,0,108,3/9/2017,461,119889.84,1,0,56767.67,1
15644962,21,Male,France,1,48,2/9/2022,745,137910.45,1,1,177235.23,0
15612615,37,Female,France,0,72,2/9/2020,616,0,2,1,86242.18,0
15813439,33,Male,France,0,60,2/9/2021,587,100116.82,1,1,34215.58,0
15604544,40,Male,Germany,1,48,2/9/2022,850,166082.15,2,0,44406.17,0
15761348,38,Female,France,0,0,1/9/2026,601,0,2,1,165196.65,0
15785078,26,Male,Spain,0,36,2/9/2023,730,0,1,1,34542.41,0
15759874,44,Male,France,0,36,2/9/2023,532,148595.55,1,1,74838.64,1
15643658,53,Male,Germany,0,24,1/9/2024,850,94078.97,2,1,36980.54,0
15713267,34,Female,Spain,1,60,2/9/2021,779,0,2,0,111676.63,0
15737782,29,Male,France,1,108,3/9/2017,562,0,1,1,25858.68,0
15815490,40,Male,Germany,0,24,1/9/2024,670,164948.98,3,0,177028,1
15679410,62,Female,France,0,48,2/9/2022,729,140549.4,1,1,30990.16,1
15756241,44,Female,France,1,24,1/9/2024,767,,1,1,136915.15,0
15688409,28,Female,France,0,24,1/9/2024,742,191864.51,1,1,108457.99,1
15742272,44,Female,France,0,96,3/9/2018,669,96418.09,1,0,131609.48,1
15717898,32,Male,Spain,1,24,1/9/2024,542,131945.94,1,0,159737.56,0
15769582,29,Male,France,1,36,2/9/2023,586,0,2,1,142238.54,0
15635660,30,Male,Germany,0,108,3/9/2017,612,142910.15,1,1,105890.55,1
15576723,37,Female,France,1,84,3/9/2019,740,0,2,1,194270.91,0
15591577,35,Male,France,1,36,2/9/2023,584,146311.58,1,1,105443.47,0
15582325,52,Male,France,0,24,1/9/2024,524,87894.26,1,1,173899.42,1
15693947,19,Female,France,0,60,2/9/2021,614,97445.49,2,1,122823.34,0
15760446,64,Female,France,1,108,3/9/2017,598,0,1,0,13181.37,1
15611105,35,Male,Spain,1,84,3/9/2019,799,0,2,0,140780.8,0
15630920,34,Male,France,0,24,1/9/2024,724,154485.74,2,0,78560.64,0
15574910,50,Male,France,0,24,1/9/2024,601,115625.07,1,1,185855.21,0
15756472,25,Male,France,0,84,3/9/2019,804,108396.67,1,1,128276.95,0
15682890,38,Male,Germany,1,60,2/9/2021,six hundred,65095.41,2,1,140197.42,0
15641994,43,Male,Germany,0,12,1/9/2025,667,103018.45,1,1,32462.39,1
15733297,38,Female,France,1,120,3/9/2016,518,84764.79,1,1,162253.9,0
15767793,38,Female,France,0,120,3/9/2016,819,0,2,1,30498.7,0
15725698,35,Female,Spain,1,48,2/9/2022,520,115680.81,1,1,90280.7,0
15813532,39,Female,France,0,60,2/9/2021,625,0,2,1,32615.21,0
15576760,36,Male,Germany,0,60,2/9/2021,673,,2,0,196142.26,0
15732102,27,Female,Germany,0,36,2/9/2023,656,150905.03,2,1,16998.72,0
15739046,23,Female,Spain,1,108,3/9/2017,850,143054.85,1,0,62980.96,0
15631927,28,Female,Spain,0,84,3/9/2019,574,0,2,0,185660.3,0
15672115,60,Male,France,1,72,2/9/2020,679,0,2,1,77331.77,0
15618765,42,Female,Germany,1,0,1/9/2026,530,99948.45,1,0,97338.62,0
15679148,44,Male,France,0,36,2/9/2023,508,115451.05,2,0,67234.33,0
15728474,32,Male,Germany,1,48,2/9/2022,558,108235.91,1,1,143783.28,0
15636999,38,Male,France,1,96,3/9/2018,414,0,1,0,77661.12,1
15754261,42,male,Spain,0,24,1/9/2024,648,98795.61,2,1,89123.99,0
15629150,37,Female,France,0,12,1/9/2025,721,0,2,1,70810.8,0
15736274,31,Male,France,0,96,3/9/2018,751,0,2,0,17550.49,0
15627697,34,Male,France,1,24,1/9/2024,662,0,2,0,21497.27,0
15721585,29,Male,Germany,1,36,2/9/2023,628,113146.98,2,0,124749.08,0
15639946,39,Female,Germany,0,96,3/9/2018,597,162532.14,3,1,36051.46,1
15792176,40,Female,Spain,1,0,1/9/2026,698,92053.44,1,1,143681.83,0
15699450,48,Male,France,1,84,3/9/2019,723,0,2,1,150694.58,0
15729954,28,Female,France,0,60,2-Sep-21,586,0,3,1,170487.4,1
15600103,29,Female,Germany,1,96,3/9/2018,633,104944.1,1,1,97684.46,0
15786200,31,Male,France,0,48,2/9/2022,564,0,2,1,53520.03,0
15797010,31,  Female  ,France,0,24,1/9/2024,649,0,2,1,15200.61,0
15670172,30,Female,France,1,48,2/9/2022,622,-5000,1,0,196894.62,0
15627352,46,Male,Germany,0,84,3/9/2019,459,110356.42,1,1,4969.13,1
15622494,27,Male,France,0,24,1/9/2024,718,0,2,0,26229.24,0
15585835,34,Female,Spain,0,48,2/9/2022,655,109783.69,2,1,134034.32,0
15595071,22,Male,France,1,108,3/9/2017,696,149777,1,1,198032.93,0
15628203,38,Female,France,0,36,2/9/2023,637,104339.56,1,0,119882.86,0
15667190,21,Female,Spain,1,12,1/9/2025,630,85818.18,1,1,133102.3,0
15780212,37,Male,France,0,48,2/9/2022,592,212692.97,1,0,176395.02,0
15766869,37,Male,Germany,1,12,1/9/2025,634,89696.84,2,1,193179.88,0
15775741,28,Female,France,1,108,3/9/2017,608,0,2,1,125062.02,0
15628170,32,Female,  Germany  ,0,108,3/9/2017,565,68067.24,1,1,143287.58,0
15701318,67,Male,Spain,1,108,3-Sep-17,763,148564.66,1,0,87236.4,0
15710928,55,Female,France,1,96,3/9/2018,665,136354.16,1,1,93769.89,0
15682547,38,Male,France,1,12,1/9/2025,649,122214,1,0,88965.46,0
15631170,45,male,France,1,36,2/9/2023,695,0,2,1,30793.61,0
15648702,70,Male,Germany,1,72,2/9/2020,775,119684.88,2,1,74532.02,0
15783444,39,Female,France,1,36,2/9/2023,788,135139.33,1,0,113086.08,0
15809178,42,Female,GERMANY,0,108,3/9/2017,569,146100.75,1,1,32574.01,1
15806688,56,FEMALE,Spain,1,96,3/9/2018,726,123110.9,3,0,130113.78,1
15576824,44,Female,Germany,1,36,2/9/2023,564,,3,1,104722.47,1
15675422,32,Female,France,1,108,3/9/2017,544,110728.39,1,1,14559.62,0
15681550,41,Female,France,1,96,3/9/2018,614,121558.46,1,1,598.8,0
15812628,38,Female,Germany,0,96,3/9/2018,453,120623.21,1,1,129697.99,0
15597951,58,Female,France,1,48,2/9/2022,471,114713.57,1,1,36315.03,0
15807045,37,Female,Germany,0,36,2/9/2023,829,103457.76,many,0,1114.12,0
15581748,57,Male,Germany,1,24,1/9/2024,754,101134.87,2,1,70954.41,0
15770420,46,Male,Germany,1,120,3/9/2016,749,78136.36,2,1,73470.98,0
15608230,23,Male,France,0,12,1/9/2025,667,0,2,1,91573.19,0
15730339,30,Male,Spain,0,36,2/9/2023,670,133446.34,1,0,3154.95,0
15712584,33,Female,France,1,84,3/9/2019,670,0,2,1,88187.81,0
15592816,48,Female,Germany,0,12,1/9/2025,623,108076.33,1,1,118855.26,1
15641480,32,Male,France,0,60,2/9/2021,571,131354.25,1,1,125256.53,0
15708505,37,Female,Germany,1,84,3/9/2019,641,62974.64,2,0,39016.43,0
15791131,30,Female,Germany,0,24,1/9/2024,551,143340.44,1,1,145796.49,0
15618225,36,Male,Germany,0,96,3/9/2018,741,116993.43,2,1,168816.22,0
15644724,31,Male,France,1,48,2/9/2022,472,58662.92,2,0,73322,0
15662098,41,Male,Spain,0,36,2/9/2023,650,128808.65,3,0,113677.53,1
15723894,45,Male,France,0,84,3/9/2019,625,137555.44,1,0,124607.7,0
15787699,34,Male,Germany,1,48,2/9/2022,650,142393.11,1,1,11276.48,0
15687738,38,Female,France,0,96,3/9/2018,535,0,2,1,136620.64,0
15576126,41,Female,France,1,24,1/9/2024,649,125785.23,1,1,70523.92,0
15658889,22,Male,France,0,48,2/9/2022,689,136444.25,1,1,51980.25,1
15667046,38,Male,Spain,0,84,3/9/2019,694,121527.4,1,1,113481.02,0
15669957,52,Male,Germany,1,108,3/9/2017,655,144696.75,1,1,49025.79,0
15655794,36,Male,France,1,96,3/9/2018,620,0,2,1,145937.99,0
15599829,35,Female,France,1,120,3/9/2016,577,0,2,1,25161.61,0
15753332,48,Male,Germany,0,96,3/9/2018,401,128140.17,1,1,175753.55,1
15671124,25,Male,France,1,72,2/9/2020,599,120383.41,1,1,24903.09,0
15767474,57,Female,France,1,108,3/9/2017,481,0,3,1,169719.35,1
15720671,42,Male,France,1,96,3/9/2018,704,129735.3,2,1,179565.57,0
15626787,31,Female,Spain,0,96,3/9/2018,698,185078.26,1,0,115337.74,1
15774491,28,Female,France,0,72,2/9/2020,480,0,2,0,48131.92,0
15579647,42,Male,France,1,0,1/9/2026,682,0,1,1,160828.98,0
15625522,31,Male,Spain,1,-10,3/9/2019,700,0,2,0,145151.96,0
15765806,29,Male,France,1,12,1/9/2025,492,144591.96,1,1,196293.76,0
15566708,45,Female,France,0,48,2/9/2022,444,0,2,1,161653.5,1
15668347,36,Male,France,0,72,2/9/2020,624,0,2,0,84635.64,0
15575214,37,Male,France,0,84,3/9/2019,709,0,1,1,159486.76,0
15591123,68,Male,Germany,1,24,1/9/2024,557,100194.44,1,1,38596.34,0
15573280,50,Male,Germany,1,72,2/9/2020,646,145295.31,2,1,27814.74,0
15589018,28,Male,  Germany  ,1,36,2/9/2023,719,106070.29,2,1,183893.31,0
15654495,47,Female,Germany,1,72,2/9/2020,706,120621.89,1,1,140803.7,0
15597265,38,Male,France,1,84,3/9/2019,660,0,2,0,146585.53,0
15733876,36,Male,France,1,108,3/9/2017,667,0,2,1,40062.29,0
15677217,30,Male,France,1,12,1-Sep-25,705,0,1,1,181300.32,0
15747265,27,Female,Germany,1,120,3/9/2016,598,171283.91,1,1,84136.12,0
15713379,26,Male,France,1,48,2/9/2022,669,0,2,1,197594.34,0
15730433,38,Female,Germany,0,12,1/9/2025,580,128218.47,1,1,125953.83,1
15693347,32,Female,France,1,60,2/9/2021,676,0,2,1,75465.41,0
15715465,28,Male,Germany,0,84,3/9/2019,714,77776.39,1,1,177737.07,0
15680736,72,Female,Germany,1,72,2/9/2020,597,124978.19,2,1,7144.46,0
15610765,29,Male,France,0,12,1/9/2025,559,0,2,0,155639.76,0
15650034,28,Female,France,1,12,1/9/2025,564,0,1,1,162428.05,0
15782468,51,male,Spain,1,36,2/9/2023,850,109799.55,2,1,12457.76,1
15685109,39,Male,France,0,84,3/9/2019,689,0,2,0,14917.09,0
15776233,61,Female,Germany,0,96,3/9/2018,758,125397.21,1,1,182184.09,1
15761141,71,Female,Spain,1,120,3/9/2016,604,0,2,1,129984.2,0
15781702,38,Male,Germany,1,108,3/9/2017,733,111347.37,2,0,194872.97,0
15790235,40,Male,Spain,1,96,3/9/2018,778,104291.41,2,1,117507.11,0
15641416,61,Female,Germany,1,108,3/9/2017,732,94867.18,2,1,157527.6,1
15775234,24,Male,France,0,96,3/9/2018,646,0,2,0,92612.88,0
15659475,33,Female,France,0,72,2/9/2020,597,135703.59,2,0,74850.84,0
15642202,37,Female,Germany,1,60,2/9/2021,821,106453.53,2,0,127413,0
15771417,43,Male,France,0,84,3/9/2019,640,132412.38,1,0,69584.3,1
15585100,40,Female,Germany,0,108,3/9/2017,511,124401.6,1,1,198814.24,1
15700487,46,Male,France,0,72,2/9/2020,805,118022.06,3,1,162643.15,1
15726589,39,Male,Germany,0,12,1/9/2025,540,82531.11,1,1,114092.52,0
15747503,44,Male,Spain,0,0,1/9/2026,705,184552.12,1,1,68860.3,1
15595883,39,Male,Germany,1,48,2/9/2022,540,127278.31,1,1,16150.34,0
15663826,66,Female,Spain,1,36,2/9/2023,532,0,1,1,115227.02,0
15742820,45,Female,France,1,24,1/9/2024,535,0,2,0,170621.55,0
15624793,23,Male,Germany,0,60,2/9/2021,627,184244.86,1,1,103099.22,0
15597930,52,Male,France,0,96,3/9/2018,646,59669.43,1,0,172495.81,1
15665110,25,Female,France,1,84,3/9/2019,515,79543.59,1,0,38772.82,0
15770719,39,Female,France,1,72,2/9/2020,697,151553.19,1,1,44946.29,0
15731327,27,Male,Germany,1,24,1/9/2024,652,166527.88,2,0,146007.7,0
15576044,28,Male,Germany,0,72,2/9/2020,579,150329.15,1,1,145558.42,0
15775662,43,Male,France,0,96,3/9/2018,760,121911.59,1,1,193312.33,0
15646817,51,Male,France,0,108,3/9/2017,769,156773.78,2,1,40257.79,0
15596060,29,Male,Spain,1,96,3/9/2018,498,127864.26,1,1,46677.9,0
15723299,53,Male,France,1,48,2/9/2022,774,113709.28,1,1,153887.93,1
15636982,43,Female,Germany,1,84,3/9/2019,705,79974.55,1,1,103108.33,0
15751175,44,Female,France,1,24,1/9/2024,648,0,2,1,58652.23,0
15618936,51,Female,France,0,60,2/9/2021,688,0,1,1,91624.11,1
15787529,38,Male,Spain,0,0,1/9/2026,592,0,1,1,65986.48,1
15780128,33,Male,France,0,36,2/9/2023,705,144427.96,2,1,113845.19,0
15615991,42,Male,France,1,84,3/9/2019,654,99263.09,1,1,67607.9,0
15757001,32,Female,France,1,24,1/9/2024,624,79368.87,2,1,145471.94,0
15595388,30,Female,France,1,120,3/9/2016,594,0,2,1,124071.71,0
15699550,34,Female,Spain,1,108,3/9/2017,695,0,2,1,67502.12,0
15581620,28,Male,France,1,24,1/9/2024,597,0,3,1,78707.97,0
15600934,52,Female,france,0,84,3/9/2019,758,125095.94,1,1,171189.83,1
15738672,40,Female,Germany,0,24,1/9/2024,737,162485.8,2,1,149381.32,0
15721307,37,Male,Germany,0,12,1/9/2025,694,95668.82,2,1,100335.55,0
15619280,25,Male,France,0,48,2/9/2022,683,0,2,1,152698.24,0
15768244,30,Female,Spain,1,96,3/9/2018,538,0,2,1,41192.95,0
15806837,37,Male,France,0,48,2/9/2022,669,0,1,1,132540.33,0
15643496,34,Female,France,0,60,2/9/2021,730,74197.38,2,1,96875.52,0
15813916,31,Female,France,1,12,1/9/2025,622,89688.94,1,1,152305.47,0
15626385,33,Female,Spain,1,120,3/9/2016,714,103121.33,2,1,49672.01,0
15603582,34,Female,Spain,0,36,2/9/2023,569,0,1,1,133997.53,0
15764351,59,Female,Germany,1,60,2/9/2021,668,120170.07,1,0,50454.8,0
15667938,32,Male,France,1,108,3/9/2017,628,149136.31,2,1,16402.11,0
15576360,40,Male,France,1,12,1/9/2025,600,141136.79,1,1,67803.83,0
15628813,43,Female,France,0,48,2/9/2022,693,152341.55,1,1,9241.78,0
15584190,36,Male,France,1,84,3/9/2019,704,120026.98,2,0,100601.73,0
15716449,33,Male,Spain,0,108,3/9/2017,527,132168.28,1,0,98734.15,0
15759913,43,Male,Germany,1,72,2/9/2020,553,85200.82,2,1,160574.09,0
15701555,53,Male,Spain,1,12,1/9/2025,575,84903.33,2,0,26015.8,0
15758482,32,Female,France,0,0,1/9/2026,626,0,2,0,187172.54,0
15758171,20,Male,France,1,48,2/9/2022,582,0,1,1,55763.66,0
15680346,40,Male,Spain,0,96,3/9/2018,683,0,1,1,75848.22,0
15649124,30,Male,France,0,108,3/9/2017,850,121535.18,1,0,40313.47,0
15812917,35,Male,Spain,1,72,2/9/2020,653,116662.96,2,1,23864.21,0
15768455,60,Male,France,1,96,3/9/2018,679,0,2,1,51380.9,0
15703059,49,Female,Germany,1,72,2/9/2020,549,124829.16,1,0,93551.36,0
15646196,36,Female,Spain,0,24,1/9/2024,850,155180.56,2,0,169415.54,0
15585451,32,Female,Germany,1,12,1/9/2025,558,108262.87,1,1,6935.31,0
15714057,40,Male,Spain,0,48,2/9/2022,528,0,2,1,25399.7,0
15748473,38,Male,France,0,60,2/9/2021,801,0,2,1,66256.27,0
15785782,48,Male,Spain,1,24,1/9/2024,513,0,1,1,114709.13,1
15693233,38,Male,Germany,1,72,2/9/2020,666,99812.88,2,1,158357.97,0
15757521,35,Male,France,1,24,1/9/2024,606,132164.26,1,0,164815.59,0
15812513,45,Male,Germany,0,120,3/9/2016,599,103583.05,1,1,132127.69,1
15674950,39,Male,Germany,0,48,2/9/2022,544,142406.43,2,1,146637.45,0
15678572,38,Male,Spain,0,84,3/9/2019,529,99842.5,2,1,90256.06,1
15713608,41,Female,France,1,60,2/9/2021,850,0,2,1,34827.43,0
15579262,41,Male,France,0,108,3/9/2017,497,0,1,0,22074.48,0
15610426,39,Female,France,1,60,2/9/2021,764,,1,0,109805.17,0
15776454,48,Female,France,0,60,2/9/2021,603,0,1,1,100478.6,1
15771483,40,Male,France,1,72,2/9/2020,609,0,2,1,97416.34,0
15648489,53,  Male  ,France,1,48,2/9/2022,487,199689.49,1,1,24207.86,1
15646609,33,Male,,0,12,1/9/2025,748,142645.43,1,0,69132.66,0
15693203,75,Female,Spain,1,60,2/9/2021,710,0,2,1,9376.89,0
15813067,45,N/A,Germany,0,36,2/9/2023,432,110219.14,1,1,43046.7,1
15769829,51,Male,Spain,1,36,2/9/2023,534,0,2,0,20856.31,0
15662434,25,Male,France,0,36,2/9/2023,607,0,2,0,187048.72,0
15773503,32,Male,Spain,0,48,2/9/2022,551,0,2,1,53420.53,0
15705890,45,Male,France,0,84,3/9/2019,674,142072.02,1,1,37013.29,0
15711398,25,Female,France,0,72,2/9/2020,525,0,2,1,89566.64,0
15752375,33,Male,Germany,0,96,3/9/2018,645,149564.61,1,0,149913.84,0
15659175,43,Female,France,0,108,3/9/2017,755,0,2,1,18066.69,0
15597033,37,Male,Germany,1,96,3/9/2018,708,153366.13,1,1,26912.34,0
15590228,21,Male,France,1,72,2/9/2020,715,76467.16,1,1,173511.72,0
15631848,26,Female,France,1,108,3/9/2017,727,121508.28,1,1,146785.44,0
15654211,27,Female,N/A,1,12,1/9/2025,559,0,1,0,1050.33,0
15707968,36,Male,Spain,0,96,3/9/2018,unknown,73211.12,2,1,89587.34,1
15594084,22,Male,France,0,108,3/9/2017,524,0,2,1,74405.34,0
15651093,55,Female,France,1,12,1/9/2025,707,0,2,0,54409.48,0
15798824,38,Male,Spain,0,0,1/9/2026,671,92674.94,2,1,3647.57,0
15671591,52,Male,Spain,0,36,2/9/2023,439,96196.24,4,1,198874.52,1
15707189,36,Female,Germany,1,12,1/9/2025,667,114391.62,1,1,53412.54,0
15733581,32,Male,Germany,0,108,3-Sep-17,831,80262.66,1,1,194867.78,0
15641640,33,Female,Spain,0,84,3/9/2019,545,173331.52,1,1,150452.88,0
15585284,35,Female,Spain,1,84,3/9/2019,604,147285.52,1,1,57807.05,0
15617866,67,Male,Spain,1,60,2/9/2021,657,119785.47,2,1,107534.32,0
15667751,36,Female,Spain,0,12,1/9/2025,487,140137.15,1,1,194073.33,0
15669411,52,Female,Germany,0,72,2/9/2020,750,107467.56,1,1,126233.18,1
15789425,37,Female,Germany,0,96,3/9/2018,694,98218.04,2,1,182354.46,1
15570943,35,Female,Germany,1,24,1/9/2024,711,133607.75,1,1,120586.32,0
15685829,37,male,France,1,36,2/9/2023,551,0,2,1,50578.4,0
15721917,38,Female,France,1,96,3/9/2018,559,95139.41,1,1,86575.46,0
15776047,29,Female,France,1,36,2/9/2023,620,0,2,0,153392.28,0
15716024,42,Male,Spain,0,60,2/9/2021,660,0,2,1,115509.59,0
15675328,37,Female,France,0,72,2/9/2020,449,0,2,1,82176.48,0
15604314,26,Female,Germany,0,12,1/9/2025,703,97331.19,1,1,63717.49,0
15658339,37,Male,Germany,1,24,1/9/2024,795,139265.63,2,1,198745.94,0
15630402,31,Female,France,1,108,3/9/2017,594,0,1,0,5719.11,0
15689616,34,Male,Spain,0,60,2/9/2021,586,168094.01,1,0,20058.61,0
15774224,30,Female,Germany,0,60,2/9/2021,613,131563.88,2,1,170638.98,0
15701291,44,Male,France,0,36,2/9/2023,601,0,2,1,30607.11,0
15719606,50,Male,France,0,108,3/9/2017,657,0,2,0,37171.46,0
15644119,31,Male,France,1,36,2/9/2023,531,0,1,1,42589.33,0
15646859,47,Male,Germany,1,84,3/9/2019,621,107363.29,1,1,66799.28,0
15606836,33,Female,France,1,24,1/9/2024,782,94493.03,1,0,101866.39,0
15664150,29,Female,Germany,0,108,3/9/2017,528,170214.23,2,1,49284,0
15624510,52,Male,France,0,72,2/9/2020,696,139781.06,1,1,27445.4,1
15810944,35,Female,France,0,84,3/9/2019,586,0,2,1,70760.69,0
15668575,26,Female,Spain,1,96,3/9/2018,626,148610.41,3,0,104502.02,1
15603246,73,Male,France,1,24,1/9/2024,498,170241.7,2,1,165407.96,0
15804002,33,Female,France,1,12,1/9/2025,691,128306.83,1,1,113580.79,0
15728773,47,Female,France,1,84,3/9/2019,568,0,2,1,45978.39,0
15598044,35,Female,France,1,36,2/9/2023,715,0,1,1,152012.36,0
15694829,32,Male,Germany,1,84,3/9/2019,680,175454,1,0,77349.92,0
15600575,41,Male,Spain,0,72,2-Sep-20,802,0,2,1,47322.05,0
15727311,22,Female,France,1,0,1/9/2026,539,100885.93,2,1,38772.65,0
15570769,69,Male,France,1,108,3/9/2017,494,93320.8,1,1,24489.44,0
15606274,38,Male,Germany,1,72,2/9/2020,594,63176.44,2,1,14466.08,0
15746139,33,Male,France,0,24,1/9/2024,596,139451.67,1,0,63142.12,0
15704987,52,Female,France,0,96,3/9/2018,649,49113.75,1,1,41858.43,0
15628972,32,NULL,Germany,1,12,1/9/2025,699,123906.22,3,1,127443.82,1
15697686,40,Female,France,1,72,2/9/2020,787,0,2,1,84151.98,0
15733883,28,Male,France,0,84,3/9/2019,604,0,2,0,58595.64,0
15617482,52,  Female  ,Germany,0,12,1/9/2025,489,131441.51,1,1,37240.11,1
15704583,56,Male,France,0,24,1/9/2024,651,0,1,1,114522.68,1
15621083,57,Male,France,1,72,2/9/2020,698,136325.48,-1,1,72549.27,1
15649487,38,Female,Germany,0,48,2/9/2022,578,113150.44,2,1,176712.59,1
15736760,42,Female,Spain,0,108,3/9/2017,538,0,1,0,152855.96,0
15714658,33,Female,France,1,48,2/9/2022,696,0,2,1,73371.65,0
15599081,46,Female,Germany,1,96,3/9/2018,507,102785.16,1,1,70323.68,0
15705113,34,Male,Spain,0,72,2/9/2020,685,83264.28,1,0,9663.28,0
15631159,41,Male,Germany,1,48,2/9/2022,705,72252.64,2,1,142514.66,0
15792818,29,Female,Germany,0,72,2/9/2020,499,148051.52,1,1,118623.94,0
15633531,76,Female,France,1,108,3/9/2017,717,138489.66,1,1,68400.14,0
15744529,63,Male,France,1,96,3/9/2018,510,9999999,2,1,115291.86,0
15669656,32,Male,France,1,72,9/2/2020,632,111589.33,1,1,170382.99,0
15581198,39,Female,Germany,0,0,1/9/2026,668,122104.79,1,1,112946.67,1
15729054,32,Male,Germany,1,48,2/9/2022,744,96106.83,1,1,79812.77,0
15573452,42,Male,Germany,0,84,3/9/2019,663,115930.87,1,1,19862.78,0
15776733,37,Female,Germany,0,84,3/9/2019,638,124513.66,2,1,158610.89,0
15724858,54,Female,France,0,108,3/9/2017,688,0,1,1,191212.63,1
15713144,46,Male,Spain,0,96,3/9/2018,588,0,1,1,61931.21,0
15690188,33,Male,France,1,84,3/9/2019,631,0,1,1,58043.02,1
15689425,35,Male,Spain,0,96,3/9/2018,687,100988.39,2,1,22247.27,0
15671766,44,Male,France,1,120,3/9/2016,599,118577.24,1,1,31448.52,0
15782806,28,Male,Spain,0,72,2/9/2020,718,0,2,1,146875.86,0
15764419,27,Male,France,1,60,2/9/2021,730,0,2,1,116081.93,0
15591915,39,Female,France,1,24,1/9/2024,533,0,1,0,73669.94,1
15772798,28,Female,Spain,1,60,2/9/2021,711,0,2,1,93959.96,0
15792008,26,Female,Spain,1,108,3/9/2017,555,0,2,0,158918.03,0
15715541,42,Female,France,1,108,3/9/2017,850,113311.11,1,1,198193.75,0
15639277,41,Female,France,0,108,3/9/2017,678,0,1,0,13160.03,0
15798850,32,Male,France,0,84,3/9/2019,576,0,2,1,4660.91,0
15776348,20,Male,Germany,0,48,2/9/2022,835,124365.42,1,0,180197.74,1
15727696,42,Male,France,1,12,1/9/2025,592,147249.29,2,1,63023.02,0
15793813,36,Male,France,1,84,3/9/2019,774,103688.19,1,0,118971.74,0
15694395,29,Female,France,0,12,1/9/2025,620,138740.24,2,0,154700.61,0
15764195,39,Male,Spain,1,48,2/9/2022,519,111900.14,1,1,97577.17,0
15744919,37,Female,Spain,1,0,1/9/2026,734,152760.24,1,1,48990.5,0
15671655,31,Male,Germany,1,84,3/9/2019,763,143966.3,2,1,140262.96,1
15654901,51,Male,France,0,120,3/9/2016,733,141556.96,1,1,130189.53,0
15649136,43,Female,France,1,72,2/9/2020,650,0,2,1,16301.91,0
15775562,33,Female,France,0,60,2/9/2021,538,0,2,1,126962.41,0
15807481,46,Female,France,1,12,1/9/2025,577,0,1,1,158750.53,0
15642885,30,Male,France,0,96,3/9/2018,792,0,2,1,199644.2,0
15789109,41,Female,France,1,120,3/9/2016,686,0,1,1,144272.71,1
15814004,29,Male,France,1,24,1/9/2024,589,0,2,0,98320.27,0
15673619,25,Male,France,0,108,3/9/2017,530,162560.32,1,1,64129.03,0
15595135,29,Female,Germany,0,84,3/9/2019,778,123229.46,1,1,181221.09,0
15583681,31,Male,Spain,1,84,3/9/2019,616,76665.71,2,1,163809.08,0
15605000,38,Male,France,1,108,3/9/2017,550,140278.99,3,1,171457.06,1
15718071,51,Female,France,1,36,2/9/2023,655,0,2,0,15801.02,0
15679760,46,Male,France,0,12,1/9/2025,721,115764.32,2,0,102950.79,0
15654574,36,Male,Germany,0,60,2/9/2021,499,131142.53,2,1,174918.46,0
15577178,45,Male,France,0,60,2/9/2021,511,68375.27,1,1,193160.25,1
15595324,39,Female,Germany,0,60,2/9/2021,579,117833.3,3,0,5831,1
15756932,36,Female,Spain,1,84,3/9/2019,696,0,2,1,82298.59,0
15726358,34,Male,France,0,84,3/9/2019,681,0,2,0,130686.59,0
15595228,45,Male,France,1,84,3/9/2019,score_700,0,1,0,52885.23,1
15782530,30,Male,Spain,0,24,1/9/2024,681,111093.01,1,1,68985.99,0
15592877,42,Male,Spain,0,108,3/9/2017,641,132657.55,1,1,35367.19,0
15651983,56,Female,France,1,108,3/9/2017,591,128882.49,1,1,196241.94,1
15746737,59,Male,Germany,1,108,3/9/2017,565,69129.59,1,1,170705.53,0
15774179,37,Male,France,1,72,2/9/2020,487,0,2,1,126477.41,0
15667265,39,Male,France,1,48,2/9/2022,729,121404.64,1,1,159618.17,0
15655123,45,Female,Spain,0,108,3/9/2017,505,131355.3,3,1,195395.33,1
15595917,35,Female,France,1,12,1/9/2025,580,102097.33,1,0,168285.85,0
15668385,40,Male,France,1,12,1/9/2025,642,154863.15,1,1,138052.51,0
15709476,41,Female,Spain,0,36,2/9/2023,850,99945.93,2,1,71179.31,0
15711218,39,Male,Germany,0,24,1/9/2024,616,121704.32,2,1,55556.3,0
15798659,43,Female,Spain,0,36,2/9/2023,526,0,2,1,31705.19,0
15663939,35,Male,Germany,1,96,3/9/2018,523,138782.76,1,1,186118.93,0
15694946,35,Male,France,1,108,3/9/2017,663,0,2,1,195580.28,0
15631912,30,Male,France,0,96,3/9/2018,840,136291.71,1,1,54113.38,0
15768816,-1,Male,Germany,0,0,1/9/2026,570,107856.57,2,1,127528.84,0
15682268,26,Female,Germany,0,12,1/9/2025,676,108348.66,1,0,60231.74,1
15684801,47,Male,France,0,12,1/9/2025,689,93871.95,3,1,156878.42,1
15636428,45,Female,Spain,0,12,1/9/2025,703,0,1,1,182784.11,1
15809823,19,Male,Germany,0,24,1/9/2024,491,125860.2,1,0,129690.5,0
15699284,49,Male,France,0,96,3/9/2018,584,172713.44,1,1,113860.81,0
15786993,51,Female,France,1,60,2/9/2021,810,0,2,0,184524.74,0
15709441,59,Female,Spain,1,96,3/9/2018,745,0,1,1,36124.98,0
15710257,39,Female,France,1,36,2/9/2023,625,130786.92,1,0,121316.07,0
15582492,29,Female,France,0,24,1-Sep-24,535,112367.34,1,1,185630.76,0
15575694,45,Female,Spain,0,84,3/9/2019,729,91091.06,2,1,71133.12,0
15756820,26,Female,France,1,84,3/9/2019,655,106198.5,1,0,32020.42,0
15766289,47,Male,France,0,60,2/9/2021,751,142669.93,2,1,162760.96,0
15593014,33,Male,france,1,12,1/9/2025,525,112833.35,1,0,175178.56,0
15584545,40,Female,France,1,60,2/9/2021,532,0,2,0,177099.71,0
15675949,43,Female,Spain,1,48,2/9/2022,696,0,2,1,66406.37,0
15672091,32,Female,Germany,0,24,1/9/2024,786,104336.43,many,0,59559.81,0
15801658,55,NULL,France,1,72,2/9/2020,580,104305.74,1,0,175750.21,0
15706185,47,Male,Germany,1,60,2/9/2021,596,140187.1,2,1,174311.3,0
15789863,39,Male,France,0,48,2/9/2022,683,0,2,1,171716.81,0
15720943,45,Female,France,0,12,1/9/2025,747,114959.12,1,1,189362.39,1
15697997,33,Male,France,1,60,2/9/2021,602,164704.38,1,0,180716.1,1
15665416,62,Male,France,1,120,3/9/2016,779,119096.55,1,0,116977.89,0
15660200,31,Male,France,1,12,1/9/2025,551,0,2,1,185105.44,0
15619653,47,Male,France,0,24,1/9/2024,666,0,1,1,35046.97,1
15773447,30,Male,Spain,0,96,3/9/2018,526,0,1,1,36251,0
15739160,41,Female,France,0,108,3/9/2017,849,115465.28,1,1,103174.5,0
15689237,27,Female,France,0,48,2/9/2022,471,0,2,1,122642.09,0
15679297,43,Male,Spain,0,36,2/9/2023,628,184926.61,1,1,122937.57,0
15591433,43,Male,Germany,0,96,3/9/2018,674,85957.88,2,1,8757.39,0
15642725,32,Male,France,1,120,3/9/2016,797,114084.6,1,0,125782.29,0
15701962,29,Female,Spain,0,24,1/9/2024,590,166930.76,2,1,122487.73,0
15811613,27,Female,France,0,96,3/9/2018,588,0,1,1,20066.38,0
15741049,29,Male,France,1,84,3/9/2019,577,0,2,1,55473.15,0
15724423,38,Female,France,0,72,2/9/2020,571,107193.82,2,0,38962.94,0
15574305,36,Male,France,1,36,2/9/2023,680,116275.12,1,1,63795.8,0
15678168,27,Female,Spain,1,84,3/9/2019,648,0,2,1,163060.43,0
15697020,39,Male,France,0,24,1/9/2024,618,91068.56,1,1,26578.69,0
15610801,41,Male,Germany,1,60,2/9/2021,648,123049.21,1,0,5066.76,0
15745232,39,Female,,1,72,2/9/2020,759,0,2,1,140497.67,0
15722758,40,Male,France,0,84,3/9/2019,585,0,2,0,146156.98,0
15792102,42,Female,France,0,36,2/9/2023,774,137781.65,1,0,199316.19,0
15675185,48,Female,Germany,1,24,1/9/2024,697,108128.96,2,1,103944.37,0
15801247,Unknown,Male,Spain,0,120,3/9/2016,605,105317.73,2,1,138021.36,0
15725660,20,Male,France,0,12,1/9/2025,676,-1,1,0,68621.98,0
15638963,22,Female,France,1,48,2/9/2022,678,174852.89,1,1,28149.06,0
15800061,45,Female,Spain,0,36,2/9/2023,495,89158.94,3,1,135169.76,1
15578006,85,  Female  ,France,1,120,3/9/2016,787,0,2,1,116537.96,0
15668504,36,Male,France,1,24,1/9/2024,770,89800.14,1,1,105922.69,0
15687491,45,Male,Germany,0,108,3/9/2017,817,101207.75,1,0,88211.12,1
15610403,43,Male,France,0,12,1/9/2025,659,106086.42,2,1,26900.63,0
15741094,21,Male,France,1,12,1/9/2025,693,0,2,1,3494.02,0
15807909,47,Male,France,0,108,3/9/2017,744,0,2,1,113163.17,0
15666141,26,Female,Spain,1,96,3/9/2018,829,101440.36,2,1,19324.5,0
15617134,38,Male,France,0,48,2/9/2022,716,0,2,1,189678.7,0
15783029,34,Male,France,1,84,3/9/2019,671,106603.74,2,1,26387.71,0
15622833,29,Female,Germany,0,120,3/9/2016,835,130420.2,2,0,106276.55,0
15746422,38,Female,France,0,12,1/9/2025,636,0,1,1,45015.38,0
15750839,29,Male,Spain,1,24,1/9/2024,649,45022.23,1,1,173495.77,0
15749130,27,Male,Germany,1,12,1/9/2025,621,74298.43,1,1,52581.96,0
15779862,31,Female,Germany,1,36,2/9/2023,658,133003.03,1,0,146339.27,1
15767871,48,Male,Spain,1,84,3/9/2019,784,0,2,1,182609.97,0
15679651,37,Female,Spain,0,12,1/9/2025,783,136689.66,1,1,197890.65,0
15576219,32,Male,France,1,48,2/9/2022,615,0,2,1,6225.63,0
15699247,44,Female,France,1,60,2/9/2021,791,0,2,1,123977.86,1
15619087,53,Male,France,1,12,1/9/2025,762,102520.37,1,1,170195.4,0
15605327,35,Male,France,1,24,1/9/2024,607,0,2,1,114190.3,0
15610140,34,Female,France,0,60,2/9/2021,601,0,2,1,27022.57,0
15791174,67,Male,Spain,1,12,1/9/2025,540,88382.01,1,0,59457,0
15602373,44,Male,France,0,48,2/9/2022,812,115049.15,2,1,165038.41,0
15762605,58,Male,France,1,12,1/9/2025,685,104796.54,1,1,154181.41,0
15598840,33,Male,France,0,12,1/9/2025,680,123082.08,1,1,134960.98,0
15744279,58,Female,Spain,1,96,3/9/2018,680,0,2,1,65708.5,0
15670619,33,Female,France,0,96,3/9/2018,631,0,2,0,117374.22,0
15599533,43,Female,France,1,84,3/9/2019,569,0,2,1,77703.19,0
15757837,33,Male,Germany,1,36,2/9/2023,584,88311.48,2,1,177651.38,0
15697574,40,Female,France,1,108,3/9/2017,582,0,3,1,60954.45,0
15578738,32,Male,France,1,84,3/9/2019,609,,1,1,151924.9,0
15762228,35,Male,Spain,0,72,2/9/2020,506,110046.93,2,1,26318.73,0
15614827,42,Male,France,1,96,3/9/2018,503,104430.08,1,1,147557.71,0
15789815,28,Female,France,0,60,2/9/2021,503,0,2,1,125918.17,0
15579781,31,Male,Germany,0,120,3/9/2016,806,138653.51,1,1,190803.37,0
15587013,31,Female,France,1,84,3/9/2019,653,102575.04,1,1,11043.54,0
15570932,43,Male,France,1,84,3/9/2019,666,137780.74,2,1,119100.05,1
15794661,32,Male,Spain,0,24,1/9/2024,674,0,2,1,140579.17,0
15581654,32,Male,France,1,84,3/9/2019,798,0,2,0,37731.95,0
15644296,30,Female,France,0,96,3/9/2018,740,105209.54,1,1,1852.58,0
15614420,32,Female,,1,0,1/9/2026,531,109570.21,2,1,172049.84,0
15609653,44,Female,Germany,0,72,2/9/2020,614,118715.86,1,1,133591.11,1
15594577,35,Male,France,1,120,3/9/2016,556,0,2,1,192751.18,0
15584114,43,Female,Germany,1,24,1/9/2024,678,153393.18,2,1,193828.27,0
15673367,33,Male,Germany,0,72,2/9/2020,587,132603.36,1,1,55775.72,0
15685576,36,Female,Spain,1,72,2/9/2020,527,0,2,1,102280.29,0
15774727,34,Female,Germany,0,12,1/9/2025,757,129398.01,2,0,44965.44,0
15694288,28,Male,Spain,0,36,2/9/2023,468,0,2,1,170661.02,0
15603319,29,Male,France,0,24,1/9/2024,693,151352.74,1,0,197145.89,0
15759066,44,Female,France,0,60,2/9/2021,483,136836.49,1,1,192359.9,1
15814816,40,Male,France,0,48,2/9/2022,466,91592.06,1,1,141210.18,1
15724402,30,Female,France,0,96,3/9/2018,770,0,2,1,100557.03,0
15571059,54,Female,France,0,36,2/9/2023,734,0,1,1,130805.54,1
15674206,22,Female,France,1,96,3/9/2018,716,0,2,1,92606.98,0
15715160,36,Male,France,1,24,1/9/2024,439,165536.28,2,1,123956.83,0
15730448,25,Male,Germany,1,60,2/9/2021,538,62482.95,1,1,102758.43,0
15662067,40,Male,France,0,96,3/9/2018,743,68155.59,1,1,94876.65,0
15779581,43,Female,Spain,1,36,2/9/2023,734,55853.33,2,0,94811.85,1
15662901,37,Male,France,1,24,1/9/2024,656,0,2,0,67840.81,0
15689751,31,Female,France,0,24,1/9/2024,666,79589.43,1,0,4050.57,0
15667742,41,  Male  ,Spain,1,60,2/9/2021,627,100880.76,1,0,134665.25,0
15738448,25,Female,Germany,0,36,2/9/2023,480,174330.35,2,0,181647.13,0
15680243,19,Male,France,0,84,3/9/2019,792,143390.51,1,1,33282.84,0
15745083,59,Male,Germany,0,96,3/9/2018,613,91415.76,1,0,27965,1
15708228,30,Male,Germany,0,36,2/9/2023,476,134366.42,1,1,68343.53,0
15628523,24,Female,France,1,36,2/9/2023,539,0,2,1,198161.07,0
15708196,60,Male,Spain,1,96,3/9/2018,696,88786.81,1,1,196858.4,0
15735549,35,Male,Germany,1,36,2/9/2023,810,96814.46,2,1,120511.03,0
15809347,32,Male,Germany,0,108,3/9/2017,763,160680.41,1,1,30886.35,0
15660866,29,Female,France,0,36,2/9/2023,640,0,2,1,2743.69,0
15766609,47,Female,NULL,0,120,3/9/2016,655,0,2,1,167778.62,0
15654230,31,Male,Germany,0,60,2/9/2021,526,145537.21,1,1,132404.64,0
15794566,28,Female,France,1,48,2/9/2022,678,0,2,1,144423.17,1
15800890,45,Female,France,1,72,2/9/2020,554,0,2,1,181204.5,0
15697424,30,Female,Spain,1,24,1/9/2024,597,119370.11,1,1,182726.22,1
15724536,28,Female,Spain,1,12,1/9/2025,560,0,2,1,120880.72,0
15735878,47,Female,Germany,0,120,3/9/2016,850,134381.52,1,0,26812.89,1
15707596,74,Female,Germany,1,96,3/9/2018,546,114888.74,2,1,66732.63,1
15657163,42,Male,Germany,0,12,1/9/2025,623,149332.48,2,1,100834.22,0
15622478,40,Female,France,0,84,3/9/2019,698,105061.74,3,1,107815.31,1
15779529,32,Male,France,1,84,3/9/2019,620,0,2,1,34665.79,0
15636023,40,Female,France,1,120,3/9/2016,619,0,1,1,147093.84,1
15582066,21,Male,France,1,48,2/9/2022,561,0,1,1,36942.35,0
15666675,39,Female,France,1,84,3/9/2019,753,155062.8,1,1,16460.77,0
15732987,43,Male,Spain,0,36,2/9/2023,721,88798.34,1,0,45610.63,0
15789432,33,Male,France,0,72,2/9/2020,451,0,2,1,184954.11,0
15663161,51,Female,Germany,0,60,2/9/2021,680,143139.87,1,0,47795.43,1
15694879,23,Female,Spain,0,84,3/9/2019,590,0,2,1,196789.9,0
15593715,27,Male,Germany,0,36,2/9/2023,634,107027.52,1,1,173425.68,0
15575002,29,Male,France,0,48,2/9/2022,676,140720.93,1,1,36221.18,0
15622171,30,Male,France,0,96,3/9/2018,642,80964.57,2,1,174738.2,0
15795224,39,Male,France,0,72,2/9/2020,760,178585.46,1,1,67131.3,1
15685346,26,Female,Spain,1,48,2/9/2022,736,135889.13,1,1,165692.03,0
15691808,43,Male,France,0,84,3/9/2019,656,134919.85,1,1,194691.95,0
15721007,33,Male,Germany,0,96,9/3/2018,776,115130.34,1,0,129525.5,1
15794253,34,Female,Spain,1,72,2/9/2020,832,138190.13,2,0,146511.2,0
15694453,37,Male,Germany,1,108,3/9/2017,631,131519.49,2,1,51752.18,0
15813113,56,Female,Spain,0,60,2/9/2021,795,0,1,1,35418.69,1
15614187,39,Female,Germany,1,36,2/9/2023,648,126935.98,2,0,57995.74,0
15619407,39,Male,France,1,48,2/9/2022,615,133707.09,1,1,108152.75,0
15646227,27,Female,France,0,12,1/9/2025,682,97893.2,1,1,166144.98,0
15660541,34,Male,France,0,60,2/9/2021,694,127900.03,1,1,101737.8,0
15753874,37,Male,France,1,120,3/9/2016,694,143835.47,99,0,33326.71,0
15617877,44,Male,France,1,0,1/9/2026,607,0,2,1,81140.09,0
15772073,48,Male,France,0,120,3/9/2016,664,0,1,1,140173.17,1
15701537,60,Male,France,1,24,1/9/2024,756,0,1,1,166513.49,1
15736228,40,Female,France,1,36,2/9/2023,645,129596.77,1,1,103232.6,0
15780572,30,Male,Spain,0,48,2/9/2022,653,0,three,1,120736.04,0
15769596,24,Female,Germany,0,24,1/9/2024,710,110407.44,2,0,15832.43,1
15586996,76,Female,,1,84,3/9/2019,697,0,2,0,188772.45,0
15722061,41,Female,Germany,0,96,3/9/2018,619,142015.76,2,1,114323.66,0
15638003,55,Male,Spain,1,12,1/9/2025,648,81370.07,1,0,181534.04,0
15775590,48,Female,Germany,0,24,1/9/2024,482,69329.47,1,0,102640.52,1
15730688,28,Female,France,1,96,3/9/2018,548,116755.5,2,1,158585.17,1
15753102,44,Male,Spain,0,72,2/9/2020,752,83870.33,1,1,178722.24,0
15810075,39,Female,France,1,72,2/9/2020,648,130694.89,2,1,153955.38,1
15723373,34,Female,Spain,0,96,3/9/2018,643,117451.47,1,1,65374.86,0
15795298,35,Female,Germany,1,108,3/9/2017,573,206868.78,2,0,102986.15,0
15584320,39,Female,France,0,999,2/9/2023,686,111695.62,1,0,136643.84,0
15724161,40,Female,France,0,108,3/9/2017,644,137285.26,4,1,77063.63,1
15750056,29,Female,France,1,72,2/9/2020,702,149218.39,1,1,9633.01,0
15609637,51,Male,France,1,84,3/9/2019,652,0,2,0,43496.36,0
15794493,32,Male,Spain,1,84,3/9/2019,641,0,2,1,24267.28,0
15569641,41,Female,Germany,0,96,3/9/2018,692,130701.29,1,1,59354.24,1
15815236,34,Male,Spain,0,60,2/9/2021,574,0,2,0,28269.86,0
15811177,-1,Female,France,0,36,2/9/2023,643,167949.48,1,1,143162.34,0
15680587,23,Male,France,0,48,2/9/2022,834,131254.81,1,1,20199.3,0
15672821,28,Male,France,1,60,2/9/2021,591,0,2,1,48606.92,0
15767681,34,Male,Spain,1,108,3/9/2017,470,0,three,0,89013.67,0
15600379,34,Male,Spain,1,84,3/9/2019,608,86656.13,1,0,59890.29,0
15801336,37,Female,Germany,1,96,3/9/2018,649,114737.26,1,1,106655.88,1
15721592,38,Female,France,0,60,2/9/2021,665,0,2,1,156439.56,0
15581282,39,Female,France,0,72,2/9/2020,651,0,1,1,24176.44,0
15746203,62,Male,Germany,1,48,2/9/2022,555,119817.33,1,0,43507.1,1
15583137,48,Female,France,1,84,3/9/2019,637,130806.99,2,1,132005.85,1
15680752,49,Female,France,1,0,1/9/2026,675,9999999,1,1,80496.71,1
15688172,40,Male,Spain,0,60,2/9/2021,677,0,2,1,88947.56,0
15791373,35,Female,Germany,0,24,1/9/2024,850,80931.75,1,0,12639.67,1
15589449,56,Female,France,1,36,2/9/2023,815,0,3,1,94248.16,1
15692819,32,Male,Germany,0,12,1/9/2025,665,132178.67,1,0,11865.76,0
15727467,27,Female,France,0,36,2/9/2023,485,0,2,1,141449.86,0
15734312,43,Male,Spain,1,72,2/9/2020,577,0,2,1,149457.81,0
15764604,35,Female,France,0,84,3/9/2019,586,164769.02,3,1,119814.25,1
15613014,29,Male,Germany,0,12,1/9/2025,722,107233.85,2,1,24924.92,0
15759684,27,Female,France,1,84,3/9/2019,528,176227.07,2,0,139481.53,0
15609669,39,Female,France,1,48,2/9/2022,542,109949.39,2,1,41268.65,0
15685536,34,Female,France,1,60,2/9/2021,552,0,2,1,1351.41,0
15750447,60,Female,France,0,120,3/9/2016,678,117738.81,1,1,147489.76,1
15663249,37,Female,Spain,0,108,3/9/2017,575,133292.45,1,1,111175.09,0
15638646,43,Female,France,1,12,1/9/2025,669,160474.59,1,1,95963.14,0
15734161,43,Male,france,0,72,2/9/2020,636,0,2,1,43128.95,0
15631070,55,Male,Germany,1,108,3/9/2017,667,154393.43,1,1,137674.96,1
15761950,45,Female,Germany,1,108,3/9/2017,652,110827.49,1,1,153383.54,1
15649668,36,Female,Germany,1,120,3/9/2016,637,145750.45,2,1,96660.76,0
15713912,45,Female,Spain,1,96,3/9/2018,516,109044.3,1,0,115818.16,0
15586757,32,Female,france,1,48,2/9/2022,801,75170.54,1,1,37898.5,0
15596522,42,Female,France,0,24,1/9/2024,692,0,2,1,145222.93,0
15625395,28,Female,  France  ,1,72,2/9/2020,585,105795.9,1,1,41219.09,0
15760570,32,Male,France,0,60,2/9/2021,590,0,2,1,59249.83,0
15566689,66,Male,Spain,1,96,3/9/2018,554,0,2,1,116747.62,0
15725794,49,Female,France,0,12,9/1/2025,659,0,1,1,116249.72,1
15673539,26,Female,France,0,36,2/9/2023,690,118097.87,1,1,61257.83,0
15705298,29,Male,Germany,0,0,1/9/2026,697,172693.54,1,0,141798.98,0
15675791,36,Male,France,0,48,2/9/2022,610,129440.3,2,1,102638.35,0
15747043,36,Male,Spain,0,48,2/9/2022,599,0,2,0,13210.56,0
15736397,23,Male,France,0,12,1/9/2025,544,96471.2,1,1,35550.97,0
15678201,46,Female,France,1,12,1/9/2025,548,0,1,1,104469.06,1
15720745,24,Male,Spain,1,48,2/9/2022,635,140197.18,1,1,142935.83,0
15637593,20,Male,France,0,72,2/9/2020,722,0,many,1,195486.28,0
15598070,N/A,Female,France,0,48,2/9/2022,564,135946.26,1,1,63170,0
15787550,69,Male,France,1,36,2/9/2023,719,0,2,1,58320.06,0
15603942,50,Male,Germany,1,36,2/9/2023,547,81290.02,3,0,177747.03,1
15733973,42,Female,France,0,96,3/9/2018,850,0,1,1,19632.64,1
15596761,60,Male,Germany,0,108,3/9/2017,515,113715.36,1,1,18424.24,1
15652400,56,Male,Spain,1,24,1/9/2024,667,168883.08,1,0,18897.78,0
15717893,36,Male,Germany,0,96,3/9/2018,607,143421.74,1,1,97879.02,0
15622585,26,Male,France,1,84,3/9/2019,525,153644.39,1,1,63197.88,0
15733964,53,Female,Spain,1,12,1/9/2025,606,109330.06,1,1,75860.01,0
15753861,27,Female,Germany,0,12,1/9/2025,686,115095.88,2,0,78622.46,0
15747097,35,Male,  France  ,1,120,3/9/2016,611,0,1,1,23598.23,1
15594762,46,Male,Spain,1,12,1/9/2025,827,183276.32,1,1,13460.27,0
15667417,33,Male,France,0,108,3/9/2017,572,68193.72,1,1,19998.31,0
15684861,32,Female,France,0,96,3/9/2018,726,Unknown,2,0,185075.63,0
15742204,31,Male,Germany,1,72,2/9/2020,579,139729.54,1,0,135815.38,0
15623502,56,Female,Spain,1,48,2/9/2022,-20,98365.33,1,1,44251.33,0
15774872,36,Male,France,0,120,3/9/2016,663,0,2,1,136349.55,0
15611191,37,Female,Germany,1,120,3/9/2016,505,122453.97,2,1,52693.99,0
15674331,30,Male,,0,84,3/9/2019,576,132174.41,2,0,93767.03,0
15619465,24,Female,Spain,1,24,1/9/2024,555,0,2,0,197866.55,0
15575247,30,Male,France,0,12,1/9/2025,524,0,2,1,126812.85,0
15695679,39,Male,Spain,0,24,1/9/2024,776,104349.45,1,0,79503.05,0
15713463,41,Female,Germany,0,24,1/9/2024,645,138881.04,1,1,129936.53,1
15785170,32,Female,Germany,0,0,1/9/2026,850,116968.91,1,0,175094.62,0
15796351,35,Male,Germany,1,12,1/9/2025,603,105346.03,2,1,130379.5,0
15639576,26,Male,France,0,108,3/9/2017,691,136623.19,1,1,153228,0
15693264,29,Female,France,1,120,3/9/2016,583,0,2,1,111285.85,0
15589715,66,Female,France,0,60,2/9/2021,584,0,1,1,49553.38,1
15769902,33,Female,France,1,72,2/9/2020,679,0,2,1,98015.85,0
15587177,36,Male,France,0,72,9/2/2020,646,124445.52,1,1,88481.32,0
15814553,34,Female,,1,60,2/9/2021,559,68999.66,2,1,66879.27,0
15601550,36,Male,Spain,1,72,2/9/2020,595,85768.42,1,1,24802.77,0
15664907,47,Male,France,0,12,1/9/2025,527,0,1,1,21312.16,1
15612465,years 34,Male,Spain,1,108,3/9/2017,684,100628,2,1,190263.78,0
15810800,32,Female,Spain,1,0,1/9/2026,673,0,1,1,72873.33,0
15665760,38,Male,Spain,1,84,3/9/2019,802,0,2,0,57764.65,0
15588080,54,Male,France,0,72,2/9/2020,675,0,1,1,110273.84,1
15776844,19,Female,Spain,0,72,2/9/2020,762,0,2,1,55500.17,0
15717560,50,Male,France,0,0,1/9/2026,580,125647.36,1,1,57541.08,1
15629739,31,Female,Germany,1,96,3/9/2018,621,100375.39,1,1,90384.26,0
15729908,36,Female,France,0,120,3/9/2016,411,0,1,0,120694.35,0
15716781,24,Male,France,1,84,3/9/2019,815,171922.72,1,0,178028.96,0
15646936,32,Female,Germany,1,24,1/9/2024,631,146810.99,2,1,180990.29,0
15768151,45,Female,Germany,1,36,2/9/2023,514,109032.23,1,0,155407.21,1
15579212,57,Male,France,0,72,2/9/2020,638,0,two,1,33676.48,1
15721835,25,Male,Spain,0,84,3/9/2019,791,0,1,1,89666.28,0
15800515,35,Male,France,0,60,2/9/2021,516,128653.59,1,1,127558.26,0
15591279,37,Male,France,1,36,2/9/2023,734,80387.81,1,0,77272.62,0
15587419,58,N/A,France,1,96,3/9/2018,611,0,2,0,107665.68,1
15750335,43,Male,Germany,0,0,1/9/2026,850,108508.82,3,1,184044.8,1
15699619,31,Male,France,0,120,3/9/2016,641,155978.17,1,1,91510.71,0
15606472,38,Female,France,1,60,2/9/2021,585,0,1,1,87363.56,0
15778368,50,Male,Germany,0,48,2/9/2022,552,121175.56,1,1,117505.07,1
15671387,29,Female,France,0,48,2/9/2022,507,89349.47,2,0,180626.68,0
15573926,38,Male,Spain,0,84,3/9/2019,735,86131.71,2,0,93478.96,0
15709183,58,Female,France,1,36,2/9/2023,707,102346.86,1,1,114672.64,0
15577514,36,Female,Germany,1,84,3/9/2019,698,121263.62,1,1,13387.88,0
15778830,31,Male,France,0,24,1/9/2024,841,0,2,1,173240.52,0
15768072,33,Female,Spain,0,24,1/9/2024,688,0,1,0,27557.18,1
15768293,51,Male,France,1,36,2/9/2023,614,0,2,1,5552.37,0
15654456,48,Male,Germany,0,72,2/9/2020,511,149726.08,1,0,88307.87,1
15807525,43,Male,France,0,24,1/9/2024,447,0,2,1,33879.26,1
15574372,35,Male,France,0,60,2/9/2021,738,161274.05,2,1,181429.87,0
15671249,33,Female,France,0,24,1/9/2024,422,0,2,1,102655.31,0
15779744,30,Male,Spain,1,12,1/9/2025,537,103138.17,1,1,96555.42,0
15624755,40,Female,Germany,0,36,2/9/2023,707,109628.44,1,1,189366.03,0
15611430,54,Male,France,0,60,2/9/2021,690,0,1,1,12847.61,1
15774744,33,Male,Germany,0,84,3/9/2019,664,97286.16,2,1,143433.33,0
15629885,33,Female,France,0,84,3/9/2019,850,118004.26,1,1,183983.82,0
15708791,32,Male,Spain,0,108,3/9/2017,584,85534.83,1,0,169137.24,0
15793890,59,Female,France,1,48,2/9/2022,728,0,1,1,163365.85,1
15646091,43,Female,Spain,0,48,2/9/2022,560,95140.44,2,1,123181.44,1
15596984,31,Female,France,1,72,2/9/2020,629,0,1,1,16447.6,1
15800215,25,Male,France,1,-1,2/9/2023,658,0,2,0,173948.4,0
15577806,54,Female,Germany,1,12,1/9/2025,794,75900.84,1,1,192154.66,0
15749381,41,Female,France,0,24,1/9/2024,790,126619.27,1,1,198224.38,0
15683758,44,Male,France,0,84,3/9/2019,640,111833.47,1,1,67202.74,0
15670615,37,Male,  Spain  ,0,84,3/9/2019,652,0,2,1,68789.93,0
15715622,57,Female,France,1,36,2/9/2023,583,238387.56,1,0,147964.99,1
15707634,32,Female,France,1,24,1/9/2024,775,108698.96,2,1,161069.73,0
15806901,39,Female,France,1,24,1/9/2024,584,112687.69,1,1,127749.61,0
15775335,48,Female,Germany,0,48,2/9/2022,635,81556.89,2,1,191914.37,0
15724150,48,Male,France,1,108,3/9/2017,814,136596.85,1,1,185791.9,0
15627220,43,Female,Germany,0,108,3/9/2017,735,98807.45,1,0,184570.04,1
15672330,31,Female,France,1,12,1-Sep-25,678,0,2,0,130446.65,0
15668521,37,Male,France,1,12,1/9/2025,693,0,2,1,82867.55,0
15807837,30,Female,France,1,72,2/9/2020,640,107499.7,1,1,187632.22,0
15592570,23,Female,Spain,0,96,3/9/2018,773,0,2,1,56759.79,0
15748589,30,Female,France,0,108,3/9/2017,736,0,2,1,34180.33,0
15635893,28,Female,France,1,96,3/9/2018,693,0,2,1,158545.25,0
15757632,41,Female,,0,12,1/9/2025,496,176024.05,2,1,182337.98,0
15691863,39,Female,France,1,36,2/9/2023,751,0,2,1,84175.34,0
15706071,39,Male,Germany,1,0,1/9/2026,528,127631.62,1,0,22197.8,1
15654296,19,Female,Spain,0,108,3/9/2017,754,0,1,1,189641.11,0
15755018,26,Female,Germany,0,120,3/9/2016,568,109819.16,2,1,154491.39,0
15594041,41,Female,Spain,0,24,1/9/2024,592,138734.94,1,1,90020.74,0
15670587,25,Male,Germany,0,120,3/9/2016,558,111363.1,2,1,197264.35,0
15724527,34,Male,France,1,108,3/9/2017,825,0,2,1,31933.06,0
15801904,28,Male,Germany,0,0,1/9/2026,677,143988,2,1,8755.69,1
15658195,34,Male,France,1,60,2/9/2021,653,118838.75,1,1,52820.13,0
15630113,35,Male,Spain,1,48,2/9/2022,593,161637.75,1,1,20008.46,0
15784320,44,Female,France,1,36,2/9/2023,632,133793.89,1,1,34607.14,1
15676513,35,Male,,0,96,3/9/2018,601,71553.83,1,1,177384.45,0
15574072,62,Female,france,1,96,3/9/2018,786,0,1,1,165702.64,0
15633854,40,Female,France,0,36,2/9/2023,654,0,2,1,167889.1,0
15618566,38,Female,France,1,84,3/9/2019,572,0,2,1,133122.62,0
15733014,62,Female,France,1,120,3/9/2016,813,64667.95,2,0,140454.14,0
15753343,28,Female,France,1,24,1/9/2024,523,121164.11,1,1,59938.81,0
15746076,50,Male,Spain,0,36,2/9/2023,506,0,2,1,12016.79,0
15608226,72,Male,Spain,1,36,2/9/2023,513,98903.06,1,1,81251.24,0
15605684,31,Female,France,0,84,3/9/2019,664,104158.84,1,1,134169.85,0
15638988,54,Male,France,1,72,2/9/2020,684,0,2,1,94888.6,0
15628767,63,Female,Spain,1,36,2/9/2023,608,139529.93,2,1,175696.16,1
15737977,25,Female,France,1,72,2/9/2020,527,0,2,0,96758.58,0
15758116,53,Male,France,0,60,2/9/2021,666,64646.7,1,1,128019.48,1
15575119,71,Male,France,1,36,2/9/2023,779,0,2,1,146895.36,1
15625126,40,Female,France,1,72,2/9/2020,629,0,2,1,139356.3,0
15567114,35,Male,France,0,12,1/9/2025,430,118894.22,1,0,2923.61,0
15672242,24,Male,France,1,24,1/9/2024,712,0,1,0,121232.51,0
15681327,30,Male,France,1,108,3/9/2017,682,0,2,1,2053.42,0
15802585,41,Female,France,1,96,3/9/2018,634,68213.99,two,1,6382.46,0
15740630,31,Female,Spain,0,12,1/9/2025,487,0,2,1,158750.13,0
15815420,47,Male,Spain,1,96,3/9/2018,808,139196,1,0,74028.36,0
15711468,32,Female,France,1,84,3/9/2019,527,0,2,1,44099.75,0
15799626,50,Male,Germany,1,48,2/9/2022,637,126345.55,1,0,17323,1
15659325,40,Male,Spain,1,60,2/9/2021,802,0,2,1,175043.69,0
15651352,38,Female,France,0,24,1/9/2024,529,0,1,1,146388.85,1
15684925,43,Female,France,0,36,2/9/2023,850,0,2,0,2465.8,0
15657439,18,Male,France,1,48,2/9/2022,738,0,2,1,47799.15,0
15574122,,Male,France,0,60,2/9/2021,817,129278.43,1,0,165562.84,0
15720508,31,Male,France,0,-1,2/9/2023,735,119558.35,1,0,72927.68,0
15599078,41,Female,Germany,0,60,2/9/2021,619,92467.58,1,1,38270.47,0
15702300,27,Male,France,0,60,2/9/2021,671,0,2,0,120893.07,0
15660735,31,FEMALE,Spain,0,72,2/9/2020,581,0,2,1,188377.21,0
15671390,36,Male,Spain,0,120,3/9/2016,690,0,2,1,55902.93,0
15647385,56,Male,Spain,0,48,2/9/2022,579,99340.83,1,0,4523.74,1
15739223,24,Female,Spain,1,36,2/9/2023,688,0,2,1,102195.16,0
15631305,28,Female,Spain,0,48,2/9/2022,599,126833.79,2,1,60843.09,1
15809263,29,Male,Germany,1,60,2/9/2021,729,109676.52,1,1,25548.47,0
15640866,29,Female,France,1,36,2/9/2023,718,0,1,0,134462.29,0
15775663,53,Male,Germany,1,72,2/9/2020,712,134729.99,2,1,132702.64,0
15631800,37,Male,France,0,36,2/9/2023,474,98431.37,1,0,75698.44,0
15654292,33,Male,Germany,0,96,3/9/2018,565,130368.31,2,1,105642.43,0
15648320,31,Female,France,0,84,3/9/2019,658,123974.96,1,1,102153.75,0
15726747,63,Male,France,1,48,9/2/2022,714,138082.16,1,0,166677.54,0
15694510,45,Male,France,0,12,1/9/2025,725,129855.32,1,0,24218.65,0
15572291,40,Male,France,0,72,2/9/2020,825,132308.22,1,0,117122.5,0
15603465,45,Female,Germany,0,60,2/9/2021,665,155447.65,2,1,51871.95,1
15685628,35,Male,Spain,1,24,1/9/2024,670,124268.64,2,0,84321.03,0
15792729,34,Female,Germany,0,108,3/9/2017,474,176311.36,1,1,160213.27,0
15767414,40,Male,France,1,24,1/9/2024,591,99886.42,2,1,88695.19,0
15568044,31,Female,France,1,84,3/9/2019,508,0,2,1,6123.15,0
15751333,36,Female,France,1,24,1/9/2024,695,0,2,0,167749.54,0
15623062,24,Male,Germany,1,60,2/9/2021,660,85089.3,1,1,71638,0
15713621,41,Male,Germany,1,120,3/9/2016,687,134318.21,2,1,198064.52,0
15670668,29,Male,Germany,1,60,2/9/2021,658,75395.53,2,0,54914.92,0
15750638,33,Female,Germany,0,60,2/9/2021,705,116765.7,1,0,190659.17,1
15747878,60,Male,Spain,1,48,2/9/2022,739,0,1,1,51637.67,0
15726796,38,Male,France,1,84,3/9/2019,844,111501.66,1,1,119333.38,0
15754952,48,Female,Germany,0,84,3/9/2019,602,76595.08,2,0,127095.14,0
15652192,33,Female,France,0,108,3/9/2017,759,160541.36,2,0,93541.14,0
15681924,38,Male,Germany,0,24,1/9/2024,747,129728.6,1,1,89289.54,0
15763544,47,Male,France,0,12,1/9/2025,673,0,2,0,108762.16,0
15764431,34,Female,Spain,1,60,2/9/2021,671,130929.02,4,1,28238.25,1
15684010,74,Female,Germany,1,24,1/9/2024,640,116800.25,1,1,34130.43,0
15648881,40,Male,Germany,1,0,1/9/2026,581,101016.53,1,0,7926.35,1
15733303,67,Male,France,1,60,2/9/2021,630,0,2,1,27330.27,0
15643294,33,Female,France,1,96,3/9/2018,703,190566.65,1,1,79997.14,0
15749905,47,Female,Spain,0,72,2/9/2020,698,0,1,1,50213.81,1
15625175,43,Female,Germany,1,72,2/9/2020,742,97067.69,1,0,60920.03,1
15643967,37,Female,France,1,48,2/9/2022,652,92208.54,1,0,197699.8,1
15578251,37,Male,France,0,24,1/9/2024,644,186347.97,2,1,92809.73,0
15772573,55,Male,Spain,1,24,1/9/2024,735,103176.62,1,0,163516.16,0
15733234,58,Female,France,1,48,2/9/2022,777,0,1,1,62449.07,1
15721582,40,Female,Germany,1,48,2/9/2022,644,77270.08,2,1,115800.1,1
15628219,37,Female,Germany,1,36,2/9/2023,665,111911.63,1,1,110359.68,1
15571302,72,Male,Germany,1,60,2/9/2021,529,94216.05,1,1,78695.68,0
15637178,45,Female,Spain,1,84,3/9/2019,803,0,2,1,128378.04,0
15601184,26,Female,Spain,0,36,2/9/2023,604,0,2,1,155248.62,0
15629511,49,Male,France,0,72,2/9/2020,738,106770.82,1,1,123499.27,0
15570629,72,Female,Germany,1,60,2/9/2021,655,138089.97,2,1,99920.41,0
15665766,39,Male,Germany,1,108,3/9/2017,698,133191.19,2,0,53289.49,0
15693732,66,Female,France,1,108,3/9/2017,775,0,2,1,67622.34,0
15765982,41,Male,France,1,84,3/9/2019,735,74135.85,1,1,11783.1,1
15582016,41,Male,Spain,0,72,2/9/2020,766,99208.46,2,1,62402.38,0
15798024,84,Male,Germany,1,96,3/9/2018,537,92242.34,1,1,186235.98,0
15588622,25,Male,Germany,1,84,3/9/2019,599,108380.72,1,1,79005.95,0
15724863,55,Female,Spain,0,48,2/9/2022,420,91893.32,1,1,144870.28,1
15618213,32,FEMALE,France,1,84,3/9/2019,674,85757.93,1,1,95481,0
15780411,Unknown,Female,France,0,36,2/9/2023,570,0,2,0,820.46,0
15725429,33,Male,Germany,1,96,3/9/2018,623,96759.42,1,1,174777.98,0
15600626,30,Male,France,1,72,2/9/2020,710,0,2,1,8991.17,0
15668460,29,Male,France,1,72,2/9/2020,466,0,2,1,2797.27,0
15576263,22,Female,France,0,60,2/9/2021,759,0,1,1,22303.17,0
15720354,71,Male,France,1,48,2/9/2022,581,0,2,1,197562.08,0
15691624,33,Male,France,0,24,1/9/2024,820,132150.26,2,1,23067.97,0
15793196,41,Male,France,1,108,3/9/2017,759,0,2,0,190294.12,0
15633352,31,Female,France,0,72,2/9/2020,628,175443.75,1,1,113167.17,1
15750874,31,Male,France,1,36,2/9/2023,676,78990.15,1,1,124777.14,0
15588923,33,Female,France,0,48,2/9/2022,591,113743.37,1,1,124625.08,0
15715745,26,Female,France,1,60,2/9/2021,690,157624.84,1,1,49599.27,0
15611800,62,Female,France,1,84,3/9/2019,624,125163.62,2,1,151411.5,0
15576928,23,Female,France,0,24,1/9/2024,573,0,1,1,122964.18,0
15793693,60,Male,France,1,108,3/9/2017,694,0,1,1,57088.97,0
15581252,29,Female,Spain,0,84,3/9/2019,632,80922.75,1,1,7820.78,0
15797760,40,Male,France,0,36,2/9/2023,632,193354.86,2,1,149188.41,0
15790564,40,Female,Germany,1,108,3/9/2017,832,107648.94,2,1,134638.97,0
15593736,46,Female,Germany,0,84,3/9/2019,598,131769.04,1,0,184980.23,1
15595937,36,Male,Germany,0,12,1/9/2025,430,138992.48,2,0,122373.42,0
15815628,37,Female,France,0,96,3/9/2018,711,113899.92,1,0,80215.2,0
15782802,26,Male,Germany,1,72,2/9/2020,582,114450.32,1,1,14081.64,0
15627412,years 39,Male,France,0,36,2/9/2023,605,0,2,1,199390.45,0
15734609,37,Female,France,1,24,1/9/2024,657,0,2,1,7667.48,0
15710689,40,Male,Spain,0,72,2/9/2020,578,63609.92,1,0,74965.61,1
15565806,38,Male,France,0,108,3/9/2017,532,0,2,0,30583.95,0
15815530,42,Female,France,0,120,3/9/2016,612,75497.51,1,0,149682.78,0
15632272,42,Female,France,0,24,1/9/2024,792,0,2,1,92664.09,0
15684103,26,Female,France,1,120,3/9/2016,674,0,2,1,138423.1,0
15654519,31,Male,France,1,12,1/9/2025,680,0,2,1,3148.2,0
15767722,39,Female,France,0,0,1/9/2026,593,117704.73,1,1,197933.5,0
15654346,35,Male,Germany,1,12,1/9/2025,679,130463.55,2,1,37341.17,0
15660147,32,Male,Spain,1,96,3/9/2018,493,46161.18,three,1,79577.4,0
15814998,42,Male,Spain,0,60,2/9/2021,688,0,2,0,197602.29,0
15802207,43,Male,Germany,1,48,2/9/2022,769,110182.54,2,1,87537.32,0
15658668,49,Male,Spain,0,120,3/9/2016,581,0,2,0,41623.59,0
15715079,41,Male,France,0,108,3/9/2017,465,117221.15,1,1,168280.95,0
15570360,35,Female,France,0,48,2/9/2022,641,0,2,0,125986.18,0
15674678,43,Female,Germany,0,108,3/9/2017,731,79120.27,1,0,548.52,1
15780925,37,Male,France,1,12,1/9/2025,625,177069.24,2,1,96088.54,0
15688193,36,Male,France,0,36,2/9/2023,468,61636.97,1,0,107787.42,0
15778219,26,Male,France,0,60,2/9/2021,790,0,1,1,20510.79,0
15696514,37,Female,Germany,0,72,2/9/2020,587,104414.03,1,1,192026.02,0
15712303,66,Male,France,1,48,2/9/2022,692,159732.02,1,1,118188.15,0
15719090,34,Female,Germany,1,48,2/9/2022,676,-1,1,1,189540.95,0
15735632,41,Male,France,1,96,3/9/2018,571,0,1,1,63736.17,0
15619436,32,Female,France,0,36,2/9/2023,700,0,1,0,95740.37,0
15722404,30,Female,France,1,36,2/9/2023,445,0,2,1,127939.19,0
15662063,36,Male,France,1,84,3/9/2019,746,142400.77,1,1,193438.69,0
15745605,47,Female,France,1,24,1/9/2024,722,88011.4,1,1,90655.94,1
15636658,36,Male,France,1,24,1/9/2024,596,0,2,1,12067.39,0
15784130,30,FEMALE,Germany,1,96,3/9/2018,850,154870.28,1,1,54191.38,0
15606755,46,Female,Spain,0,48,2/9/2022,597,0,2,1,58667.16,1
15801699,43,Male,Spain,1,60,2/9/2021,436,0,2,1,35687.43,0
15784097,28,Male,Germany,0,12,1/9/2025,660,118402.25,2,1,14288.93,0
15764654,37,Male,France,1,108,3/9/2017,649,87374.88,2,1,247.36,0
15612092,32,Male,Germany,0,96,3/9/2018,646,105397.8,1,1,78111.84,1
15610903,31,Female,Spain,0,60,2/9/2021,560,125341.69,1,1,79547.39,0
15705777,49,Male,Germany,1,120,3/9/2016,710,129164.88,1,1,193266.72,0
15661936,40,  Male  ,France,0,36,2/9/2023,513,141004.46,1,1,105028.46,0
15700864,21,Female,france,0,0,1/9/2026,607,0,2,1,116106.52,0
15722965,57,Male,France,1,36,2/9/2023,757,89079.41,1,1,53179.21,1
15737521,40,Male,Germany,0,108,3/9/2017,619,103604.31,2,0,140947.05,0
15814465,24,Male,France,1,12,1/9/2025,612,182705.05,1,1,171837.06,0
15580988,29,Unknown,France,1,96,3/9/2018,842,0,2,1,123437.05,0
15789974,33,Male,France,0,72,2/9/2020,713,9999,1,0,197519.66,1
15713370,36,Male,Spain,0,96,3/9/2018,657,188241.05,2,0,183058.51,1
15748673,37,Female,France,0,108,3/9/2017,770,0,2,0,22710.72,0
15754919,40,Female,France,1,120,3/9/2016,773,0,2,0,69303.15,0
15641662,39,Male,Germany,0,60,2/9/2021,470,117469.91,2,0,63705.9,0
15813422,35,Male,Spain,0,48,2/9/2022,781,80790.74,1,1,116429.51,0
15713596,62,Female,France,1,12,1/9/2025,428,107735.93,1,0,58381.77,0
15791216,43,Male,Germany,0,96,3-Sep-18,600,133379.41,1,1,177378.66,1
15689031,37,Female,Spain,0,84,3/9/2019,697,168066.87,1,1,35450.53,0
15763704,,Female,Germany,0,24,1/9/2024,692,69014.49,2,0,164621.43,0
15631339,28,Male,France,0,48,2/9/2022,791,0,1,1,174435.48,0
15771509,42,Female,Germany,1,12,1/9/2025,538,98548.62,2,0,94047.75,0
15769586,49,Female,France,1,12,1/9/2025,820,0,2,1,119087.25,0
15656096,26,Female,Spain,1,36,2/9/2023,679,76554.06,1,1,184800.27,0
15585280,36,Female,France,1,24,1/9/2024,649,0,2,0,75035.48,0
15743582,27,Female,France,1,36,2/9/2023,632,107375.82,1,1,62703.38,0
15761692,40,Male,France,1,108,3/9/2017,594,122417.17,2,0,190882.69,0
15627840,42,Female,France,1,0,1/9/2026,682,0,1,0,91981.85,1
15778861,33,Male,Spain,0,72,2/9/2020,720,97188.62,1,0,91881.29,0
15770554,31,Male,France,1,48,2/9/2022,769,61297.05,2,1,7118.02,0
15806956,30,Male,Spain,0,12,1/9/2025,746,112666.67,1,0,11710.4,1
15701908,40,Female,Spain,1,84,3/9/2019,623,0,1,1,25904.12,0
15736990,28,Male,France,0,36,2/9/2023,537,157842.07,1,1,86911.49,0
15743714,46,Male,France,0,84,3/9/2019,468,91443.75,1,1,10958.18,0
15807993,30,Female,Germany,0,0,1/9/2026,588,110148.49,1,1,5790.9,1
15644686,34,Female,Spain,1,108,3/9/2017,729,53299.96,2,1,42855.97,0
15677377,37,Male,Spain,1,36,2/9/2023,543,-1,2,1,78915.68,0
15626412,39,Male,Spain,1,72,2/9/2020,499,0,2,1,81409,0
15643679,28,Male,Germany,1,24,1/9/2024,784,70233.74,2,1,179252.73,0
15728456,33,Male,France,0,36,2/9/2023,604,0,1,1,42171.13,1
15630661,25,Female,Spain,0,120,3/9/2016,614,75212.28,1,1,58965.04,0
15734044,31,Female,France,1,84,3/9/2019,671,41299.03,1,0,102681.32,0
15705001,35,Female,Spain,0,36,2/9/2023,587,83286.56,1,1,125553.52,0
15809817,43,Male,Spain,0,120,3/9/2016,593,0,2,0,53478.02,0
15809137,29,Male,France,0,-10,2/9/2020,453,0,1,0,198376.02,1
15751593,35,Male,Germany,0,72,2/9/2020,570,85668.59,1,1,105525.36,0
15626491,45,Female,France,1,84,3/9/2019,655,57327.04,1,0,47349,0
15765461,47,Male,Spain,0,36,2/9/2023,632,0,2,1,178822.32,0
15568120,37,Female,France,1,84,3/9/2019,681,69609.85,1,1,72127.83,0
15787161,46,Male,Germany,0,48,2/9/2022,591,129269.27,1,1,163504.33,0
15812324,27,Male,France,1,12,1/9/2025,779,0,2,1,190623.02,0
15588944,63,Female,France,0,12,1/9/2025,456,165350.61,99,0,140758.07,1
15694253,41,Female,France,1,84,3/9/2019,686,152105.57,2,0,132374.41,0
15759566,74,Male,France,1,120,3/9/2016,617,0,2,1,53949.98,0
15675675,32,Female,France,0,60,2/9/2021,850,106290.64,1,1,121982.73,0
15802060,30,Female,Germany,0,120,3/9/2016,646,100548.67,2,0,136983.77,0
15660505,46,Male,Germany,0,24,1/9/2024,735,106344.95,1,1,114371.33,1
15782630,35,Male,france,0,60,2/9/2021,543,137482.19,1,0,62389.35,0
15700710,37,Female,France,1,36,2/9/2023,490,116465.53,1,0,24435.77,0
15742834,45,Male,France,1,12,1/9/2025,640,0,1,1,10908.33,0
15806511,45,Male,Spain,1,120,3/9/2016,445,0,2,0,90977.48,0
15608166,36,Male,France,1,108,3/9/2017,761,127637.92,1,1,81062.93,0
15614230,34,Female,France,1,36,2/9/2023,426,0,2,1,61230.83,0
15729958,37,Male,France,1,12,1/9/2025,777,0,1,1,126837.72,0
15800814,35,Male,France,0,24,1/9/2024,534,81951.74,2,1,115668.53,0
15674727,42,Female,France,1,60,2/9/2021,777,147531.82,1,1,38819.45,0
15657779,18,Male,Spain,1,36,2/9/2023,806,0,2,1,86994.54,0
15801395,33,Female,France,0,120,3/9/2016,790,135120.72,1,0,195204.99,0
15757911,32,Female,Spain,0,24,1/9/2024,643,0,1,0,131301.74,0
15665340,37,Female,Spain,1,96,3/9/2018,584,0,2,0,100835.19,0
15787151,34,Female,France,1,84,3/9/2019,638,0,2,1,198969.78,0
15757821,18,Male,Spain,0,12,1/9/2025,771,0,2,0,41542.95,0
15600688,39,Female,France,0,60,2/9/2021,600,0,2,0,118272.07,0
15594878,41,Female,Spain,0,60,2/9/2021,661,28082.95,1,1,69586.27,1
15569248,43,Female,France,0,120,3/9/2016,554,0,2,1,149629.13,1
15812706,49,Male,Spain,1,48,2/9/2022,627,111087.5,1,0,146680.25,0
15645045,38,Female,France,1,108,3/9/2017,659,0,2,1,132809.18,0
15766746,35,Male,France,0,72,2/9/2020,835,127120.07,1,1,28707.69,0
15700383,35,Female,France,1,84,3/9/2019,763,115651.6,2,1,104706.29,0
15632551,31,Male,Germany,0,48,2/9/2022,625,77743.01,2,1,75335.68,0
15795129,30,Female,France,0,108,3/9/2017,799,0,2,1,136827.96,0
15650545,69,Male,France,1,84,3/9/2019,849,71996.09,1,1,139065.94,0
15612769,28,Male,France,1,60,2/9/2021,692,61581.97,1,1,70179.91,0
15710853,24,Female,France,0,60,2/9/2021,623,0,2,1,116160.04,0
15623712,42,Female,Spain,0,60,2/9/2021,453,0,3,1,83008.49,1
15653251,84,Female,France,0,96,3/9/2018,408,87873.39,1,0,188484.52,1
15755077,37,Female,Germany,1,0,1/9/2026,778,105617.73,2,1,133699.82,1
15808557,42,Female,France,1,60,2/9/2021,695,0,1,0,72172.13,1
15614687,44,Female,Germany,1,48,2/9/2022,677,148770.61,2,1,191057.76,0
15626882,37,Male,Spain,1,60,2/9/2021,662,94901.09,1,1,48233.75,0
15748034,years 29,Male,France,1,84,3/9/2019,534,174851.9,1,1,79178.31,0
15632324,59,N/A,France,1,84,3/9/2019,602,0,2,1,162347.05,0
15761023,43,Female,,0,24,1/9/2024,554,120847.11,1,1,7611.61,1
15761453,,Male,France,0,72,2/9/2020,667,0,1,1,88890.05,0
15646726,43,Male,France,0,60,2/9/2021,672,0,1,0,63833.09,0
15637169,67,Female,Spain,1,48,2/9/2022,838,103267.8,1,1,78310.04,0
15636024,34,Female,Spain,1,48,2/9/2022,692,109699.08,1,1,37898.91,0
15801218,49,Male,France,1,96,3/9/2018,675,135133.39,1,0,179521.24,1
15642655,33,Male,Spain,0,12,1/9/2025,731,0,1,1,130726.96,0
15690130,32,Female,France,0,96,3/9/2018,468,137649.47,1,0,198714.29,0
15653753,43,Male,Spain,0,72,2/9/2020,542,113567.94,1,1,89543.25,0
15641359,35,Female,Spain,0,72,2/9/2020,662,0,2,0,2423.9,1
15776827,37,Male,Germany,1,60,2/9/2021,770,141547.26,2,0,180326.83,0
15647725,61,Female,France,0,60,2/9/2021,675,62055.17,3,1,166305.16,1
15648455,51,Male,Germany,0,48,2/9/2022,647,131156.76,1,1,29883.63,0
15580629,31,Male,France,0,-1,2/9/2020,604,134837.58,1,1,192029.19,0
15730161,39,Female,France,0,36,2/9/2023,833,0,2,1,1710.89,0
15626612,40,Male,N/A,0,48,2/9/2022,741,104784.23,1,1,135163.76,1
15662865,36,Male,Spain,1,12,1/9/2025,658,0,2,0,84927.42,0
15629094,36,Female,France,1,12,1/9/2025,528,156948.41,1,1,149912.28,1
15651823,60,Female,France,0,72,2/9/2020,590,147751.75,1,1,88206.04,1
15594827,34,Male,France,1,12,1/9/2025,675,124619.33,2,0,163667.56,0
15786392,41,Male,France,0,48,2/9/2022,765,124182.21,1,0,100153.43,0
15727353,64,Female,France,0,84,3/9/2019,650,142028.36,1,1,32275.09,1
15733777,44,Male,France,0,96,3/9/2018,817,0,1,0,65501.91,1
15614302,31,Female,Germany,0,120,3/9/2016,699,125837.86,2,1,189392.66,0
15723263,34,Female,  Germany  ,1,108,3/9/2017,495,117160.32,1,1,116069.24,1
15687270,61,Female,Spain,1,96,3/9/2018,491,0,2,0,139861.53,0
15803121,51,Male,France,0,60,2/9/2021,847,97565.74,1,0,144184.06,1
15598700,30,Female,Spain,1,60,2/9/2021,676,0,2,0,157888.5,0
15741875,25,Female,Spain,0,36,2/9/2023,746,104833.79,1,0,71911.3,0
15631709,31,Female,Spain,0,24,1/9/2024,470,101675.22,2,1,45033.75,0
15672970,20,Male,Spain,1,36,2/9/2023,714,0,2,0,150465.93,0
15761670,50,Female,France,0,96,3/9/2018,695,0,1,1,126381.6,1
15706005,46,Male,France,0,24,1/9/2024,674,174701.05,1,1,90189.72,1
15790336,36,Male,Germany,0,72,2/9/2020,664,71142.77,2,1,122433.09,0
15754267,31,Male,Germany,1,36,2/9/2023,697,108805.42,2,0,123825.83,0
15791988,68,Male,France,1,48,2/9/2022,670,0,2,1,11426.7,0
15683375,32,Female,France,1,48,2/9/2022,541,0,1,1,114951.42,0
15625151,66,Female,France,1,108,3/9/2017,640,116037.76,1,0,184636.05,0
15635285,28,Male,France,1,96,3/9/2018,647,0,2,1,91055.27,0
15574296,23,Male,France,0,24,1/9/2024,757,80673.96,2,1,93991.65,0
15711618,39,Female,Germany,0,12,1/9/2025,704,124640.51,1,1,116511.12,1
15670943,31,Male,Germany,0,108,3/9/2017,778,182275.23,2,1,190631.23,0
15634359,41,Female,Germany,0,60,2/9/2021,639,98635.77,1,1,199970.74,0
15586629,33,Male,France,0,60,2/9/2021,637,0,2,1,139947.17,0
15588461,35,Male,France,0,48,2/9/2022,686,0,1,1,8816.37,0
15773221,43,Male,Spain,0,96,3/9/2018,577,79757.21,1,1,135650.72,1
15664227,28,Male,  Germany  ,1,96,3/9/2018,506,53053.76,1,0,24577.34,0
15741745,28,Male,France,1,84,3/9/2019,757,120911.75,2,1,131249.46,0
15652626,55,Male,France,0,48,2/9/2022,826,115285.85,1,1,140126.17,0
15599410,41,Male,France,0,24,1/9/2024,721,0,2,1,168219.75,0
15571958,40,Male,Spain,0,36,2/9/2023,489,221532.8,1,1,171867.08,0
15785406,51,Female,France,0,48,2/9/2022,446,105056.13,1,0,70613.52,0
15687884,37,  Male  ,France,1,36,2/9/2023,677,88363.03,1,0,117946.3,0
15621685,29,Male,France,0,24,1/9/2024,769,123757.52,2,1,84872.66,0
15628886,56,Male,Spain,1,60,2/9/2021,677,123959.97,1,1,60590.72,1
15699325,62,Female,Germany,1,120,3/9/2016,555,114822.64,1,0,8444.5,0
15578369,,Female,Germany,0,108,3/9/2017,652,145219.3,1,1,159132.83,0
15654156,32,Female,Germany,1,60,2/9/2021,722,106807.64,1,1,76998.69,0
15707199,36,Male,France,0,0,1/9/2026,643,148159.71,1,0,55835.66,0
15671630,40,Female,Germany,0,12,1/9/2025,796,99745.95,1,1,177524.19,0
15632079,37,Female,Germany,0,96,3/9/2018,720,156282.79,1,1,45985.52,0
15767921,41,Male,  France  ,0,84,3/9/2019,613,0,2,1,60297.72,0
15573599,57,Female,France,1,72,2/9/2020,506,0,2,0,194421.12,1
15747208,50,Male,France,0,72,2/9/2020,608,0,1,1,93568.77,1
15582762,77,Male,Spain,1,24,1/9/2024,667,0,1,1,34702.92,0
15772528,47,Female,France,0,84,3/9/2019,750,N/A,2,1,54473.6,1
15755798,33,Male,France,0,48,2/9/2022,610,111582.11,1,0,113943.17,0
15788683,34,N/A,Germany,0,120,3/9/2016,588,129417.82,1,1,153727.32,0
15616922,26,Female,France,1,12,1/9/2025,479,0,2,1,19116.97,0
15771855,37,Male,France,1,60,2/9/2021,682,0,2,0,112554.68,0
15601873,36,Female,France,0,84,3/9/2019,677,0,1,1,47318.75,0
15657868,40,Male,Germany,0,72,2/9/2020,850,94607.08,1,1,36690.49,0
15711716,56,Female,France,0,12,1/9/2025,580,131368.3,1,1,106918.67,1
15734246,21,Female,France,1,96,3/9/2018,746,166883.07,2,0,194563.65,0
15792151,37,Female,Spain,0,36,2/9/2023,635,0,2,1,91086.73,0
15770159,25,Male,Germany,1,72,2/9/2020,664,172812.72,2,1,108008.65,0
15747649,36,Female,Germany,1,0,1/9/2026,558,126606.63,2,1,172363.52,0
15639357,46,Male,France,0,108,3/9/2017,415,134950.19,3,0,178587.36,1
15738907,60,Female,France,0,72,2/9/2020,798,96956.1,1,1,31907.44,1
15663446,29,Female,Germany,0,48,2/9/2022,792,107601.79,1,1,18922.18,1
15750867,46,Female,Germany,0,96,3/9/2018,489,92060.06,1,1,147222.95,1
15715939,33,Male,France,0,0,1/9/2026,730,0,2,1,1474.79,0
15763806,41,Male,France,1,48,2/9/2022,773,0,many,1,24924.92,0
15637993,36,Male,France,1,108,3/9/2017,711,137688.71,1,1,46884.1,0
15720338,55,Male,Spain,1,96,3/9/2018,592,85845.43,2,1,128918.42,0
15627162,27,Male,Germany,0,72,2/9/2020,695,125552.96,1,1,105291.26,0
15596710,33,Female,France,1,12,1/9/2025,640,167298.42,1,0,145381.65,0
15781678,31,Male,Spain,1,48,2/9/2022,470,55732.92,2,1,103792.53,0
15634968,37,Female,Germany,1,72,2/9/2020,789,110689.07,1,1,71121.04,1
15609475,39,Female,Spain,1,84,3/9/2019,604,98544.11,1,1,52327.57,0
15573319,35,Female,Germany,0,96,3/9/2018,493,178317.6,1,0,197428.64,0
15738291,48,Female,France,0,96,3/9/2018,671,115713.84,2,0,83210.84,0
15782456,46,Male,France,0,108,3/9/2017,656,143267.14,2,0,193099.43,0
15794841,19,Male,Spain,0,60,2/9/2021,739,89750.21,1,1,193008.52,0
15684696,,Female,Spain,0,36,2/9/2023,560,116576.45,1,1,157567.37,0
15629846,47,Female,Germany,0,96,3/9/2018,827,143001.5,2,1,108977.5,0
15674442,23,Male,France,0,84,3/9/2019,681,157761.56,1,0,147759.84,0
15571689,37,Female,France,1,60,2/9/2021,740,0,2,1,27528.4,0
15730469,31,Male,Spain,1,48,2/9/2022,663,103430.11,2,0,36479.27,0
15809320,52,Female,Spain,0,0,1/9/2026,845,0,1,1,31726.76,1
15684367,27,Male,Spain,0,60,2/9/2021,555,0,2,0,96398.51,0
15793049,48,Female,Germany,0,96,3/9/2018,680,115115.38,1,1,139558.6,1
15603665,39,Female,Germany,1,0,1/9/2026,638,122501.28,2,1,95007.8,0
15613623,62,Male,Spain,1,36,2/9/2023,640,0,1,1,101663.47,0
15569572,42,Male,France,1,72,2/9/2020,778,0,2,1,106197.44,0
15698791,45,Male,France,0,36,2/9/2023,679,146758.24,1,1,48466.89,0
15626233,32,Female,France,1,36,2/9/2023,593,0,2,1,151978.36,0
15607263,55,Male,France,1,36,2/9/2023,788,0,1,0,13288.46,1
15610900,70,Female,France,0,108,3/9/2017,770,110738.89,1,1,22666.77,1
15624775,67,Male,France,1,24,1/9/2024,729,94203.8,1,0,102391.06,0
15691703,47,Male,France,1,96,3/9/2018,545,105792.49,1,0,67830.2,1
15745355,41,Male,France,1,48,2/9/2022,597,153198.23,1,1,92090.36,0
15724955,38,Male,France,0,36,2/9/2023,537,0,2,0,141023.01,0
15628999,79,Male,France,1,120,3/9/2016,732,61811.23,1,1,104222.8,0
15654341,34,Male,France,0,96,3/9/2018,542,101116.06,1,1,196395.05,0
15744240,46,Female,Germany,1,0,9/1/2026,688,74458.25,1,0,6866.31,0
15632365,33,Male,Germany,0,96,3/9/2018,542,142871.27,2,0,77737.86,0
15729689,35,Male,Germany,1,72,2/9/2020,754,98585.94,2,0,106116.84,0
15759284,37,Female,France,1,72,2/9/2020,750,0,1,1,117948,1
15602124,30,Male,France,1,84,3/9/2019,731,0,2,1,184581.68,0
15661903,43,Female,France,0,36,2/9/2023,699,80764.03,1,1,199378.58,1
15664668,42,Female,France,1,108,3/9/2017,534,144801.97,1,0,12483.39,1
15736431,27,Male,Spain,0,24,1/9/2024,494,0,2,1,22404.64,0
15748639,35,Male,Germany,1,84,3/9/2019,497,110053.62,2,1,92887.06,0
15628123,28,Female,France,1,60,2/9/2021,632,118890.81,1,0,145157.97,0
15602731,31,Male,  France  ,0,60,2/9/2021,724,0,1,1,134889.95,1
15794137,37,Female,Germany,1,0,1/9/2026,751,151218.98,1,1,109309.29,0
15748696,42,Male,France,1,108,3/9/2017,733,150507.21,1,0,169964.12,0
15725068,21,Female,Spain,1,108,3/9/2017,701,0,2,1,26327.42,0
15807340,33,Male,  Germany  ,0,48,2/9/2022,525,131023.76,2,0,55072.93,0
15586133,44,Female,Germany,0,24,1/9/2024,666,122314.5,1,0,68574.88,1
15576185,29,Male,France,1,24,1/9/2024,653,0,2,1,41671.81,0
15660809,28,Male,France,1,48,2/9/2022,850,0,2,1,12409.01,0
15616666,52,Female,Germany,1,72,2/9/2020,646,111739.4,2,0,68367.18,0
15706904,43,Male,France,1,72,2/9/2020,750,113882.31,1,1,74564.41,0
15606915,24,Male,France,0,84,3/9/2019,764,98148.61,1,1,26843.76,0
15749693,32,Female,France,0,108,3/9/2017,658,0,2,1,156774.75,0
15791743,32,Male,France,1,12,1/9/2025,727,59271.82,1,1,46019.43,0
15796480,N/A,Female,France,1,24,1/9/2024,687,0,2,0,145411.39,0
15790442,33,Male,Spain,1,24,1/9/2024,631,0,2,1,158268.84,0
15609458,30,Male,France,1,120,3/9/2016,797,69413.44,1,1,74637.57,0
15593897,25,Male,Spain,1,84,3/9/2019,650,160599.06,2,1,28391.52,0
15604576,22,Male,Spain,1,36,2/9/2023,850,0,1,1,144385.54,0
15666270,40,Female,France,0,24,1/9/2024,676,147803.48,1,1,95181.06,1
15572626,44,Male,Spain,1,96,3/9/2018,620,0,2,1,15627.51,0
15727197,52,Female,France,0,108,3/9/2017,576,-1,2,0,148477.57,1
15714006,35,Female,France,1,24,1/9/2024,482,133111.73,1,0,79957.95,0
15642137,39,Female,Spain,0,60,2/9/2021,695,0,2,0,102763.69,0
15665327,18,Male,France,0,24,1/9/2024,706,176139.5,2,1,129654.22,0
15626806,32,Female,France,1,24,1/9/2024,668,0,2,1,40652.33,0
15662578,,Male,Germany,1,12,1/9/2025,679,110245.13,1,1,178291.09,0
15790829,45,Female,France,0,60,2/9/2021,703,0,two,1,131906.44,0
15654959,67,Male,Spain,1,72,2/9/2020,670,158719.57,1,1,118607.4,0
15760244,76,Female,France,1,60,2/9/2021,590,160979.68,1,0,13848.58,0
15715394,35,Male,Spain,1,48,2/9/2022,613,123557.65,2,0,170903.4,0
15722246,60,Female,France,1,48,2/9/2022,742,0,1,1,13161.66,1
15609704,33,Female,France,0,48,2/9/2022,608,0,1,1,79304.38,1
15757628,40,Male,France,1,120,3/9/2016,571,112896.86,1,1,121402.53,0
15633586,39,Female,France,0,84,3/9/2019,595,120962.13,1,0,23305.01,0
15565796,48,Male,Germany,0,120,3/9/2016,745,96048.55,1,1,74510.65,0
15717935,21,Female,France,1,36,2/9/2023,589,0,2,0,55601.44,0
15577700,37,Male,  France  ,1,120,3/9/2016,749,185063.7,2,1,134526.87,0
15747345,22,Female,France,1,72,2/9/2020,678,118064.93,2,1,195424.01,0
15678317,46,Male,France,1,24,1/9/2024,603,0,2,1,59563.49,0
15698335,73,Female,France,1,96,3/9/2018,504,0,1,1,34595.58,0
15768451,40,Male,  Germany  ,1,60,2/9/2021,739,149131.03,3,1,60036.99,1
15753213,34,Female,France,0,84,3/9/2019,604,0,2,1,193021.49,0
15769645,9999,Female,France,1,36,2/9/2023,612,0,1,1,48108.72,0
15657565,44,Female,Spain,0,72,2/9/2020,629,125512.98,2,0,79082.76,0
15620323,42,Female,Spain,0,36,2/9/2023,652,83492.07,2,1,37914.12,0
15679983,34,Male,France,0,84,3/9/2019,565,0,1,0,74593.84,0
15812616,49,Female,France,0,120,3/9/2016,707,0,1,1,82967.97,1
15601796,30,Male,France,1,12,1/9/2025,645,125739.26,1,1,193441.23,0
15729489,34,Female,Germany,1,96,3/9/2018,762,98592.88,1,0,191790.29,1
15613216,39,Female,Spain,0,12,1/9/2025,639,141789.15,1,1,92455.96,0
15657937,22,Male,Germany,0,0,1/9/2026,709,112949.71,1,0,155231.55,0
15815428,34,Male,France,0,36,2/9/2023,823,105057.33,1,1,9217.92,0
15640409,46,Female,Germany,1,0,1/9/2026,817,89087.89,1,0,87941.85,1
15699492,27,Female,Germany,0,24,1/9/2024,665,147435.96,1,0,187508.06,0
15623536,39,Male,Germany,0,0,1/9/2026,646,154439.86,1,1,171519.06,0
15707551,30,Male,France,1,96,3/9/2018,568,73054.37,2,1,27012,0
15577999,62,Female,France,0,12,1/9/2025,850,124678.35,1,1,70916,1
15788775,40,Male,Germany,0,96,3/9/2018,473,152576.25,2,1,73073.68,0
15758362,41,Female,France,1,108,3/9/2017,731,152243.57,1,1,88783.59,0
15807961,25,Male,France,0,48,2/9/2022,619,0,1,1,145524.36,0
15710978,42,Male,Germany,1,24,1/9/2024,715,88120.97,2,1,21333.22,0
15703541,51,Female,Germany,1,108,3/9/2017,772,143930.92,1,0,46675.51,1
15626474,31,FEMALE,France,0,12,1/9/2025,686,0,2,1,4802.25,0
15608344,29,Female,Germany,0,84,3/9/2019,749,137059.05,3,1,102975.72,1
15768367,27,Female,France,1,84,3/9/2019,781,186558.55,1,1,175071.29,1
15806210,66,Male,Spain,1,60,2/9/2021,675,115654.47,2,1,131970.86,0
15697702,29,Male,Spain,0,24,1/9/2024,730,0,2,1,14174.09,0
15689152,38,Male,Spain,0,36,2/9/2023,683,126152.84,1,0,15378.75,0
15568573,51,Female,Germany,1,84,3/9/2019,554,105701.91,1,0,179797.79,1
15689598,46,Male,France,1,72,2/9/2020,722,0,1,1,93917.68,1
15713374,67,Male,Germany,1,108,3/9/2017,689,157094.78,1,1,99490.01,0
15679733,40,Male,Germany,1,24,1/9/2024,796,113228.38,2,1,46415.09,0
15759274,32,Female,France,1,120,3/9/2016,447,0,1,1,151815.76,0
15607748,37,Male,Germany,1,96,3/9/2018,498,108432.88,2,1,14865.05,0
15607577,27,Male,Spain,1,96,3/9/2018,663,0,1,1,188007.99,0
15813697,44,Female,Germany,1,24,1/9/2024,498,120702.67,2,1,98175.74,0
15801125,32,Female,France,0,12,1/9/2025,627,0,1,1,106851.7,0
15777855,45,Male,France,1,84,3/9/2019,649,0,2,0,75204.21,0
15635396,29,Female,Germany,0,108,3/9/2017,738,139106.19,1,1,141872.05,1
15698031,39,Female,Germany,0,72,2/9/2020,587,101851.8,2,1,7103.71,0
15678944,32,Female,Germany,0,72,2/9/2020,655,130935.56,1,1,9241.83,1
15718507,37,Male,Germany,1,36,2/9/2023,647,116509.99,1,1,149517.71,1
15808334,37,Female,Germany,1,12,1/9/2025,776,93124.04,2,1,196079.32,0
15804709,35,Male,Germany,0,60,2/9/2021,688,111578.18,1,0,166165.93,1
15645835,32,Male,France,1,108,3/9/2017,605,0,2,1,55724.24,0
15738166,39,Female,France,1,120,3/9/2016,596,86546.29,1,0,131768.98,0
15675360,33,Male,France,1,96,3/9/2018,427,0,1,1,13858.95,0
15793042,39,Male,France,0,24,1/9/2024,629,129669.32,2,1,82774.07,0
15630106,29,Male,Spain,0,24,1/9/2024,496,0,2,1,55389.59,0
15810385,36,Female,Spain,1,24,1/9/2024,717,164557.95,1,0,82336.73,0
15578211,23,Male,France,1,72,2/9/2020,777,0,2,1,163225.48,0
15572792,35,Male,Spain,1,96,3/9/2018,535,118989.92,1,1,135536.72,0
15620030,,Male,France,0,12,1/9/2025,744,0,1,0,82422.97,0
15783541,years 31,Male,France,1,60,2/9/2021,755,0,2,0,194660.78,0
15679284,45,Female,Spain,0,72,2/9/2020,593,79259.75,1,1,55347.28,0
15582910,38,Male,France,0,48,2/9/2022,514,112230.38,1,1,16717.11,1
15688337,40,Male,France,1,108,3/9/2017,721,118129.87,1,1,160277.65,0
15734970,38,Male,Spain,0,84,3/9/2019,835,86824.09,1,0,175905.97,0
15759140,64,Female,France,1,120,3/9/2016,682,128306.7,1,0,66040.83,0
15643042,40,Female,Germany,0,24,1/9/2024,590,117641.43,2,0,92198.05,0
15773868,37,Female,Germany,0,36,2/9/2023,653,125734.2,2,1,134625.09,1
15615820,,Male,France,1,96,3/9/2018,837,103302.37,1,1,50974.57,0
15730273,27,Male,France,0,96,3/9/2018,841,0,1,1,171922.72,0
15724890,36,Male,Spain,0,48,2/9/2022,584,82696.09,2,0,83058.14,0
15765952,29,Male,France,0,48,2/9/2022,769,145471.37,1,1,188382.77,0
15685920,34,Male,Spain,0,24,1/9/2024,599,101506.66,1,0,198030.24,0
15663263,47,Male,France,0,60,2/9/2021,698,156265.31,2,0,1055.66,0
15568953,27,Male,France,1,12,1/9/2025,477,128554.98,1,1,133173.19,0
15643361,34,Male,Germany,1,96,3/9/2018,477,139959.55,2,1,189875.83,0
15699486,years 34,Male,Spain,1,84,3/9/2019,745,132944.53,1,1,31802.92,0
15747854,35,Female,France,1,36,2/9/2023,749,0,3,1,132649.85,0
15691785,61,Male,France,0,12,1/9/2025,850,0,1,1,53067.83,1
15709004,22,Male,Germany,1,60,2/9/2021,528,93547.23,2,0,961.57,0
15652218,33,Male,France,0,24,1/9/2024,750,152302.72,1,1,71333.44,0
15697127,31,Female,France,1,24,1/9/2024,543,147674.26,1,1,16658.76,0
15658486,59,Female,Spain,1,36,2/9/2023,579,148021.12,1,1,74878.22,0
15694160,37,Male,France,0,0,1/9/2026,624,0,2,0,112104.55,0
15685290,46,Male,Germany,0,60,2/9/2021,595,142360.62,2,1,48421.4,1
15701042,27,Female,Germany,0,24,1/9/2024,596,151027.56,1,1,170320.58,0
15680449,44,Female,Germany,0,24,1/9/2024,431,138843.7,1,1,37688.31,1
15599860,26,Female,Spain,1,96,3/9/2018,647,109958.15,1,1,136592.24,1
15723169,31,Female,France,0,108,3/9/2017,640,138857.59,1,1,48640.77,0
15803842,45,Female,Germany,1,36,2/9/2023,752,,2,0,89773.45,0
15728224,41,Female,Germany,0,108,3/9/2017,710,149155.53,2,1,42131.26,1
15644174,27,Male,Germany,1,48,2/9/2022,638,135096.05,1,1,186523.72,1
15707110,28,Male,Germany,0,24,1/9/2024,660,170890.05,2,1,41758.9,0
15765415,45,Female,Spain,1,48,2/9/2022,609,89122.3,1,1,199256.98,0
15756751,54,Female,Spain,1,0,1/9/2026,596,78126.28,1,1,153482.91,1
15795151,38,Female,France,0,36,2/9/2023,705,123894.43,1,1,21177.1,0
15632859,36,Male,France,1,84,3/9/2019,444,0,2,0,138743.86,0
15584037,58,Male,Germany,0,60,2/9/2021,727,106913.43,1,1,25881,1
15621409,32,Male,France,0,48,2/9/2022,496,127845.83,1,1,66469.2,0
15581102,22,Female,France,1,96,3/9/2018,554,0,2,0,142670.61,0
15578096,26,Male,France,0,84,3/9/2019,537,106397.75,1,0,103563.23,0
15669887,51,Female,France,1,36,2/9/2023,839,0,1,1,69101.23,1
15621834,43,Female,Spain,0,0,1/9/2026,700,0,2,1,59475.35,0
15655341,35,Female,Spain,0,60,2/9/2021,458,166492.48,1,1,135287.74,0
15685314,28,Female,France,1,24,1/9/2024,850,0,2,1,38773.74,0
15653997,31,Male,Spain,0,72,2/9/2020,699,114493.68,1,0,138396.32,0
15629551,44,Female,Germany,1,108,3/9/2017,615,126104.98,2,0,110718.02,0
15651264,51,Male,Germany,0,48,2/9/2022,850,124425.99,1,0,118545.49,1
15760825,40,Female,France,0,12,1/9/2025,604,0,2,1,123207.17,0
15597394,34,Male,Spain,0,0,1/9/2026,668,0,1,0,99984.86,0
15740383,38,Female,Spain,0,120,3/9/2016,594,0,2,1,58332.91,0
15670562,30,Male,France,1,36,2/9/2023,470,101140.76,1,1,50906.65,0
15698117,41,Male,Germany,1,0,1/9/2026,701,150844.94,1,0,127623.36,0
15694805,35,Male,Spain,1,12,1/9/2025,664,115024.5,1,0,169665.79,0
15746802,30,Female,France,0,72,2/9/2020,477,131286.46,1,1,194144.45,0
15589428,42,Female,France,0,108,3/9/2017,756,0,2,1,35673.42,0
15790267,40,Female,France,1,84,3/9/2019,625,141267.67,1,0,177397.49,0
15665402,73,Male,Spain,1,60,2/9/2021,703,137761.55,1,1,159677.46,0
15642093,30,Male,France,0,84,3/9/2019,646,0,2,1,153566.97,0
15666181,33,Male,France,0,0,1/9/2026,650,98064.97,1,1,52411.99,0
15602554,31,Female,France,1,108,3/9/2017,664,114519.57,2,0,79222.02,0
15724251,29,Female,Germany,0,72,2/9/2020,682,101012.77,1,0,32589.89,1
15740147,44,Female,France,1,120,3/9/2016,725,0,1,0,93777.61,0
15718289,46,Male,Germany,0,36,2/9/2023,553,82291.1,1,1,112549.99,1
15763148,39,Male,France,0,108,3/9/2017,576,84719.98,1,0,191063.36,0
15685245,56,Female,Spain,1,60,2/9/2021,608,0,2,0,153810.41,0
15626985,39,Female,France,0,0,1/9/2026,850,104386.53,1,1,105886.77,0
15585823,31,Male,France,0,96,3/9/2018,627,128131.73,1,1,96131.47,0
15728167,44,Male,France,0,24,1/9/2024,667,122806.95,1,0,15120.86,0
15762928,44,Male,Spain,0,96,3/9/2018,548,0,1,1,16989.77,0
15751774,76,Male,France,1,48,2/9/2022,774,112510.89,1,1,143133.18,0
15654733,57,Male,Germany,0,36,2/9/2023,-20,117056.46,1,1,93336.93,1
15809777,55,Female,Germany,1,84,3/9/2019,497,131778.66,1,1,9972.64,0
15744200,36,Female,France,0,12,1/9/2025,587,70784.27,1,1,30579.82,0
15720713,29,Female,France,1,120,3/9/2016,850,0,2,1,199775.67,0
15695356,,Male,France,0,60,2/9/2021,722,0,2,1,179908.71,0
15653315,35,Female,Spain,0,12,1/9/2025,555,0,2,1,101667,0
15604792,38,Male,Germany,1,72,2/9/2020,609,140752.06,2,0,171430.16,0
15704819,39,Female,Spain,0,72,2/9/2020,734,92126.26,2,0,112973.34,0
15670859,39,Female,Germany,1,84,3/9/2019,718,93148.74,2,1,190746.38,0
15602797,49,Female,Spain,1,60,2/9/2021,645,110132.55,3,0,187689.91,1
15662533,23,Female,Spain,0,72,2/9/2020,598,0,2,1,153229.19,0
15778154,50,Male,Germany,1,48,2/9/2022,628,122227.71,1,0,14217.77,1
15806230,40,Male,Germany,1,24,1/9/2024,629,121647.54,2,1,64849.74,1
15662884,58,Male,Germany,1,12,1/9/2025,739,110597.76,1,0,160122.66,1
15750778,60,Female,France,1,24,1/9/2024,653,120731.39,4,1,138160.11,1
15717185,28,Male,France,1,96,3/9/2018,711,0,2,1,64286.39,0
15677804,38,Male,Spain,1,12,1/9/2025,783,0,3,1,80178.54,1
15568915,38,Male,France,0,72,2/9/2020,681,153722.47,1,1,101319.76,0
15736495,34,Male,France,0,96,3/9/2018,712,114088.32,1,1,92794.61,0
15737354,48,Female,France,1,84,3/9/2019,554,0,2,1,63708.07,0
15667889,37,Female,France,0,72,2/9/2020,611,0,2,1,110782.88,0
15577831,41,Male,Germany,0,48,2/9/2022,560,152532.3,1,0,10779.69,0
15729836,32,Male,Spain,0,12,1/9/2025,646,0,2,1,183289.22,0
15775293,34,Male,France,0,36,2/9/2023,680,143292.95,1,1,66526.01,0
15697597,26,Male,France,1,12,1/9/2025,631,149144.61,1,0,123697.95,0
15639669,36,Male,France,1,108,3/9/2017,746,127157.04,1,1,155700.15,0
15631392,43,Male,Germany,1,108,3/9/2017,654,84673.17,2,0,82081.35,0
15580935,33,Male,Germany,0,108,3/9/2017,687,135962.4,2,1,121747.96,0
15590344,32,Male,Germany,1,36,2/9/2023,708,151691.44,2,1,172810.51,0
15653306,32,Female,Germany,0,0,1/9/2026,679,88335.05,1,0,159584.81,0
15805025,45,Female,France,1,84,3/9/2019,636,139859.23,1,1,108402.54,0
15658449,45,Male,France,1,108,3/9/2017,695,43134.65,1,0,77330.35,0
15694450,42,Male,France,0,60,2/9/2021,677,99580.13,1,1,21007.96,0
15605666,34,Female,France,1,72,2/9/2020,720,110717.38,1,1,9398.45,0
15615126,37,Female,France,0,36,2/9/2023,780,0,2,0,182156.81,1
15726588,36,Female,Spain,0,36,2/9/2023,653,0,2,0,110525.6,0
15645095,28,Female,France,0,36,2/9/2023,674,0,1,1,51536.99,0
15808960,40,Male,Germany,0,60,2/9/2021,620,108197.11,2,1,49722.34,0
15729435,40,Male,France,1,72,2/9/2020,623,0,2,1,66119.07,0
15656840,29,Female,France,1,72,2/9/2020,547,104450.86,1,1,37160.28,0
15659149,39,Male,France,0,24,1/9/2024,530,0,2,1,197923.05,0
15585490,34,Female,France,1,48,2/9/2022,746,0,1,0,65166.6,0
15674929,31,Female,France,0,84,3/9/2019,512,0,2,0,49326.07,0
15746341,40,Male,France,1,96,3/9/2018,630,0,2,1,42495.81,0
15662091,21,Male,Spain,1,84,3/9/2019,570,116099.82,1,1,148087.62,0
15620123,39,Male,France,0,72,2/9/2020,605,111169.91,1,0,9641.4,0
15616240,37,Male,Spain,1,48,2/9/2022,530,0,2,1,164844.37,0
15624186,25,Female,Germany,1,-1,2/9/2021,813,123616.43,1,0,132959.33,0
15605036,37,Female,Spain,1,108,3/9/2017,704,155619.58,1,1,135088.58,0
15805151,31,Male,Germany,1,24,1/9/2024,565,89558.39,2,1,4441.54,0
15753847,45,Male,Spain,1,48,2/9/2022,645,0,1,0,174916.85,1
15653222,32,Female,Germany,1,72,2/9/2020,526,131938.92,2,1,1795.93,0
15757541,33,Female,France,0,108,3/9/2017,778,151772.63,2,0,180249.94,1
15726945,72,Female,France,1,96,3/9/2018,677,0,2,1,153604.44,0
15794276,64,Female,France,1,36,2/9/2023,588,0,1,1,189703.65,0
15568328,22,Female,France,1,72,2/9/2020,488,0,2,1,66393.89,0
15604355,39,Male,France,1,12,1/9/2025,519,97700.02,1,1,30709.03,0
15735788,31,Male,France,1,72,2/9/2020,709,0,2,1,71009.84,0
15618255,56,Female,Germany,0,72,2/9/2020,642,103244.86,2,1,143049.72,1
15720941,34,Male,Germany,1,96,3/9/2018,710,147833.3,2,0,1561.58,0
15769110,46,Female,France,0,60,2/9/2021,653,0,2,1,49707.85,0
15576094,71,Male,France,1,0,1/9/2026,743,0,2,0,29837.65,0
15756150,39,Female,France,0,24,1/9/2024,418,0,2,0,9041.71,0
15719579,33,Female,Germany,1,108,3/9/2017,670,84521.48,2,0,198017.05,0
15748854,28,Female,Germany,0,60,2/9/2021,723,91938.31,1,1,143481.85,0
15612455,45,Male,Germany,1,72,2/9/2020,549,124240.93,1,1,146372.51,0
15664802,42,Female,France,0,60,2/9/2021,543,0,2,0,101905.34,0
15735687,37,Male,Spain,0,24,1/9/2024,595,157084.99,1,1,134767.13,0
15664734,25,FEMALE,Germany,1,36,2/9/2023,673,108244.82,2,1,103573.96,0
15767894,21,Female,France,1,108,3/9/2017,741,0,2,0,139259.54,0
15666884,41,Female,Germany,0,60,2/9/2021,508,82161.7,2,1,187776.49,0
15750156,59,Male,Germany,0,24,1/9/2024,662,104568.41,1,1,8059.44,1
15751120,36,Female,France,0,24,1/9/2024,752,119912.46,1,1,124354.92,0
15575748,36,Male,France,1,108,3/9/2017,809,68881.59,2,0,109135.11,0
15714610,30,Male,Spain,1,24,1/9/2024,575,0,2,1,82222.86,0
15720305,40,Female,Spain,1,12,1/9/2025,591,86376.29,1,0,136767.16,1
15678129,45,Female,Spain,0,108,3/9/2017,643,150840.03,2,1,155516.35,0
15566633,55,Male,Germany,1,96,3/9/2018,698,155059.1,2,1,144584.29,0
15680436,29,Female,France,0,48,2/9/2022,496,0,2,1,164806.89,0
15674343,44,Male,France,1,96,3/9/2018,597,78128.13,2,0,109153.04,0
15658890,46,Male,Germany,1,48,2/9/2022,603,98899.76,2,1,86190.34,0
15599004,37,Male,Spain,1,12,1/9/2025,655,0,1,1,106040.97,0
15726487,63,Male,France,1,72,2/9/2020,431,160982.89,1,1,168008.17,0
15698716,70,Female,France,0,36,2/9/2023,620,87926.24,2,1,33350.26,1
15710527,35,Female,France,1,48,2/9/2022,782,0,1,1,119565.34,0
15655590,46,Male,Spain,0,24,1/9/2024,581,79385.21,2,0,188492.82,0
15732266,53,  Male  ,Germany,0,60,2/9/2021,553,127997.83,1,1,165378.66,1
15669326,44,Male,France,1,24,1/9/2024,658,168396.34,1,1,14178.73,0
15672246,43,Male,Germany,1,24,1/9/2024,686,134896.03,1,1,97847.05,0
15620276,36,Male,Spain,1,72,2/9/2020,539,0,3,1,118959.64,0
15640258,50,Female,France,1,72,2/9/2020,unknown,94238.75,2,1,50664.07,1
15740283,29,Male,France,0,12,1/9/2025,850,0,2,0,152996.89,0
15759717,39,Female,Spain,0,84,3/9/2019,763,0,2,1,19458.75,0
15620268,43,Male,Germany,0,36,2/9/2023,634,212696.32,1,1,115268.86,0
15743871,59,Male,France,0,36,2/9/2023,567,0,2,1,25843.7,1
15614491,39,Male,France,0,36,2/9/2023,539,139153.68,2,1,147662.33,0
15595047,41,Male,France,0,84,3/9/2019,764,0,three,0,134878.34,0
15732334,40,Female,France,0,0,1/9/2026,653,0,2,1,35795.85,0
15701206,44,Male,Spain,0,60,2/9/2021,566,0,2,1,66462.79,0
15581280,29,Male,Germany,1,72,2/9/2020,714,92887.13,1,1,69578.49,0
15651943,65,Female,Spain,1,12,1/9/2025,580,0,2,0,103182.46,0
15609545,29,Male,France,1,60,2/9/2021,548,83442.98,1,0,177017.39,0
15658548,36,Female,Germany,0,72,2/9/2020,646,144773.29,2,1,53217.3,0
15626008,52,Female,Germany,1,108,3/9/2017,622,111973.97,1,1,162756.29,1
15774133,35,Female,France,1,96,3/9/2018,706,178032.53,1,0,42181.68,0
15763798,23,Male,France,1,60,2/9/2021,680,140007.19,1,0,31714.08,0
15758013,37,N/A,France,0,60,2/9/2021,698,98400.61,2,0,25017.28,0
15705765,46,Female,Spain,0,12,1/9/2025,581,0,2,1,104272.04,0
15648362,45,Male,Germany,0,36,2/9/2023,728,108924.33,2,1,84300.4,1
15761102,32,Female,Spain,0,48,9/2/2022,707,132835.56,1,0,136877.24,0
15610165,26,Female,France,1,12,1/9/2025,761,0,2,1,199409.19,0
15723717,121,Male,Germany,0,12,1/9/2025,483,118334.44,1,0,163147.99,1
15654611,25,Female,Germany,0,108,3/9/2017,736,81732.88,2,1,136497.28,0
15659736,66,Male,Germany,0,60,2/9/2021,716,121411.9,1,0,10070.4,1
15603170,32,Male,France,0,108,3/9/2017,654,121455.65,1,1,190068.53,1
15786167,20,Male,Spain,1,60,2/9/2021,649,0,2,1,58309.54,0
15671915,46,Male,France,1,60,2/9/2021,649,0,2,1,76946.6,0
15794792,31,Female,France,1,96,3/9/2018,612,117989.76,1,1,54129.86,0
15652789,40,Male,Spain,1,120,3/9/2016,657,0,2,1,52990.7,0
15739168,31,Female,France,1,60,2/9/2021,511,137411.29,1,0,161854.98,0
15719950,61,Male,France,1,120,3/9/2016,682,73688.2,1,1,172141.33,0
15743818,58,Male,Spain,1,108,3/9/2017,748,122330.7,2,0,124429.19,0
15717937,43,Male,Germany,0,60,2/9/2021,554,99906.89,1,0,24983.39,0
15602841,28,Female,Spain,1,60,2/9/2021,794,0,2,0,86699.98,0
15619972,47,Female,France,0,108,3/9/2017,807,167664.83,1,0,125440.11,1
15796114,34,Female,France,0,84,3/9/2019,594,,1,0,9443.15,0
15633546,33,Female,Spain,0,36,2/9/2023,652,124832.51,1,1,195877.06,0
15758755,34,Female,France,1,108,3/9/2017,729,132121.71,1,0,105409.31,0
15695168,39,Male,France,0,24,1/9/2024,625,0,2,1,100403.05,0
15754342,60,Female,Germany,1,0,1/9/2026,597,78539.84,1,0,48502.88,0
15756610,38,Female,Germany,0,60,2/9/2021,657,123770.46,1,0,47019.66,1
15640917,43,Male,France,1,60,2/9/2021,633,0,2,1,48249.88,0
15663164,49,Male,Germany,1,84,3/9/2019,663,116150.65,3,1,84358.71,1
15616811,47,Male,France,1,0,1/9/2026,535,160729.1,1,0,145986.35,0
15610781,29,Female,France,0,120,3/9/2016,702,88378.6,1,1,88550.28,0
15600911,33,Male,France,0,24,1/9/2024,712,182888.08,1,1,3061,0
15629603,31,Male,France,1,96,3/9/2018,607,0,2,1,43196.5,0
15714981,37,Male,France,1,48,2/9/2022,476,0,1,1,55775.84,1
15775892,23,Female,Spain,0,96,3/9/2018,748,85600.08,1,0,134077.71,0
15782778,35,Male,France,1,48,2/9/2022,815,0,2,0,198490.33,0
15786643,32,Male,France,1,120,3/9/2016,602,0,2,1,116052.92,0
15595657,40,Male,Germany,1,48,2/9/2022,649,95001.33,1,0,123202.99,0
15743673,27,Male,Spain,1,24,1/9/2024,551,113873.22,1,1,85129.77,1
15634310,30,Male,France,0,72,2/9/2020,509,0,2,1,180598.86,0
15790809,40,Male,Spain,0,84,3/9/2019,685,74896.92,1,1,198694.2,0
15668695,22,Female,France,0,60,2/9/2021,536,89492.62,1,0,42934.43,0
15669281,38,Male,Spain,0,36,2/9/2023,711,128718.78,1,0,114793.45,0
15621031,27,Male,Spain,0,96,3/9/2018,761,0,2,1,63297.7,0
15720071,49,Female,France,0,36,2/9/2023,535,0,1,0,61820.41,1
15792180,22,male,Germany,0,84,3/9/2019,566,144954.75,2,1,102246,0
15813894,21,Male,,0,108,3/9/2017,620,0,2,0,154882.79,0
15669490,37,Male,GERMANY,0,72,2/9/2020,837,94001.61,2,1,140723.05,0
15783030,40,Female,France,0,84,3/9/2019,685,0,1,1,72852.74,1
15695792,65,Male,France,1,0,1/9/2026,673,0,1,1,85733.33,0
15575676,24,Male,France,1,12,1/9/2025,638,0,2,0,162597.15,0
15627665,46,Male,France,0,48,2/9/2022,614,0,1,1,74379.57,1
15814092,44,Female,France,1,24,1/9/2024,626,0,1,0,173117.22,1
15695225,38,Male,Spain,1,96,3/9/2018,834,0,2,1,66485.26,0
15615091,24,Male,France,1,72,2/9/2020,691,0,2,1,92811.2,0
15794345,38,Male,Spain,1,96,3/9/2018,706,0,2,0,46635.11,0
15726484,37,Male,France,1,84,3/9/2019,633,141546.35,1,1,124830.11,0
15650442,32,Female,Germany,1,96,3/9/2018,644,141528.88,1,1,167087.34,1
15714256,30,Male,France,1,84,3/9/2019,666,109805.3,1,0,163625.56,0
15778752,32,Male,France,1,120,3/9/2016,708,86614.06,2,1,172129.26,0
15601659,59,Female,Germany,0,84,3/9/2019,496,91680.1,2,1,163141.18,1
15602811,38,Male,Germany,0,0,1/9/2026,730,38848.19,2,0,94003.11,0
15779414,40,Male,Spain,1,36,2/9/2023,696,153639.11,1,1,138351.68,0
15763097,80,Male,Spain,1,96,3/9/2018,809,0,2,0,34164.05,0
15633666,33,Female,Spain,0,84,3/9/2019,701,123870.07,1,1,97794.71,0
15718789,30,Male,  France  ,0,60,2/9/2021,604,0,2,1,75786.55,0
15690620,39,Male,France,0,120,3/9/2016,665,46323.57,1,1,136812.02,0
15737071,60,Female,France,1,60,2/9/2021,639,162039.78,1,1,84361.72,1
15665062,19,Male,France,1,12,1/9/2025,696,110928.51,1,1,2766.63,0
15600692,38,Male,France,0,60,2/9/2021,520,0,2,1,163185.76,0
15792064,53,Male,Germany,0,60,2/9/2021,545,114421.55,1,1,180598.28,1
15811486,29,Female,Germany,1,96,3/9/2018,634,130036.21,2,0,69849.55,0
15626141,26,Female,France,1,12,1/9/2025,750,151510.17,2,1,19921.72,0
15738546,41,Female,Spain,1,48,2/9/2022,530,0,2,0,147606.71,0
15677052,59,Female,France,1,24,1/9/2024,589,0,2,1,126160.24,1
15656454,37,Male,France,0,72,2/9/2020,654,83568.55,1,1,47046.72,0
15645496,43,Female,France,0,84,3/9/2019,648,139972.18,1,1,143668.58,0
15612505,45,Male,Spain,0,36,2/9/2023,835,100212.13,1,1,152577.62,0
15708513,39,Female,France,0,12,1/9/2025,446,90217.07,1,1,191350.48,0
15685654,66,Male,Spain,1,108,3/9/2017,514,0,2,1,14234.31,0
15732307,33,Male,Germany,1,48,2/9/2022,694,124067.32,1,1,77906.87,0
15726814,46,Male,Spain,1,48,2/9/2022,554,0,2,0,57320.92,0
15653776,57,Female,Germany,0,12,1/9/2025,720,162082.31,4,0,27145.73,1
15597914,51,Female,Germany,1,24,1/9/2024,641,117306.69,4,1,26912.72,1
15631603,32,Male,France,1,12,1/9/2025,813,122889.88,1,1,26476.18,0
15789753,40,Male,France,1,72,2/9/2020,480,148790.61,1,0,79329.7,0
15678034,46,Male,France,0,108,3/9/2017,811,180226.24,1,1,13464.64,1
15690209,32,Female,Germany,0,36,2/9/2023,715,104857.19,2,1,114149.8,0
15592091,31,Male,Spain,1,24,1/9/2024,620,166833.86,2,1,135171.6,0
15647453,42,Male,France,0,48,2/9/2022,721,102936.72,7,0,1187.88,0
15697100,48,Female,Germany,0,72,2/9/2020,772,108736.52,1,1,184564.67,1
15811290,44,Male,Germany,1,0,1/9/2026,680,129974.79,2,1,33391.38,0
15629187,38,Male,France,0,96,3/9/2018,535,85982.07,1,1,9238.35,0
15758073,20,Female,France,0,-1,3/9/2019,655,134397.61,1,0,28029.54,0
15640769,63,Male,France,1,96,3/9/2018,660,137841.53,1,1,42790.29,0
15606641,56,Male,Germany,1,120,3/9/2016,762,100260.88,3,1,77142.42,1
15718280,39,Male,Germany,1,60,2/9/2021,662,139822.11,2,1,146219.9,0
15764335,41,Female,Germany,0,96,3/9/2018,463,123151.51,2,1,70127.93,0
15634218,27,Male,Germany,0,48,2/9/2022,501,95331.83,2,1,132104.76,0
15808760,42,Female,Spain,1,72,2/9/2020,603,0,1,1,90437.87,0
15648461,37,Male,Spain,1,84,3/9/2019,688,138162.41,2,1,113926.31,0
15593555,38,Male,France,1,108,3/9/2017,430,0,2,1,12050.77,0
15569079,48,male,Germany,0,72,2/9/2020,632,126066.26,1,1,64345.61,1
15800736,42,Female,Spain,1,48,2/9/2022,601,96763.89,1,1,199242.65,0
15792607,38,Female,France,0,24,1/9/2024,769,0,2,0,75578.67,0
15640034,42,Male,France,0,24,1/9/2024,551,139561.46,1,1,43435.43,1
15807563,52,Female,France,0,60,2/9/2021,841,0,1,0,183239.71,1
15684461,31,Female,Spain,0,72,2/9/2020,469,0,1,1,146213.75,1
15580134,27,Male,Spain,1,24,1/9/2024,479,172463.45,1,1,40315.27,0
15679075,37,Male,France,0,96,3/9/2018,701,107798.85,1,1,16966.73,0
15742504,36,Male,France,0,24,1/9/2024,593,70181.48,2,1,80608.12,0
15567328,38,Male,Spain,1,60,2/9/2021,738,177997.07,1,0,19233.41,0
15698294,31,Male,Spain,0,12,1/9/2025,635,0,2,1,135382.23,0
15607142,32,Male,France,1,96,3/9/2018,658,0,1,1,80410.68,0
15738516,36,Female,Spain,0,60,2/9/2021,687,0,1,1,17696.22,0
15806403,37,Male,France,0,108,3/9/2017,650,0,2,1,17974.08,0
15656707,21,Male,Spain,1,24,1/9/2024,720,123200.78,1,1,180712.28,0
15653715,63,Female,France,1,84,3/9/2019,602,0,2,1,56323.21,0
15806184,33,Male,Spain,1,48,2/9/2022,618,0,2,1,77550.18,0
15585734,41,Male,Germany,1,108,3/9/2017,803,137742.9,2,1,166957.82,0
15725639,63,Female,France,1,108,3/9/2017,793,116270.72,1,1,184243.25,0
15618401,41,Male,Germany,1,120,3/9/2016,616,113220.2,2,1,114072.91,0
15785385,51,Male,Spain,0,60,2/9/2021,550,0,2,1,153917.41,0
15734762,56,Female,France,0,36,2/9/2023,602,115895.22,3,1,4176.17,1
15767129,60,Female,France,1,72,2/9/2020,452,121730.49,1,1,142963.29,0
15797204,28,Female,Spain,1,36,2/9/2023,655,113811.85,2,0,76844.23,0
15769272,26,Female,France,0,72,2/9/2020,510,136214.08,1,0,159742.33,0
15771966,39,Male,France,0,96,3/9/2018,557,146200.01,1,1,177944.64,0
15691952,37,Male,France,1,120,3/9/2016,676,106242.67,1,1,166678.28,0
15593250,29,Female,France,0,48,2/9/2022,640,0,2,1,44904.26,0
15605333,31,Male,Spain,0,72,2/9/2020,529,0,1,1,10625.91,0
15800083,45,Male,  France  ,1,96,3/9/2018,559,24043.45,1,0,169781.45,1
15575691,58,Female,france,1,60,2/9/2021,689,0,2,0,49848.86,0
15689886,39,Male,Germany,1,120,3/9/2016,626,132287.92,3,1,51467.92,1
15809838,30,Male,Spain,0,12,1/9/2025,697,0,2,0,735.79,0
15736154,44,Female,France,1,12,1/9/2025,823,0,2,0,182495.7,0
15767391,32,Female,Germany,1,48,2/9/2022,565,90322.99,2,0,118740.37,0
15704910,23,Male,Spain,0,36,2/9/2023,631,0,2,1,13813.24,0
15656613,34,Female,France,0,36,2/9/2023,646,131283.11,1,0,130500.65,0
15611551,48,Male,Spain,1,12,1/9/2025,676,131659.59,2,0,14152.15,0
15732430,54,Female,Spain,0,48,2/9/2022,850,120952.74,1,1,66963.15,0
15741865,38,Female,France,1,108,3/9/2017,810,153166.17,1,1,93261.69,0
15634143,30,Male,Spain,0,0,1/9/2026,581,53291.86,1,0,196582.28,0
15609676,35,Female,France,0,24,1/9/2024,718,167924.95,1,1,43024.64,0
15761600,43,Male,France,1,60,2/9/2021,713,86394.14,1,1,130001.13,0
15676404,50,Female,France,0,12,1/9/2025,672,0,1,1,12106.82,1
15659236,33,Male,Spain,1,36,2/9/2023,781,0,2,1,42556.33,0
15690440,47,Male,Spain,1,12,1/9/2025,656,0,2,1,197961.93,0
15694601,31,Female,France,0,48,2/9/2022,583,158978.79,1,1,12538.92,0
15812262,37,Female,Germany,0,24,1/9/2024,808,100431.84,1,1,35140.49,1
15762821,33,Male,Spain,1,60,2/9/2021,721,0,2,0,117626.9,0
15669301,29,Female,Germany,0,72,2/9/2020,778,150358.97,1,1,62454.01,1
15672640,45,Female,Spain,1,48,2/9/2022,850,114347.85,2,1,109089.04,0
15750458,39,Female,France,1,48,2/9/2022,693,0,2,0,142331.39,0
15627251,34,Male,France,1,48,2/9/2022,520,134007.9,1,1,193209.11,0
15764294,31,Male,Germany,1,48,2/9/2022,759,98899.91,1,1,47832.82,0
15659962,60,Male,France,1,36,2/9/2023,637,0,2,1,70174.03,0
15788536,40,Male,Germany,0,24,1/9/2024,755,137430.82,2,0,176768.59,0
15596979,47,Female,France,1,72,2/9/2020,662,0,2,1,129392.75,0
15681220,37,Female,France,1,96,3/9/2018,503,0,2,1,97893.32,0
15635097,39,male,Germany,1,24,1/9/2024,599,188976.89,2,0,176142.09,0
15780779,40,Female,Spain,0,48,2/9/2022,583,0,2,1,114093.73,0
15798470,48,Female,Spain,0,12,1/9/2025,764,75990.97,1,1,158323.81,1
15760880,29,Male,France,1,120,3/9/2016,513,0,2,0,25514.77,0
15616929,62,Male,Spain,1,60,2/9/2021,730,112181.08,1,0,61513.87,0
15758775,34,Male,Spain,1,120,3/9/2016,820,97208.46,1,1,59553.34,0
15663386,26,Female,Spain,0,84,3/9/2019,597,0,2,1,110253.2,0
15621267,32,Male,France,0,60,2/9/2021,637,0,1,0,148769.08,0
15720509,34,Male,France,1,108,3/9/2017,696,150856.79,1,0,8236.78,0
15693322,37,Female,Germany,1,108,3/9/2017,635,146748.07,1,0,11407.58,0
15589544,57,Female,Spain,1,48,2/9/2022,673,0,2,1,49684.09,0
15772030,33,Male,Spain,1,36,2/9/2023,662,0,2,0,68064.83,0
15693337,41,Male,Spain,1,0,1/9/2026,683,148863.17,1,1,163911.32,0
15676571,55,Male,France,0,72,2/9/2020,850,0,1,1,944.41,1
15701392,28,Male,Spain,1,72,2/9/2020,815,0,2,0,185547.71,0
15741092,34,Male,Spain,0,120,3/9/2016,671,153360.02,1,1,140509.86,0
15643865,40,Female,France,1,36,2/9/2023,601,92055.36,1,0,164652.02,1
15769389,39,Female,Germany,0,108,3/9/2017,709,124723.92,1,1,73641.86,0
15807768,28,Male,Germany,1,12,1/9/2025,702,103033.83,1,1,40321.87,0
15801630,40,Male,  France  ,0,72,2/9/2020,558,0,2,1,173844.89,0
15705034,40,  Male  ,Spain,1,12,1/9/2025,691,0,2,1,145613.17,0
15763107,30,Female,France,1,108,3/9/2017,700,0,1,1,174971.64,0
15667085,33,Male,France,1,48,2/9/2022,667,0,2,1,131834.75,0
15647008,54,Male,Germany,0,36,2/9/2023,624,116726.22,1,1,110498.1,1
15584505,23,Female,France,0,60,2/9/2021,580,113923.81,2,0,196241.43,0
15748068,31,Female,Spain,1,36,2/9/2023,571,0,2,1,194667.92,0
15663964,37,Male,France,0,60,2/9/2021,561,0,2,1,83093.25,0
15782311,28,Male,France,1,108,3/9/2017,529,0,2,1,52545.24,0
15588197,36,Male,France,0,84,3/9/2019,670,0,2,0,59571.5,0
15610105,21,Female,Germany,1,12,1/9/2025,666,121827.43,2,1,99818.31,0
15606133,42,Male,Spain,1,84,3/9/2019,628,0,2,0,172967.87,0
15599403,60,male,France,1,120,3/9/2016,577,125389.7,2,1,178616.73,0
15648225,38,Female,Spain,1,12,1/9/2025,652,103895.31,1,0,159649.44,0
15608406,26,Male,France,0,60,2/9/2021,678,111128.04,1,1,60941.27,1
15633378,49,FEMALE,Spain,0,108,3/9/2017,692,0,2,1,178342.63,0
15664759,32,  Male  ,Spain,0,120,3/9/2016,675,0,2,1,191545.65,0
15625545,52,Male,Spain,1,108,3/9/2017,712,0,1,1,117977.45,1
15772148,37,Female,Germany,1,60,2/9/2021,639,151242.48,1,0,49637.65,0
15810829,48,Male,France,0,84,3/9/2019,618,0,1,1,13921.82,1
15731669,39,Male,France,0,24,1/9/2024,554,129709.62,1,1,173197.12,0
15738634,47,Male,France,1,108,3/9/2017,533,83347.25,1,1,137696.25,0
15737571,28,Female,Spain,1,72,2/9/2020,540,84121.04,1,0,80698.54,0
15667602,33,Male,Spain,0,36,2/9/2023,704,0,2,1,73018.74,0
15684147,43,Male,,1,60,2/9/2021,678,102338.19,1,1,79649.62,0
15789874,29,Female,France,0,36,2/9/2023,712,87375.78,2,0,166194.53,0
15757952,44,Male,France,0,24,1/9/2024,651,0,3,1,102530.35,1
15698732,51,Male,Germany,0,36,2/9/2023,789,104677.09,1,1,74265.38,0
15714355,32,Male,Germany,1,96,3/9/2018,775,121669.23,1,0,125898.39,0
15599090,40,Male,Germany,1,84,3/9/2019,564,108407.34,1,1,83681.2,0
15762048,33,Female,Germany,1,84,3/9/2019,841,154969.79,2,1,99505.75,0
15790596,39,Male,Spain,1,0,1/9/2026,850,141829.67,1,1,92748.16,0
15609623,63,Female,France,0,60,2/9/2021,637,0,1,1,28092.77,1
15711901,45,Male,France,1,24,1/9/2024,six hundred,109162.82,1,1,126145.08,0
15779809,44,Male,France,1,96,3/9/2018,655,87471.63,1,0,188593.98,0
15729018,33,Female,France,1,24,1/9/2024,666,147229.65,1,1,56410.17,0
15698246,24,Female,France,1,24,1/9/2024,658,0,2,1,84694.49,0
15712409,66,Male,Germany,1,72,2/9/2020,749,182532.23,2,1,195429.92,0
15758306,years 32,Male,France,1,72,2/9/2020,654,0,2,1,137898.57,0
15621435,39,Female,France,0,12,1/9/2025,623,160903.2,1,0,78774.36,0
15566295,33,Female,France,0,72,2/9/2020,761,138053.79,2,1,148779.41,0
15569098,Unknown,Male,France,0,72,2/9/2020,627,153548.12,1,0,35300.08,1
15662532,31,Male,Germany,1,96,3/9/2018,757,149085.9,2,1,197077.36,0
15664001,53,Female,Germany,0,96,3/9/2018,695,95231.91,1,0,70140.8,1
15703437,34,Male,France,0,36,2/9/2023,726,0,2,1,196288.46,0
15708003,41,Male,Spain,0,96,3/9/2018,587,85109.21,1,1,1557.82,0
15599452,43,Female,,0,96,3/9/2018,605,125338.8,2,1,23970.13,0
15719793,62,Male,Spain,1,60,2/9/2021,850,0,2,1,180243.56,0
15771580,38,Female,France,1,0,1/9/2026,850,106831.69,1,0,148977.72,0
15732268,29,Male,France,0,36,2/9/2023,751,159597.45,1,1,39934.41,0
15722350,37,Female,Germany,1,84,3/9/2019,627,147361.57,1,1,133031.96,0
15611371,43,Male,France,1,48,2/9/2022,736,176134.54,1,1,52856.88,0
15673584,74,Female,France,1,60,2/9/2021,652,0,2,1,937.15,0
15636396,35,Female,France,1,84,3/9/2019,627,0,2,0,193022.44,0
15706170,34,Male,France,0,12,1/9/2025,636,84055.43,1,0,37490.84,0
15725478,60,Male,France,1,84,3/9/2019,775,0,2,1,111558.7,0
15654562,45,Female,Spain,0,60,2/9/2021,850,174088.3,4,1,5669.31,1
15737509,34,Male,Spain,0,96,3/9/2018,850,199229.14,1,0,68106.29,0
15690796,37,Male,France,0,96,3/9/2018,516,0,1,1,101834.58,0
15716728,42,Female,Spain,1,120,3/9/2016,513,0,2,0,73151.25,0
15605665,69,Female,Germany,1,36,2/9/2023,673,78833.15,2,1,37196.15,0
15748481,27,Female,France,0,72,2/9/2020,564,0,1,0,7819.76,0
15757777,35,Unknown,France,1,24,1/9/2024,636,0,2,1,23129.46,0
15747808,29,Male,France,1,36,2/9/2023,712,102540.61,1,1,189680.79,0
15810593,51,Male,France,1,48,2/9/2022,568,0,3,1,66586.56,0
15693376,43,Male,Spain,1,0,1/9/2026,741,0,2,1,2920.63,1
15579808,39,Female,Germany,1,96,3/9/2018,754,129401.87,1,1,87684.93,0
15598275,32,Female,France,1,84,3/9/2019,709,0,2,1,199418.02,0
15737080,32,Female,France,1,12,1/9/2025,510,0,2,0,28515.17,0
15668580,33,Male,Spain,1,24,1/9/2024,716,0,2,1,92916.53,0
15569438,36,Male,Germany,0,120,3/9/2016,607,106702.94,2,0,198313.69,0
15675842,26,Male,Spain,0,48,2/9/2022,656,139584.57,1,1,36308.93,0
15577587,52,Male,Germany,1,60,2/9/2021,550,121016.23,1,1,41730.37,1
15625592,26,Male,France,1,24,1/9/2024,486,0,2,1,31399.4,0
15635141,59,Male,Germany,0,96,3/9/2018,598,118210.42,2,0,60192.14,1
15642570,35,Male,Spain,0,96,3/9/2018,675,0,2,1,29062.25,0
15702175,29,Female,France,1,48,2/9/2022,755,148654.84,2,1,28805.09,0
15677785,32,Male,Spain,0,60,2/9/2021,656,136963.12,1,1,133814.28,0
15786153,47,Male,NULL,0,108,3/9/2017,644,137774.11,2,1,151902.78,0
15759499,32,Female,France,1,48,2/9/2022,598,111156.52,1,1,167376.26,0
15659568,31,Female,Spain,1,36,2/9/2023,850,121237.65,1,1,31022.56,0
15715597,36,Male,France,0,12,1/9/2025,679,97234.58,1,1,188997.08,0
15610147,60,Male,France,1,24,1/9/2024,632,0,2,0,2085.32,0
15802362,45,Male,Spain,1,0,1/9/2026,550,0,2,0,70399.71,0
15660524,54,Female,Germany,1,108,3/9/2017,572,97382.53,1,1,195771.95,0
15747168,47,Female,Germany,1,24,1/9/2024,626,103108.8,1,0,166475.44,1
15796910,57,Female,Spain,0,84,3/9/2019,625,0,1,0,84106.17,1
15707674,58,Female,France,0,24,1/9/2024,515,131852.81,1,1,81436.68,1
15565706,35,Male,Spain,1,12,1/9/2025,612,0,1,1,83256.26,1
15587596,39,Female,Spain,0,96,3/9/2018,628,107553.33,1,1,117523.41,0
15751943,43,Female,Spain,0,60,2/9/2021,529,,2,0,79476.63,0
15621227,46,Female,Germany,1,84,3/9/2019,668,161806.09,1,1,173052.19,0
15757588,30,Male,France,0,108,3/9/2017,526,0,2,0,100995.68,0
15640922,52,Female,France,1,84,3/9/2019,791,0,1,1,122782.5,0
15567557,27,Male,France,1,24,1/9/2024,573,128243.03,1,1,11631.34,0
15670103,38,Female,France,1,60,2/9/2021,565,,1,1,168303.55,0
15720929,47,Female,France,0,96,3/9/2018,604,62094.71,3,0,9308.1,1
15732774,37,Male,,0,84,3/9/2019,656,112291.34,1,1,153157.97,0
15628558,44,Female,France,1,60,2/9/2021,447,89188.83,1,1,75408.24,0
15729201,55,Male,France,0,108,3/9/2017,682,0,1,1,153356.8,1
15731117,28,Male,Spain,0,24,1/9/2024,437,109161.25,1,1,152987.42,0
15615207,47,Male,Spain,1,0,1/9/2026,792,0,1,1,5557.88,1
15773512,25,Female,Spain,1,48,2/9/2022,627,0,1,1,194313.93,0
15572145,34,Female,France,0,96,3/9/2018,767,0,2,1,94767.77,0
15642710,26,Male,France,0,84,3/9/2019,686,0,2,1,1540.89,0
15574213,53,Female,  France  ,1,12,1/9/2025,789,158271.74,1,1,5036.39,1
15718852,56,Male,France,1,108,3/9/2017,794,96951.21,1,1,71776.76,0
15583840,35,Male,Germany,1,60,2/9/2021,587,121863.61,1,1,23481.69,1
15782418,,Female,Germany,1,108,3/9/2017,589,83495.11,1,1,143022.31,1
15813504,25,Female,Germany,1,12,1/9/2025,543,146566.01,1,0,161407.48,0
15711314,45,Female,Spain,0,12,1/9/2025,589,0,1,0,125939.22,1
15621064,23,Male,Germany,1,60,2/9/2021,701,186101.18,2,1,76611.33,0
15627847,40,Male,France,0,72,2/9/2020,850,0,1,1,136985.08,1
15588090,51,Female,Germany,0,96,3/9/2018,726,107494.86,2,1,140937.91,1
15735270,47,  Male  ,Spain,0,24,1/9/2024,767,0,1,1,48161.18,1
15671804,36,Male,Spain,1,96,3/9/2018,648,146943.38,2,1,130041.45,0
15753215,36,Female,Spain,0,96,3/9/2018,651,0,2,1,91652.43,0
15789941,36,Female,France,0,72,2/9/2020,633,125130.28,1,0,125961.48,0
15691061,37,Female,France,1,108,3/9/2017,740,0,2,1,73225.31,0
15808326,34,Female,France,1,108,3/9/2017,592,0,2,1,20460.2,0
15566660,41,Female,France,0,120,3/9/2016,670,0,3,1,81602.02,0
15778947,36,Male,France,1,36,2/9/2023,628,0,2,1,8742.91,0
15632977,47,Male,France,0,60,2/9/2021,745,0,2,0,145789.71,0
15591747,32,Male,France,0,36,2/9/2023,705,0,2,0,129576.99,0
15567335,42,Female,France,1,84,3/9/2019,559,0,2,1,190040.29,0
15609299,29,Male,France,0,72,2/9/2020,595,150685.79,1,1,87771.06,0
15669945,35,Male,France,0,48,2/9/2022,492,141359.37,2,1,39519.53,0
15736271,29,Female,France,0,108,3/9/2017,498,0,1,1,190035.83,0
15710390,39,Female,France,1,72,2/9/2020,655,94631.26,2,1,148948.52,0
15756481,39,Female,France,0,36,2/9/2023,636,118336.14,1,1,184691.77,0
15736730,45,Female,France,1,24,1/9/2024,634,0,1,1,143458.31,0
15626040,63,Male,Spain,1,0,1/9/2026,793,0,2,0,27166.75,0
15746553,50,Male,Germany,1,60,2/9/2021,526,124233.24,1,0,159456.87,1
15622518,26,Female,France,1,60,2/9/2021,768,51116.26,1,1,70454.79,1
15684908,64,Male,Germany,1,12,1/9/2025,540,91869.69,1,0,95421,0
15569446,34,Female,France,0,96,3/9/2018,732,122338.43,2,1,187985.85,0
15777504,30,Female,France,1,96,3/9/2018,score_700,0,1,1,92621.9,0
15677906,54,Female,Spain,1,60,2/9/2021,637,0,1,0,150836.98,0
15703292,26,Male,France,1,96,3/9/2018,573,86270.93,2,1,90177.3,0
15712938,44,Male,France,1,36,2/9/2023,531,0,2,1,34416.79,0
15631359,38,Female,France,0,60,2/9/2021,489,117289.92,1,0,85231.88,0
15720847,35,Male,France,1,24,1/9/2024,601,0,2,1,118983.18,0
15787830,33,Male,Germany,0,84,3/9/2019,452,153663.27,1,1,111868.23,0
15599869,29,Female,Spain,1,12,1/9/2025,728,0,1,1,83056.22,0
15592078,,Female,Germany,0,96,3/9/2018,590,123599.49,2,1,1676.92,0
15596228,29,Male,France,0,48,2/9/2022,490,0,2,1,32089.57,0
15578462,76,Female,Spain,1,108,3/9/2017,596,134208.25,1,1,13455.43,0
15756894,29,Male,France,1,12,1/9/2025,635,0,1,0,24865.54,0
15796167,35,Male,Germany,0,84,3/9/2019,782,98556.89,2,1,117644.36,0
15664808,37,Female,Spain,0,36,2/9/2023,790,0,3,0,98897.32,0
15664555,40,Male,France,1,24,1/9/2024,587,0,4,0,106174.7,1
15607278,46,Female,Spain,1,96,3/9/2018,794,134593.79,1,1,46386.37,0
15585222,41,Male,France,1,96,3/9/2018,515,0,2,1,185054.14,0
15750299,24,Male,Spain,1,120,9/3/2016,746,68781.82,1,0,47997.39,0
15761294,56,Female,Germany,0,96,3/9/2018,667,137464.04,1,1,130846.79,1
15810454,32,Male,France,1,48,2/9/2022,709,147307.91,1,0,40861.55,0
15673984,35,Female,France,0,96,3/9/2018,536,0,1,1,171840.24,1
15609319,41,Female,France,1,36,2/9/2023,711,145754.91,1,1,101455.07,0
15709941,46,Male,France,0,96,3/9/2018,753,0,3,1,90747.94,1
15580252,44,  Male  ,France,1,48,2/9/2022,748,112610.77,1,0,2048.55,0
15741275,57,Female,France,1,84,3/9/2019,623,71481.79,2,1,84421.34,0
15707132,33,Male,France,1,60,2/9/2021,465,0,2,0,78698.09,0
15600708,34,Female,Spain,1,36,2/9/2023,640,77826.8,1,1,168544.85,0
15804787,75,Male,France,1,60,2/9/2021,562,87140.85,1,1,39351.64,0
15690021,42,Female,Germany,1,0,1/9/2026,502,132002.7,1,0,28204.98,1
15763895,32,Male,France,0,84,3/9/2019,six hundred,178011.5,2,1,22375.14,0
15623478,32,Female,Germany,1,48,2/9/2022,670,102954.68,2,0,134942.45,0
15797910,51,Male,Germany,1,24,1/9/2024,775,123783.25,1,1,134901.57,0
15577751,30,Male,Germany,0,48,2/9/2022,759,101802.67,1,0,8693.8,0
15781777,33,Male,France,0,36,2/9/2023,604,148659.48,1,0,42437.75,0
15740527,62,Female,Germany,1,84,3/9/2019,766,142724.48,1,0,5893.23,1
15721251,41,Female,Spain,1,48,2/9/2022,554,112152.89,1,0,36242.19,0
15602994,Unknown,Female,France,1,120,3/9/2016,487,89550.85,1,0,90076.85,0
15750769,35,Male,France,0,84,3/9/2019,725,75915.75,1,1,150507.43,0
15740175,42,Female,Germany,0,24,1/9/2024,732,118889.66,2,0,87422.15,0
15679968,40,Male,France,0,60,2/9/2021,623,118788.57,1,1,192867.4,0
15694404,42,Female,France,1,36,2/9/2023,781,156555.54,1,1,175674.01,0
15657529,53,Male,Germany,1,12,1/9/2025,714,99141.86,1,1,72496.05,1
15762882,31,Female,Germany,1,48,2/9/2022,577,61211.18,1,1,145250.43,0
15642579,37,Female,Spain,1,12,1/9/2025,731,128932.4,1,1,180712.52,0
15598884,23,N/A,Spain,1,60,2/9/2021,650,0,1,1,180622.43,0
15770185,32,Male,France,0,120,3/9/2016,779,80728.15,1,1,86306.75,0
15800287,46,Female,Spain,0,24,1/9/2024,706,127660.46,2,1,150156.82,1
15665861,44,Male,Spain,1,36,2/9/2023,733,106070.89,1,0,101617.43,0
15662203,42,Female,Germany,1,36,2/9/2023,579,137560.38,2,1,85424.34,0
15616454,34,Female,Germany,1,96,3/9/2018,476,111905.43,1,0,197221.81,1
15702788,40,Male,France,0,108,3/9/2017,775,126212.64,1,1,70196.57,0
15778149,68,Male,Spain,0,108,3/9/2017,538,0,2,1,110440.5,1
15680001,38,Male,France,0,84,3/9/2019,602,111835.94,2,1,124389.61,0
15711991,30,Male,France,0,96,3/9/2018,score_700,0,2,0,3183.15,0
15633834,28,Female,Germany,0,36,2/9/2023,700,99705.69,2,0,146723.72,0
15765266,32,Male,France,0,12,1/9/2025,615,0,2,0,2139.25,0
15791867,44,Male,Germany,0,24,1/9/2024,544,108895.93,1,0,69228.2,1
15675380,56,Male,Spain,1,36,2/9/2023,573,154669.77,1,0,115462.27,1
15770576,50,Male,Spain,1,84,3/9/2019,555,128061,2,1,62375.1,0
15775294,31,Female,France,0,24,1/9/2024,692,0,2,1,91829.17,1
15727059,40,Female,France,0,48,2/9/2022,476,0,2,0,182547.04,0
15702499,46,Male,Spain,1,108,3/9/2017,770,190678.02,1,1,14725.36,0
15611699,40,Female,France,0,84,3/9/2019,641,0,1,1,126996.67,0
15654000,35,Female,France,0,60,2/9/2021,705,0,1,1,133991.11,1
15657881,38,Male,France,1,60,2/9/2021,784,136712.91,1,0,169920.92,0
15719991,52,Female,Spain,0,12,1/9/2025,727,154733.97,1,1,80259.67,1
15720687,41,Female,France,0,48,2/9/2022,576,112609.91,1,0,191035.18,1
15687079,69,Male,Spain,0,120,3/9/2016,646,115462.44,1,1,40421.87,0
15582276,34,N/A,France,1,60,2/9/2021,638,133501.36,1,0,155643.04,0
15763980,30,Male,Germany,1,12,1/9/2025,632,58668.02,1,1,78670.52,0
15720774,44,Male,Spain,0,84,3/9/2019,850,89118.26,1,1,104240.77,1
15592194,28,Female,France,0,108,3/9/2017,492,0,2,1,95957.09,0
15803685,77,Female,Germany,1,120,3/9/2016,673,76510.52,2,0,59595.66,0
15759456,34,Male,Spain,0,84,3/9/2019,609,140694.78,2,1,46266.63,0
15611544,36,Male,Germany,0,84,3/9/2019,701,95448.32,2,1,189085.07,0
15794257,34,Male,France,1,48,2/9/2022,651,91562.99,1,1,123954.15,0
15681697,31,Male,France,0,96,3/9/2018,508,72541.48,1,1,129803.08,0
15579566,43,Female,Spain,0,36,2/9/2023,616,120867.18,1,1,18761.92,1
15577970,34,Male,France,0,60,2/9/2021,489,0,1,0,43540.59,0
15727489,45,Female,Spain,0,12,1/9/2025,567,157320.51,1,1,62193.92,0
15764284,27,Male,Spain,1,36,2/9/2023,714,0,3,1,129130.09,0
15581811,30,Female,Germany,1,12,1/9/2025,678,139676.95,2,0,16146,0
15622527,55,Female,France,1,72,2/9/2020,581,0,1,1,22442.13,0
15753362,60,Male,Spain,1,36,2/9/2023,748,0,2,1,78194.37,0
15666652,19,Female,France,1,36,2/9/2023,781,0,2,1,124297.32,0
15789714,21,Male,Spain,1,36,2/9/2023,691,103000.94,1,1,104648.58,0
15771543,31,Male,Germany,1,24,1/9/2024,507,134237.07,1,1,166423.66,1
15748327,34,Male,Germany,0,72,2/9/2020,724,118235.7,2,0,157137.23,0
15754649,57,Female,Spain,1,36,2/9/2023,705,0,2,1,34134.14,0
15810460,64,Female,Spain,1,60,2/9/2021,708,0,3,0,112520.07,1
15771742,38,Male,Germany,0,108,3/9/2017,580,115442.19,2,1,128481.5,1
15642160,38,Male,France,0,60,2/9/2021,850,0,2,1,16491.64,0
15798439,25,Male,Spain,1,24,1/9/2024,714,0,1,1,132979.43,0
15605293,43,Female,France,1,12,1/9/2025,559,0,2,1,196645.87,0
15692631,44,Female,Spain,1,96,3/9/2018,577,115557,1,0,127506.76,0
15665376,35,  Female  ,Germany,0,36,2/9/2023,647,166518.63,2,1,147930.46,0
15772412,30,Male,Spain,1,72,2/9/2020,554,135370.12,1,1,179689.05,1
15654577,54,Male,Germany,0,60,2/9/2021,549,92877.33,1,1,2619.64,1
15585427,26,Female,France,0,120,9/3/2016,528,102073.67,2,0,166799.93,0
15584536,46,  Male  ,Germany,1,36,2/9/2023,720,97042.6,1,1,133516.51,1
15585853,41,Male,Spain,0,84,3/9/2019,743,0,1,1,163736.09,1
15645271,24,Male,Germany,0,96,3/9/2018,615,108528.07,2,0,179488.41,1
15579387,44,Female,  Germany  ,1,24,1/9/2024,635,79064.85,2,0,113291.75,0
15623107,45,Male,Spain,0,36,2/9/2023,686,74274.87,3,1,64907.48,1
15754072,36,Female,Spain,0,72,2/9/2020,840,0,2,1,141364.27,0
15666163,Unknown,Male,France,1,12,1/9/2025,695,100421.1,1,1,101141.28,0
15765192,26,Male,France,0,84,3/9/2019,564,84006.88,2,0,183490.99,0
15804822,31,Female,France,0,48,2/9/2022,805,0,2,1,4798.12,0
15612893,,Male,Spain,0,48,2/9/2022,558,0,1,1,131807.14,0
15593636,39,Female,France,0,48,2/9/2022,657,80293.81,1,1,97192.76,0
15693326,42,Female,France,0,84,3/9/2019,641,125437.14,2,0,164128.58,0
15809901,36,Male,France,0,96,3/9/2018,755,0,2,1,176809.87,0
15759751,48,Male,France,1,12,1/9/2025,483,0,2,1,110059.38,0
15605425,44,Female,Germany,0,24,1/9/2024,545,127536.44,1,1,108398.63,0
15801934,66,Male,France,1,96,3/9/2018,678,0,2,1,47117.03,0
15592000,48,Female,Germany,0,108,3/9/2017,781,82794.18,1,1,124720.68,1
15618695,22,Female,Spain,1,36,2/9/2023,571,108117.1,1,0,53328.7,0
15637110,35,Female,Spain,0,120,3/9/2016,634,0,1,1,82634.41,0
15727408,27,Male,Germany,0,96,3/9/2018,523,61688.61,2,1,147059.16,0
15716328,40,Female,France,0,24,1/9/2024,501,0,2,0,141946.92,0
15669060,74,Male,France,0,72,2/9/2020,662,0,2,1,123583.85,0
15675854,50,Male,Spain,1,0,1/9/2026,573,159304.07,1,0,155915.24,1
15621116,33,Male,Germany,0,60,2/9/2021,648,138664.24,1,1,29076.27,0
15781495,22,Female,France,1,24,1/9/2024,662,126362.57,2,1,97382.8,0
15740470,39,Male,France,0,48,2/9/2022,725,160652.45,2,1,57643.55,0
15714391,35,Female,France,1,24,1/9/2024,563,183572.84,1,1,66006.75,1
15730137,31,Male,France,0,0,1/9/2026,628,88421.81,1,0,72350.47,0
15596455,45,Female,Spain,0,24,1/9/2024,546,0,1,0,197789.83,1
15717290,41,Male,Germany,1,24,1/9/2024,688,112871.19,2,0,65520.74,0
15616555,41,Male,Germany,0,96,3/9/2018,850,60880.68,1,1,31825.84,0
15659820,34,Female,France,0,60,2/9/2021,614,0,2,1,185561.89,0
15696301,37,Female,France,0,108,3/9/2017,719,101455.7,1,1,25803.59,1
15771087,71,Female,France,1,0,1/9/2026,757,88084.13,2,1,154337.47,0
15808831,29,Male,France,1,84,3/9/2019,669,0,2,1,138145.62,0
15812241,59,Male,Germany,0,84,3/9/2019,438,127197.14,1,1,51565.98,1
15680370,39,Male,France,1,84,3/9/2019,492,0,2,0,71323.23,0
15780561,39,Female,France,0,108,3/9/2017,622,83456.79,2,0,38882.34,0
15800784,42,Male,France,1,48,2/9/2022,645,98298.18,1,1,676.06,0
15715796,37,Male,France,1,0,1/9/2026,728,0,2,1,72203.8,0
15605375,35,Male,France,0,24,1/9/2024,651,86911.8,1,1,174094.24,0
15621520,42,Female,Germany,0,24,1/9/2024,783,139707.28,1,1,2150.22,0
15665460,67,Female,Spain,1,12,1/9/2025,732,0,2,1,177783.04,0
15801152,39,Female,Spain,0,12,1/9/2025,553,142876.98,2,1,44363.42,0
15756425,30,Male,France,0,84,3/9/2019,660,146301.31,1,0,96847.91,0
15674328,40,Female,France,1,36,2/9/2023,670,47364.45,1,1,148579.43,1
15742404,38,Male,France,0,84,3/9/2019,718,0,2,1,38308.34,0
15757140,51,Male,France,1,0,1/9/2026,787,58137.08,1,0,142538.31,0
15570051,38,Female,Germany,0,72,2/9/2020,775,179886.41,2,0,153122.58,0
15669175,24,Male,Germany,1,72,2/9/2020,479,107637.97,2,0,169505.83,0
15790324,20,Female,France,0,72,2/9/2020,660,167685.56,1,1,57929.9,0
15691119,68,Male,Germany,0,48,2/9/2022,721,136525.99,1,0,175399.14,0
15743478,39,Male,Germany,1,96,3/9/2018,659,52106.33,2,1,107964.36,0
15707007,39,Female,France,0,96,3/9/2018,743,0,1,1,94263.44,0
15572547,45,Female,France,0,108,3/9/2017,670,104930.38,1,1,155921.81,1
15567063,34,Female,Germany,1,72,2/9/2020,766,106434.94,1,0,137995.66,1
15689633,38,Female,Spain,0,24,1/9/2024,845,112803.92,1,1,179631.85,0
15720637,46,Female,Germany,0,120,3/9/2016,710,120530.34,1,1,166586.99,1
15616859,43,Female,Germany,0,24,1/9/2024,602,113641.49,4,1,115116.35,1
15766166,43,Male,Spain,1,24,1/9/2024,604,145081.72,1,1,23881.62,0
15617655,35,Female,Spain,1,108,3/9/2017,564,0,2,1,105837.38,0
15623450,27,Female,Germany,1,84,3/9/2019,637,135842.89,1,1,101418.05,0
15796612,31,Female,France,0,12,1/9/2025,527,112203.25,1,1,182266.01,0
15795963,34,Male,NULL,1,84,3/9/2019,687,129895.19,1,0,28698.17,0
15781598,41,Male,Germany,1,72,2/9/2020,756,149049.92,1,0,50422.36,1
15691871,42,Male,Germany,1,108,3/9/2017,503,153279.39,1,1,151336.96,0
15740345,42,Male,Spain,0,60,2/9/2021,657,41473.33,1,1,112979.6,1
15662626,40,Female,France,0,24,1/9/2024,666,0,2,0,36371.27,0
15596575,39,Male,Germany,1,60,2/9/2021,615,113193.51,2,1,52166.25,0
15657321,27,Male,Germany,0,96,3/9/2018,712,113174.21,2,1,147261.58,0
15575955,24,Female,France,0,0,1/9/2026,764,0,2,1,88724.49,0
15743893,42,Male,France,0,36,2/9/2023,471,164951.56,1,1,190531.77,0
15697270,27,Male,Spain,1,48,2/9/2022,608,153325.1,1,1,199953.33,0
15644356,47,Female,Spain,0,120,3/9/2016,682,134032.01,1,1,144290.97,0
15677586,32,Female,Germany,1,36,2/9/2023,587,125445.04,2,1,130514.78,0
15571261,35,Female,Germany,1,72,2/9/2020,714,126077.43,2,1,53954.24,0
15698758,31,Female,Spain,1,12,1/9/2025,630,0,2,1,169802.73,0
15787014,28,Female,Germany,1,96,3/9/2018,648,90371.09,1,1,146851.73,0
15739857,40,Female,France,1,36,2/9/2023,785,0,2,1,96832.82,0
15774630,47,Female,Germany,1,12,1/9/2025,601,142802.02,1,1,57553.02,0
15805523,28,Female,France,1,12,1/9/2025,717,90537.16,1,0,74800.99,0
15749557,44,Female,France,1,72,2/9/2020,707,0,2,1,192542.17,0
15681180,23,Female,France,0,84,3/9/2019,771,156123.73,1,1,72990.62,0
15742028,35,Female,France,0,60,2/9/2021,602,0,2,1,31050.02,0
15686463,38,Male,France,0,84,3/9/2019,626,141074.59,1,1,52795.56,1
15654379,59,Male,Spain,1,48,2/9/2022,588,0,2,1,27435.41,0
15783629,42,Female,NULL,0,72,2/9/2020,616,117899.95,2,0,150266.81,0
15751193,33,Male,Spain,1,48,2/9/2022,621,0,2,1,40299.23,0
15724099,26,Male,France,1,72,2/9/2020,674,166257.96,1,1,149369.41,0
15568429,46,Female,Spain,0,36,2/9/2023,633,0,2,1,120250.58,0
15648967,64,Female,Germany,0,12,1/9/2025,698,169362.43,1,1,84760.32,1
15664498,26,male,France,0,84,3/9/2019,508,205962,1,1,156424.4,0
15779522,24,Female,France,0,0,1/9/2026,736,0,2,1,109355.73,1
15583850,68,Male,Germany,1,0,1/9/2026,672,126061.51,2,1,184936.77,0
15696539,21,Female,France,1,84,3/9/2019,613,105627.95,1,1,36560.51,0
15760121,32,Male,France,0,108,3/9/2017,712,100606.02,1,1,165693.06,0
15628279,38,Female,France,1,36,2/9/2023,624,0,2,1,163666.85,0
15766163,38,Male,France,1,12,1/9/2025,676,0,2,0,35644.79,0
15566467,32,Female,Germany,1,0,1/9/2026,683,138171.1,2,1,188203.58,0
15639049,31,Female,France,1,84,3/9/2019,489,139395.08,1,0,6120.84,0
15736413,29,Male,France,1,12,1/9/2025,739,0,2,1,164484.78,0
15634815,37,Female,France,1,36,2/9/2023,701,0,2,1,164268.28,0
15716381,50,Female,Germany,1,84,3/9/2019,666,109062.28,1,1,140136.1,1
15708162,40,Female,Germany,1,12,1/9/2025,565,89994.71,2,0,121084.27,0
15569364,36,Male,France,0,36,2/9/2023,666,0,2,1,35156.54,0
15791191,59,Male,France,1,24,1/9/2024,633,103996.74,1,1,103159.11,0
15621205,34,Male,France,1,48,2/9/2022,578,175111.11,1,1,74858.3,0
15704788,49,Female,Spain,0,96,3/9/2018,812,66079.45,2,0,91556.57,1
15775756,33,Male,Germany,0,96,3/9/2018,809,148055.74,1,0,199203.21,0
15641312,36,Male,France,1,72,2/9/2020,615,0,1,1,27011.8,1
15782531,31,Female,Spain,0,96,3/9/2018,684,0,2,1,188637.05,0
15724428,40,Male,France,0,96,3/9/2018,544,0,2,1,61581.2,0
15743617,47,Male,Germany,0,12,1/9/2025,713,95994.98,1,1,197529.23,0
15585839,37,Male,France,0,24,1/9/2024,633,0,2,1,182258.17,0
15658158,23,Female,Germany,0,120,3/9/2016,672,110741.56,1,1,80778.5,0
15637678,35,Male,France,0,60,2/9/2021,661,0,1,1,155394.52,0
15701809,28,Female,Spain,0,36,2/9/2023,749,0,1,1,3408.7,0
15676937,32,Female,Spain,1,96,3/9/2018,635,,2,1,19367.98,1
15778975,70,Female,Germany,0,12,1/9/2025,850,96947.58,3,1,62282.99,1
15710375,41,Male,France,0,72,2/9/2020,641,0,2,1,65396.79,0
15579914,30,Male,Germany,1,24,1/9/2024,633,109786.82,2,1,139712.81,0
15595160,35,Male,Spain,1,24,1/9/2024,413,0,two,1,60972.84,0
15595391,31,Male,France,0,12,1/9/2025,538,0,2,1,1375.46,0
15630363,39,Female,France,0,0,1/9/2026,437,102721.49,1,0,22191.82,0
15692443,33,Male,Spain,0,60,2/9/2021,612,69478.57,1,1,8973.67,1
15593795,53,Female,Germany,0,12,1/9/2025,516,156674.2,1,1,118502.34,1
15642824,56,Female,Spain,1,96,3/9/2018,826,174506.1,2,0,161802.82,1
15683524,23,Female,Germany,0,999,2/9/2020,660,166070.48,2,0,90494.72,0
15713532,29,Female,Germany,0,48,2/9/2022,646,105957.44,1,1,15470.91,0
15719827,36,Male,France,0,36,2/9/2023,767,0,1,0,65147.27,0
15578435,40,Male,France,1,96,3/9/2018,640,110340.68,1,1,157886.6,0
15723028,33,Male,France,0,12,1/9/2025,778,0,2,1,85439.73,0
15595609,52,Male,Germany,0,108,3/9/2017,679,135870.01,2,0,54038.62,0
15622443,31,Male,France,1,48,2/9/2022,549,0,2,0,25684.85,0
15579112,47,Male,France,1,24,1/9/2024,598,0,2,1,186116.54,0
15648479,45,Female,France,0,0,1/9/2026,655,0,2,1,166830.71,0
15659234,30,Male,France,1,36,2/9/2023,494,85704.95,1,0,27886.06,0
15811970,42,Female,France,1,12,1/9/2025,653,0,2,1,5768.32,0
15774192,38,Female,Germany,0,96,3/9/2018,539,105435.74,1,0,80575.44,1
15595136,37,Female,France,1,12,1/9/2025,645,0,2,1,68987.55,0
15630580,34,Male,Germany,1,108,3/9/2017,751,108513.25,2,1,27097.82,0
15660646,35,Male,France,0,36,2/9/2023,528,156687.1,1,1,199320.77,0
15614365,31,Male,Germany,0,36,2/9/2023,696,150604.52,1,0,5566.6,0
15776128,44,Female,France,0,72,2/9/2020,716,155114.9,1,0,133871.83,0
15787035,35,Female,France,1,96,3/9/2018,602,0,2,1,152843.53,0
15792646,64,Female,Spain,1,12,1/9/2025,647,91216,1,1,41800.18,0
15726832,61,Male,Germany,1,36,2/9/2023,850,141784.02,1,1,92053.75,0
15773260,32,Female,France,0,0,1/9/2026,590,127763.24,1,1,100717.54,0
15624437,32,Female,Spain,1,12,1/9/2025,unknown,0,2,1,42935.15,0
15717138,31,Male,Spain,0,72,2/9/2020,850,82613.56,2,1,149170.92,0
15657317,32,Female,France,0,84,3/9/2019,789,69423.52,1,1,107499.39,0
15626948,42,Female,France,0,72,2/9/2020,701,86167.82,1,1,153342.38,0
15758901,47,Female,Spain,0,12,1/9/2025,713,0,1,1,107825.08,1
15777759,30,Male,France,1,24,1/9/2024,570,131406.56,1,1,47952.45,0
15773322,44,Female,Germany,0,48,2/9/2022,536,121898.82,1,0,131007.18,0
15697318,32,Male,Germany,0,-1,3/9/2017,771,77487.2,1,0,33143.04,0
15678916,75,Female,France,0,24,1/9/2024,512,0,1,1,123304.62,0
15632118,45,Male,Spain,0,60,2/9/2021,698,164450.94,1,1,141970.02,1
15788118,33,Male,France,0,84,3/9/2019,656,138705.02,2,1,37136.15,0
15788930,37,Male,Spain,0,84,3/9/2019,761,132730.17,1,1,199293.01,0
15628583,30,Female,France,1,60,2/9/2021,709,0,2,0,161388.22,0
15635177,66,Female,Spain,1,36,2/9/2023,597,0,1,1,70532.53,0
15587690,28,Male,France,0,24,1/9/2024,592,116498.22,1,1,144290.25,0
15627630,41,Female,France,0,12,1/9/2025,599,0,2,1,96069.82,0
15610930,35,Female,Germany,0,12,1/9/2025,572,139979.07,1,1,185662.84,0
15657747,43,Female,Germany,1,108,3/9/2017,611,127216.31,2,0,17913.25,0
15568006,45,Female,France,0,24,1/9/2024,634,0,4,1,101039.53,1
15751748,51,Male,France,0,24,1/9/2024,666,148222.65,1,0,156953.54,1
15722212,41,Female,France,0,96,3/9/2018,696,0,2,0,28276.83,0
15658670,38,Female,France,0,96,3/9/2018,669,0,2,1,84049.16,0
15761654,30,Male,Spain,1,96,3/9/2018,726,134152.29,1,1,147822.44,0
15812210,32,Female,Germany,1,96,3/9/2018,497,111537.23,4,1,9497.99,1
15787051,39,Female,Spain,0,84,3/9/2019,750,119565.92,1,1,87067.73,0
15642991,29,Female,Spain,0,84,3/9/2019,850,0,2,1,23237.25,0
15713769,38,Male,Spain,1,84,3/9/2019,617,0,1,1,27239.28,0
15605826,46,Male,Germany,0,120,3/9/2016,652,121063.8,3,1,151481.86,1
15648898,27,Female,Spain,1,84,3/9/2019,560,124995.98,1,1,114669.79,0
15705309,39,Male,Spain,0,60,2/9/2021,629,0,2,0,116748.14,0
15734202,52,Female,Germany,0,48,2/9/2022,660,9999,1,1,90877.76,0
15658852,38,Male,France,1,96,3/9/2018,676,0,2,1,133692.88,0
15612633,,Male,Spain,1,108,3/9/2017,581,78022.61,1,0,30662.91,0
15604818,34,Male,France,0,108,3/9/2017,798,154495.79,1,1,191395.88,0
15593900,38,Male,France,1,12,1/9/2025,705,189443.72,1,0,106648.58,0
15624995,31,Female,Spain,1,72,2/9/2020,714,152926.6,1,1,50899.91,0
15570087,44,Female,France,1,96,3/9/2018,664,142989.69,1,1,115452.51,1
15802617,43,Male,Germany,0,84,3/9/2019,697,115371.94,2,1,64139.1,0
15656029,,Male,France,1,72,2/9/2020,609,0,2,0,22030.72,0
15739194,38,Male,Spain,0,0,1/9/2026,548,178056.54,2,1,38434.73,0
15607275,39,Male,Spain,1,72,2/9/2020,850,206014.94,2,0,42774.84,1
15629475,41,Male,France,0,24,1/9/2024,656,0,2,1,158973.77,0
15635034,37,Male,Germany,1,108,3/9/2017,727,101191.83,1,1,34551.35,1
15756333,55,Female,France,1,84,3/9/2019,642,0,2,1,101515.76,0
15777436,31,Female,Spain,0,60,2/9/2021,710,0,2,1,9561.73,0
15676835,33,Male,Spain,0,12,1/9/2025,710,0,2,1,168313.17,0
15574206,37,Female,France,1,84,3/9/2019,718,0,2,1,55100.09,0
15613017,32,Male,Germany,0,12,1/9/2025,586,149814.54,1,1,31830.06,0
15815131,121,Female,Spain,1,84,3/9/2019,617,115617.24,1,1,71519.4,0
15585455,years 28,Male,France,0,108,3/9/2017,630,0,2,0,32599.35,0
15692929,42,Female,Germany,1,120,3/9/2016,791,113657.41,2,0,139946.68,1
15758081,39,Male,Spain,1,96,3/9/2018,673,138160,1,1,110468.51,0
15667476,36,Female,GERMANY,0,36,2/9/2023,477,117700.86,1,0,74042,0
15738248,37,Female,N/A,0,60,2/9/2021,662,0,2,1,151871.84,0
15672152,37,Male,Germany,1,108,3/9/2017,850,122506.38,1,0,199693.84,1
15673372,58,Female,France,1,12,1/9/2025,635,0,1,1,58907.08,1
15587611,59,Male,France,0,108,3/9/2017,537,0,2,0,103799.77,1
15803415,39,Female,France,0,36,2/9/2023,579,166501.17,2,1,93835.64,0
15715673,46,Female,Spain,0,48,2/9/2022,651,89743.05,1,1,156425.57,1
15655648,25,Female,France,0,24,1/9/2024,610,0,2,1,123723.83,0
15763613,30,Male,France,0,12,1/9/2025,581,0,2,1,199464.08,0
15660385,39,Male,France,0,84,3/9/2019,592,0,2,1,83084.33,0
15733261,35,Female,ES,0,72,2/9/2020,688,0,1,1,25488.43,1
15796231,18,Female,France,1,12,1/9/2025,681,98894.39,1,1,9596.4,0
15624866,37,Male,Germany,0,36,2/9/2023,658,168735.74,2,0,70370.24,0
15623730,34,Male,France,1,12,1/9/2025,792,0,1,0,86330.32,0
15668248,62,Female,Germany,0,84,3/9/2019,528,133201.17,1,0,168507.68,1
15694518,36,Female,Spain,0,0,1/9/2026,624,0,2,1,111605.9,0
15638028,31,Male,Germany,1,48,2/9/2022,562,127237.25,2,0,143317.42,0
15795895,36,Male,Germany,0,12,1/9/2025,678,117864.85,2,1,27619.06,0
15694376,64,Female,Germany,0,36,2/9/2023,705,153469.26,3,0,146573.66,1
15669204,23,Male,GERMANY,0,48,2/9/2022,650,93911.3,2,1,69055.45,0
15773779,46,Female,Spain,1,24,1/9/2024,593,76597.79,1,1,54453.72,0
15580682,40,Female,France,1,48,2/9/2022,652,79927.36,2,1,33524.6,0
15768530,27,Female,Spain,1,48,2/9/2022,554,0,2,1,135083.73,0
15672875,32,Male,Germany,1,96,3/9/2018,584,40172.91,1,1,137439.34,0
15617082,33,Male,France,1,84,3/9/2019,516,115195.58,1,1,11205.5,0
15760514,43,Female,Germany,1,108,3/9/2017,789,116644.29,2,1,60176.1,0
15761775,20,Male,Germany,1,96,3/9/2018,598,180293.84,2,1,29552.7,0
15799964,30,Female,Germany,0,84,3/9/2019,669,139872.81,1,1,188795.85,0
15693906,24,Female,France,1,36,2/9/2023,645,34547.82,1,1,11638.17,0
15739514,32,Female,France,1,108,3/9/2017,659,0,2,1,93155.75,0
15756926,29,Male,Germany,1,12,1/9/2025,833,96462.25,2,0,48986.18,0
15770984,40,Female,Spain,1,84,3/9/2019,697,130334.35,2,0,116951.1,0
15703979,39,Male,Germany,0,36,2/9/2023,580,119688.81,1,1,137041.26,0
15801821,38,Male,France,0,12,1/9/2025,691,0,2,0,44653.5,0
15711028,52,Male,France,1,12,1/9/2025,534,0,3,1,104035.41,1
15791842,32,Female,France,1,72,2/9/2020,478,71187.24,1,1,110593.62,0
15746127,47,Female,France,0,24,1/9/2024,572,0,2,1,36099.7,0
15663625,37,Male,France,0,48,2/9/2022,501,0,2,0,12470.3,0
15604891,38,Female,Spain,0,96,3/9/2018,624,0,2,1,95403.41,0
15589666,39,Female,France,1,999,3/9/2017,595,136422.41,1,1,151757.81,0
15627881,30,Male,France,1,96,3/9/2018,603,0,2,1,47536.46,0
15664895,25,Female,France,1,0,1/9/2026,602,0,2,1,101274.17,0
15676094,34,Female,France,1,72,2/9/2020,500,0,1,1,140268.45,0
15761720,years 41,Male,France,0,72,2/9/2020,422,153238.88,1,1,11663.09,0
15611961,35,Male,France,0,84,3/9/2019,615,0,2,1,150784.29,0
15680167,78,Female,France,1,72,2/9/2020,635,47536.4,1,1,119400.08,0
15762543,32,  Female  ,France,0,12,1/9/2025,711,0,2,1,126188.42,0
15658475,36,Male,France,0,96,3/9/2018,834,142882.49,1,1,89983.02,1
15779743,44,Female,France,0,84,3/9/2019,633,0,2,1,29761.29,0
15661532,31,Female,France,0,12,1/9/2025,650,160566.11,2,0,27073.81,0
15782360,65,Male,Germany,1,24,1/9/2024,743,131935.51,1,1,96399.67,1
15767908,38,Male,France,0,72,2/9/2020,567,127678.8,2,0,45422.89,0
15677105,46,Female,Germany,0,48,2/9/2022,706,105214.58,1,1,108699.59,1
15641474,46,Male,France,0,108,3/9/2017,638,139859.54,1,1,38967.29,0
15624451,38,Female,France,0,36,9/2/2023,641,0,2,1,116466.19,0
15577985,34,Female,France,1,60,2/9/2021,574,112324.45,2,1,17993.43,0
15571666,30,Male,Germany,0,96,3/9/2018,642,134497.27,1,0,43250.54,0
15783691,35,Female,Spain,0,12,1/9/2025,722,120171.58,1,1,125240.8,0
15671172,23,Male,France,1,12,1/9/2025,623,106012.2,2,0,191415.94,0
15731760,25,Male,France,1,60,2/9/2021,681,0,1,0,90860.97,0
15585599,34,Female,France,1,96,3/9/2018,530,0,2,0,141872.52,0
15784958,55,Female,France,1,120,3/9/2016,797,0,4,1,49418.87,1
15734524,51,Male,France,0,36,2/9/2023,653,0,1,1,170426.65,1
15614103,42,Male,Germany,1,96,3/9/2018,850,Unknown,1,0,51016.02,1
15794895,34,Male,Spain,1,12,1/9/2025,581,0,2,0,81175.25,0
15772381,38,Male,Germany,0,96,3/9/2018,589,92219.21,1,1,99106.97,0
15710553,48,Male,Germany,1,36,2/9/2023,555,142055.41,three,0,79134.78,0
15649292,49,Female,France,0,84,3/9/2019,748,29602.08,1,0,163550.58,1
15792565,46,Female,France,1,84,3/9/2019,745,0,2,1,67769.94,0
15718245,34,Male,France,1,12,1/9/2025,730,0,2,1,126592.01,0
15703117,44,Female,France,1,12,1/9/2025,565,0,2,0,89602.81,0
15758136,37,N/A,France,1,36,2/9/2023,778,141803.77,1,0,179421.84,0
15799932,24,Male,France,1,120,3/9/2016,812,0,2,1,156906.15,0
15633516,42,Male,France,1,12,1/9/2025,526,0,1,0,168486.02,0
15622532,47,  Female  ,France,1,0,1/9/2026,708,126589.12,2,0,132730.07,1
15798960,33,Male,France,1,24,1/9/2024,680,108393.35,1,0,39057.67,0
15698664,43,Male,Spain,0,24,1/9/2024,567,115643.58,2,0,174606.35,0
15703614,48,Male,Spain,0,60,2/9/2021,564,132876.23,1,1,79259.77,0
15699195,24,Female,France,1,36,2/9/2023,709,110949.41,1,1,168515.61,0
15710543,46,Male,France,1,12,1/9/2025,629,130666.2,1,1,161125.67,1
15695499,45,Female,France,1,120,3/9/2016,510,103821.47,2,0,77878.62,0
15622321,32,Female,France,1,36,2/9/2023,506,0,1,1,80823.02,0
15715744,39,Male,France,1,84,3/9/2019,605,0,1,0,119348.28,0
15788151,32,Male,Spain,1,12,1/9/2025,650,132187.73,2,1,178331.36,0
15687153,49,Male,Germany,0,96,3/9/2018,850,98649.55,1,1,119174.88,1
15684958,38,Male,Germany,1,24,1/9/2024,489,126444.08,2,1,82662.73,0
15706116,30,Female,Germany,0,96,3/9/2018,659,154159.51,0,1,40441.1,0
15740557,43,Female,France,0,60,2/9/2021,753,0,2,1,109881.71,0
15707291,48,Male,Germany,1,96,3/9/2018,477,129250,2,1,157937.35,0
15583353,45,Female,Spain,0,36,2/9/2023,610,0,1,1,38276.84,1
15761024,33,Female,France,1,24,1/9/2024,619,167733.51,2,1,65222.48,0
15630709,31,Female,Germany,0,24,1/9/2024,619,56116.3,2,0,2181.94,0
15639590,30,Female,  France  ,0,36,2/9/2023,758,141581.08,1,1,156249.06,0
15659399,50,Male,Germany,0,84,3/9/2019,516,139675.07,2,1,45591.23,0
15567078,27,Female,France,1,96,3/9/2018,789,66201.96,1,1,79458.12,0
15696373,44,Female,France,0,108,3/9/2017,687,0,2,0,103042.2,1
15786617,34,Male,Germany,0,36,2/9/2023,485,133658.24,1,1,70209.83,0
15657449,25,Male,Germany,0,36,2/9/2023,446,136202.78,1,1,176743.51,0
15672594,60,Female,France,0,0,1/9/2026,597,131778.08,1,0,10703.53,1
15714240,74,Male,Spain,0,60,2/9/2021,712,0,2,0,151425.82,0
15782144,34,Female,France,1,36,2/9/2023,522,0,2,1,3894.34,0
15665008,26,Female,Germany,1,96,3/9/2018,805,42712.87,2,1,28861.69,0
15581733,28,Female,France,0,48,2/9/2022,781,0,2,1,177703.15,0
15751392,57,Female,Spain,0,48,2/9/2022,689,0,2,1,136649.8,1
15785815,31,Male,Germany,1,12,1/9/2025,670,142631.54,2,1,175894.24,0
15664214,33,Male,France,0,24,1/9/2024,670,,2,1,76257.46,0
15579996,25,Female,Germany,0,84,3/9/2019,524,131402.21,1,0,193668.49,0
15675252,39,Female,Spain,1,36,2/9/2023,734,92636.96,2,1,125671.29,0
15579617,51,Female,France,1,36,2/9/2023,489,0,2,0,174098.28,1
15593976,31,Female,Germany,0,60,2/9/2021,578,102088.68,4,0,187866.21,1
15716041,39,Male,Spain,1,108,3/9/2017,622,0,2,0,100862.36,0
15654489,38,Female,France,1,96,3/9/2018,843,134887.53,1,1,10804.04,0
15736302,48,Male,France,1,48,2/9/2022,687,0,2,1,170893.85,0
15805909,28,Male,Spain,0,96,3/9/2018,700,159900.38,1,0,22698.56,0
15572762,50,Female,Germany,0,24,1/9/2024,410,102278.79,2,1,89822.48,0
15724632,41,Female,France,1,0,1/9/2026,537,0,2,0,175262.49,0
15670416,43,Female,France,1,0,1/9/2026,780,0,1,0,15705.27,0
15749528,58,Male,Spain,1,72,2/9/2020,652,0,2,0,170025.43,0
15578783,35,Male,Germany,1,0,1/9/2026,620,76989.97,1,1,17242.79,0
15580719,23,Female,France,1,120,3/9/2016,697,0,2,1,79734.23,0
15656293,-5,Male,France,0,36,2/9/2023,786,0,2,1,92712.97,0
15691875,39,Female,Germany,0,60,2/9/2021,850,114491.82,1,1,99689.48,0
15596870,54,Male,Germany,0,36,2/9/2023,749,144768.94,1,1,93336.3,1
15780770,31,Male,France,1,84,3/9/2019,445,145056.59,1,1,175893.53,0
15751491,50,Male,Germany,0,36,2/9/2023,443,117206.3,1,1,42840.18,1
15706200,41,Male,Germany,0,24,1/9/2024,637,138014.4,2,1,140298.24,0
15808674,45,Female,Germany,1,72,2/9/2020,616,128352.59,3,1,144000.59,1
15641411,23,Female,France,1,12,1/9/2025,756,112568.31,1,1,113408.11,0
15764661,33,Male,France,0,24,1/9/2024,644,0,1,1,96420.58,0
15689492,41,Male,Germany,1,12,1/9/2025,850,176958.46,2,0,125806.3,0
15602405,38,Female,Germany,0,108,3/9/2017,703,99167.54,1,1,65720.92,0
15610271,42,Female,Spain,0,36,2/9/2023,684,103210.27,1,1,31002.03,0
15791780,48,Female,Germany,1,120,3/9/2016,706,104478.12,3,0,158248.71,1
15589147,61,Male,Spain,1,96,3/9/2018,580,125921.37,1,1,94677.83,0
15756975,35,Female,Spain,1,36,2/9/2023,777,0,2,1,17257.72,0
15729582,48,Male,Germany,0,36,2/9/2023,676,80697.44,1,0,101397.86,0
15742971,44,Female,France,0,24,1/9/2024,708,161887.81,2,1,84870.23,0
15568046,24,Male,France,0,84,3/9/2019,809,109558.36,1,1,183515.13,0
15694890,38,Male,Unknown,0,12,1/9/2025,588,124271.26,1,1,75969.19,0
15736963,43,Male,France,1,12,1/9/2025,623,0,2,1,146379.3,0
15646490,42,Male,Spain,1,12,1/9/2025,537,190569.23,1,0,127154.8,0
15607314,53,Male,Spain,0,24,1/9/2024,536,143923.96,1,1,2019.78,1
15576745,48,Male,France,1,24,1/9/2024,769,96542.16,2,0,197885.72,0
15669606,33,Male,France,0,60,2/9/2021,690,0,2,1,138017.68,0
15737832,45,Male,Spain,0,0,1/9/2026,771,139825.56,1,0,170984.97,1
15681990,24,Male,Germany,0,72,2/9/2020,497,111769.14,2,1,55859.27,0
15758050,37,Male,Spain,0,48,2/9/2022,622,0,2,1,4459.5,0
15787848,30,Male,Spain,0,108,3/9/2017,602,113672.18,2,0,102135.92,0
15713594,32,Female,France,0,84,3/9/2019,543,147256.86,1,1,112771.95,0
15588186,45,Male,Spain,0,84,3/9/2019,520,107023.03,1,1,32903.93,0
15786739,37,Male,France,1,12,1/9/2025,669,125529.55,1,1,162260.93,0
15699467,41,Female,Spain,0,0,1/9/2026,631,0,1,0,87959.83,0
15680706,48,Male,Germany,0,48,2/9/2022,537,131834.8,1,1,166476.95,1
15645717,62,Male,France,1,24,1/9/2024,732,0,2,1,25438.87,0
15748597,56,Male,Spain,1,60,2/9/2021,844,99529.7,1,0,157230.06,1
15773709,35,Male,Spain,1,0,1/9/2026,838,0,2,0,197305.91,0
15629787,27,Male,France,0,120,3/9/2016,652,107303.72,2,0,44435.76,0
15661007,33,Male,France,0,0,1/9/2026,660,72783.42,1,0,181051.99,0
15686812,44,Female,Spain,1,96,3/9/2018,692,0,1,0,159069.37,0
15754113,35,Female,France,1,0,1/9/2026,588,0,2,1,155485.24,0
15749489,22,Female,Germany,0,120,3/9/2016,533,115743.6,1,0,43852.05,0
15574352,43,Male,France,1,48,2/9/2022,850,161256.53,1,1,140071.57,0
15701281,27,Male,France,1,96,3/9/2018,511,0,2,1,49089.36,0
15811985,44,Male,Spain,0,72,2/9/2020,530,0,2,0,55893.37,0
15713505,31,Male,France,1,12,1/9/2025,554,0,2,0,192660.55,0
15685653,40,Female,Germany,0,36,2/9/2023,585,162261.01,2,1,137028.51,0
15758831,39,Male,France,0,36,2/9/2023,754,74896.33,1,0,34430.16,0
15618774,54,Male,France,0,36,2/9/2023,474,0,1,1,108409.17,1
15764448,35,Male,Germany,0,0,1/9/2026,837,144037.6,1,1,145325.32,0
15611024,23,Female,France,1,108,3/9/2017,567,93522.2,1,0,81425.61,0
15738220,38,Male,Spain,0,12,1/9/2025,800,0,2,1,51553.43,0
15805764,18,Male,France,1,120,3/9/2016,646,0,2,0,52795.15,0
15580487,38,Male,Germany,1,96,3/9/2018,627,106922.92,2,0,84270.09,0
15675787,26,Male,France,0,96,3/9/2018,505,112972.57,1,1,145011.62,0
15583580,35,Female,Germany,0,12,1/9/2025,566,123042,1,1,66245.44,1
15780654,33,Female,Germany,1,36,2/9/2023,619,100488.92,2,0,36446.74,0
15695034,44,Female,France,0,48,2/9/2022,757,123322.15,1,1,137136.29,0
15805671,32,Male,France,1,0,1/9/2026,648,0,1,0,117323.31,0
15790658,42,Male,Spain,1,96,3/9/2018,621,68683.68,1,1,74157.71,0
15578648,49,Male,Germany,0,72,2/9/2020,543,59532.18,1,1,104253.56,0
15734987,43,Female,France,0,84,3/9/2019,658,140260.36,2,1,2748.72,0
15721740,50,Male,Germany,1,84,3/9/2019,633,88302.65,1,1,195937.16,0
15641822,19,Female,France,1,12,1/9/2025,648,0,2,0,22101.86,0
15765650,40,Male,Germany,0,60,2/9/2021,501,114655.58,1,0,126535.92,0
15788556,42,Female,France,1,48,2/9/2022,683,148283.94,1,1,44692.63,1
15576550,38,Female,Spain,0,12,1/9/2025,619,0,1,1,112442.63,1
15622230,35,Female,France,1,36,2/9/2023,705,0,2,0,66331.01,0
15653937,53,Female,Germany,0,12,1/9/2025,638,123916.67,1,1,16657.68,1
15743538,31,Female,France,0,12,1/9/2025,710,0,2,1,20081.3,0
15591740,54,Female,France,1,48,2/9/2022,590,0,2,1,93820.49,1
15650086,43,Male,France,0,24,1/9/2024,725,165896,2,1,130795.52,0
15718773,32,Female,France,0,0,1/9/2026,638,0,2,1,160129.99,0
15615140,36,Male,France,1,72,2/9/2020,791,111168.97,1,1,189969.91,0
15644361,40,Female,France,0,12,1/9/2025,702,103549.24,1,0,9712.52,1
15774536,32,Female,France,0,72,2/9/2020,607,0,2,0,196062.01,0
15618661,30,Male,France,1,72,2/9/2020,535,103804.97,1,1,125710.53,0
15605020,45,Male,France,0,24,1/9/2024,651,165901.59,2,1,23054.51,1
15762134,59,Male,Germany,1,96,3/9/2018,506,119152.1,2,1,170679.74,0
15685279,57,Female,Spain,1,96,3/9/2018,511,122950.31,1,1,181258.76,0
15582849,51,Female,France,1,12,1/9/2025,757,0,1,1,22835.13,1
15655410,49,Male,Germany,0,12,1/9/2025,768,133384.66,1,1,102397.22,1
15649129,32,Male,France,0,108,3/9/2017,757,0,2,1,115950.96,0
15702380,64,Male,Spain,1,72,2/9/2020,663,0,2,0,15876.52,0
15759067,37,Female,Germany,1,84,3/9/2019,1000,158411.95,4,1,117690.58,1
15683027,29,Male,Germany,1,48,2/9/2022,570,122028.65,2,1,173792.77,0
15597487,35,Female,France,1,60,2/9/2021,0,0,1,1,80992.8,0
15763256,64,Female,Germany,0,96,3/9/2018,661,128751.65,2,1,189398.18,1
15620111,54,Male,France,0,96,3/9/2018,659,133436.52,1,1,56787.8,0
15623053,40,Male,Spain,0,24,1/9/2024,454,123177.01,1,1,148309.98,0
15595592,59,Female,France,0,24,1/9/2024,708,0,1,1,179673.11,1
15740072,37,Female,France,1,24,1/9/2024,720,120328.88,2,1,138470.21,0
15778005,39,Female,France,0,12,1/9/2025,785,130147.98,1,1,163798.41,1
15583278,36,Female,Spain,1,96,3/9/2018,743,92716.96,1,1,33693.78,0
15601263,48,Female,Spain,0,84,3/9/2019,493,0,2,1,48545.1,0
15709222,34,Male,Spain,1,36,2/9/2023,557,0,1,0,123427.98,0
15713949,40,Male,France,0,12,1/9/2025,850,76914.21,1,1,174183.44,0
15717706,32,Female,France,1,36,2/9/2023,799,106045.92,2,1,17938,0
15756071,34,Male,France,1,12,1/9/2025,756,103133.26,1,1,90059.04,0
15696564,38,Male,France,1,0,1/9/2026,752,145974.79,2,1,137694.23,0
15657637,36,Female,Spain,0,36,2/9/2023,696,0,3,1,65039.9,0
15755863,49,Female,Spain,1,12,1/9/2025,630,0,2,0,162858.29,0
15719858,38,Female,Spain,1,108,3/9/2017,659,0,2,1,35701.06,0
15688876,39,Male,Spain,1,108,3/9/2017,685,0,2,1,18826.06,0
15698528,31,Female,Spain,1,36,2/9/2023,599,0,1,1,130086.47,1
15770345,31,Female,Spain,1,12,1/9/2025,559,139183.06,1,0,143360.56,0
15761506,19,male,Spain,0,60,2/9/2021,615,0,2,1,159920.92,0
15716619,36,Female,Germany,1,36,2/9/2023,580,74974.89,1,1,12099.67,0
15788367,44,Male,Spain,1,72,2/9/2020,487,61691.45,1,1,53087.98,0
15709451,35,Female,Germany,1,12,1/9/2025,646,121952.75,2,1,142839.82,0
15640421,35,Female,France,1,84,3/9/2019,811,0,1,1,178.19,0
15580068,35,Male,Spain,1,60,2/9/2021,526,0,2,1,105618.14,0
15677123,37,Male,Spain,1,84,3/9/2019,767,0,2,1,24734.25,0
15619801,33,Female,France,1,12,1/9/2025,548,80107.83,2,0,82245.67,0
15582246,years 45,Female,Spain,1,24,1/9/2024,737,0,2,0,177695.67,0
15711843,40,Male,Germany,0,12,1/9/2025,613,147856.82,3,0,107961.11,1
15680046,36,Male,Spain,0,96,3/9/2018,711,0,2,1,55207.41,0
15804131,53,Female,Spain,0,84,3/9/2019,850,65407.16,2,0,182633.63,1
15722611,53,Female,France,1,96,3/9/2018,752,114233.18,1,1,51587.04,0
15729224,37,Female,France,0,60,2/9/2021,710,0,2,1,115403.31,0
15811588,53,Female,Spain,0,84,9/3/2019,664,187602.18,1,1,186392.99,1
15702138,22,Female,France,0,36,2/9/2023,510,156834.34,1,0,44374.44,0
15749799,34,Female,France,1,24,1/9/2024,577,0,2,1,84033.35,0
15752885,42,Male,France,1,12,1/9/2025,529,-1,1,1,82276.62,0
15674932,44,Female,Spain,0,108,3/9/2017,757,0,2,1,177528.92,0
15743828,41,Male,France,1,24,1/9/2024,691,0,1,1,56850.92,1
15642022,34,Male,Spain,0,96,3/9/2018,621,0,1,0,47972.65,0
15746461,35,Male,Spain,0,24,1/9/2024,709,0,2,1,104982.39,0
15809991,19,Male,Spain,1,48,2/9/2022,756,130274.22,1,1,133535.29,0
15787322,41,Female,France,1,72,2/9/2020,788,0,1,1,25571.37,0
15575498,39,Female,France,0,60,2/9/2021,705,149379.66,2,1,96075.55,0
15691387,29,Male,France,1,108,3/9/2017,483,0,1,1,81634.45,0
15765457,35,Male,Spain,1,12,1/9/2025,719,100829.94,1,1,165008.97,0
15666173,32,Female,Germany,1,12,1/9/2025,793,96408.98,1,1,138191.81,0
15627377,41,Male,France,1,72,2/9/2020,593,0,2,1,99136.49,0
15656683,52,Male,france,0,12,1/9/2025,551,0,1,0,63584.55,1
15679810,39,Male,France,0,72,2/9/2020,690,0,2,1,160532.88,0
15606310,71,Male,France,1,60,2/9/2021,823,149105.08,1,0,162683.06,0
15756871,39,Male,Spain,0,36,2/9/2023,512,0,1,1,134878.19,0
15610002,41,Male,Spain,1,60,2/9/2021,802,0,2,1,134626.3,0
15567802,34,Female,Spain,0,24,1/9/2024,450,0,2,1,175480.93,0
15745452,41,Male,Germany,0,12,1/9/2025,651,90218.11,1,1,174337.68,0
15617252,33,Female,France,0,12,1/9/2025,697,87347.7,1,1,172524.51,0
15753248,28,Male,France,0,24,1/9/2024,611,0,2,0,25395.83,0
15610755,33,Female,France,1,0,1/9/2026,643,137811.75,1,1,184856.89,0
15662238,37,Male,France,0,36,2/9/2023,822,105563,1,1,182624.93,0
15799186,38,Male,France,0,48,2/9/2022,632,0,2,0,192505.62,0
15686941,26,Female,ES,0,84,3/9/2019,575,0,2,1,112507.63,0
15601172,31,Male,France,0,72,2/9/2020,672,91125.75,1,1,177295.92,0
15723858,39,Male,Spain,1,36,2/9/2023,517,0,2,0,12465.51,0
15615896,39,Male,Spain,0,96,3/9/2018,621,0,2,1,36122.96,0
15737647,77,Female,  Germany  ,0,72,2/9/2020,775,135120.56,1,1,37836.64,0
15582841,29,Male,Unknown,1,96,3/9/2018,600,0,2,0,34747.43,0
15760090,28,Male,France,1,84,3/9/2019,640,0,2,1,131097.9,0
15588587,36,  Female  ,France,1,12,1/9/2025,752,86837.95,1,1,105280.55,0
15683157,26,Male,France,1,48,2/9/2022,613,100446.57,1,0,149653.81,0
15694209,32,Female,France,1,36,2/9/2023,484,0,2,1,139390.99,0
15655875,33,Female,France,0,36,2/9/2023,511,0,2,1,132436.71,0
15805704,32,Female,France,1,24,1/9/2024,745,0,4,0,179705.13,1
15744789,32,Female,Spain,0,72,2/9/2020,786,114512.59,1,1,15796.66,0
15799357,35,Male,France,0,60,2/9/2021,727,136364.46,1,0,142754.71,0
15726153,31,Male,France,1,60,2/9/2021,622,106260.67,1,1,2578.43,0
15713346,24,Male,France,1,120,3/9/2016,794,146126.75,1,1,88992.05,0
15665053,52,Male,Spain,1,48,2/9/2022,636,111284.53,1,0,32936.44,1
15592379,42,Female,Spain,0,108,3/9/2017,741,121056.63,2,1,39122.58,0
15692599,34,Male,France,0,60,2/9/2021,687,128270.56,1,1,191092.62,0
15620758,30,Male,Spain,0,48,2/9/2022,660,0,2,1,129149.06,0
15637428,35,Male,France,0,84,3/9/2019,660,0,2,1,13218.6,0
15808389,79,Female,France,1,84,3/9/2019,617,0,1,1,160589.18,0
15807003,32,Male,France,0,120,3/9/2016,762,191775.65,1,1,179657.83,0
15702912,35,Female,Spain,0,24,1/9/2024,752,0,1,1,44335.54,1
15590623,34,Male,Spain,1,48,2/9/2022,561,85141.79,2,1,29217.37,0
15728078,26,Male,France,1,120,3/9/2016,609,126392.18,1,0,43651.49,0
15708256,28,Male,France,0,36,2/9/2023,803,0,2,1,159654,0
15582335,40,Female,France,0,108,3/9/2017,556,129860.37,1,0,17992.94,0
15649150,53,Female,France,0,60,2/9/2021,531,127642.44,1,1,141501.45,1
15691647,35,Female,,1,24,1/9/2024,411,0,2,1,93825.78,0
15668270,44,Female,Germany,1,60,2/9/2021,587,125584.17,2,1,41852.24,1
15624820,56,Male,Spain,0,84,3/9/2019,683,50911.21,3,0,97629.31,1
15736254,29,Male,France,0,24,1/9/2024,654,91955.61,1,1,37065.66,0
15720814,36,Female,Germany,0,24,1/9/2024,670,84266.44,2,0,38614.69,0
15642997,36,Female,France,1,24,1/9/2024,655,147149.59,1,1,87816.86,0
15693200,36,Female,France,0,84,3/9/2019,752,0,2,1,184866.86,0
15624596,23,Female,France,1,60,2/9/2021,534,104822.45,1,0,160176.47,0
15807167,42,Male,France,1,12,1/9/2025,635,146766.72,2,0,164357.1,0
15660301,70,Male,Germany,1,72,2/9/2020,491,148745.92,2,1,17818.33,0
15593094,27,Male,France,0,108,3/9/2017,516,0,1,1,142680.64,1
15618239,48,Female,France,0,0,1/9/2026,530,0,1,1,85081.09,0
15574137,35,Male,Spain,1,36,2/9/2023,687,0,2,1,176450.19,0
15614740,41,Female,France,1,72,2/9/2020,684,135203.81,2,1,121967.88,0
15574071,23,Male,Germany,1,24,1/9/2024,706,93301.97,2,0,127187.04,0
15671148,33,Male,Germany,0,60,2/9/2021,490,96341,2,0,108313.34,0
15721921,44,Male,France,1,96,3/9/2018,796,165326.2,1,1,57205.55,0
15717995,27,Male,France,1,0,1/9/2026,849,0,2,0,157891.86,0
15632050,41,Female,France,0,120,3-Sep-16,779,99786.2,1,1,86927.53,0
15647111,22,Female,Spain,1,48,2/9/2022,794,114440.24,1,1,107753.07,0
15759991,36,Male,Spain,0,48,2/9/2022,748,-1,1,1,82158.14,0
15790204,22,Female,Spain,0,108,3/9/2017,663,0,1,1,29135.89,1
15686780,55,Female,Spain,1,12,1/9/2025,645,133676.65,1,0,17095.49,0
15640491,33,Female,France,0,120,3/9/2016,464,147493.7,2,1,100447.53,0
15783225,54,Male,France,0,108,3/9/2017,737,0,1,1,83470.4,1
15734438,29,Female,France,0,48,2/9/2022,590,0,2,1,121846.81,0
15688760,37,Female,Germany,1,36,2/9/2023,522,95022.57,1,1,129107.59,0
15768124,34,Female,France,0,36,2/9/2023,648,0,1,1,54726.43,0
15661330,37,Male,France,1,72,2/9/2020,754,0,1,1,116141.72,0
15781272,50,Male,France,1,48,2/9/2022,669,149713.61,3,1,124872.42,1
15573888,43,Female,Germany,0,12,1/9/2025,648,107963.38,1,0,186438.86,1
15575858,40,Male,France,0,36,2/9/2023,763,0,2,1,134281.11,0
15645937,32,Male,Spain,0,36,2/9/2023,790,0,1,1,91044.47,0
15702337,37,Male,France,1,84,3/9/2019,581,0,2,1,74320.75,0
15764537,43,Male,France,0,96,3/9/2018,703,0,2,1,9704.66,0
15619616,33,Female,France,0,108,3/9/2017,571,102017.25,2,0,128600.49,0
15585133,27,Female,Spain,0,96,3/9/2018,657,0,2,0,6468.24,0
15573971,44,Male,France,0,84,3/9/2019,737,0,2,0,57898.58,0
15579433,29,Male,Spain,0,96,3/9/2018,793,96674.55,2,0,192120.66,0
15777045,44,Female,Spain,0,36,2/9/2023,783,81811.71,1,1,164213.53,1
15611580,33,Male,Spain,0,48,2/9/2022,751,79281.61,1,1,117547.76,0
15614778,31,Male,France,0,72,2/9/2020,579,0,2,1,26149.25,0
15771750,36,Female,  Germany  ,0,120,3/9/2016,655,122314.39,1,1,9181.66,0
15593280,43,Male,Germany,1,96,3/9/2018,614,-1,1,1,166588.76,0
15569274,49,Male,Germany,0,24,1/9/2024,678,116933.11,1,1,195053.58,1
15654408,41,Male,Spain,0,60,2/9/2021,562,165445.04,2,1,85787.31,0
15657468,-1,Female,Germany,0,60,2/9/2021,711,123805.03,1,1,102428.51,0
15614213,37,Male,France,0,0,1/9/2026,620,107548.94,1,1,71175.94,0
15589869,49,Male,France,1,108,3/9/2017,437,111634.29,2,0,166440.32,0
15693205,41,Female,Germany,1,96,3/9/2018,691,109153.96,3,1,148848.76,1
15797113,34,Female,Spain,0,48,2/9/2022,552,0,2,1,140286.69,0
15676958,34,Male,Germany,1,60,2/9/2021,765,86055.17,2,1,104220.5,0
15739592,51,Female,Germany,0,120,3/9/2016,707,98438.23,1,0,70778.63,1
15656263,29,Male,Spain,0,60,2/9/2021,764,0,2,1,65868.28,0
15636872,32,Female,N/A,0,96,3/9/2018,585,144705.87,2,0,171482.56,0
15589435,31,Male,France,1,84,3/9/2019,784,0,2,1,143204.41,0
15640464,41,Male,France,1,60,2/9/2021,605,91612.91,1,1,28427.84,0
15723851,40,Male,Spain,0,24,1/9/2024,699,0,1,1,78387.32,0
15722122,40,Female,France,1,84,3/9/2019,544,0,1,0,161076.92,0
15696852,32,Female,France,1,108,3/9/2017,803,192122.84,1,1,54277.45,1
15634936,41,Male,France,1,84,3/9/2019,735,179904,1,1,137180.95,0
15575935,59,Male,France,1,0,1/9/2026,673,178058.06,2,0,21063.71,1
15634491,30,Male,France,1,24,1/9/2024,652,176166.56,2,1,152210.81,0
15628530,42,Male,France,0,36,2/9/2023,694,156864.2,2,0,88890.75,0
15678720,44,Female,France,1,84,3/9/2019,741,0,2,1,190534.76,0
15627999,30,Male,Spain,0,36,2/9/2023,590,0,2,1,83090.35,0
15571244,33,Female,Spain,1,36,2/9/2023,809,0,2,0,141426.78,0
15739931,34,Male,France,1,24,1/9/2024,523,161588.89,1,1,51358.66,0
15806256,48,Male,France,0,24,1/9/2024,540,109349.29,1,1,88703.04,1
15787258,29,Female,Spain,0,72,2/9/2020,596,0,2,1,116696.77,0
15706463,36,Female,France,1,108,3/9/2017,597,0,2,1,7156.09,0
15691004,37,Male,Spain,1,12,1/9/2025,407,0,1,1,49161.12,1
15792228,60,Male,France,0,0,1/9/2026,748,152335.7,1,1,126743.33,1
15733447,51,Female,France,1,12,1/9/2025,562,124662.54,1,1,65390.46,1
15679062,47,Female,Germany,1,120,3/9/2016,734,91522.04,2,1,138835.91,0
15594409,45,Male,France,1,12,1/9/2025,710,0,2,1,36154.66,0
15613816,39,Female,Spain,1,72,2/9/2020,539,62052.28,1,0,59755.14,0
15681991,32,Male,France,0,84,3/9/2019,542,107871.72,1,1,125302.64,0
15796074,36,Female,France,0,24,1/9/2024,717,99472.76,2,1,94274.72,1
15625941,50,Female,Spain,1,120,3/9/2016,682,128039.01,1,1,102260.16,0
15615016,33,Male,France,1,24,1/9/2024,515,0,2,1,136028.97,0
15748414,33,Female,Spain,0,96,3/9/2018,526,114634.63,2,1,110114.38,1
15751203,26,Male,France,1,60,2/9/2021,702,56738.47,2,1,100442.22,1
15662658,34,Male,Germany,0,24,1/9/2024,651,90355.12,2,0,193597.94,0
15574868,36,Male,Germany,0,60,2-Sep-21,792,115725.24,2,0,1871.25,0
15790282,58,Male,Germany,1,36,2/9/2023,817,114327.59,2,1,42831.11,0
15762927,36,Female,Germany,0,72,2/9/2020,674,100762.64,1,1,182156.86,0
15803456,40,Female,France,0,108,3/9/2017,641,0,1,0,151648.66,1
15771857,39,Male,Spain,1,84,3/9/2019,513,89039.9,2,1,146738.83,0
15700601,34,Male,France,1,12,1/9/2025,561,78829.53,1,1,12148.2,0
15569670,30,Male,Germany,1,72,2/9/2020,627,112372.96,1,1,118029.09,0
15772341,81,Male,Germany,1,72,2/9/2020,682,122029.15,1,1,50783.88,0
15661548,29,Female,France,0,0,1/9/2026,-20,157829.12,1,0,129891.66,0
15787597,31,Female,Germany,1,12,1/9/2025,420,108377.75,2,1,9904.63,0
15806913,54,Female,France,1,24,1/9/2024,670,95507.12,three,1,63213.31,0
15804862,43,Male,Germany,0,72,2/9/2020,505,127146.68,7,0,137565.87,0
15792986,24,Male,Germany,0,12,1/9/2025,580,133811.78,1,1,17185.95,1
15625632,36,Male,France,1,36,2/9/2023,577,121092.47,2,0,143783.46,0
15727703,34,Male,Germany,0,120,3/9/2016,773,126979.75,1,0,36823.28,0
15606273,37,Male,France,0,60,2/9/2021,616,144235.73,2,0,154957.66,1
15799652,38,Female,France,0,0,1/9/2026,763,152582.2,2,0,31892.82,0
15715047,43,Male,Spain,0,108,3/9/2017,640,172478.15,1,1,191084.4,1
15784687,36,Male,France,0,12,1/9/2025,592,126477.42,1,0,179718.17,0
15615322,43,Male,Spain,1,84,3/9/2019,528,97473.87,2,1,159823.16,0
15722072,53,Male,France,1,60,2/9/2021,630,138053.67,1,0,114110.97,0
15646784,31,Female,France,1,24,1/9/2024,529,164003.05,2,1,60993.23,0
15644692,47,Female,France,1,96,3/9/2018,546,0,1,1,66408.01,1
15670354,62,Female,France,1,72,2/9/2020,753,0,2,1,136398.9,0
15716357,39,Female,Spain,1,48,2/9/2022,772,122486.11,2,1,140709.25,0
15786717,36,Male,France,0,12,1/9/2025,567,0,2,0,8555.73,0
15771383,45,Female,  Germany  ,0,72,2/9/2020,628,53667.44,1,1,115022.94,0
15649793,20,Male,France,0,84,3/9/2019,658,0,2,0,187638.34,0
15731543,58,Male,Spain,1,108,3/9/2017,679,109327.65,1,1,3829.13,0
15684516,34,Male,Spain,0,12,1/9/2025,629,121151.05,1,0,119357.93,0
15677249,42,Male,Spain,1,108,3/9/2017,731,101043.63,1,1,192175.52,0
15581525,33,Male,Germany,0,36,2/9/2023,775,83501.66,2,1,128841.31,0
15628420,33,Male,Spain,0,24,1/9/2024,660,80462.24,1,0,150422.35,0
15600478,39,Male,France,0,36,2/9/2023,752,0,1,1,188187.05,0
15594502,37,Male,France,0,72,2/9/2020,655,109093.41,2,1,1775.52,0
15784361,46,Female,Spain,1,60,2/9/2021,543,140355.6,1,1,85086.78,0
15767626,42,Male,France,1,120,3/9/2016,811,0,2,1,3797.79,0
15632521,45,Male,Germany,0,0,1/9/2026,689,130170.82,2,1,150856.38,0
15665088,42,Female,France,1,24,1/9/2024,531,0,2,0,90537.47,0
15652084,40,Male,France,1,0,1/9/2026,515,109542.29,1,1,166370.81,0
15574761,41,Female,France,0,36,2/9/2023,466,33563.95,2,1,178994.13,1
15729515,36,Male,France,1,12,1/9/2025,782,148795.17,2,1,195681.43,0
15682070,64,Male,France,1,108,3/9/2017,611,0,2,1,53277.15,0
15743817,40,Male,Germany,0,96,3/9/2018,621,174126.75,3,1,172490.78,1
15572158,41,Male,Spain,0,36,2/9/2023,604,0,1,0,11819.84,0
15584477,35,Female,Spain,1,12,1/9/2025,655,106405.03,1,1,82900.25,0
15614893,38,Male,Spain,1,24,1/9/2024,689,0,1,1,82709.8,0
15665963,30,Male,Spain,1,24,1/9/2024,681,128393.29,1,1,180593.45,0
15612524,41,Male,Germany,0,24,1/9/2024,643,127841.52,1,1,172363.41,0
15596962,24,Female,France,1,48,2/9/2022,617,137295.19,2,1,91195.12,0
15744942,55,Female,Spain,1,24,1/9/2024,638,155828.22,1,0,108987.25,1
15573278,39,Male,France,0,72,2/9/2020,743,0,2,1,44265.28,0
15717056,25,Female,Germany,0,84,3/9/2019,828,144351.86,1,1,116613.26,0
15795881,35,Male,Spain,1,96,3/9/2018,776,106365.29,1,1,148527.56,0
15758939,35,Male,Germany,1,84,3/9/2019,540,127801.88,1,0,84239.46,0
15792250,45,Female,Germany,1,48,2/9/2022,616,122793.96,1,1,62002.04,0
15740406,38,Male,Germany,0,120,3/9/2016,unknown,113525.84,1,1,46044.48,1
15768137,23,Female,Spain,0,72,2/9/2020,667,136100.69,2,0,169669.33,1
15569120,30,Male,France,1,84,3/9/2019,615,0,2,1,156346.84,0
15723721,30,Male,France,0,48,2/9/2022,543,140916.81,1,1,157711.18,0
15777122,31,Female,France,1,-10,2/9/2022,553,0,2,1,89087.4,0
15742681,26,Male,Germany,1,48,2/9/2022,554,121365.39,1,1,8742.36,0
15582090,36,Female,Spain,0,48,2/9/2022,684,0,1,1,117038.96,0
15711254,35,Female,France,0,84,3/9/2019,452,0,2,1,164241.67,0
15775067,47,Male,France,1,36,2/9/2023,606,93578.68,2,0,137720.56,1
15602851,40,Male,France,0,108,3/9/2017,629,0,1,1,106.67,0
15802857,33,Female,Spain,1,96,3/9/2018,659,115409.6,1,0,1539.21,0
15701175,33,Female,France,1,96,3/9/2018,493,90791.69,1,1,59659.53,0
15783019,62,Female,France,0,108,3/9/2017,794,123681.32,3,1,173586.63,1
15728912,44,Female,France,0,72,2/9/2020,554,92436.86,1,1,126033.9,0
15585580,52,Female,Germany,1,108,3/9/2017,796,167194.36,1,1,62808.93,1
15583480,36,Female,France,1,48,2/9/2022,807,0,2,0,147007.33,0
15620341,44,Male,Germany,0,108,3/9/2017,500,160838.13,2,1,196261.64,0
15613886,43,Male,Spain,0,12,1/9/2025,722,0,1,1,44560.17,1
15792916,40,Female,Spain,1,84,3/9/2019,559,144470.77,1,1,18917.95,0
15710408,999,Female,Spain,1,36,2/9/2023,584,0,2,1,4525.4,0
15598695,68,Female,Germany,1,108,3/9/2017,834,130169.27,2,0,93112.2,0
15649354,35,Male,Spain,1,48,2/9/2022,754,0,2,1,9658.41,0
15737556,43,Male,France,1,84,3/9/2019,590,81076.8,2,1,182627.25,1
15671610,36,Male,France,1,84,3/9/2019,740,0,1,1,13177.4,0
15625092,57,Female,Germany,0,36,2/9/2023,502,,1,1,43568.31,1
15741032,48,Male,France,1,60,2/9/2021,733,0,1,0,117830.57,0
15750014,37,Female,Germany,1,0,1/9/2026,755,113865.23,2,1,117396.25,0
15784761,46,Female,Spain,1,84,3/9/2019,554,87603.35,3,0,96929.24,1
15768359,36,Male,France,0,48,2/9/2022,534,120037.96,1,1,36275.94,0
15805769,33,Male,Spain,0,48,2/9/2022,656,0,2,1,116706,0
15719508,49,Male,Germany,1,84,3/9/2019,575,121205.15,4,1,168080.53,1
15609011,47,Male,Spain,0,96,3/9/2018,480,75408.33,1,1,25887.89,1
15703106,40,Male,France,1,60,2/9/2021,575,0,2,1,122488.59,0
15626795,40,Female,France,0,36,2/9/2023,672,0,1,1,113171.61,1
15773731,35,Female,Spain,0,60,2/9/2021,758,0,2,0,100365.51,0
15756196,50,Male,France,1,72,2/9/2020,682,121818.84,2,0,124151.37,0
15687903,29,Female,France,0,96,3/9/2018,501,0,2,1,112664.24,0
15777599,,Male,Germany,1,72,2/9/2020,746,141806,2,1,183494.87,0
15754577,51,Female,France,0,96,3/9/2018,556,61354.14,1,1,198810.65,1
15584113,53,Female,Germany,1,48,2/9/2022,823,124954.94,1,0,131259.6,1
15669589,68,Female,Germany,1,12,1/9/2025,491,95039.12,1,0,116471.14,1
15632793,29,Female,France,1,108,3/9/2017,638,103417.74,1,1,15336.4,0
15711130,45,Male,France,0,24,1/9/2024,734,0,2,1,99593.28,0
15615254,40,Male,France,0,120,3/9/2016,555,43028.77,1,1,170514.21,0
15720583,44,Female,Germany,1,0,1/9/2026,745,119638.21,1,1,34265.08,1
15780432,37,Male,,0,36,2/9/2023,728,122689.51,2,0,106977.53,1
15673223,44,Male,France,0,120,3/9/2016,626,0,2,0,164287.86,0
15807989,37,Male,Germany,1,96,3/9/2018,681,73179.34,2,1,25292.53,0
15761168,38,Female,France,0,48,2/9/2022,478,171913.87,1,1,51820.87,1
15651272,38,Male,France,1,60,2/9/2021,709,0,2,1,81452.29,0
15812832,33,Male,Germany,0,96,3/9/2018,562,92659.2,2,1,1354.25,0
15680517,34,Female,Germany,1,84,3/9/2019,769,137239.17,1,1,71379.92,1
15750569,46,Female,Germany,0,36,2/9/2023,684,102955.14,2,1,154137.33,0
15690743,61,Female,France,1,96,3/9/2018,536,65190.29,1,1,64308.49,1
15627741,29,Female,Germany,1,24,1/9/2024,631,96863.52,2,1,31613.35,0
15712121,34,Male,Spain,0,60,2/9/2021,657,154983.98,1,1,27738.01,0
15805429,59,Male,Germany,1,36,2/9/2023,699,106819.65,1,0,163570.25,0
15814923,38,male,Spain,1,84,3/9/2019,606,128578.52,1,1,193878.51,0
15589230,63,Female,France,1,24,1/9/2024,612,126473.33,1,0,147545.65,0
15775490,38,Female,France,0,60,2/9/2021,660,110570.78,2,1,195906.59,0
15749727,50,Male,Spain,1,84,3/9/2019,829,0,2,0,178458.86,0
15619238,29,Male,Spain,0,96,3/9/2018,567,0,2,1,156125.72,0
15593468,33,Female,France,1,36,2/9/2023,850,0,2,1,11159.19,0
15718454,44,Female,Spain,0,24,1/9/2024,712,0,2,0,45738.94,0
15789498,30,Male,France,0,36,2/9/2023,562,111099.79,many,0,140650.19,0
15744691,29,Female,France,0,36,2/9/2023,755,0,3,1,4733.94,0
15708289,25,Male,Spain,0,36,2/9/2023,793,100913.57,1,0,10579.72,0
15790412,26,Male,Spain,1,96,3/9/2018,471,0,2,1,179655.87,0
15741416,42,Male,France,1,24,1/9/2024,707,16893.59,1,1,77502.56,0
15598894,38,Male,Spain,0,120,3/9/2016,784,122267.85,1,0,145759.93,0
15663294,32,Male,France,1,12,1/9/2025,703,125685.79,1,1,56246.72,0
15572728,years 36,Male,Spain,0,96,3/9/2018,704,127397.34,1,1,151335.24,0
15706729,38,Male,France,1,0,1/9/2026,662,105271.56,1,0,179833.45,0
15674433,28,Female,Germany,0,24,1/9/2024,636,115265.14,1,0,191627.85,0
15641170,36,Male,Spain,0,48,2/9/2022,640,0,1,0,173016.46,0
15806284,31,Male,Spain,1,12,1/9/2025,739,0,2,1,58469.75,0
15690958,23,Male,Germany,1,24,1/9/2024,767,139542.82,1,0,28038.28,0
15606386,46,Female,Germany,0,36,2/9/2023,753,111512.75,3,1,159576.75,1
15682322,37,Male,France,1,108,3/9/2017,714,148466.93,2,0,151280.96,0
15579915,29,Male,France,0,48,2/9/2022,707,0,2,1,139953.94,0
15681928,35,Female,France,0,48,2/9/2022,577,108155.49,1,1,105407.79,0
15734005,42,Female,France,0,12,1/9/2025,633,0,2,1,56865.62,0
15650432,41,Male,Germany,1,120,3/9/2016,849,84622.13,1,1,198072.16,0
15592578,41,Female,Spain,0,84,3/9/2019,614,146997.64,2,0,137791.18,0
15671243,47,Female,France,0,108,3/9/2017,558,0,2,1,103787.28,0
15775709,27,Female,France,0,120,3/9/2016,832,98590.25,1,1,30912.89,0
15702631,26,Female,France,1,24,1/9/2024,567,0,2,1,78651.55,0
15602282,45,Female,Germany,1,96,3/9/2018,587,134980.74,1,1,123309.57,1
15717879,79,Female,Spain,1,60,2/9/2021,712,108078.56,1,1,174118.93,0
15740878,29,Female,Spain,1,108,3/9/2017,655,0,2,0,85736.26,0
15794468,42,Female,  France  ,0,72,2/9/2020,641,0,2,0,121138.77,0
15773277,,Male,France,0,60,2/9/2021,676,106836.67,2,1,84199.78,0
15572657,29,Male,france,1,96,3/9/2018,472,102490.27,1,0,181224.56,0
15800295,34,Male,Germany,0,108,3/9/2017,644,112746.54,2,0,141230.07,0
15672397,38,Male,France,0,0,1/9/2026,598,125487.89,1,0,158111.71,0
15684921,25,Male,Spain,1,96,3/9/2018,792,142862.21,1,1,130639.01,0
15720676,37,Female,Unknown,0,84,3/9/2019,700,0,2,1,17040.82,0
15731829,34,Male,France,0,120,3/9/2016,616,0,2,1,25662.27,0
15732672,35,Male,Spain,1,72,2/9/2020,743,79388.33,1,1,193360.69,0
15692406,37,Male,France,1,60,2/9/2021,427,0,2,1,121485.1,0
15764405,29,Male,France,1,120,3/9/2016,731,0,2,1,162452.65,0
15757537,31,Female,France,1,72,2/9/2020,610,107784.65,1,1,141137.53,0
15793307,41,Female,Spain,0,48,2/9/2022,724,142880.28,3,0,185541.2,1
15660679,38,Female,Spain,0,108,3/9/2017,653,149571.94,1,1,118383.18,0
15666856,49,Male,France,1,12,1/9/2025,774,142767.39,1,1,8214.41,0
15687372,49,Male,Germany,0,96,3/9/2018,547,121537.71,2,1,46521.45,1
15667289,years 50,Male,Spain,0,24,1/9/2024,719,0,2,0,10772.13,0
15624641,43,Male,Spain,0,108,3/9/2017,740,0,1,1,199290.68,1
15734610,42,Male,France,0,48,2/9/2022,543,89838.71,3,1,85983.54,1
15631882,45,Male,Germany,0,108,3/9/2017,688,103399.87,1,0,129870.93,0
15642709,30,Female,France,0,108,3/9/2017,474,0,2,0,63158.22,0
15811026,43,Male,Germany,0,60,2/9/2021,505,136855.94,2,1,171070.52,0
15596303,39,Female,France,0,0,1/9/2026,688,0,2,1,53222.15,1
15787255,55,Female,Germany,1,24,1/9/2024,650,140891.46,3,1,179834.45,1
15617166,37,Male,France,0,0,1/9/2026,610,0,1,1,114514.64,0
15742442,46,Female,Spain,1,60,2/9/2021,705,89364.91,1,0,139162.15,0
15758692,29,Female,France,0,84,3/9/2019,669,146011.4,1,0,50249.16,0
15568238,20,Male,Spain,1,96,3/9/2018,650,0,2,1,113469.65,0
15730353,29,Male,Germany,0,108,3/9/2017,550,145294.08,2,1,147484.13,0
15731555,45,Female,Germany,0,108,3/9/2017,595,106000.12,1,0,191448.96,1
15582404,26,Female,Spain,0,60,2/9/2021,572,0,2,1,119381.41,0
15721462,58,Female,Spain,1,24,1/9/2024,622,0,2,1,33277.31,0
15632899,20,Male,Spain,0,108,3/9/2017,662,104508.77,2,0,73107.53,0
15808526,58,Female,Germany,1,36,2/9/2023,783,127539.3,1,1,96590.39,1
15694349,44,Male,Spain,1,84,3/9/2019,714,0,1,0,6923.11,0
15718465,51,Male,Germany,0,36,2/9/2023,671,96891.46,1,1,176403.33,1
15682995,32,Female,France,0,12,1/9/2025,600,78535.25,1,1,64349.6,0
15584776,37,Female,Spain,0,108,3/9/2017,847,112712.17,1,1,116097.26,0
15777772,55,Male,Spain,1,108,3/9/2017,650,119618.42,1,1,29861.13,0
15576156,28,Female,Spain,0,72,2/9/2020,710,0,1,1,48426.98,0
15646756,33,Female,France,1,96,3/9/2018,682,74963.5,1,1,32770.56,0
15742886,26,Male,France,1,12,1/9/2025,642,138023.79,2,0,117060.2,0
15586135,28,Female,Spain,1,48,2/9/2022,536,0,1,1,136197.65,0
15616152,47,Female,France,0,12,1/9/2025,754,185513.67,1,1,27438.83,0
15721460,60,Male,France,0,96,3/9/2018,678,185648.56,1,0,192156.54,1
15727317,49,Female,Germany,0,12,1/9/2025,533,102286.6,3,1,69409.37,1
15649536,38,Male,Germany,0,48,2/9/2022,741,128015.83,1,1,58440.43,0
15754929,31,Male,France,0,120,3/9/2016,757,39539.39,2,0,192519.39,0
15572051,40,Male,France,1,36,2/9/2023,721,0,1,1,144874.67,0
15668142,37,Male,France,1,36,2/9/2023,700,77608.46,2,1,175373.46,0
15701176,26,Male,France,0,60,2/9/2021,663,141462.13,1,1,440.2,0
15708422,35,Female,Spain,0,0,1/9/2026,677,0,2,0,76637.38,0
15655632,27,Male,France,0,24,1/9/2024,655,131691.33,1,1,49480.66,0
15744606,29,Male,Spain,1,96,3/9/2018,832,93833.86,1,0,10417.87,0
15612140,46,Female,Spain,1,84,3/9/2019,721,137933.39,1,1,67976.57,0
15656086,54,Male,Spain,1,96,3/9/2018,542,105770.14,1,0,140929.98,1
15655298,54,Female,ES,1,60,2/9/2021,654,0,2,0,47139.06,0
15644796,38,Female,Spain,1,96,3/9/2018,821,0,2,0,126241.4,1
15726250,38,Female,France,1,36,2/9/2023,508,166328.65,2,0,22614.19,0
15764432,42,Female,Germany,0,24,1/9/2024,588,164307.77,1,1,48498.19,0
15631721,38,Male,Germany,1,108,3/9/2017,691,163965.69,2,0,103511.26,0
15707479,40,Male,France,0,84,3/9/2019,664,125608.72,1,1,122073.48,0
15579826,66,Female,France,0,108,3/9/2017,six hundred,0,1,1,65535.56,0
15668104,-1,Male,Spain,1,72,2/9/2020,479,118433.94,1,0,160060.9,0
15641604,55,Female,France,0,120,3/9/2016,850,98488.08,1,1,155879.57,1
15587240,40,Male,France,1,48,2/9/2022,518,0,2,0,194416.58,0
15680767,64,Female,Germany,1,120,3/9/2016,717,98362.35,2,1,21630.21,0
15601594,51,  Female  ,France,0,72,2/9/2020,698,144237.91,4,1,157143.61,1
15589969,34,Male,France,1,72,2/9/2020,850,0,1,0,52796.31,0
15703728,47,Male,Spain,0,48,2/9/2022,700,0,1,1,121798.52,1
15617790,29,Female,France,0,48,2/9/2022,626,105767.28,2,0,41104.82,0
15662500,32,Male,Spain,0,108,3/9/2017,774,0,2,1,10604.48,0
15778526,48,Female,Spain,0,60,2/9/2021,719,0,2,0,78563.66,0
15670584,31,Male,Spain,1,24,1/9/2024,646,0,1,1,170821.43,1
15748069,25,Female,France,1,36,2/9/2023,485,134467.26,1,1,113266.09,0
15680597,38,Male,Germany,1,12,1/9/2025,784,138515.02,1,1,171768.76,0
15628992,32,Male,Germany,0,24,1/9/2024,850,128647.98,2,0,54416.18,0
15719624,38,Female,France,0,108,3/9/2017,669,121858.98,1,1,130755.34,0
15812767,70,Male,Spain,1,36,2/9/2023,731,0,2,1,141180.66,0
15689201,49,Female,France,1,12,1/9/2025,721,120108.56,1,0,183421.76,0
15614716,37,Female,France,1,0,1/9/2026,515,196853.62,1,1,132770.11,0
15683618,35,Female,France,1,36,2/9/2023,774,121418.62,1,1,24400.37,0
15799631,36,Male,Spain,1,120,3/9/2016,585,0,2,1,180318.6,0
15692259,29,Female,France,0,108,3/9/2017,695,0,2,1,111565.45,0
15590966,42,Female,Germany,0,48,2/9/2022,729,97495.8,2,0,2002.5,0
15656426,42,Female,France,0,36,2/9/2023,713,0,2,0,82565.01,0
15675256,33,Male,Spain,1,60,2/9/2021,555,127343.4,1,0,121789.3,0
15751185,50,Female,Spain,0,0,1/9/2026,699,158633.61,1,1,193785.87,0
15789582,55,Male,France,0,108,3/9/2017,587,0,1,1,64593.07,0
15651103,69,Female,Spain,1,108,3/9/2017,762,183744.98,1,1,196993.69,0
15672299,44,Male,France,1,72,2/9/2020,510,0,2,1,175518.31,0
15772250,46,Male,Spain,0,108,3/9/2017,842,0,1,0,17268.02,0
15763922,31,Male,France,0,84,3/9/2019,608,79962.92,2,1,60901.72,0
15633870,36,Female,France,1,120,3/9/2016,850,0,2,1,100750.03,0
15624323,36,Male,France,1,48,2/9/2022,642,0,2,1,195224.91,0
15688612,33,Male,France,0,84,3/9/2019,850,140956.99,1,0,3510.18,0
15694644,43,Female,Spain,1,72,2/9/2020,455,0,1,1,81250.79,0
15587174,29,Male,France,1,84,3/9/2019,726,0,2,1,91844.14,1
15579559,30,Male,Spain,1,96,3/9/2018,544,145241.63,1,1,80676.83,0
15775430,31,Male,Germany,0,84,3/9/2019,651,138008.06,2,1,129912.74,0
15623695,31,Female,France,1,48,2/9/2022,814,0,2,1,142029.17,0
15760849,39,Male,France,1,24,1/9/2024,537,0,2,1,137651.6,0
15813095,37,Male,France,0,24,1/9/2024,553,0,2,1,33877.29,0
15705281,38,Male,Spain,0,108,3/9/2017,800,0,1,1,78744.39,0
15812594,34,Male,France,0,84,3/9/2019,791,0,2,1,96734.46,0
15626322,29,Female,Spain,0,108,3/9/2017,699,127570.93,2,1,164756.81,0
15723105,28,Female,France,1,72,2/9/2020,756,0,1,1,164394.65,0
15588449,27,Female,Spain,1,60,2/9/2021,591,107812.67,1,0,162501.83,1
15794849,22,Male,Germany,0,84,3/9/2019,850,91560.58,2,0,10541.38,0
15620000,34,male,Germany,1,72,2/9/2020,760,121303.77,2,1,59325.21,0
15799720,43,Male,Spain,1,96,3/9/2018,569,161546.68,2,0,178187.28,0
15711287,35,Female,Spain,0,60,2/9/2021,661,128415.45,1,1,142626.49,0
15613102,31,Female,France,1,24,1/9/2024,670,57530.06,1,1,181893.31,1
15621440,38,Male,France,1,12,1/9/2025,694,0,2,0,156858.2,0
15677146,28,Female,France,0,48,2/9/2022,728,142243.54,2,1,33074.51,0
15801169,39,Female,Germany,0,108,3/9/2017,764,138341.51,1,1,50072.94,1
15722425,32,Male,France,0,108,3/9/2017,639,0,2,1,111340.36,0
15682421,30,Female,France,1,24,1/9/2024,683,0,2,0,100496.84,1
15691910,30,Male,Spain,0,48,2/9/2022,663,0,3,1,101371.05,0
15721779,41,Male,Spain,0,60,2/9/2021,826,146466.46,2,0,180934.67,0
15579548,36,Male,Spain,0,60,2/9/2021,735,0,2,1,105152.17,0
15681075,58,Female,France,1,12,1/9/2025,682,0,1,1,706.5,0
15607884,39,Female,France,1,96,3/9/2018,663,0,2,1,101168.9,0
15767757,29,Female,Spain,1,108,3/9/2017,562,120307.58,1,1,6795.61,0
15791550,27,Male,France,0,48,2/9/2022,696,87637.26,2,0,196111.35,0
15658589,38,Male,Spain,1,24,1/9/2024,850,94652.04,1,1,171960.76,0
15670822,22,Female,France,1,84,3/9/2019,719,114415.84,1,1,177497.4,0
15629744,71,Female,France,1,96,3/9/2018,804,0,2,0,147995.96,0
15660768,40,Male,France,0,12,1/9/2025,604,84315.02,1,0,36209.1,0
15726310,27,Female,Spain,0,36,2/9/2023,782,0,2,1,143614.01,0
15641298,42,Male,Germany,0,108,3/9/2017,512,93955.83,2,1,14828.54,0
15625675,36,Male,  France  ,0,12,1/9/2025,569,67087.69,1,1,154775.7,0
15713354,22,Female,Germany,0,72,2/9/2020,597,101528.61,1,1,70529,1
15633866,30,Male,Germany,1,12,1/9/2025,753,110824.52,1,1,57896.27,0
15704231,33,Female,France,1,96,3/9/2018,430,0,1,1,69759.91,0
15735400,28,Male,France,0,96,3/9/2018,756,179960.2,1,1,89938.08,0
15632826,38,  Male  ,France,0,36,2/9/2023,493,134006.77,1,1,89578.32,0
15751022,37,Female,Germany,1,120,3/9/2016,777,121532.17,2,1,73464.88,0
15664737,years 38,Female,Spain,1,84,3/9/2019,779,0,2,1,138542.87,0
15681126,38,Female,Spain,1,24,1/9/2024,702,0,1,1,161888.63,0
15738954,35,Male,France,0,84,3/9/2019,551,129717.3,2,0,86937.2,0
15662263,22,Male,Germany,1,48,2/9/2022,749,94762.16,2,1,42241.54,0
15621611,55,Male,Germany,1,60,2/9/2021,742,155196.17,1,0,121207.66,1
15783752,29,Male,Germany,1,48,2/9/2022,752,129514.99,1,1,102930.46,0
15709474,57,Female,Germany,1,36,2/9/2023,740,113386.36,7,1,65121.63,1
15701280,24,Male,France,1,36,2/9/2023,576,0,1,0,78498.04,1
15671104,43,Male,Spain,1,36,2/9/2023,score_700,172196.23,1,1,104769.96,0
15796434,28,Male,France,1,60,2/9/2021,724,97612.12,1,1,96498.14,0
15781505,20,Male,France,0,48,2/9/2022,685,104719.94,2,1,38691.34,0
15625819,38,Female,France,0,84,3/9/2019,625,0,1,1,164804.02,0
15753174,37,Male,Germany,0,108,3/9/2017,571,139592.98,3,1,104152.65,1
15654067,29,Female,Spain,0,48,2/9/2022,584,0,2,1,88866.92,0
15724719,22,Female,France,0,84,3/9/2019,550,139096.85,1,1,129890.94,0
15624695,72,Female,Spain,1,84,3/9/2019,662,140301.72,1,0,179258.67,0
15718216,43,Male,Spain,0,36,2/9/2023,803,0,1,1,72051.44,0
15586300,66,Male,France,1,84,3/9/2019,615,0,2,1,74580.8,0
15783349,39,Male,Spain,1,12,1/9/2025,481,111233.09,1,1,123995.15,0
15725767,23,Male,France,0,36,2/9/2023,701,0,2,1,38960.59,0
15791925,29,Male,France,1,120,3/9/2016,751,147737.63,1,0,94951.27,0
15793585,35,Male,France,1,96,3/9/2018,675,0,2,1,56642.97,0
15576641,40,Male,Germany,1,60,2/9/2021,733,125725.02,2,1,50783.1,0
15749519,38,Male,France,0,72,2/9/2020,822,128289.7,3,1,9149.96,1
15684960,46,Female,France,0,60,2/9/2021,559,0,1,1,21006.1,1
15591286,49,Female,Germany,1,48,2/9/2022,731,88826.07,1,1,33759.41,1
15668323,41,  Female  ,France,0,12,1/9/2025,678,143443.61,1,1,196622.28,1
15608528,68,Female,France,1,108,3/9/2017,645,0,4,1,176353.87,1
15645184,29,Male,France,0,24,9/1/2024,701,0,2,1,176943.59,0
15702566,26,Male,Spain,1,96,3/9/2018,554,149134.46,1,1,177966.24,0
15660840,30,Male,France,0,36,2/9/2023,723,124119.54,1,1,162198.32,0
15750811,44,Male,Germany,0,36,2/9/2023,766,116822.7,1,0,197643.24,0
15733842,24,Female,France,0,12,1/9/2025,597,103219.47,1,1,60420.07,0
15581526,41,Male,France,0,12,1/9/2025,574,0,2,0,70550,0
15662751,40,Female,Germany,1,0,1/9/2026,655,81954.6,1,1,198798.44,1
15684319,37,Female,Germany,0,120,3/9/2016,780,95196.26,1,1,126310.39,1
15702190,43,Male,Spain,1,60,2/9/2021,672,0,2,1,64515.5,0
15588517,38,Male,France,1,84,3/9/2019,717,0,2,1,158580.05,0
15801863,32,Female,France,1,24,1/9/2024,521,136555.01,2,1,129353.21,0
15584271,59,Male,France,1,60,2/9/2021,633,0,1,1,137273.97,0
15700366,39,Male,France,1,36,2/9/2023,669,119452.03,1,1,171575.54,0
15804038,44,Male,France,1,108,3/9/2017,740,0,1,0,96528,1
15720820,24,Female,Germany,1,108,3/9/2017,462,69881.09,2,0,64421.02,0
15743759,39,Male,France,1,60,2/9/2021,619,0,2,1,158444.61,0
15749947,44,Female,France,1,84,3/9/2019,665,0,2,1,66548.58,0
15670496,27,Female,Spain,0,108,3/9/2017,655,0,2,0,108008.05,0
15746664,20,male,Spain,0,96,3/9/2018,463,204223.03,1,1,128268.39,0
15745533,63,Female,France,0,12,1/9/2025,799,110314.21,2,1,37464,1
15761497,48,Female,Spain,0,12,1/9/2025,713,163760.82,1,0,157381.14,1
15628600,31,Female,Germany,1,12,1/9/2025,807,141069.18,3,1,194257.11,0
15627002,38,Male,France,1,12,1/9/2025,728,115934.74,1,1,139059.05,0
15614635,52,Male,France,1,24,1/9/2024,582,151457.88,1,0,40893.61,0
15731281,35,Female,Germany,1,36,2/9/2023,704,154206.07,2,1,40261.49,0
15814022,26,Female,France,0,108,3/9/2017,714,89928.99,1,1,46203.31,0
15659194,30,Male,France,1,96,3/9/2018,628,89182.09,1,1,13126.9,0
15745030,41,Male,Germany,0,12,1/9/2025,809,79706.25,2,1,165675.01,0
15691817,44,Female,Spain,0,60,2/9/2021,547,0,3,0,5459.07,1
15707488,27,Female,France,0,60,2/9/2021,560,0,2,1,131919.48,0
15784700,31,Male,France,1,84,3/9/2019,811,117799.28,1,1,182372.35,0
15710397,26,Male,,0,48,2/9/2022,584,0,2,1,147600.54,0
15687648,28,Male,NULL,0,12,1/9/2025,691,0,2,0,92865.41,0
15732281,34,Male,Germany,0,72,2/9/2020,680,146422.22,1,1,67142.97,1
15607230,33,Male,Germany,1,108,3/9/2017,588,150186.22,2,1,65611.01,0
15567630,40,Male,Germany,0,72,2/9/2020,721,100275.88,1,1,138564.48,1
15587507,47,Male,France,0,72,2/9/2020,850,0,1,1,187391.02,1
15733904,32,Male,France,0,108,3/9/2017,529,147493.89,1,1,33656.35,0
15709511,43,male,France,0,96,3/9/2018,622,0,2,1,100618.17,0
15579616,42,Female,France,1,96,3/9/2018,683,0,2,0,198134.9,0
15694852,29,Male,France,1,48,2/9/2022,unknown,121823.4,2,1,50368.87,0
15589924,40,Female,  Spain  ,1,12,1/9/2025,577,0,2,1,108787,0
15799300,31,Male,Germany,0,0,1/9/2026,510,113688.63,1,1,33099.41,1
15731330,40,Female,Spain,1,84,3/9/2019,652,100471.34,1,1,124550.88,0
15694129,28,Female,Germany,0,36,2/9/2023,569,100032.52,1,1,5159.21,1
15620372,31,Male,Spain,0,36,2/9/2023,687,0,2,0,48228.1,0
15744622,32,Male,France,0,96,3/9/2018,822,116358,1,1,108798.36,0
15799815,23,Female,Germany,1,48,2/9/2022,656,163549.63,1,0,21085.12,0
15759250,51,Male,Germany,1,36,2/9/2023,745,99183.9,1,1,28922.25,0
15732643,53,Female,Spain,1,12,1/9/2025,386,131955.07,1,1,62514.65,1
15690540,41,Female,Spain,0,12,1/9/2025,684,134177.06,1,0,177506.66,0
15803078,38,Female,Spain,0,12,1/9/2025,635,0,2,1,90605.05,0
15652180,30,Male,France,1,24,1/9/2024,582,0,2,1,132029.95,0
15741195,19,Male,Spain,1,60,2/9/2021,613,0,1,1,176903.35,0
15743490,56,Female,Germany,0,108,3/9/2017,795,94348.94,1,1,29239.29,1
15575510,32,Female,France,1,24,1/9/2024,659,155584.21,1,0,153662.88,0
15732610,28,Female,France,0,72,2/9/2020,745,0,2,1,154389.18,0
15602909,41,Female,  Spain  ,1,120,3/9/2016,604,0,2,1,166224.39,0
15734058,32,Male,Germany,1,108,3/9/2017,509,170661.47,1,1,21646.2,0
15801788,29,Female,Germany,0,72,2/9/2020,706,185544.36,1,1,171037.63,0
15702462,44,Female,Spain,1,72,2/9/2020,619,52831.13,1,1,112649.22,1
15683416,51,Male,GERMANY,1,96,3/9/2018,572,97750.07,3,1,193014.26,1
15794187,36,Male,France,0,72,2/9/2020,695,114007.5,2,1,118120.88,0
15792989,71,Female,France,1,12,1/9/2025,543,104308.77,1,1,25650.04,0
15613734,33,Female,France,1,72,2/9/2020,640,84719.13,2,1,113048.79,0
15606177,39,Male,France,0,24,1/9/2024,672,0,2,1,87372.49,0
15636700,39,Male,France,1,108,3/9/2017,701,140236.98,1,0,146651.99,0
15645766,25,Male,Spain,1,108,3/9/2017,634,0,2,1,8227.91,0
15671345,42,Female,Spain,0,72,2/9/2020,531,75302.85,2,0,57034.35,0
15652469,years 27,Male,France,0,12,1/9/2025,699,0,2,1,93003.21,0
15749638,51,Female,France,1,108,3/9/2017,605,104760.82,1,1,165574.54,1
15728706,49,Female,France,0,84,3/9/2019,534,0,1,1,13566.48,1
15735439,31,Female,Spain,0,12,1/9/2025,449,113693,1,0,82796.29,0
15778696,36,Female,Spain,0,60,2/9/2021,684,174180.39,1,1,119830.08,0
15624744,42,  Male  ,Germany,0,108,3/9/2017,622,115766.26,1,0,72155.85,1
15584338,40,Female,France,0,0,1/9/2026,714,0,2,1,62762.12,0
15726178,48,Female,Spain,0,96,3/9/2018,712,0,2,1,183235.33,0
15794939,72,Female,France,1,60,2/9/2021,783,121215.9,2,1,105206.48,0
15788068,45,Male,Germany,0,120,3/9/2016,743,144677.19,3,1,22512.44,1
15572956,36,Male,France,1,60,2/9/2021,683,115350.63,1,1,122305.91,0
15780386,40,Male,Spain,0,60,2/9/2021,654,105683.63,1,1,173617.09,0
15791114,37,Male,France,0,12,1/9/2025,700,135179.49,1,1,160670.37,0
15708046,31,Male,Spain,0,0,1/9/2026,744,117551.23,1,1,158958.9,0
15719779,25,Male,Germany,0,12,1/9/2025,645,157404.02,2,1,93073.04,0
15591550,36,Male,Spain,0,36,2/9/2023,525,77910.23,1,1,67238.01,0
15639368,25,Male,France,0,0,1/9/2026,732,110942.9,1,0,172576.56,0
15699830,40,Female,France,1,84,3/9/2019,721,0,2,1,122580.48,0
15569264,32,Male,France,1,60,2/9/2021,622,179305.09,1,1,149043.78,0
15595158,31,Male,Germany,1,60,2/9/2021,654,150593.59,2,1,105218.45,0
15599126,43,Female,France,1,0,1/9/2026,529,123815.86,1,1,78463.99,1
15650575,59,Female,Spain,1,72,2/9/2020,720,0,2,1,160849.43,1
15641490,25,Female,Germany,0,96,3/9/2018,850,69385.17,2,1,87834.24,0
15680234,27,Male,Germany,0,24,1/9/2024,667,138032.15,1,1,166317.71,0
15592230,41,Male,France,1,36,2/9/2023,620,0,2,1,137309.06,0
15626212,29,Male,France,1,108,3/9/2017,616,0,1,1,166984.44,0
15700627,46,Female,Germany,0,24,1/9/2024,637,143500.82,1,1,166996.46,1
15782641,29,Unknown,Spain,0,36,2/9/2023,710,119670.18,1,1,188022.44,0
15784445,33,Male,Spain,0,12,1/9/2025,717,99106.73,1,0,194467.23,0
15813681,24,Male,Germany,1,24,1/9/2024,786,120135.55,2,1,125449.47,0
15596649,39,Female,France,0,96,3/9/2018,651,0,1,1,137452.57,0
15700460,55,Female,France,1,48,2/9/2022,530,120905.03,1,0,123475.88,1
15724076,57,Female,Spain,0,60,2/9/2021,815,0,3,0,38941.44,1
15784000,34,Female,Germany,0,108,3/9/2017,715,102277.52,1,0,177852.57,1
15733966,55,Female,Germany,1,48,2/9/2022,496,125292.53,1,1,31532.96,1
15612667,42,Male,Spain,0,0,1/9/2026,680,0,1,1,136377.21,0
15654025,51,Female,France,0,48,2/9/2022,646,101629.3,1,0,130541.1,0
15589431,47,Male,Germany,1,12,1/9/2025,807,171937.27,1,1,65636.92,0
15578238,47,Male,France,0,84,3/9/2019,727,0,2,1,193305.35,0
15566269,25,Male,France,0,60,2/9/2021,787,0,2,1,47307.9,0
15639217,34,Male,France,0,72,2/9/2020,806,0,2,0,100809.99,0
15688644,31,Male,France,0,12,1/9/2025,603,129743.75,1,1,109145.2,0
15662426,32,Male,Spain,1,12,1/9/2025,649,0,1,0,91167.19,1
15720511,41,male,Germany,0,36,2/9/2023,547,151191.31,1,1,175295.89,1
15567246,32,Male,Germany,1,36,2/9/2023,684,102630.13,2,1,127433.47,0
15647965,57,Female,France,1,108,3/9/2017,477,114023.64,2,1,71167.17,1
15679048,41,Male,Germany,1,24,1/9/2024,558,124227.14,1,1,111184.67,0
15675749,23,Female,,1,12,1/9/2025,695,0,2,1,141756.32,0
15782181,35,Male,ES,0,72,2/9/2020,592,80285.16,1,1,72678.75,1
15795738,31,Male,France,1,48,2/9/2022,789,175477.15,1,1,172832.9,0
15773751,29,Female,France,0,12,1/9/2025,597,132144.35,1,1,158086.33,0
15655436,47,Male,Germany,1,24,1/9/2024,839,136911.07,1,1,168184.62,1
15691396,31,Male,Germany,1,60,2/9/2021,405,133299.67,2,1,72950.14,0
15796958,39,Male,France,0,84,3/9/2019,658,0,2,1,48378.4,0
15801832,42,Male,Germany,1,12,1/9/2025,684,117691,1,1,23135.65,1
15661349,35,Male,France,0,120,3/9/2016,633,0,2,1,65675.47,0
15719265,46,Male,France,0,108,3/9/2017,589,0,2,1,170676.67,0
15779985,37,Female,Germany,1,12,1/9/2025,750,133199.71,2,1,27366.77,0
15663410,51,Male,Spain,1,60,2/9/2021,771,135506.58,3,1,152479.64,1
15704144,33,Male,Germany,1,24,1/9/2024,812,127154.14,2,0,105383.49,0
15774104,39,Male,Spain,1,24,1-Sep-24,539,0,2,1,48189.94,0
15812230,42,Female,Germany,1,60,2/9/2021,670,49508.79,3,1,100324.01,0
15742848,41,Male,France,1,60,2/9/2021,673,0,1,1,65657.29,0
15745326,62,Female,France,0,36,2/9/2023,538,75051.49,1,0,17682.02,1
15674541,52,Male,Spain,0,96,3/9/2018,575,123925.23,1,0,111342.66,1
15728564,41,Male,France,1,72,2/9/2020,682,0,2,0,134158.09,1
15580701,33,Male,France,0,36,2/9/2023,712,153819.58,1,1,79176.09,1
15688973,39,Female,Spain,1,60,2/9/2021,598,0,2,1,83103.46,0
15709412,30,Male,Spain,1,72,2/9/2020,776,0,2,0,63908.86,0
15607753,23,Female,Spain,1,120,3/9/2016,606,70417.79,1,0,90896.04,0
15705352,38,Male,Spain,1,84,3/9/2019,686,111484.88,1,1,76076.2,0
15602500,38,Male,Spain,1,12,1/9/2025,850,146343.98,1,0,103902.11,0
15672437,72,Male,France,1,12,1/9/2025,642,160541,2,1,142223.94,0
15720968,27,Male,Germany,0,24,1/9/2024,606,130274.26,2,1,147533.09,0
15730796,21,Female,France,1,84,3/9/2019,627,98993.02,1,1,169156.64,0
15768219,36,Male,Spain,0,0,1/9/2026,850,0,2,1,141242.57,0
15663883,32,Male,,1,108,3/9/2017,850,141827.33,2,1,149458.73,0
15589296,40,Female,France,1,72,2/9/2020,724,110054.45,1,1,86950.72,0
15586425,28,Male,France,1,999,2/9/2022,579,0,2,1,176925.69,0
15679813,28,Male,Spain,0,12,1/9/2025,727,0,1,1,40357.39,0
15681410,,Female,Germany,1,72,2/9/2020,813,98088.09,1,0,26687.22,1
15668283,48,Male,France,0,108,3/9/2017,642,118317.27,4,0,78702.98,1
15624072,22,Male,Spain,0,120,3/9/2016,669,0,2,1,176163.74,0
15669664,54,Male,Germany,0,12,1/9/2025,574,99774.5,1,0,4896.11,1
15682728,32,Female,France,0,48,2/9/2022,774,0,2,0,114899.13,0
15573851,38,Female,France,0,12,1/9/2025,735,0,3,0,92220.12,1
15733661,27,Female,Spain,0,96,3/9/2018,639,133806.54,2,1,6251.3,0
15710012,44,Male,Spain,0,24,1/9/2024,738,0,2,1,43018.82,1
15763327,32,Male,France,1,96,3/9/2018,835,124993.29,2,1,27548.06,0
15668853,44,Female,Spain,1,0,1/9/2026,637,157622.58,1,1,120454.2,0
15639303,48,Male,Germany,1,60,2/9/2021,589,126111.61,1,0,133961.19,0
15691011,42,Male,France,1,108,3/9/2017,591,161651.37,2,1,131753.97,0
15638513,40,Female,France,0,84,3/9/2019,723,142856.95,2,0,38019.74,0
15648933,44,Male,Germany,1,36,2/9/2023,831,111100.98,1,1,28144.07,1
15628904,35,Male,Spain,1,96,3/9/2018,733,102918.38,1,1,45959.86,0
15644788,30,Female,France,0,60,2/9/2021,731,0,2,1,189528.72,0
15598161,47,Male,France,0,120,3/9/2016,654,0,2,1,170481.98,0
15745624,37,Male,France,0,48,2/9/2022,828,0,2,1,94845.45,0
15733169,22,Male,Spain,1,84,3/9/2019,590,125265.61,1,1,161253.08,0
15801417,37,Male,France,1,48,2/9/2022,657,82500.28,1,1,115260.72,0
15592707,64,Female,Germany,1,24,1/9/2024,531,175754.87,2,1,60721.4,0
15593954,47,Female,France,0,72,2/9/2020,-1,109387.33,1,0,121365.45,0
15714431,37,Male,France,1,12,1/9/2025,561,100443.36,2,0,101693.73,0
15638257,54,Female,Spain,1,0,1/9/2026,682,83102.72,2,1,54132.93,0
15690939,28,Male,Spain,1,999,3/9/2019,575,0,1,1,10666.05,0
15723613,28,Female,France,0,48,2/9/2022,623,0,2,1,41227.67,0
15813640,40,Female,France,0,84,3/9/2019,642,0,2,1,10712.82,0
15707322,48,Female,France,0,24,1/9/2024,779,115290.27,1,0,98912.69,1
15588918,-5,Female,France,0,72,2/9/2020,671,0,2,1,197202.48,0
15600357,40,Female,France,0,12,1/9/2025,495,140197.71,2,1,150720.39,0
15747014,28,Female,France,1,12,1/9/2025,850,105245.34,1,0,74780.13,0
15809830,50,Male,France,1,96,3/9/2018,630,0,2,0,79377.45,0
15662245,32,Male,France,1,12,1/9/2025,588,,2,1,8763.87,0
15651075,35,Male,Germany,1,36,2/9/2023,562,142296.13,1,0,177112.7,0
15594456,56,  Female  ,Spain,1,48,2/9/2022,740,99097.33,1,1,85016.64,1
15583462,28,Male,France,1,60,2/9/2021,695,171069.39,2,1,88689.4,0
15757661,39,Female,France,0,84,3/9/2019,589,0,2,0,95985.64,0
15729117,31,Female,France,1,12,1/9/2025,607,102523.88,1,1,166792.71,0
15749671,35,Male,France,1,72,2/9/2020,794,0,2,1,68730.91,0
15566253,44,Male,Germany,0,108,3/9/2017,580,143391.07,1,0,146891.07,1
15595153,44,Female,Germany,0,96,3/9/2018,644,106022.73,2,0,148727.42,0
15698572,36,Female,Spain,0,12,1/9/2025,636,0,1,1,43134.58,0
15674149,36,Male,Germany,1,36,2/9/2023,599,128960.21,2,1,40318.33,0
15623082,35,Female,France,0,24,1/9/2024,507,0,2,1,97633.93,0
15797905,48,Female,France,0,84,3/9/2019,682,0,2,1,65069.03,0
15746028,24,Female,France,0,84,3/9/2019,714,0,2,1,166335,0
15582951,25,Female,France,0,96,3/9/2018,696,126442.59,1,1,121904.44,0
15616471,51,Male,Spain,1,0,1/9/2026,599,0,1,1,175235.99,0
15641575,37,Male,France,0,24,1/9/2024,577,127261.35,1,1,56185.05,0
15638803,32,Female,Spain,0,60,2/9/2021,733,0,2,1,131625.14,0
15808283,33,Female,France,0,48,2/9/2022,647,0,1,1,152323.04,0
15811200,34,Female,France,0,24,1/9/2024,831,0,2,0,165840.94,0
15733476,30,Male,Germany,1,72,2/9/2020,543,,1,1,176692.65,0
15633274,34,Male,France,0,84,3/9/2019,679,160515.37,1,1,121904.14,0
15582168,61,Female,Germany,0,48,2/9/2022,713,149525.34,2,1,123663.63,0
15807269,43,Male,Germany,0,24,1/9/2024,690,166522.78,1,0,119644.59,1
15602979,29,Male,France,0,12,1/9/2025,751,135536.5,1,1,66825.33,0
15660417,43,Female,Germany,0,120,3/9/2016,613,120481.69,1,0,94875.03,1
15590199,28,Male,Spain,1,12,1/9/2025,701,103421.32,1,0,76304.73,0
15641794,33,Male,France,1,60,2/9/2021,698,135658.73,2,0,39755,0
15779174,36,Female,France,1,24,1/9/2024,451,0,2,1,180142.42,0
15785547,28,Male,France,0,96,3/9/2018,665,191402.82,2,1,83238.4,0
15795124,50,Male,Germany,1,108,3/9/2017,726,94504.35,1,0,5078.9,0
15718912,44,Female,Germany,1,60,2/9/2021,608,126147.84,1,0,132424.69,1
15592028,46,Female,France,1,84,3/9/2019,549,0,1,1,109057.56,0
15580227,33,Male,France,0,72,2/9/2020,803,0,2,1,115676.61,0
15657830,43,Male,France,0,48,2/9/2022,663,87624.03,2,1,149401.33,0
15798256,45,Female,France,0,12,1/9/2025,558,153697.53,2,0,89891.4,1
15643819,25,Female,France,0,48,2/9/2022,714,0,2,0,82500.84,0
15754301,39,Male,France,0,60,2/9/2021,704,0,1,1,6416.92,0
15726855,45,Female,Germany,0,108,3/9/2017,805,116585.97,1,1,189428.75,1
15755225,34,Male,Germany,0,108,3/9/2017,659,134464.58,2,1,178833.34,0
15725221,62,Male,Germany,1,120,3/9/2016,738,83008.31,two,1,42766.03,0
15789055,35,Male,Spain,0,24,1/9/2024,635,113635.16,1,1,90883.12,0
15617507,36,Female,Spain,0,84,3/9/2019,530,0,2,1,80619.09,0
15668894,41,Male,Germany,1,60,2/9/2021,score_700,122552.48,2,0,120646.4,0
15589563,31,Male,Spain,0,24,1/9/2024,531,118899.45,2,0,41409.36,0
15693162,29,Female,France,0,999,2/9/2021,694,99713.87,1,0,112317.89,0
15750099,36,Female,France,0,72,2/9/2020,731,0,1,0,152128.36,0
15795540,36,Female,France,1,24,1/9/2024,556,134208.22,1,0,177670.57,0
15794941,41,Female,Germany,0,12,1/9/2025,647,85906.65,3,1,189159.97,0
15611848,32,Male,Germany,1,36,2/9/2023,850,137714.25,1,0,159403.68,0
15581237,33,Male,Spain,1,12,1/9/2025,573,160777.9,1,1,149536.15,0
15738150,45,Male,France,1,60,2/9/2021,591,0,2,1,155492.87,0
15678571,21,Male,France,0,48,2/9/2022,723,0,2,0,24847.02,0
15736124,25,Male,France,1,12,1/9/2025,617,102585.88,2,1,115387.4,0
15623202,39,Female,Germany,0,120,3/9/2016,704,102556.18,2,1,171971.25,1
15804201,42,Male,Germany,1,48,2/9/2022,457,126772.57,1,0,126106.4,0
15596863,38,Female,Germany,1,36,2/9/2023,787,158373.23,1,1,28228.35,0
15696277,34,Female,France,0,108,3/9/2017,651,0,0,1,138113.71,0
15748608,42,Male,Germany,1,60,2/9/2021,612,141927.1,1,1,43018.98,0
15723864,47,Male,Spain,0,12,1/9/2025,828,109876.82,2,1,83611.45,1
15802390,34,Female,France,1,24,1/9/2024,724,0,2,1,118863.38,0
15774336,44,Male,Germany,1,108,3/9/2017,648,111369.79,2,1,91947.74,0
15648766,35,Male,Spain,0,36,2/9/2023,569,116969.35,1,0,94488.82,0
15659094,34,Female,Germany,0,96,3/9/2018,765,136729.51,2,0,47058.21,0
15606397,44,Female,Germany,1,12,1/9/2025,577,152086.15,1,0,44719.5,1
15642619,46,Male,Spain,0,24,1/9/2024,603,0,2,1,174478.54,0
15666032,28,Male,Spain,0,12,1/9/2025,568,127289.28,1,0,45611.51,0
15595842,45,Male,Germany,0,24,1/9/2024,748,119852.01,1,0,73853.94,1
15753837,38,Male,Spain,1,48,2/9/2022,573,0,2,1,196517.43,0
15783882,41,Female,Spain,1,60,2/9/2021,-20,0,2,0,92914.67,0
15799790,35,Male,France,1,108,3/9/2017,763,0,1,1,31372.91,0
15628155,35,Female,France,1,84,3/9/2019,410,117183.74,1,1,109733.73,0
15703778,33,Male,France,1,96,3/9/2018,728,129907.63,1,0,36083.96,0
15722322,78,Female,Spain,1,24,1/9/2024,655,0,2,0,188435.38,0
15639278,36,Female,Germany,1,72,2/9/2020,580,145387.32,2,1,169963.2,1
15568487,35,Male,France,1,84,3/9/2019,unknown,124616.23,1,1,69320.97,0
15682084,31,Male,France,0,108,3/9/2017,680,0,2,1,36145.53,0
15642821,48,Female,Spain,0,96,3/9/2018,383,95808.19,1,0,137702.01,1
15601387,35,Male,France,0,120,3/9/2016,721,0,2,1,71594.26,0
15642515,42,Female,France,1,12,1/9/2025,620,0,2,0,65565.92,0
15710421,36,Female,Spain,0,96,3/9/2018,774,117152.3,1,0,101828.39,0
15726774,35,Male,France,0,36,2/9/2023,563,106250.72,1,0,39546.32,0
15649078,27,Female,Germany,1,96,3/9/2018,850,111837.78,2,1,110805.79,0
15641877,47,Male,France,1,108,3/9/2017,681,97023.21,1,1,2168.13,0
15796496,31,Female,France,0,96,3/9/2018,631,137687.72,1,1,190067.12,0
15815690,40,Female,Spain,1,36,2/9/2023,614,113348.5,1,1,77789.01,0
15631739,24,Male,Spain,1,120,3/9/2016,704,122109.78,1,1,127654.37,0
15625584,32,Male,France,0,24,1/9/2024,786,120452.4,2,0,79602.86,0
15802466,53,Female,France,1,84,3/9/2019,534,0,2,1,80619.17,0
15697028,34,Male,Spain,1,0,1/9/2026,590,65812.35,2,0,160346.3,0
15575759,40,Female,Spain,0,36,2/9/2023,1000,54428.37,1,1,109638.78,1
15567442,75,Female,France,1,36,2/9/2023,656,0,2,1,1276.87,0
15746805,33,Male,France,0,108,9/3/2017,597,0,2,1,49374.82,0
15636330,48,Female,Germany,0,12,1/9/2025,588,143279.58,2,1,31580.8,1
15714970,32,Male,Germany,0,0,1/9/2026,667,103846.65,1,1,20560.69,0
15653784,37,Male,France,1,24,1/9/2024,627,125190.86,1,0,84584.69,0
15693543,33,Female,France,1,96,3/9/2018,708,0,2,0,15246.83,0
15773283,65,Male,France,0,72,2/9/2020,641,38340.02,1,1,32607.77,1
15742534,28,Female,Germany,1,24,1/9/2024,527,123802.98,2,1,155846.69,0
15569878,37,Male,France,1,36,2/9/2023,592,96651.03,1,1,3232.82,0
15729454,33,Male,France,0,96,3/9/2018,465,0,2,1,177668.55,0
15578375,years 39,Male,France,0,72,2/9/2020,628,0,2,0,134441.6,0
15785559,43,Male,France,0,12,1/9/2025,678,133237.21,1,1,111032.79,1
15649414,61,Female,France,1,72,2/9/2020,570,142105.35,1,1,45214.04,0
15701605,37,Male,France,0,12,1/9/2025,815,166115.42,1,1,67208.3,0
15686696,37,Female,France,0,72,2/9/2020,817,81070.34,2,1,80985.88,0
15625586,35,Male,France,1,48,2/9/2022,717,0,1,1,167573.06,0
15654975,53,Female,France,1,0,1/9/2026,641,123835.52,2,0,160110.65,0
15782993,51,Male,France,1,120,3/9/2016,624,123401.43,2,1,127825.25,0
15774382,49,Male,Germany,1,48,2/9/2022,579,169377.31,1,1,123535.05,0
15689602,38,Male,France,1,24,1/9/2024,698,130015.24,1,1,41595.3,0
15756155,32,Male,France,1,48,2/9/2022,645,0,2,0,97628.08,0
15812647,34,Male,France,0,96,3/9/2018,691,133936.04,2,1,91359.79,0
15736043,34,Male,France,1,72,2/9/2020,638,114543.27,1,1,97755.29,0
15696744,31,Female,France,0,36,2/9/2023,705,119794.67,1,0,182528.44,0
15602572,33,Male,France,1,108,3/9/2017,720,0,2,1,142956.48,0
15674765,44,Male,Spain,0,48,2/9/2022,553,0,1,1,10789.3,0
15678725,29,Female,France,1,96,3/9/2018,658,0,2,0,130461.09,0
15694444,32,Female,Germany,0,96,3/9/2018,648,157138.99,3,1,190994.48,1
15795878,45,Male,Spain,1,36,2/9/2023,636,0,2,1,159463.8,0
15735346,41,Female,Germany,1,120,3/9/2016,527,136733.24,1,1,57589.29,0
15687094,28,Female,Germany,0,108,3/9/2017,717,82498.14,2,0,40437.67,0
15790067,39,Male,Spain,0,36,2/9/2023,614,151914.93,1,0,56459.45,0
15605742,43,Male,France,0,0,1/9/2026,737,80090.93,1,1,39920,1
15566740,51,Male,Spain,1,36,2/9/2023,587,83739.32,1,0,148798.45,0
15664897,35,Female,France,1,24,1/9/2024,682,181166.44,1,1,63737.19,1
15585777,38,Male,France,1,36,2/9/2023,710,130588.82,1,1,154997.64,0
15650864,42,Male,France,0,72,2/9/2020,507,0,2,1,34777.23,0
15806709,33,Male,Germany,0,72,2/9/2020,609,94126.67,1,0,93718.16,0
15633818,32,Male,  France  ,0,108,3/9/2017,786,0,2,1,133112.41,0
15713845,38,Male,France,0,84,3/9/2019,688,148045.68,1,1,175479.92,1
15639662,38,Male,France,0,24,1/9/2024,710,0,2,1,96.27,0
15567013,33,Male,Spain,0,36,2/9/2023,779,0,2,1,30804.68,0
15777784,44,Female,France,1,72,2/9/2020,733,168165.84,1,0,197193.49,0
15800251,26,Female,Germany,0,120,3/9/2016,583,72835.56,2,1,96792.15,0
15651315,41,Male,France,0,36,2/9/2023,627,0,2,1,132719.8,0
15651450,31,Male,Germany,1,36,2/9/2023,666,123212.08,2,1,112157.31,0
15784218,38,Male,Spain,1,0,1/9/2026,six hundred,0,2,1,38015.34,0
15572398,39,Female,Spain,1,72,2/9/2020,614,0,2,1,164018.98,0
15707962,40,Male,France,0,72,2/9/2020,606,119501.88,2,1,46774.94,0
15705663,39,Female,Germany,1,60,2/9/2021,700,144550.83,2,1,189664.43,0
15645355,34,Male,Germany,1,36,2/9/2023,677,126729.41,1,1,26106.39,1
15729557,36,Male,Germany,0,60,2/9/2021,850,119984.07,1,1,191535.11,1
15631436,35,Male,France,0,48,2/9/2022,564,0,1,1,158937.55,0
15583073,56,Female,Spain,1,24,1/9/2024,771,0,1,1,25222.6,1
15614361,42,Male,Spain,1,108,3/9/2017,620,121490.05,1,1,29296.74,0
15724684,46,Male,Spain,0,60,2/9/2021,610,91897.8,1,1,54394.28,0
15700083,39,Male,Spain,0,24,1/9/2024,609,139443.75,2,1,9234.06,0
15636541,35,Male,Germany,1,60,2/9/2021,683,144961.97,1,0,26796.73,0
15796015,42,Male,Germany,1,36,2/9/2023,633,126041.02,1,0,11796.89,0
15787222,28,Male,Germany,1,12,1/9/2025,676,69459.05,2,1,128461.29,0
15594270,38,Male,France,1,84,3/9/2019,693,198338.77,2,1,14278.18,0
15701524,36,Male,France,0,0,1/9/2026,709,0,2,1,46811.77,0
15645847,35,Male,Germany,0,24,1/9/2024,569,109196.66,3,1,109393.19,1
15708867,38,Female,Spain,0,36,2/9/2023,684,134168.5,3,1,3966.5,1
15613140,34,Male,France,1,72,2/9/2020,565,0,1,1,63173.64,0
15628893,29,  Male  ,France,0,96,3/9/2018,681,0,1,1,66367.33,0
15764073,36,Female,Spain,1,108,3/9/2017,503,0,2,1,16274.67,0
15782879,40,Male,France,1,24,1/9/2024,656,0,2,1,180553.48,0
15635964,65,Male,Germany,0,48,2/9/2022,566,120100.41,1,1,107563.16,1
15726087,62,Female,France,1,60,2/9/2021,592,0,1,1,100941.57,0
15726313,50,Female,Spain,0,60,2/9/2021,687,0,2,1,110230.4,0
15578073,22,Male,Spain,0,96,3/9/2018,686,0,2,0,142331.85,0
15786249,30,Male,ES,0,24,1/9/2024,616,0,2,1,199099.51,0
15812850,67,Male,Spain,1,60,2/9/2021,494,0,2,1,85890.16,0
15596972,38,Male,France,0,36,2/9/2023,534,0,1,0,143938.27,0
15620579,31,Female,Spain,1,96,3/9/2018,695,0,2,0,131644.41,0
15768270,31,Female,Spain,0,108,3/9/2017,579,0,2,1,112395.98,0
15656597,38,Male,Germany,1,24,1/9/2024,six hundred,135559.8,2,1,71856.3,0
15699446,25,Female,Germany,1,24,1/9/2024,816,150355.35,2,1,35770.84,0
15615004,37,Female,France,1,12,1/9/2025,730,0,2,1,124364.63,0
15704771,35,Female,France,1,72,2/9/2020,593,133489.12,2,1,78101.29,0
15588372,37,Female,Germany,0,108,3/9/2017,715,105489.31,1,0,143096.49,1
15681439,25,Male,Germany,0,120,3/9/2016,775,60205.2,2,1,14073.11,0
15607509,38,Male,France,0,60,2/9/2021,539,0,2,1,47388.41,0
15670343,19,Male,Spain,0,72,2/9/2020,576,0,2,0,72306.07,0
15597968,50,Male,Spain,0,84,3/9/2019,617,0,1,1,184839.7,1
15658432,40,Male,France,1,72,2/9/2020,688,0,1,1,47886.44,0
15616431,33,Male,France,1,48,2/9/2022,608,0,1,0,130474.03,0
15796957,35,Male,Spain,1,108,3/9/2017,597,0,3,0,73181.39,1
15815552,42,Female,France,1,72,2/9/2020,670,112333.63,1,1,65706.86,0
15631871,57,Female,Germany,1,84,3/9/2019,616,116936.81,1,1,104379.36,0
15635870,50,Female,Germany,1,60,2/9/2021,six hundred,117721.02,1,0,192146.63,1
15596713,37,Male,France,1,84,3/9/2019,786,165896.22,2,1,66977.68,0
15684211,44,Female,Spain,0,108,3/9/2017,704,153656.85,1,1,158742.81,0
15760521,50,Female,France,1,12,1/9/2025,796,94164,1,1,189414.74,0
15608408,39,male,Spain,0,12,1/9/2025,598,0,2,1,159130.32,0
15804721,49,Male,France,0,0,1/9/2026,602,191808.73,1,0,97640.2,0
15730272,58,Male,France,1,60,2/9/2021,619,152199.33,1,1,86022.09,0
15741988,52,Female,Germany,0,96,3/9/2018,492,125396.24,1,1,10014.72,1
15771728,41,Male,Germany,0,84,3/9/2019,641,104405.54,3,1,17384.21,0
15605113,27,Female,France,1,12,1/9/2025,518,133801.49,1,1,143315.57,0
15661945,40,Female,Spain,0,48,2/9/2022,623,0,3,1,31669.18,0
15783816,28,Female,France,0,60,2/9/2021,733,0,2,0,12761.16,0
15721207,42,Male,Germany,0,72,2/9/2020,625,100047.33,1,1,93429.95,0
15764072,31,Female,France,1,12,1/9/2025,759,109848.6,1,1,42012.55,0
15689412,32,Female,France,0,84,3/9/2019,604,-1,1,1,15798.7,0
15798385,46,Female,Spain,1,36,2/9/2023,512,0,2,1,56408.14,0
15775339,29,Female,France,0,96,3/9/2018,520,95947.76,1,1,4696.44,0
15585256,26,Male,Spain,1,24,1/9/2024,805,0,2,1,25042.1,0
15797329,43,Male,France,0,48,2/9/2022,626,137638.69,1,1,130442.08,1
15780220,-5,Male,France,1,120,3/9/2016,656,0,1,1,136521.82,0
15648951,41,Male,Spain,1,84,3/9/2019,785,0,2,1,199108.88,0
15752409,31,Male,France,0,72,2/9/2020,553,0,2,0,124596.63,0
15807524,44,Female,France,0,48,2/9/2022,569,0,2,0,134394.78,0
15766649,38,Male,France,0,120,3/9/2016,670,89416.99,1,0,144275.39,0
15696812,42,Male,Spain,1,72,2/9/2020,586,0,2,1,123410.23,0
15581295,45,Female,Spain,0,12,1/9/2025,617,0,1,1,143298.06,0
15663234,60,Female,France,1,84,3/9/2019,508,143262.04,1,1,129562.74,0
15741417,35,Female,Spain,1,84,3/9/2019,624,119656.45,2,1,4595.05,0
15695174,29,Male,France,1,48,2/9/2022,654,132954.64,1,1,146715.07,0
15665168,44,Female,Germany,1,36,2/9/2023,681,105206.7,2,1,163558.36,0
15601503,28,Male,Spain,0,48,2/9/2022,578,0,2,0,6947.09,0
15706131,37,Female,Spain,0,108,3/9/2017,621,83061.26,2,1,9170.54,0
15782758,40,Male,France,1,60,2/9/2021,632,147650.68,1,1,199674.83,0
15591091,44,Male,France,0,60,2/9/2021,644,73348.56,1,1,157166.79,1
15715877,28,Male,France,0,24,1/9/2024,821,0,2,1,46072.52,0
15756918,38,Female,France,0,24,1/9/2024,754,0,2,0,3524.69,0
15746662,27,Female,Spain,1,12,1/9/2025,568,116320.68,1,0,45563.94,0
15626679,33,Male,France,1,36,2/9/2023,584,0,2,0,59103.13,0
15793343,29,Female,France,1,96,3/9/2018,549,0,2,1,189558.44,0
15576774,38,Female,France,0,84,3/9/2019,729,0,2,0,45779.9,0
15801316,61,Male,France,1,96,3/9/2018,523,66250.71,1,1,21859.06,0
15800514,,Female,Germany,0,24,1/9/2024,477,95675.62,2,0,162699.7,1
15662232,42,Male,Germany,0,24,1/9/2024,675,92616.64,2,1,8567.18,0
15737778,41,Female,Spain,0,48,2/9/2022,782,0,1,1,132943.88,0
15782096,36,Female,Spain,1,72,2/9/2020,616,0,1,1,12916.32,1
15783522,37,Female,Spain,1,96,3/9/2018,738,100565.94,1,1,128799.86,0
15785373,42,Female,Spain,0,60,2/9/2021,717,190305.78,1,1,99347.8,1
15756272,35,Female,Germany,0,108,3/9/2017,526,118536.4,1,1,40980.87,1
15615245,19,Male,France,1,60,2/9/2021,660,127649.64,1,1,40368.65,0
15600174,35,Male,France,1,84,3/9/2019,525,165358.77,1,0,94738.54,0
15752956,29,Male,Spain,1,72,2/9/2020,629,0,2,1,88842.8,0
15644882,36,Female,Germany,0,120,3/9/2016,616,78249.53,1,1,136934.91,0
15766272,61,FEMALE,Germany,1,0,1/9/2026,521,125193.96,1,1,109356.53,0
15800620,29,Female,France,0,108,3/9/2017,691,0,2,0,199635.93,0
15569764,41,Female,Germany,0,24,1/9/2024,687,154007.21,1,1,158408.23,0
15747458,43,Female,Spain,1,36,2/9/2023,677,133214.88,2,1,95936.84,0
15573171,63,Male,Spain,1,12,1/9/2025,695,146202.93,1,1,126688.83,1
15736769,27,Female,France,0,108,3/9/2017,663,0,2,1,150850.29,0
15763381,30,Male,France,1,0,1/9/2026,496,90963.49,1,0,27802,0
15814430,41,Male,Spain,0,108,3/9/2017,747,0,1,1,32430.94,1
15638607,52,Female,France,0,24,1/9/2024,546,0,1,1,137332.37,1
15737133,68,Male,Spain,1,48,2/9/2022,706,114386.85,1,1,28601.68,0
15613945,26,Female,France,0,60,2/9/2021,472,0,2,1,108411.66,0
15659937,40,Female,France,1,84,3/9/2019,703,0,2,0,122518.5,0
15765287,38,Female,  France  ,0,24,1/9/2024,850,0,2,1,9015.07,0
15661723,71,Male,Spain,1,48,2/9/2022,667,137260.78,1,0,94433.08,1
15766064,33,Male,France,0,108,3/9/2017,559,111060.05,2,1,110371.84,0
15649616,years 60,Male,Spain,1,84,3/9/2019,636,124447.73,1,1,141364.62,1
15719017,34,Female,France,1,96,3/9/2018,672,0,2,1,16245.25,0
15720919,42,Male,France,1,84,3/9/2019,667,0,1,0,108348.94,1
15706706,33,Male,Germany,1,84,3/9/2019,648,135310.41,2,0,171668.2,0
15709653,32,Male,France,0,96,3/9/2018,497,0,2,1,67364.42,0
15805104,73,Female,France,1,72,2/9/2020,743,0,2,0,107867.38,0
15622442,29,Male,France,0,60,2/9/2021,619,0,2,1,194310.1,0
15572801,34,Male,Spain,0,60,2/9/2021,639,139393.19,2,0,33950.08,0
15767598,28,Male,Spain,0,96,3/9/2018,540,0,2,0,197588.32,0
15757897,26,Female,France,1,36,2/9/2023,766,104258.8,1,1,428.23,0
15568104,26,Female,France,1,72,2/9/2020,749,9999999,2,0,34948.77,0
15763414,32,Male,Germany,0,108,3/9/2017,655,113447.01,1,1,82084.3,0
15732265,33,Male,France,0,108,3/9/2017,630,0,2,1,64804.59,0
15621974,33,Female,Germany,0,48,2/9/2022,778,111063.73,2,1,83556.65,0
15803947,30,Female,Germany,0,72,2/9/2020,757,161378.02,1,0,71926.28,1
15720706,39,Female,Spain,1,24,1/9/2024,529,82766.43,1,1,122925.44,0
15759290,29,Male,Spain,0,108,3/9/2017,620,0,2,1,13133.88,0
15651664,61,Female,France,0,12,1/9/2025,615,104267.7,1,1,62845.64,1
15795132,999,Female,France,0,36,2/9/2023,735,91718.8,1,0,28411.23,0
15811565,47,Female,Spain,1,36,2/9/2023,705,63488.7,1,0,28640.92,1
15713774,46,Female,Spain,0,72,2/9/2020,644,12459.19,1,0,156787.34,1
15691840,37,Female,Germany,1,72,2/9/2020,505,159863.9,2,0,125307.87,0
15682021,23,Male,Germany,0,72,2/9/2020,471,104592.55,2,1,131736.23,0
15612931,50,Female,Spain,1,48,2/9/2022,722,132088.59,1,1,128262.14,0
15676707,39,Female,Spain,0,48,2/9/2022,577,0,2,1,91366.42,0
15601383,44,Male,Spain,0,60,2/9/2021,744,120654.68,1,1,82290.81,0
15662662,30,Female,France,0,72,2/9/2020,573,0,2,1,66190.21,0
15752694,32,Female,France,1,48,2/9/2022,653,83772.95,1,0,23920.65,0
15590683,31,Female,France,1,72,2/9/2020,660,172325.67,1,0,45438.38,0
15773591,46,Male,France,1,84,3/9/2019,787,117685.31,2,1,93360.35,0
15723620,41,Male,France,1,84,3/9/2019,617,0,2,0,14496.67,0
15671779,39,Male,France,0,60,2/9/2021,567,0,2,0,168521.72,0
15672966,64,Female,Spain,1,108,3/9/2017,682,0,2,1,103318.44,0
15624667,35,Male,France,1,72,2/9/2020,684,135871.5,1,1,87219.41,0
15812888,41,Male,France,1,36,2/9/2023,447,0,4,1,197490.39,1
15724154,49,Female,Germany,0,48,2/9/2022,625,128504.76,1,1,126812.63,1
15749540,36,Male,France,0,84,3/9/2019,585,0,2,1,94283.09,0
15621063,42,Female,France,0,96,3/9/2018,516,56228.25,1,1,46857.52,0
15661626,45,Female,Germany,0,72,2/9/2020,732,98792.4,1,1,81491.7,1
15698703,40,Male,Germany,1,60,2/9/2021,628,181768.32,2,1,129107.97,0
15801431,48,Female,Spain,1,108,3/9/2017,682,101198.01,1,1,49732.9,0
15649451,25,Male,France,1,108,3/9/2017,746,0,2,0,88728.47,0
15626156,60,Female,France,1,36,2/9/2023,655,0,2,1,86981.45,0
15606158,39,Female,France,0,108,3/9/2017,644,0,1,1,3740.93,0
15589496,34,Male,France,0,60,2/9/2021,778,139064.06,2,0,67949.32,0
15730345,35,Female,France,1,24,1/9/2024,617,104508.1,1,1,147636.46,0
15572038,35,Male,Germany,0,108,3/9/2017,660,113948.58,1,1,188891.96,1
15643439,47,Male,France,1,120,3/9/2016,537,0,2,0,25482.62,0
15604158,,Female,France,1,120,3/9/2016,554,0,2,1,18391.93,0
15657396,31,Male,France,1,108,3/9/2017,806,0,2,0,140168.36,0
15709478,37,Male,Germany,1,12,1/9/2025,611,117524.72,2,0,161064.29,0
15628824,37,Female,France,1,60,2/9/2021,665,160389.82,1,0,183542.08,0
15814519,37,Female,France,0,84,3/9/2019,648,0,2,1,194238.92,0
15636520,27,Male,France,0,12,1/9/2025,692,125547.53,1,0,7900.46,0
15794414,46,Male,Spain,1,72,2/9/2020,507,92783.68,1,1,51424.29,0
15643671,49,Male,Germany,0,60,2/9/2021,696,97036.22,2,1,152450.84,1
15700650,34,Male,France,0,36,2/9/2023,681,0,2,0,55816.2,0
15680224,26,Female,France,1,72,2/9/2020,687,0,2,1,32909.13,0
15784286,40,Male,Spain,1,60,2/9/2021,641,102145.13,1,1,100637.07,0
15693996,33,Female,France,0,12,1/9/2025,507,113452.66,1,0,142911.99,0
15764343,46,Female,Spain,0,96,3/9/2018,688,155681.72,1,1,26287.21,0
15704168,,Male,Germany,0,96,3/9/2018,535,127475.24,1,0,60775.76,1
15680197,41,Male,France,1,120,3/9/2016,701,0,2,1,146257.77,0
15633729,43,Male,France,1,120,3/9/2016,488,112751.13,1,1,28332,0
15577683,29,Female,France,1,48,2/9/2022,539,0,2,1,100919.19,0
15800746,45,Male,France,1,84,3/9/2019,674,144889.18,1,1,102591.9,1
15788686,40,Male,Spain,1,96,3/9/2018,538,0,2,1,25554.4,0
15742798,22,Female,France,0,84,3/9/2019,829,150126.44,1,1,152107.93,1
15596647,54,Male,France,1,96,3/9/2018,768,69712.74,1,1,69381.05,0
15756070,44,Female,Spain,1,48,2/9/2022,585,0,2,0,101728.46,0
15775116,31,Male,France,0,36,2/9/2023,581,0,2,0,89040.61,0
15575428,35,Female,Germany,1,24,1/9/2024,682,117438.92,2,1,16910.98,0
15654074,38,Male,France,0,96,3/9/2018,653,119315.75,1,1,150468.35,0
15695872,30,Female,France,1,12,1/9/2025,712,89571.59,1,1,177613.19,0
15568885,34,Female,Germany,0,96,3/9/2018,620,102251.57,1,1,120672.09,0
15725036,42,Male,France,1,108,3/9/2017,709,118546.71,1,0,77142.85,0
15632665,61,Male,France,1,24,1/9/2024,832,0,1,0,127804.66,1
15571476,years 38,Male,Spain,0,0,1/9/2026,635,103257.14,1,0,158344.63,0
15776850,43,Female,Spain,1,12,1/9/2025,749,124209.02,1,1,167179.48,0
15623649,32,Male,Spain,1,36,2/9/2023,629,0,0,1,15404.64,0
15751131,41,Female,Spain,1,84,3/9/2019,836,150302.84,1,1,156036.19,0
15688128,34,Male,Spain,1,96,3/9/2018,542,108653.93,1,0,144725.14,0
15678412,45,Female,France,0,96,3/9/2018,645,85325.93,1,0,22558.74,0
15770291,29,Female,France,0,96,3/9/2018,844,0,2,0,147342.03,0
15583392,37,Male,Germany,0,108,3/9/2017,747,135776.36,3,1,85470.45,1
15690731,40,Male,France,1,72,2/9/2020,645,131411.24,1,1,194656.11,0
15697948,36,Female,Spain,1,36,2/9/2023,752,0,2,1,48505.1,0
15608328,41,Female,Spain,0,72,2/9/2020,760,0,2,0,101491.23,0
15766378,45,Female,Germany,1,108,3/9/2017,714,106431.97,2,1,164117.69,0
15600813,50,Male,France,1,108,3/9/2017,717,90305.76,1,1,124626.57,0
15706217,28,Male,Germany,1,84,3/9/2019,645,117466.03,2,1,34490.06,0
15601417,32,Male,France,1,36,2/9/2023,681,148884.47,2,1,90967.37,0
15610972,44,Female,Germany,0,48,2/9/2022,681,91115.76,2,0,24208.84,1
15674620,37,Female,Germany,1,96,3/9/2018,679,77373.87,2,0,174873.09,0
15785350,23,Male,Spain,0,84,3/9/2019,0,104744.89,1,1,170262.97,0
15749119,31,Female,France,1,36,2/9/2023,710,0,2,1,112289.06,0
15756535,39,Male,Germany,1,60,2/9/2021,733,91538.51,1,1,93783,0
15700965,32,Female,France,1,72,2/9/2020,724,0,2,1,150026.79,0
15791851,34,Female,France,1,0,1/9/2026,726,185734.75,1,1,102036.82,0
15717156,30,Male,France,1,36,2/9/2023,520,143396.54,2,1,898.51,0
15740846,40,Male,France,1,60,2/9/2021,556,125909.85,1,1,95124.4,0
15573284,45,Female,France,0,24,1/9/2024,579,0,2,0,11514.39,0
15729083,36,Male,France,1,24,1/9/2024,674,154525.7,1,0,27468.72,0
15611612,29,Female,France,0,0,1/9/2026,570,0,1,1,37092.43,0
15694381,51,Male,France,0,96,3/9/2018,631,100654.8,1,1,171587.9,0
15651737,44,Male,Spain,1,12,1/9/2025,623,83325.77,1,0,80828.78,0
15663168,35,Male,France,0,96,3/9/2018,665,110934.54,1,1,169287.99,0
15643426,36,Female,Spain,0,96,3/9/2018,523,113680.54,1,0,13197.44,0
15618245,31,Male,Germany,0,12,1/9/2025,706,117020.08,2,1,54439.53,0
15717527,49,Female,France,0,108,3/9/2017,619,145359.99,1,1,38186.85,0
15793478,39,Female,Germany,0,96,3/9/2018,593,151391.68,1,1,27274.6,1
15642248,66,Male,Spain,1,96,3/9/2018,608,123935.35,1,1,65758.19,0
15640377,36,Female,France,0,0,1/9/2026,526,0,2,1,97767.63,0
15723950,40,Male,Spain,1,24,1/9/2024,684,70291.02,1,1,115468.84,1
15590327,42,Female,Germany,0,120,3/9/2016,604,166031.45,1,1,98293.14,0
15706199,36,Male,Germany,0,72,2/9/2020,636,96643.32,1,0,182059.28,0
15671514,33,Female,Spain,1,96,3/9/2018,669,0,2,0,128538.05,0
15727041,71,Male,France,1,84,9/3/2019,624,0,2,1,108841.83,0
15738063,29,Male,  France  ,1,24,1/9/2024,631,0,2,1,18581.84,0
15711733,48,Male,France,1,48,2/9/2022,753,0,2,0,146821.42,0
15652320,40,Male,France,0,60,2/9/2021,588,0,2,0,100727.68,0
15634180,26,Male,Germany,0,48,2/9/2022,729,97268.1,2,1,39356.38,0
15694566,42,Female,France,0,120,3/9/2016,602,0,2,0,169921.11,1
15726103,55,Female,Germany,0,12,1/9/2025,689,76296.81,1,1,42364.75,1
15646351,27,Male,Spain,0,84,3/9/2019,486,0,2,1,28823.04,0
15730044,42,Female,Germany,1,72,2/9/2020,809,64497.94,3,0,182436.81,1
15795186,38,Male,France,0,60,2/9/2021,562,0,1,1,115700.2,0
15784890,32,Female,Spain,0,96,3/9/2018,763,0,2,1,16725.53,0
15694125,57,Male,France,1,60,2/9/2021,669,0,2,1,56875.76,0
15565891,39,Male,France,0,96,3/9/2018,709,0,2,1,56214.09,0
15674254,45,Female,Spain,1,48,2/9/2022,554,0,2,1,193412.05,0
15775206,37,Male,France,0,120,3/9/2016,699,0,2,0,83263.04,0
15797627,54,Male,Spain,1,0,1/9/2026,732,134249.7,1,0,13404.4,0
15649853,45,Female,France,1,36,2/9/2023,625,0,1,1,184474.15,1
15610379,30,Male,France,1,108,3/9/2017,599,105443.68,1,1,121124.53,0
15659800,50,Female,Spain,1,12,1/9/2025,584,0,1,0,152567.75,1
15716236,35,Male,France,0,120,3/9/2016,499,0,2,1,10722.54,0
15672053,38,Male,Spain,0,24,1/9/2024,526,0,2,0,58010.98,0
15663933,35,Female,Germany,0,60,2/9/2021,625,86147.46,2,1,163440.8,1
15814236,38,Female,Spain,1,12,1/9/2025,537,96939.06,1,1,102606.92,0
15583597,47,Male,Spain,1,12,1/9/2025,696,106758.6,1,1,80591.18,0
15607395,33,Female,France,0,108,3/9/2017,679,112528.65,2,1,177362.45,0
15694556,60,Male,France,0,24,1/9/2024,684,116563.58,1,1,120257.7,1
15744109,32,Male,France,1,48,2/9/2022,850,0,1,1,180622.02,0
15800688,42,Female,Spain,0,84,3/9/2019,495,0,2,0,130404.53,0
15810878,38,Female,Spain,1,72,2/9/2020,537,141786.78,1,0,147797.54,0
15587835,41,Male,France,1,36,2/9/2023,850,136416.82,1,0,57844.26,0
15763515,30,Male,France,0,60,2/9/2021,513,0,2,1,162523.66,0
15725882,40,Female,Germany,1,12,1/9/2025,618,133245.52,2,1,54495.82,0
15788022,41,Female,Germany,1,48,2/9/2022,802,90757.64,2,0,169183.66,0
15663917,43,Male,France,1,12,1/9/2025,547,92350.36,1,0,80262.91,0
15656865,69,Male,Germany,1,108,3/9/2017,613,78778.49,1,0,8751.59,0
15667971,34,Female,Germany,1,72,2/9/2020,592,102143.93,2,1,102628.98,0
15800366,29,Male,France,1,60,2/9/2021,546,0,1,1,94823.95,0
15717231,37,Male,Germany,0,48,2/9/2022,721,98459.6,1,0,90821.66,0
15643188,47,Female,Germany,0,84,3/9/2019,671,114603.76,2,1,153194.32,1
15671351,35,Male,ES,0,24,1/9/2024,624,0,2,1,87310.59,0
15573628,51,Female,Germany,0,84,3/9/2019,751,148074.79,1,1,146411.41,1
15698953,36,Male,Spain,1,12,1/9/2025,636,0,3,1,74048.1,1
15753888,62,Female,Spain,1,96,3/9/2018,607,108004.64,1,1,23386.77,1
15737961,29,Female,Germany,1,0,1/9/2026,509,107712.57,2,1,92898.17,0
15801701,35,Male,Spain,1,108,3/9/2017,653,0,2,1,45956.05,0
15684419,37,Female,Spain,0,96,3/9/2018,709,0,3,1,71738.56,0
15794266,32,Male,France,0,108,3/9/2017,559,-1,1,1,103560.98,0
15810711,37,Male,Germany,1,48,2/9/2022,684,138476.41,2,1,52367.29,0
15771270,27,Female,France,1,96,3/9/2018,635,127471.56,1,1,152916.05,1
15607786,26,Male,France,1,72,2/9/2020,709,156551.63,1,0,4410.77,0
15624519,49,Female,Germany,0,108,3/9/2017,656,97092.87,1,1,74771.22,1
15799910,32,Male,France,0,24,1/9/2024,793,0,2,1,193817.63,1
15602479,37,Male,Spain,1,60,2/9/2021,609,129312.79,1,1,26793.82,0
15617419,29,Female,Germany,1,120,3/9/2016,618,100315.1,2,1,32526.64,0
15657603,35,Female,France,0,72,2/9/2020,850,81684.97,1,1,824,0
15570379,51,Male,Spain,0,36,2/9/2023,669,88827.53,1,0,85250.77,1
15772996,40,Male,Germany,1,0,1/9/2026,594,152092.44,2,1,83508.93,0
15729574,71,Male,Spain,1,48,2/9/2022,616,0,2,1,173599.38,0
15737267,49,  Female  ,France,0,12,1/9/2025,676,0,1,1,79342.31,1
15799128,38,Female,Spain,1,108,3/9/2017,608,102406.76,1,0,57600.66,0
15813327,21,Male,France,1,48,2/9/2022,710,109130.96,2,1,56191.99,0
15711921,29,Male,France,1,60,2/9/2021,695,0,2,1,6770.44,0
15654300,33,Male,Germany,1,108,3/9/2017,530,75242.28,1,0,101694.67,0
15569945,years 29,Male,Spain,0,12,1/9/2025,509,0,2,1,69113.14,0
15569666,45,Female,France,0,48,2/9/2022,517,0,1,0,172674.36,1
15681887,33,Male,Germany,1,0,1/9/2026,758,129142.54,2,1,26606.28,0
15608873,51,Male,France,0,24,1/9/2024,665,0,1,0,53353.36,0
15762091,22,Female,Germany,1,72,2/9/2020,631,139129.92,1,1,63747.51,0
15722053,33,Male,Spain,1,36,2/9/2023,576,0,2,0,190112.05,0
15782100,22,Male,Spain,1,36,2/9/2023,544,66483.32,1,0,110317.39,0
15765300,40,Male,Germany,0,60,2/9/2021,596,62389.03,3,1,148623.43,1
15743570,34,Female,France,1,60,2/9/2021,481,0,2,1,125253.46,0
15608541,46,Male,France,0,12,1/9/2025,498,91857.66,1,1,101954.78,1
15750671,31,male,Spain,0,72,2/9/2020,512,0,2,1,168462.26,0
15813659,56,Female,France,0,84,3/9/2019,594,0,1,1,26215.85,1
15757867,30,Female,France,0,120,3/9/2016,570,176173.52,1,1,97045.32,1
15652914,38,Male,Spain,1,84,3/9/2019,721,0,1,0,53534.8,0
15723818,37,Female,France,0,48,2/9/2022,453,131834.76,2,1,8949.2,0
15713819,48,Male,France,1,36,2/9/2023,562,92347.96,1,1,163116.75,0
15656484,40,Male,France,1,48,2/9/2022,682,0,2,1,140745.91,0
15778515,40,Male,France,0,36,2/9/2023,748,95297.11,1,0,171515.84,0
15803840,32,Female,France,0,108,3/9/2017,729,0,2,0,150803.44,0
15735339,39,Male,France,0,48,2/9/2022,663,0,1,1,76884.05,0
15600392,53,Female,France,1,96,3/9/2018,735,123845.36,2,0,170454.93,1
15625740,62,Male,Germany,1,36,2/9/2023,627,143426.34,2,1,143104.3,0
15663817,46,Male,France,1,60,2/9/2021,713,0,1,1,55701.62,0
15734461,31,Male,Germany,1,24,1/9/2024,562,112708.2,1,0,186370.3,0
15780142,43,Male,France,0,24,1/9/2024,632,100013.51,1,1,24275.32,0
15709920,33,Female,France,0,24,1/9/2024,479,208165.53,1,0,50774.81,1
15684248,21,Male,Spain,1,84,3/9/2019,658,0,2,0,154279.87,0
15643158,40,Female,France,0,108,3/9/2017,598,0,1,1,68462.59,1
15693902,19,Male,France,1,24,1/9/2024,597,0,2,1,91036.74,0
15578307,33,Female,France,1,72,2/9/2020,512,121685.31,2,1,83681.97,0
15585379,39,Male,France,0,24,1/9/2024,704,111525.02,1,1,199484.96,0
15758510,26,Male,France,0,72,2/9/2020,474,0,2,0,152491.22,0
15692918,36,Male,Germany,1,120,3/9/2016,604,113546.3,1,1,134875.37,0
15705301,41,Male,France,1,72,2/9/2020,683,95696.52,2,1,184366.14,0
15718231,28,Male,France,1,0,1/9/2026,537,88963.31,2,1,189839.93,0
15567991,31,Male,Spain,1,0,1/9/2026,794,144880.34,2,0,175643.44,0
15772650,55,Male,France,1,108,3/9/2017,732,136576.02,1,0,3268.17,1
15574795,38,Female,France,1,24,1/9/2024,495,63093.01,1,1,47089.72,0
15706036,38,Male,Germany,1,120,3/9/2016,552,132271.12,2,1,46562.02,0
15723856,29,Female,  France  ,1,36,2/9/2023,602,88814.4,2,1,62487.97,0
15812920,40,Male,Germany,1,60,2/9/2021,607,90594.55,1,0,181598.25,0
15691287,33,Female,Germany,0,0,1/9/2026,675,141816.25,1,1,64815.05,1
15804797,54,Female,France,1,36,2/9/2023,443,138547.97,1,1,70196.23,1
15708650,31,Female,France,1,24,1/9/2024,727,52192.08,2,0,160383.47,0
15712777,38,Male,France,0,48,2/9/2022,482,124976.19,1,1,35848.12,0
15786469,34,Female,France,0,12,1/9/2025,686,0,2,1,87278.48,0
15669219,35,Male,Germany,0,36,2/9/2023,588,104356.38,1,1,94498.82,0
15641004,48,Female,Spain,1,120,3/9/2016,605,150315.92,1,0,133486.36,0
15648067,39,Male,France,0,12,1/9/2025,583,129299.28,2,1,73107.6,0
15704014,37,Male,Germany,0,84,3/9/2019,738,140950.92,2,1,195333.98,0
15645136,30,Male,Spain,0,12,1/9/2025,744,128065.12,1,1,121525.48,0
15709604,23,Male,France,0,24,1/9/2024,781,107433.48,1,1,173843.21,0
15713637,34,Male,France,0,24,1/9/2024,699,117468.67,1,1,185227.42,0
15793901,27,Female,France,0,24,1/9/2024,639,0,2,0,125244.18,0
15569759,27,Female,France,0,48,2/9/2022,583,-1,3,1,163113.41,0
15712930,42,Male,france,0,12,1/9/2025,587,0,1,0,123006.91,0
15586504,40,Male,France,0,108,3/9/2017,694,0,2,1,40463.03,0
15677317,29,Female,France,1,48,2/9/2022,570,153040.03,1,1,131363.57,1
15664270,45,Male,Germany,0,72,2/9/2020,692,142084.04,4,1,188305.85,1
15731519,30,Female,France,0,60,2/9/2021,511,0,2,1,143994.86,0
15745623,32,Male,France,0,48,2/9/2022,788,112079.58,1,0,89368.59,0
15813862,66,Male,Spain,1,84,3/9/2019,526,132044.6,2,1,158365.89,0
15641934,46,Female,Spain,0,108,3/9/2017,749,66582.81,1,1,78753.12,1
15713043,33,Female,France,1,72,2/9/2020,691,0,2,1,100408.31,0
15700749,39,Female,France,1,72,2/9/2020,481,0,1,1,24677.54,0
15697567,33,Male,France,1,48,2/9/2022,752,0,2,1,39570.78,0
15715414,38,Female,France,0,72,2/9/2020,658,9999999,1,0,155665.76,0
15639530,42,Male,Spain,1,24,1/9/2024,679,0,1,1,168294.27,0
15726058,27,Male,Germany,1,84,3/9/2019,754,117578.35,2,0,87908.01,0
15725665,47,Male,France,0,120,3/9/2016,679,198546.1,2,1,191198.92,1
15698872,39,Female,Spain,0,24,1/9/2024,633,0,2,0,191207.03,0
15812184,31,FEMALE,France,0,12,1/9/2025,674,0,1,1,128954.05,0
15742609,28,Male,Germany,1,24,1/9/2024,600,116623.31,1,0,59905.29,0
15815043,49,Male,Spain,0,96,3/9/2018,645,0,2,1,162012.6,0
15640648,36,Male,France,1,72,2/9/2020,698,0,2,0,19231.98,0
15627203,54,Male,Spain,1,120,3/9/2016,508,0,1,1,175749.36,0
15786196,44,Female,France,0,36,2/9/2023,555,105770.7,3,1,60533.96,1
15612095,48,Female,France,0,108,3/9/2017,751,0,1,1,137508.42,1
15674368,39,Female,France,1,12,1/9/2025,738,94435.45,2,0,189430.86,0
15783477,39,Female,Germany,1,96,3/9/2018,706,112889.91,1,0,6723.66,0
15757559,53,Female,France,0,84,3/9/2019,595,0,2,1,41371.68,1
15591036,43,Female,NULL,0,36,2/9/2023,577,127940.47,1,0,125140.72,1
15761241,36,Female,Germany,1,96,3/9/2018,578,129745.1,1,1,143683.75,0
15695078,32,Male,France,1,36,2/9/2023,699,0,2,1,170770.44,0
15645744,30,Female,France,1,60,2/9/2021,826,0,2,0,157397.57,0
15566988,46,Female,Germany,0,84,3/9/2019,656,141535.52,1,1,50595.15,1
15749300,47,Female,France,1,24,1/9/2024,556,139914.27,1,1,50390.98,0
15594340,41,Male,France,0,48,2/9/2022,569,120243.49,1,1,163150.03,1
15607065,34,Male,France,0,108,3/9/2017,765,91835.16,1,0,138280.17,0
15778089,37,Male,Spain,0,24,1/9/2024,544,0,2,0,135067.02,0
15773723,22,Female,Spain,1,108,3/9/2017,588,67178.19,1,1,163534.75,1
15697035,31,Female,Spain,0,96,3/9/2018,740,0,2,0,86657.48,0
15679668,38,Male,Spain,1,84,3/9/2019,850,115378.94,1,0,162087.82,0
15709861,30,Male,Germany,1,48,2/9/2022,766,127786.28,2,1,28879.3,0
15791958,41,Female,France,1,72,2/9/2020,849,0,2,1,169203.51,1
15791030,33,Female,France,0,0,1/9/2026,612,64900.32,2,1,102426.12,0
15695339,53,Male,Germany,0,0,1/9/2026,517,109172.88,1,1,54676.1,1
15658813,55,Female,France,1,84,3/9/2019,score_700,0,2,1,18369.33,0
15715709,43,Male,Germany,1,48,2/9/2022,696,114091.38,1,0,159888.1,0
15722533,40,Female,France,1,36,2/9/2023,716,0,2,0,167636.15,0
15683118,32,Male,France,0,108,3/9/2017,590,0,2,1,138889.15,0
15672798,45,Female,France,1,84,3/9/2019,656,145933.27,1,1,199392.14,0
15680112,35,Female,Germany,0,84,3/9/2019,473,131504.73,1,1,189560.43,0
15714575,44,Female,Germany,1,96,3/9/2018,742,107926.02,1,0,17375.27,1
15806808,57,Female,Germany,0,96,3/9/2018,834,112281.6,3,1,140225.14,1
15590637,41,Male,France,1,84,3/9/2019,721,0,2,0,61018.85,0
15657535,29,Male,Spain,1,120,3/9/2016,590,0,1,1,51907.72,1
15696141,31,Female,Spain,0,84,3/9/2019,516,0,1,1,47018.75,0
15811947,33,Male,France,1,0,1/9/2026,850,124781.67,1,0,33700.52,0
15649024,39,Female,France,1,108,3/9/2017,748,132865.56,1,1,59636.43,1
15594928,38,Female,Germany,0,48,2/9/2022,798,129055.13,1,1,157147.59,0
15765532,76,Male,Germany,1,72,2/9/2020,612,96166.88,1,1,191393.26,0
15741719,40,Female,France,1,36,2/9/2023,540,165298.12,1,0,199862.75,0
15665629,33,Female,Spain,0,84,3/9/2019,719,0,2,1,20016.59,0
15728917,48,Male,France,0,72,2/9/2020,598,120682.53,1,1,30635.52,1
15762993,32,Male,Spain,1,60,2/9/2021,796,102773.15,2,0,117832.88,0
15571193,42,Male,Germany,1,0,1/9/2026,579,144386.32,1,1,22497.1,1
15653521,40,Female,Germany,1,84,3/9/2019,850,104449.8,1,1,747.88,0
15802220,35,Male,Spain,0,72,2/9/2020,599,137102.65,1,0,76870.81,0
15644132,30,Female,France,1,108,3/9/2017,724,142475.87,1,1,107848.24,0
15600832,43,Female,France,0,108,3/9/2017,508,0,1,1,103726.71,0
15797919,37,Male,Spain,0,24,1/9/2024,773,103195.2,2,1,178268.36,0
15603743,28,Male,France,1,12,1/9/2025,526,112070.44,1,0,126281.83,0
15579714,29,Female,France,1,84,3/9/2019,542,0,2,0,196651.72,0
15634295,35,Male,France,0,12,1/9/2025,470,96473.59,1,0,5962.3,0
15786680,37,Male,Spain,0,60,2/9/2021,805,0,2,1,21928.81,0
15623499,49,Male,Germany,0,108,3/9/2017,548,108437.89,1,0,127022.87,1
15691823,37,Male,France,1,60,2/9/2021,672,153195.59,1,1,162763.01,0
15809279,45,Male,France,1,96,3/9/2018,773,96877.21,1,1,113950.51,0
15758039,44,Male,France,1,72,2/9/2020,614,0,2,0,104930.46,0
15807163,38,Female,France,0,120,3/9/2016,537,0,1,0,52337.97,1
15631639,40,Female,France,1,72,2/9/2020,704,95452.89,1,0,179964.55,0
15713770,41,Male,Spain,0,36,2/9/2023,586,63873.56,1,1,83753.64,0
15698167,24,Female,France,0,0,1/9/2026,677,148298.59,2,0,182913.95,0
15781710,31,Female,Spain,0,84,3/9/2019,558,0,2,1,166720.28,0
15801296,37,Female,Germany,0,84,3/9/2019,634,143258.85,2,1,192721.98,0
15704378,37,Male,Germany,1,108,3/9/2017,655,121342.24,1,1,180241.44,0
15767891,28,Female,Germany,0,72,2/9/2020,619,99152.73,three,1,48475.12,0
15640667,41,Female,France,0,48,2/9/2022,662,0,2,1,126551.48,0
15702145,33,Male,Spain,1,84,3/9/2019,705,68423.89,1,1,64872.55,0
15679738,35,Female,Spain,0,96,3/9/2018,527,0,1,1,98031.53,1
15636634,25,Female,Germany,0,84,3/9/2019,630,79656.81,1,1,93524.22,0
15809227,35,Male,France,1,24,1/9/2024,850,0,2,1,56991.66,0
15601811,53,Female,France,0,120,3/9/2016,668,110240.04,1,0,183980.56,1
15625494,32,Female,France,1,108,3/9/2017,573,125321.84,2,1,130234.63,0
15723737,27,Male,France,0,36,2/9/2023,680,0,1,1,32454.26,0
15682955,32,Female,France,1,24,1/9/2024,758,84378.9,three,1,75396.43,0
15758856,45,Male,France,0,84,3/9/2019,597,0,2,0,167756.45,0
15746065,35,Male,Germany,1,120,3/9/2016,580,136281.41,2,1,24799.47,0
15783865,59,Male,France,1,60,2/9/2021,622,119380.37,1,1,60429.43,0
15745455,62,Male,Germany,1,48,2/9/2022,638,108716.59,2,1,74241.09,0
15583033,20,Female,France,1,48,2/9/2022,640,0,2,0,78310.82,0
15644212,28,Male,,0,0,1/9/2026,644,0,2,1,119419.37,0
15735688,31,Female,France,0,72,2/9/2020,753,106596.29,1,0,91305.77,0
15658577,37,Female,France,1,120,3/9/2016,629,99546.25,3,0,25136.95,1
15606887,30,Female,France,0,60,2/9/2021,775,0,1,1,193880.6,1
15783026,41,Female,France,0,24,1/9/2024,701,0,1,1,47856.78,0
15579892,19,Male,Spain,1,84,3/9/2019,708,112615.86,1,1,4491.77,0
15802088,22,Female,Spain,1,120,3/9/2016,521,0,1,1,101311.95,0
15589323,24,Female,France,1,108,3/9/2017,636,0,2,0,38830.72,0
15636395,31,Female,France,0,60,2/9/2021,529,0,2,1,26817.23,0
15712772,28,Male,France,1,36,2/9/2023,757,75381.15,1,1,199727.72,0
15700937,24,Female,Spain,1,60,2/9/2021,767,0,2,1,67445.85,0
15766659,33,Male,Spain,0,60,2/9/2021,525,0,2,1,161002.29,0
15814033,38,Male,Spain,0,12,1/9/2025,759,0,2,1,20778.39,0
15783007,45,Female,Germany,1,12,1/9/2025,520,123086.39,1,1,41042.4,1
15654183,26,Female,France,0,36,2/9/2023,738,0,2,1,67484.16,0
15609899,37,Male,Spain,0,48,2/9/2022,548,0,1,1,121763.68,0
15747323,48,Male,Spain,0,108,3/9/2017,535,109472.47,1,1,157358.43,1
15582591,59,Male,Spain,1,48,2/9/2022,615,155766.05,1,1,110275.17,0
15738835,38,Male,Germany,0,84,3/9/2019,850,101985.81,99,0,43801.27,0
15782404,34,Female,France,0,24,1/9/2024,487,96019.5,1,0,9085,0
15697480,30,Male,France,1,84,3/9/2019,731,0,2,0,143086.09,0
15697045,35,Female,Spain,1,108,3/9/2017,726,0,2,0,100556.98,0
15781234,35,Female,France,0,24,1/9/2024,609,147900.43,1,1,140000.29,0
15579891,52,Male,France,1,48,2/9/2022,714,100755.66,1,1,186775.25,0
15805690,35,Female,Spain,0,84,3/9/2019,694,0,1,1,133570.43,1
15612139,33,Female,France,1,0,1/9/2026,786,83036.05,1,0,154990.58,1
15568834,27,Male,  Spain  ,0,72,2/9/2020,698,125427.37,2,0,27654.44,0
15709917,46,Female,  France  ,0,36,2/9/2023,601,98202.76,1,0,137763.93,0
15718843,41,Male,Spain,0,12,1/9/2025,769,72509.91,1,1,25723.73,0
15799494,44,Male,Germany,1,36,2/9/2023,850,140393.65,2,0,186285.52,0
15673439,50,Female,Spain,1,60,2/9/2021,646,142644.64,2,1,142208.5,1
15669011,44,Female,France,1,108,3/9/2017,659,23503.31,1,0,169862.01,1
15581388,33,Male,Spain,0,96,3/9/2018,487,145729.71,1,1,41365.85,0
15743153,40,Female,Germany,1,24,1/9/2024,740,122295.17,2,1,30812.84,0
15579787,39,Male,France,0,48,2/9/2022,686,0,2,1,155023.93,0
15759966,36,Female,Spain,0,60,2/9/2021,612,119799.27,2,1,159416.58,0
15601045,37,Male,Spain,0,999,3/9/2018,655,163708.58,2,0,76259.23,0
15764021,34,Male,France,0,12,1/9/2025,617,61687.33,2,1,105965.25,0
15687218,27,FEMALE,France,1,48,2/9/2022,674,79144.34,1,0,50743.83,0
15626452,32,Male,Spain,1,60,2/9/2021,711,0,2,1,147720.27,0
15700964,27,Female,Germany,1,84,3/9/2019,624,104848.68,1,1,167387.36,0
15768887,26,Male,Spain,1,60,2/9/2021,597,0,2,0,95159.13,0
15735358,46,Male,Spain,1,48,2/9/2022,682,0,1,1,4654.28,0
15749472,45,Male,France,0,96,3/9/2018,775,0,1,1,130376.68,0
15685872,29,Female,France,1,12,1/9/2025,727,146652.01,1,1,173486.39,0
15760851,31,Male,France,0,72,2/9/2020,629,0,2,1,93881.75,0
15734588,46,Male,France,1,0,1/9/2026,684,0,2,1,36376.97,0
15784594,37,Female,Germany,1,12,1/9/2025,549,130622.34,2,1,128499.94,0
15606435,69,Male,Germany,1,24,1/9/2024,593,187013.13,2,0,105898.69,0
15790247,40,Male,Spain,1,108,3/9/2017,536,0,2,1,11959.03,0
15676433,36,Female,France,0,72,2/9/2020,707,0,1,0,98810.78,0
15625905,41,Male,Spain,0,0,1/9/2026,592,0,2,1,65906.07,0
15626414,44,Male,France,0,72,2/9/2020,703,98862.54,1,1,151516.7,0
15623220,45,Female,ES,0,48,2/9/2022,723,0,2,1,37214.39,0
15752857,52,Male,Germany,0,12,1/9/2025,452,98443.14,2,0,92033.98,0
15677908,42,Male,Spain,0,48,2/9/2022,552,0,2,0,195692.3,0
15773013,47,Female,France,1,0,1/9/2026,633,0,1,1,6342.84,1
15623972,23,Female,Germany,1,108,3/9/2017,479,123575.51,1,0,95148.28,0
15738627,25,Male,France,1,72,2/9/2020,768,0,2,1,21215.67,0
15643392,31,Male,France,1,48,2/9/2022,742,105239.1,1,1,19700.24,0
15684868,56,Male,Germany,0,108,3/9/2017,668,110993.79,1,1,134396.64,1
15627854,44,Male,Spain,1,36,2/9/2023,707,,2,1,135077.01,0
15669253,39,Male,Spain,0,84,3/9/2019,754,157691.98,2,1,133600.89,1
15758023,47,Male,Germany,0,60,2/9/2021,544,105245.21,1,0,99922.08,1
15574558,32,Male,Spain,1,96,3/9/2018,718,0,2,1,41399.33,0
15635256,31,Male,France,1,84,3/9/2019,762,117687.35,1,1,159344.43,0
15680399,23,Male,France,0,24,1/9/2024,772,0,2,1,18364.19,0
15674720,37,Female,Germany,1,84,3/9/2019,691,123067.63,1,1,98162.44,1
15580249,45,Male,France,0,0,1/9/2026,502,0,1,0,84663.21,0
15675431,34,Female,France,0,72,2/9/2020,563,0,2,0,36536.93,0
15698285,41,Female,France,1,48,2/9/2022,676,101457.14,1,1,79101.67,0
15810775,52,Male,Spain,1,24,1/9/2024,576,100549.43,2,1,16644.16,0
15678173,35,Male,Spain,1,48,2/9/2022,629,174588.8,2,0,158420.14,0
15665222,52,Male,Spain,0,96,3/9/2018,625,121161.57,1,1,48988.28,0
15803908,45,Male,France,1,108,3/9/2017,628,0,2,1,96862.56,0
15586039,36,Female,Germany,1,60,2/9/2021,471,90063.74,2,1,96366.7,0
15802570,45,Female,France,1,60,2/9/2021,811,0,2,1,146123.19,0
15781451,Unknown,Male,France,0,36,2/9/2023,504,134936.97,2,0,135178.91,0
15721019,24,Female,France,0,36,2/9/2023,687,110495.27,1,1,158615.41,0
15738588,37,Female,Germany,0,24,1/9/2024,660,133200.09,1,0,71433.88,0
15730657,41,Female,France,1,48,2/9/2022,548,82596.8,1,0,55672.09,0
15739292,31,Male,Germany,1,108,3/9/2017,609,103837.75,1,1,150218.11,0
15725945,42,Female,Spain,0,24,1/9/2024,659,0,1,0,162734.31,1
15813159,52,Male,France,1,96,3/9/2018,526,93590.47,1,0,21228.71,1
15636820,40,Male,Germany,0,96,3/9/2018,725,104149.66,1,1,62027.9,0
15603880,38,Male,Germany,1,12,1/9/2025,519,114141.64,1,1,60988.21,1
15619494,31,Female,Germany,1,108,3/9/2017,562,117153,1,1,108675.01,0
15596992,45,Male,Germany,0,84,3/9/2019,482,156353.46,1,1,72643.95,1
15735025,37,Male,Spain,1,36,2/9/2023,535,175534.78,2,1,9241.52,0
15730759,27,Female,France,0,108,3/9/2017,561,135637,1,1,153080.4,1
15752912,30,Female,France,0,84,3/9/2019,661,0,2,1,72196.57,0
15711316,27,Male,France,1,24,1/9/2024,771,0,2,1,199527.34,0
15738785,26,Male,France,1,84,3/9/2019,545,0,2,0,156598.23,0
15777896,33,Female,Germany,1,24,1/9/2024,850,83415.04,1,0,74917.64,0
15628963,43,Male,Germany,1,36,2/9/2023,601,141859.12,2,1,111249.62,0
15742126,38,Male,Germany,1,84,3/9/2019,712,132767.66,2,1,59115.77,0
15575623,31,Female,France,0,120,3/9/2016,589,110635.32,1,1,148218.86,0
15741652,37,Male,Spain,1,96,3/9/2018,600,177657.35,1,1,77142.32,0
15738884,41,Male,Germany,0,48,2/9/2022,642,157777.58,1,1,67484.6,0
15615050,47,Male,Germany,1,108,3/9/2017,575,107915.94,2,1,63452.18,1
15803005,57,Female,Germany,1,60,2/9/2021,570,86568.75,1,0,103660.31,0
15743498,52,Male,Germany,0,108,3/9/2017,532,137755.76,1,1,163191.99,1
15720463,30,Male,France,0,24,1/9/2024,796,137262.71,2,1,62905.29,0
15588695,32,Male,Spain,1,72,2/9/2020,833,0,1,1,44323.22,1
15665802,36,Female,Spain,1,72,2/9/2020,642,0,2,1,97938.59,0
15571144,28,Male,France,1,120,3/9/2016,655,0,2,0,126565.21,0
15750731,50,Male,Germany,0,108,3/9/2017,736,116309.01,1,1,185360.4,1
15605134,34,Female,France,0,0,1/9/2026,617,131244.65,2,1,183229.02,0
15626044,28,Male,Germany,1,36,2/9/2023,762,125155.83,2,1,106024.02,0
15737910,35,Male,Germany,0,60,2/9/2021,703,140691.08,2,1,167810.26,0
15761076,41,Male,France,1,36,2/9/2023,507,58820.32,2,1,138536.09,0
15710105,26,Female,Germany,1,36,2/9/2023,581,105099.45,1,1,184520,1
15577402,31,Male,France,1,108,3/9/2017,593,0,2,0,20492.16,0
15803337,23,Male,France,0,108,3/9/2017,648,168372.52,1,1,134676.72,0
15654372,34,Male,Germany,0,12,1/9/2025,462,94682.56,2,1,138478.2,0
15585867,36,Male,Spain,1,24,1/9/2024,596,0,2,0,125557.95,0
15662488,44,Female,France,0,60,2/9/2021,627,0,2,1,82969.61,1
15604813,40,Male,France,1,84,3/9/2019,494,0,2,0,158071.69,0
15611644,73,Male,France,1,0,1/9/2026,627,146329.73,1,0,43615.67,0
15674928,37,Male,Spain,0,24,1/9/2024,-1,0,2,1,119969.99,0
15656100,49,Female,France,0,60,2/9/2021,632,167962.7,1,0,140201.21,0
15764293,33,Male,France,1,12,1/9/2025,490,0,2,1,80792.83,0
15636423,40,Male,France,1,84,3/9/2019,715,0,1,1,141359.11,0
15607629,48,Male,France,0,96,3/9/2018,679,0,2,1,23344.94,0
15577313,44,Male,France,0,36,2/9/2023,619,116967.68,1,1,5075.17,1
15714493,33,Female,NULL,1,72,2/9/2020,465,0,2,1,95500.98,0
15643359,32,Male,Spain,1,84,3/9/2019,736,0,1,0,79082.62,0
15687913,34,Female,Germany,1,84,3/9/2019,501,93244.42,1,0,199805.63,0
15790935,29,Female,France,1,60,2/9/2021,535,0,2,0,52709.55,0
15708693,33,Female,France,0,24,1/9/2024,759,0,2,1,56583.88,0
15672016,35,Male,France,1,12,1/9/2025,819,0,2,0,3385.04,0
15727605,43,Male,Germany,1,48,2/9/2022,533,80442.06,2,0,12537.42,0
15651144,35,Female,Germany,0,24,1/9/2024,632,150561.03,2,0,64722.61,0
15749401,60,Male,France,1,108,3/9/2017,686,0,two,1,75246.21,1
15691874,34,Female,France,0,108,3/9/2017,687,125474.44,1,1,198929.84,0
15620735,33,Female,Germany,0,48,2/9/2022,667,127076.68,2,1,69011.66,0
15769781,25,Female,  Spain  ,1,96,3/9/2018,699,0,2,1,52404.47,0
15624611,37,Male,Spain,1,96,3/9/2018,497,128650.11,2,1,163641.53,0
15773071,33,Female,Spain,1,72,2/9/2020,780,145580.61,1,1,154598.56,0
15720371,51,Female,France,0,36,2/9/2023,score_700,0,1,1,173989.47,1
15717984,47,Male,France,0,108,3/9/2017,477,144900.58,1,1,61315.37,1
15806407,37,Female,France,0,48,2/9/2022,652,0,2,1,143393.24,0
15785042,31,Female,France,0,96,3/9/2018,488,97588.6,1,0,124210.53,0
15809302,24,Male,France,1,12,1/9/2025,572,0,2,1,151460.84,0
15677550,38,Female,France,0,12,1/9/2025,755,0,2,1,20734.81,0
15654096,24,Female,Germany,0,120,3/9/2016,779,122200.31,2,1,43705.56,0
15617320,46,Female,Spain,0,36,2/9/2023,693,151709.33,1,1,180736.24,0
15653065,22,Female,Spain,0,84,3/9/2019,530,0,2,1,104170.48,0
15649112,33,Female,  Spain  ,1,36,2/9/2023,738,122134.4,2,0,27867.59,0
15690526,31,Male,Germany,0,24,1/9/2024,690,137260.45,2,1,55387.28,0
15806945,30,Female,France,0,108,3/9/2017,611,88594.14,1,1,196332.45,0
15670066,34,Male,Spain,1,72,2/9/2020,643,0,2,1,116046.22,0
15625761,41,Male,Germany,0,96,3/9/2018,632,127205.32,4,1,93874.87,1
15761525,31,Female,Spain,0,120,3/9/2016,727,96997.09,2,0,76614.04,0
15735080,64,Female,France,1,24,1/9/2024,508,0,1,1,6076.62,0
15619537,31,Male,France,1,60,2/9/2021,550,142200.19,2,1,122221.71,0
15598162,39,Female,Germany,1,36,2/9/2023,754,160761.41,1,1,24156.03,0
15694300,26,Male,France,0,48,2/9/2022,759,0,2,1,135394.62,0
15637235,999,Male,Spain,0,96,3/9/2018,794,0,2,0,91340.02,0
15612444,29,Male,France,0,36,2/9/2023,549,0,2,1,146090.38,0
15626457,31,Male,France,0,0,1/9/2026,671,116234.61,1,1,172096.08,0
15627995,26,Female,Germany,1,60,2/9/2021,756,155143.52,1,0,135034.57,1
15706128,21,Female,France,0,12,1/9/2025,632,0,2,1,84008.66,0
15666430,38,Male,France,0,96,3/9/2018,579,0,2,0,91763.67,0
15627385,34,Male,France,1,60,2/9/2021,748,84009.47,1,1,137001.1,0
15581323,28,Female,Germany,0,84,3/9/2019,488,139246.22,2,1,106799.49,0
15608109,58,Male,Germany,1,84,3/9/2019,710,170113,2,0,10494.64,0
15801942,41,Female,Spain,1,96,3/9/2018,619,0,3,1,79866.73,1
15567431,64,Male,France,1,24,1/9/2024,773,145578.28,1,0,186172.85,0
15810167,75,Male,Spain,1,84,3/9/2019,657,126273.95,1,0,91673.6,0
15644501,26,Female,France,1,120,3/9/2016,579,162482.76,1,1,18458.2,0
15785290,29,Male,France,0,108,3/9/2017,542,0,1,1,8342.35,0
15611157,32,Female,France,0,24,1/9/2024,709,87814.89,1,1,138578.37,0
15673837,61,Male,Spain,1,36,2/9/2023,617,113858.95,1,1,38129.22,0
15656822,43,male,Germany,1,60,2/9/2021,568,87612.64,4,1,107155.4,1
15580560,73,Female,France,1,12,1/9/2025,769,0,1,1,29792.11,0
15760641,26,Male,Germany,1,12,1/9/2025,608,106648.98,1,0,7063.6,0
15587584,31,Male,Spain,1,48,2/9/2022,503,0,2,1,21645.06,0
15604146,38,Female,Germany,1,96,3/9/2018,608,103653.51,2,1,137079.86,0
15813974,37,Male,Germany,0,36,2/9/2023,731,116880.53,1,0,172718.35,1
15746986,40,Female,Germany,0,48,2/9/2022,850,97990.49,2,0,106691.02,0
15759741,34,Female,Germany,1,48,2/9/2022,591,150635.3,1,1,72274.84,0
15734892,37,Male,Spain,1,48,2/9/2022,579,0,2,1,32246.63,0
15797194,39,Male,France,0,120,3/9/2016,570,129674.89,2,1,80552.36,0
15723786,37,Female,France,0,108,3/9/2017,709,0,2,1,16733.59,0
15642726,53,Male,France,0,36,2/9/2023,611,83568.26,1,0,1235.49,0
15664339,48,Male,Spain,0,48,2/9/2022,775,178144.91,2,0,50168.41,1
15754526,36,Male,Germany,1,72,2/9/2020,699,147137.74,1,1,33687.9,0
15703037,37,Male,France,1,60,2/9/2021,618,9999999,1,0,178705.45,1
15751412,36,Male,France,1,36,2/9/2023,704,114370.41,1,0,66810.48,0
15609558,47,Female,Germany,1,60,2/9/2021,835,108289.28,2,1,45859.55,1
15572408,39,Male,Germany,0,36,2/9/2023,714,149887.49,2,1,63846.36,0
15613923,43,Female,Spain,1,48,2/9/2022,581,170172.9,1,0,100236.02,0
15747000,27,Male,France,1,36,2/9/2023,592,0,2,1,19645.65,0
15731781,43,Male,France,0,84,3/9/2019,551,0,2,1,178393.68,0
15727198,28,Female,Germany,0,24,1/9/2024,689,64808.32,2,0,78591.15,0
15794273,56,Female,France,1,0,1/9/2026,604,62732.65,1,0,124954.56,0
15804950,41,Female,France,1,84,3/9/2019,514,0,2,1,3756.65,0
15576304,29,Male,France,1,60,2/9/2021,698,95167.55,1,1,152723.23,0
15645200,,Female,Germany,0,24,1/9/2024,581,152508.99,1,1,187597.98,1
15779627,31,Male,Germany,1,0,1/9/2026,573,134644.19,1,1,70381.49,0
15750755,33,Female,Spain,0,96,3/9/2018,449,0,2,0,156792.89,0
15569654,31,Female,Germany,0,36,2/9/2023,850,51293.47,1,0,35534.68,0
15753079,41,Male,France,0,60,2/9/2021,612,0,3,0,151256.22,0
15684995,49,Male,  Spain  ,1,96,3/9/2018,690,116622.73,1,0,51011.29,0
15790763,49,Female,Spain,0,24,1/9/2024,599,0,2,1,111190.53,0
15766458,33,Male,France,0,12,1/9/2025,498,198113.86,1,1,69664.35,0
15616221,29,Female,France,0,48,2/9/2022,497,85646.81,1,0,63233.02,1
15776124,51,Male,Spain,1,84,3/9/2019,802,0,1,0,40855.79,0
15665811,33,Male,France,0,108,3/9/2017,644,141234.98,1,1,95673.05,0
15729804,34,Male,France,1,120,3/9/2016,714,0,2,1,80234.14,0
15714062,40,Female,France,0,108,3/9/2017,690,77641.99,1,0,189051.59,1
15592197,30,Male,Spain,0,36,2/9/2023,522,0,2,1,145490.85,0
15793116,40,Female,Germany,0,84,3/9/2019,502,117304.29,1,0,196278.32,0
15638231,62,Female,Spain,1,24,1/9/2024,730,0,2,1,162889.1,0
15697678,36,Male,Germany,1,72,2/9/2020,590,92340.69,2,1,174667.58,0
15800412,35,Male,Germany,1,108,3/9/2017,458,146780.52,two,1,3476.38,0
15597610,41,Male,Spain,1,72,2/9/2020,553,144974.55,1,1,19344.92,0
15726634,47,Male,France,0,12,1/9/2025,479,0,1,1,95270.83,0
15670866,31,Male,France,1,24,1/9/2024,693,0,2,1,107759.31,0
15667462,43,Male,Spain,0,120,3/9/2016,707,0,2,1,118368.2,0
15662574,37,Male,Spain,0,12,1/9/2025,636,115137.26,1,1,52484.01,0
15716926,33,Male,France,0,120,3/9/2016,807,101952.97,2,1,178153.65,0
15603554,45,Female,France,0,0,1/9/2026,513,164649.52,3,1,49915.52,1
15716800,31,Male,France,1,24,1/9/2024,582,0,2,1,33747.03,0
15679429,32,Male,France,1,0,1/9/2026,694,91956.49,1,1,59961.81,0
15616122,39,Male,France,1,96,3/9/2018,777,0,2,1,18613.52,0
15742172,32,Male,Germany,0,108,3/9/2017,598,123938.6,2,1,198894.42,0
15792305,46,Male,Germany,1,72,2/9/2020,762,123571.77,3,0,57014.17,1
15636016,34,Female,France,1,36,2/9/2023,588,120777.88,1,1,131729.52,0
15733138,42,Male,Germany,1,60,2/9/2021,663,90248.79,1,1,79169.73,0
15669741,36,Male,France,0,84,3/9/2019,777,0,1,1,106472.34,0
15616954,71,Male,France,1,48,2/9/2022,592,0,2,0,17013.54,0
15729238,48,Male,Germany,1,12,1/9/2025,631,106396.48,1,1,150661.42,1
15718242,47,Female,Germany,0,12,1/9/2025,725,104887.43,1,0,86622.56,1
15682914,34,Male,France,1,24,1/9/2024,850,72079.71,1,1,115767.93,0
15654274,37,Male,France,0,72,2/9/2020,540,0,2,1,141998.89,0
15691457,36,Male,Spain,1,24,1/9/2024,674,0,2,1,182787.17,0
15719649,38,Male,France,0,36,2/9/2023,553,99844.68,1,0,187915.7,0
15778897,28,Female,France,1,12,1/9/2025,630,0,2,1,133267.78,0
15589437,26,Male,France,1,36,2/9/2023,466,156815.71,1,1,137476.09,0
15682369,47,Male,France,1,72,2/9/2020,613,146034.74,1,1,77146.14,0
15626507,27,Male,France,0,12,1/9/2025,558,152283.39,1,1,183271.15,0
15571995,33,Female,Germany,1,12,1/9/2025,775,118897.1,2,1,26362.4,0
15673333,52,Male,Germany,1,96,3/9/2018,698,96781.39,1,1,153373.71,0
15748752,33,Male,Germany,0,12,1/9/2025,608,102772.67,2,1,70705.58,0
15725302,20,Female,Spain,0,48,2/9/2022,670,0,2,1,119759.24,0
15722083,39,Male,Spain,0,96,3/9/2018,591,0,2,0,42392.24,0
15771442,40,Male,France,1,48,2/9/2022,633,150578,1,0,34670.62,1
15803633,46,Female,France,0,12,1/9/2025,678,0,2,0,82106.19,0
15672185,47,male,France,0,36,2/9/2023,590,0,2,1,171774.5,0
15806486,48,Female,France,0,0,1/9/2026,705,0,2,0,149772.61,0
15570895,42,Male,France,0,120,3/9/2016,608,163548.07,1,1,38866.85,0
15614520,37,Female,France,0,96,3/9/2018,682,148580.12,1,1,35179.18,0
15687492,32,Male,Germany,0,36,2/9/2023,596,96709.07,2,0,41788.37,0
15675337,34,Female,Germany,1,60,2/9/2021,395,106011.59,1,1,17376.57,1
15721047,37,Male,Germany,0,12,1/9/2025,578,135650.88,1,1,199428.19,0
15589017,55,Male,Germany,0,48,2/9/2022,547,111362.76,3,1,16922.28,1
15611186,37,Male,France,1,12,1/9/2025,609,39344.83,1,1,178291.89,1
15617301,36,Male,Germany,0,108,3/9/2017,774,130809.77,1,1,152290.28,0
15726046,27,Female,France,0,24,1/9/2024,712,133009.51,1,1,126809.15,0
15585748,28,Female,Germany,1,108,3/9/2017,585,135337.49,2,1,40385.61,0
15672826,32,Female,France,1,120,3/9/2016,666,112536.57,2,1,34350.54,0
15595162,35,Female,Spain,0,96,3/9/2018,708,122570.69,1,0,199005.88,0
15650026,44,Male,France,1,12,1/9/2025,513,63562.02,2,0,52629.73,1
15745826,37,Male,France,1,36,2/9/2023,445,0,2,1,180012.39,0
15708610,44,Male,Germany,0,108,3/9/2017,690,100368.63,2,0,35342.33,0
15624471,37,Male,France,0,72,2/9/2020,850,0,2,1,109291.22,0
15590097,33,Female,Spain,0,84,3/9/2019,537,136082,1,1,62746.54,0
15689328,48,Male,Germany,0,108,3/9/2017,705,114169.16,1,0,173273.2,1
15582154,45,Female,France,1,60,2/9/2021,670,47884.92,1,1,54340.24,0
15734626,36,Female,Spain,1,12,1/9/2025,652,0,2,1,19302.78,0
15702806,24,Male,Spain,0,108,3/9/2017,696,0,1,0,10883.52,0
15620756,49,Male,France,1,72,2/9/2020,747,202904.64,1,1,17298.72,1
15611331,46,Female,France,1,12,1/9/2025,511,,1,1,115779.48,1
15576935,43,Male,Spain,1,24,1/9/2024,743,161807.18,2,0,93228.86,1
15661275,52,Male,Germany,0,36,2/9/2023,532,110791.97,1,1,148704.77,1
15814940,33,Female,  Spain  ,1,108,3/9/2017,642,0,2,1,150475.14,0
15768471,54,Female,Germany,0,72,2/9/2020,554,108755,1,1,40914.32,1
15697391,34,Female,Spain,0,36,2/9/2023,604,0,2,1,38587.7,0
15793346,72,Female,France,1,36,2/9/2023,602,0,2,1,171260.66,0
15608338,55,Female,Spain,0,108,3/9/2017,757,117294.12,4,1,94187.47,1
15578546,26,Male,Germany,1,48,2/9/2022,491,102251.14,1,1,145900.89,0
15656921,31,Male,France,0,48,2/9/2022,850,0,2,0,152298.28,0
15761340,22,Male,France,1,60,2/9/2021,521,0,2,1,99828.45,0
15591135,37,Male,France,0,24,1/9/2024,726,132057.92,2,1,34743.98,0
15623219,33,Male,France,0,96,3/9/2018,596,0,1,1,121189.3,1
15655229,35,Female,Germany,1,84,3/9/2019,850,114285.2,1,0,129660.59,0
15805884,41,Female,France,0,108,3/9/2017,637,0,2,1,145477.36,0
15668289,32,Male,Spain,1,24,1/9/2024,690,76087.98,1,0,151822.66,0
15568562,40,Male,France,0,96,3/9/2018,689,160272.27,1,1,49656.24,0
15773276,-1,Male,Spain,0,48,2/9/2022,633,114552.6,1,1,73856.28,1
15622801,27,Female,France,1,96,3/9/2018,555,102000.17,1,1,116757,0
15779886,24,Male,Spain,0,84,3/9/2019,563,0,2,0,16319.56,0
15713673,33,Female,France,1,12,1/9/2025,494,137853,0,0,90273.85,0
15783083,27,Male,France,0,108,3/9/2017,534,0,2,1,161344.13,0
15742824,42,Male,Germany,0,84,3/9/2019,696,162318.61,1,1,121061.89,0
15621550,50,Female,Spain,0,12,1/9/2025,535,140292.58,3,0,69531.22,1
15799480,34,Male,France,1,0,1/9/2026,600,0,2,0,3756.23,0
15625247,34,Female,France,0,12,1/9/2025,807,0,1,0,114448.13,0
15755241,52,Female,France,1,24,1/9/2024,714,0,1,0,144045.08,1
15575679,24,Male,France,0,84,3/9/2019,590,126431.54,1,1,58781.11,0
15668235,41,Female,france,1,36,2/9/2023,614,123475.04,1,1,179227.52,0
15683183,45,Female,Germany,0,72,2/9/2020,766,97652.96,1,1,127332.33,0
15684592,42,Male,Spain,1,48,2/9/2022,557,0,2,0,86642.38,0
15591169,49,Female,Germany,0,48,2/9/2022,788,137455.99,1,1,184178.29,1
15653455,38,Female,France,1,24,1/9/2024,648,0,2,0,9551.49,0
15732563,33,Female,Germany,1,84,3/9/2019,726,99046.31,2,1,56053.06,0
15656471,33,Male,France,1,108,3/9/2017,773,0,2,1,1118.31,0
15598510,27,male,Germany,1,48,2/9/2022,583,105907.42,2,1,195732.04,0
15766427,52,Male,Germany,0,60,2/9/2021,565,97720.35,2,1,175070.94,1
15785342,25,Male,France,1,108,3/9/2017,705,0,2,0,112331.19,0
15641595,43,Male,Spain,0,48,2/9/2022,685,97392.18,2,1,43956.83,0
15798429,29,Male,France,1,96,3/9/2018,741,0,2,1,115994.52,0
15648136,28,Female,Germany,0,108,3/9/2017,658,152812.58,1,1,166682.57,0
15812482,27,Male,France,0,36,2/9/2023,575,139301.68,1,1,99843.98,0
15790810,41,Female,France,1,120,3/9/2016,844,76319.64,1,1,141175.18,1
15687421,67,Male,Spain,0,108,3/9/2017,559,125919.35,1,1,175910.95,1
15765643,37,Male,France,1,72,2/9/2020,725,124348.38,2,0,176984.34,0
15654878,29,Male,France,1,84,3/9/2019,450,117199.8,1,1,43480.63,0
15686835,57,Female,Germany,0,108,3/9/2017,738,148384.64,1,0,155047.11,1
15768340,19,Female,Germany,1,36,2/9/2023,642,113905.48,1,1,176137.2,0
15673599,32,Male,Spain,1,60,2/9/2021,618,133476.09,1,0,154843.4,0
15689096,47,Male,France,1,0,1/9/2026,590,117879.32,1,1,8214.46,0
15684294,50,Male,France,1,24,1/9/2024,735,0,2,0,147075.69,0
15615828,34,Male,France,0,96,3-Sep-18,550,122359.5,1,0,116495.55,0
15746012,28,Female,Spain,1,0,1/9/2026,729,0,2,1,31165.06,1
15615797,59,Male,Germany,1,60,2/9/2021,743,108585.35,1,1,192127.22,1
15788494,31,Male,France,0,96,3/9/2018,555,145875.74,1,1,137491.23,0
15793856,36,Female,Spain,1,36,2/9/2023,667,121542.57,2,1,186841.71,0
15629545,41,Female,Spain,0,84,3/9/2019,790,109508.68,1,0,86776.38,0
15661198,34,Male,Germany,1,24,1/9/2024,727,146407.11,1,1,72073.72,0
15715117,39,Female,France,0,72,2/9/2020,744,0,1,0,10662.58,0
15701074,35,Male,Germany,1,96,3/9/2018,629,112330.83,1,1,91001.02,0
15793046,35,Female,France,1,48,2/9/2022,619,90413.12,1,1,20555.21,0
15623744,34,Male,France,1,96,3/9/2018,634,105302.66,1,1,123164.97,0
15611329,35,Female,Spain,1,72,2/9/2020,608,0,2,1,143463.28,0
15740428,35,Female,France,0,12,1/9/2025,507,0,2,0,92131.54,0
15781534,35,Female,Germany,0,48,2/9/2022,536,121520.36,1,0,77178.42,0
15618243,43,Female,Spain,1,12,1/9/2025,730,103960.38,1,1,193650.16,0
15784161,39,Male,Germany,0,96,3/9/2018,583,102945.01,1,0,52861.89,0
15700325,24,Female,France,0,96,3/9/2018,644,92760.55,1,1,35896.75,0
15659064,37,Male,Spain,1,96,3/9/2018,790,0,2,1,149418.41,0
15658364,40,Female,Germany,1,12,1/9/2025,807,134590.21,1,1,46253.65,0
15704340,37,Female,France,0,120,3/9/2016,581,104255.03,1,1,86609.37,0
15793455,55,Female,Spain,0,72,2/9/2020,627,0,1,0,91943.94,1
15579777,41,Male,France,0,36,2/9/2023,850,0,2,1,128892.36,0
15632345,35,Female,France,0,48,2/9/2022,754,0,2,1,44830.71,0
15814468,50,Male,Germany,1,12,1/9/2025,551,121399.98,1,0,84508.44,1
15754820,35,Male,Germany,1,96,3/9/2018,637,147127.81,2,1,84760.7,0
15707505,31,Male,Spain,0,96,3/9/2018,699,125927.51,2,1,147661.47,0
15699507,25,Female,France,1,84,3/9/2019,542,0,2,0,82393.08,0
15799600,48,Male,Germany,1,12,1/9/2025,640,111599.32,1,0,135995.58,0
15794472,27,Female,France,0,36,2/9/2023,553,0,2,0,159800.16,0
15646632,38,Male,France,0,108,3/9/2017,741,0,2,1,14379.01,0
15676353,35,Male,France,1,96,3/9/2018,598,114212.6,1,1,74322.85,0
15566312,42,Female,Spain,1,60,2/9/2021,660,0,3,1,189016.24,1
15570414,41,Male,Spain,0,48,2/9/2022,618,115251.64,1,0,136435.75,0
15776743,43,Male,France,1,108,3/9/2017,647,0,2,1,78488.39,0
15674637,68,Female,France,1,36,2/9/2023,491,107571.61,1,0,113695.99,0
15730418,32,Female,France,0,24,1/9/2024,652,0,2,1,54628.11,0
15739972,45,Female,Germany,0,108,3/9/2017,650,152367.21,3,1,150835.21,1
15661591,39,Male,Germany,1,12,1/9/2025,413,130969.77,2,1,158891.79,0
15675585,25,Female,Germany,1,0,1/9/2026,416,97738.97,2,1,160523.33,0
15814750,34,Male,Spain,1,96,3/9/2018,629,0,2,1,180595.02,0
15593454,40,Female,Spain,0,48,2/9/2022,678,113794.22,1,1,16618.76,0
15663421,28,Male,Spain,0,72,2/9/2020,527,128396.33,2,1,79919.97,0
15576196,48,Female,Spain,0,60,2/9/2021,743,118207.69,2,0,186489.14,1
15677324,73,Male,Germany,1,108,3/9/2017,683,124730.26,1,1,51999.5,0
15568742,150,Female,France,0,108,3/9/2017,536,0,1,1,121299.14,0
15693764,52,Male,Spain,0,0,1/9/2026,663,136298.65,1,1,144593.3,1
15714260,38,Female,France,0,24,1/9/2024,646,0,2,0,178752.73,0
15798200,35,Male,France,1,24,1/9/2024,707,0,3,1,94148.3,0
15656627,34,Male,France,1,60,2/9/2021,602,0,2,1,77414.45,0
15791111,47,NULL,France,0,24,1/9/2024,635,125724.95,2,1,63236.97,0
15638269,67,Male,France,1,24,1/9/2024,597,0,2,0,108645.85,0
15807473,38,Male,France,1,12,1/9/2025,503,0,2,1,95153.24,0
15708534,64,Female,Spain,0,60,2/9/2021,524,0,1,1,136079.64,1
15640686,46,Male,France,0,60,2/9/2021,700,95872.86,1,1,98273.01,1
15588904,33,Male,France,0,108,3/9/2017,692,0,1,1,113505.93,1
15768763,37,Male,France,1,24,1/9/2024,562,0,1,0,52525.15,1
15770543,37,Male,France,0,84,3/9/2019,679,74260.03,1,1,194617.98,0
15642162,35,Male,Germany,0,12,1/9/2025,603,123407.69,1,1,152541.89,1
15714046,33,Male,Spain,1,36,2/9/2023,720,123783.91,2,1,142903.44,0
15575060,24,Male,France,0,60,2/9/2021,797,0,2,1,182257.61,0
15812040,36,Male,France,0,72,2/9/2020,594,153880.15,1,0,135431.72,0
15812073,31,Female,France,1,84,3/9/2019,529,0,2,1,175697.87,0
15706810,32,Female,Germany,1,12,1/9/2025,606,106301.85,2,0,59061.25,0
15584090,40,Female,Spain,1,84,3/9/2019,621,0,2,0,131283.6,1
15810807,43,Female,France,0,108,3/9/2017,513,0,2,1,152499.8,0
15582033,44,Male,Germany,0,36,2/9/2023,753,138076.47,1,1,15523.09,1
15687607,30,Female,France,1,108,3/9/2017,605,135422.31,1,0,186418.85,0
15588406,37,Female,Spain,0,84,3/9/2019,574,0,2,1,32262.28,0
15784099,38,Female,France,0,60,2/9/2021,726,126875.62,1,1,128052.29,0
15701352,28,Female,Spain,0,36,2/9/2023,611,96381.68,2,1,181419.29,0
15789371,41,Female,Germany,1,48,2/9/2022,593,119703.1,2,1,109783.29,0
15602845,41,Male,Germany,0,24,1/9/2024,466,152102.18,2,1,181879.56,0
15707918,36,Female,Germany,0,0,1/9/2026,741,127675.39,2,1,74260.16,0
15602812,44,Female,Germany,1,24,1/9/2024,684,133776.86,2,0,49865.04,0
15675888,150,Female,Spain,1,108,3/9/2017,550,72788.03,1,1,103608.06,0
15591822,26,Male,Spain,0,108,3/9/2017,593,76226.9,1,1,167564.82,0
15738501,48,Male,Germany,1,108,3/9/2017,601,163630.76,1,0,41816.49,1
15585907,30,Female,Spain,0,60,2/9/2021,676,0,2,0,179066.58,0
15579040,46,Female,France,0,120,3/9/2016,556,0,2,0,109184.24,0
15804211,,Male,France,1,36,2/9/2023,719,155423.17,1,1,199841.32,0
15736126,55,Male,Germany,1,0,1/9/2026,850,98710.89,1,1,83617.17,1
15745399,49,Female,Spain,0,24,1/9/2024,649,0,1,1,84863.85,1
15760749,41,Male,Spain,1,84,3/9/2019,509,126683.8,1,0,114775.53,0
15637118,33,Male,France,0,48,2/9/2022,684,140700.61,1,1,103557.93,0
15657829,30,Male,Germany,0,96,3/9/2018,806,168078.83,1,1,85028.36,1
15738497,44,Male,Spain,0,48,2/9/2022,729,107726.93,2,1,153064.87,0
15690695,33,Female,France,1,108,3/9/2017,683,0,2,1,38784.42,0
15762351,63,Female,Spain,1,12,1/9/2025,689,0,2,1,186526.12,0
15791172,21,Female,Germany,0,12,1/9/2025,672,35741.69,1,1,28789.94,0
15598982,53,Female,Germany,1,60,2/9/2021,602,98268.84,1,0,45038.29,1
15734765,20,Female,France,1,48,2/9/2022,739,133800.98,1,0,150245.81,0
15642912,21,Female,France,0,24,1/9/2024,618,125682.79,1,0,57762,0
15769516,42,Female,France,0,108,3/9/2017,674,0,2,1,4292.72,0
15789379,26,Male,France,0,72,2/9/2020,762,130428.78,1,1,173365.89,0
15695103,37,Male,Spain,1,72,2/9/2020,790,0,2,1,119484.01,0
15801924,27,Female,Spain,0,96,3/9/2018,754,0,2,0,121821.16,0
15767804,44,Male,France,0,72,2/9/2020,729,0,2,1,151733.43,0
15718039,47,Female,Germany,1,0,1/9/2026,606,137138.2,2,0,53784.22,0
15579994,23,Male,France,1,96,3/9/2018,616,73112.95,1,1,62733.05,0
15595037,47,Male,France,1,108,3/9/2017,772,152347.01,1,0,17671.78,0
15600720,41,Male,Spain,0,96,3/9/2018,652,115144.68,1,1,188905.43,0
15782608,43,Male,France,0,60,2/9/2021,743,0,2,0,113079.19,1
15566894,39,Male,France,0,36,2/9/2023,793,137817.52,1,0,83997.79,0
15749123,45,Male,Spain,0,84,3/9/2019,743,157332.26,1,1,125424.42,0
15668943,37,Male,France,0,24,1/9/2024,746,0,2,1,143194.05,0
15577423,39,Female,Germany,0,60,2/9/2021,627,124586.93,1,1,93132.61,1
15623102,38,Male,Spain,1,72,2/9/2020,713,116980.78,2,0,76038.38,0
15728012,40,Female,Spain,0,36,2/9/2023,678,128398.38,1,1,168658.3,0
15683363,39,Male,Spain,1,12,1/9/2025,540,0,1,0,108419.41,0
15699335,33,Female,  Germany  ,1,36,2/9/2023,615,137657.25,2,1,171657.57,0
15574369,53,Male,Spain,1,60,2/9/2021,415,167259.44,1,1,22357.25,0
15703167,45,Female,France,0,96,3/9/2018,628,0,2,1,193903.06,0
15754874,26,Male,France,0,48,2/9/2022,700,119009.57,1,1,141926.43,0
15723216,33,Male,Germany,1,24,1/9/2024,623,80002.33,1,1,104079.62,0
15725094,37,Female,France,1,48,2/9/2022,623,140211.88,1,1,93832.33,0
15647974,44,Female,France,0,36,2/9/2023,679,118742.74,2,1,1568.91,0
15583371,years 37,Male,Spain,0,12,1/9/2025,632,138207.08,1,1,60778.11,1
15772559,47,Female,France,1,120,3/9/2016,790,148636.21,1,0,16119.96,1
15711251,45,Male,,0,12,1/9/2025,514,178827.79,1,1,60375.18,0
15719212,33,Male,France,0,60,2/9/2021,491,83134.3,1,1,187946.55,0
15764927,92,Male,France,1,36,2/9/2023,753,121513.31,1,0,195563.99,0
15731412,37,Female,Germany,1,72,2/9/2020,693,95900.04,1,1,38196.24,0
15719170,30,Female,France,1,12,1/9/2025,679,112543.42,1,1,179435.21,0
15596011,34,Male,Spain,1,108,3/9/2017,529,0,1,1,93208.22,0
15614834,31,Female,Spain,1,36,2/9/2023,619,141751.82,1,0,61531.86,0
15600510,37,Female,ES,0,72,2/9/2020,680,124140.57,2,1,92826.35,0
15625706,45,Male,Germany,0,24,1/9/2024,693,116546.59,2,0,23140.28,1
15781409,28,Female,France,0,72,2/9/2020,834,0,1,1,74287.53,0
15722583,29,Female,Spain,1,72,2/9/2020,636,157576.47,2,1,101102.39,0
15677243,years 43,Male,Spain,0,60,2/9/2021,538,0,2,1,126933.73,0
15815070,44,Female,Germany,0,60,2/9/2021,566,141428.99,2,0,68408.74,0
15705899,35,Male,Spain,1,0,1/9/2026,597,127510.99,1,1,155356.34,0
15701522,29,Female,France,1,108,3/9/2017,711,0,2,0,3234.8,0
15755978,31,Male,France,0,120,3/9/2016,606,0,2,1,195209.4,0
15722090,51,Male,Spain,1,72,2/9/2020,615,81818.49,1,1,169149.38,0
15783526,36,Unknown,France,1,12,1/9/2025,589,100895.54,1,1,68075.14,0
15632125,45,Male,Germany,1,60,2/9/2021,606,63832.43,1,1,93707.8,0
15688395,29,Male,France,0,48,2/9/2022,582,0,2,0,156153.27,0
15666975,36,Female,France,0,48,2/9/2022,710,116085.06,1,1,58601.61,0
15682211,57,Male,France,1,12,1/9/2025,467,0,2,1,114448.77,0
15637411,30,Male,france,1,12,1/9/2025,749,0,2,0,126551.65,0
15591512,33,Female,Germany,1,24,1/9/2024,564,115761.51,1,0,112350.21,1
15606855,26,Male,Spain,1,72,2/9/2020,730,0,2,1,185808.7,0
15763683,32,Male,Germany,1,48,2/9/2022,678,139626.01,1,1,118235.52,1
15641782,31,Female,France,1,84,3/9/2019,540,0,1,0,183051.6,1
15677184,35,FEMALE,France,1,72,2/9/2020,767,115576.44,1,0,27922.45,0
15775042,23,Female,France,0,48,2/9/2022,615,0,2,1,196476.19,0
15616630,41,Female,Germany,0,60,2/9/2021,583,77647.6,1,1,190429.52,0
15800233,40,Female,France,0,60,2/9/2021,850,0,2,1,35034.15,0
15588419,34,Female,Germany,0,120,3/9/2016,651,148962.46,1,1,66389.43,1
15595557,22,Male,France,0,96,3/9/2018,798,0,2,1,107615.43,0
15626143,37,Male,France,1,24,1/9/2024,695,0,2,1,99692.65,0
15566030,41,Male,Germany,0,60,2/9/2021,497,80542.81,1,0,88729.22,1
15701412,40,Male,France,0,48,2/9/2022,739,0,2,0,173321.65,0
15702464,34,Female,France,0,48,2/9/2022,549,0,2,0,139463.57,0
15573348,35,Male,France,1,108,3/9/2017,850,102050.47,1,1,3769.71,0
15704160,49,Male,Spain,0,60,2/9/2021,648,0,1,1,149946.43,1
15693704,24,Female,France,1,72,2/9/2020,679,114948.76,2,0,135768.25,0
15664752,39,Male,Germany,0,96,3-Sep-18,606,136000.45,2,1,31708.53,0
15628292,32,Male,France,1,48,2/9/2022,850,156001.68,2,1,151677.31,0
15621195,41,Male,Germany,0,36,2/9/2023,619,147974.16,2,1,170518.83,0
15668629,44,Male,Spain,0,24,1/9/2024,719,0,2,1,196582.19,0
15635197,26,Male,Germany,1,60,2/9/2021,640,90402.77,1,1,3298.65,0
15592761,40,Male,France,0,60,2/9/2021,710,0,2,0,162878.96,0
15574283,31,Male,France,1,24,1/9/2024,580,0,2,0,64014.24,0
15598097,44,Male,France,0,108,3/9/2017,550,0,2,1,26257.01,0
15711352,31,Female,France,1,36,2/9/2023,841,162701.65,2,1,126794.56,0
15620751,34,Male,France,0,24,1/9/2024,760,0,2,1,164162.44,0
15656717,30,Female,France,0,72,2/9/2020,687,0,2,0,179206.92,0
15643121,35,Female,Germany,0,60,2/9/2021,753,82453.96,2,0,18254.75,0
15723671,35,Male,France,0,108,3/9/2017,661,100107.99,1,1,83949.68,0
15752846,28,Male,France,1,84,3/9/2019,699,0,2,1,22684.78,0
15640852,39,Female,Germany,0,60,2/9/2021,617,83348.89,3,1,7953.62,1
15789313,44,Female,Germany,0,48,2/9/2022,595,96553.52,2,1,143952.24,1
15793688,50,Male,France,0,108,3/9/2017,669,201009.64,1,1,158032.5,1
15770405,27,Female,France,0,60,2/9/2021,613,125167.74,1,1,199104.52,0
15702561,32,Male,France,1,108,3/9/2017,782,0,1,1,87566.97,0
15625964,43,FEMALE,France,0,60,2/9/2021,582,153313.67,1,0,170563.73,0
15761364,30,Male,France,0,108,3/9/2017,679,0,2,1,157871.55,0
15590286,40,Female,France,0,24,1/9/2024,611,125879.29,1,1,93203.43,0
15587978,37,Female,Germany,1,72,2/9/2020,455,170057.62,1,0,54398.56,0
15773242,32,Male,N/A,1,12,1/9/2025,621,0,2,1,168779.47,0
15761053,48,Male,Germany,0,24,1/9/2024,596,131326.47,1,0,1140.02,1
15702095,56,Female,Spain,0,12,1/9/2025,585,128472.8,1,1,186476.91,1
15764253,32,Male,France,0,72,2/9/2020,742,160485.16,1,1,29023.03,0
15700801,42,Male,Germany,1,72,2/9/2020,850,84445.68,3,0,60021.34,1
15730590,40,Female,  Germany  ,0,12,1/9/2025,738,115409.18,2,0,180456.8,0
15643916,46,Male,Spain,1,96,3/9/2018,619,62400.48,1,1,132498.39,1
15720636,50,Female,France,1,48,2/9/2022,628,143054.56,1,0,109608.81,1
15795429,24,Male,France,1,84,3/9/2019,487,133628.09,2,1,98570.01,0
15609254,41,Female,ES,1,108,3/9/2017,513,107135.04,2,1,160546.58,0
15625141,26,Male,Spain,0,84,3/9/2019,563,9999,2,0,6139.74,0
15810898,65,Female,France,1,24,1/9/2024,803,151659.52,2,0,6930.17,0
15775797,32,Female,Spain,1,84,3/9/2019,607,0,3,0,10674.62,0
15795246,51,Female,Germany,1,108,3/9/2017,628,155903.82,2,1,71159.84,0
15795275,49,Female,Spain,0,48,2/9/2022,521,82940.25,2,0,62413.01,1
15571869,50,Female,Germany,0,48,2/9/2022,669,112650.89,1,0,166386.22,1
15694143,41,Female,France,0,120,3/9/2016,686,0,1,1,133086.45,0
15748231,35,Male,Germany,0,48,2/9/2022,700,95853.39,2,1,192933.37,0
15632185,42,Female,France,0,12,1/9/2025,663,82228.67,2,1,71359.78,0
15806249,31,Female,Spain,1,48,2/9/2022,671,0,2,0,79270.02,0
15743293,35,Female,Germany,1,12,1/9/2025,651,163700.78,3,1,29583.48,1
15598157,34,Male,France,0,48,2/9/2022,728,106328.08,1,1,88680.65,0
15700946,34,Female,France,1,84,3/9/2019,574,152992.91,1,1,134691.2,0
15722692,38,Male,France,0,36,2/9/2023,464,116439.65,1,1,75574.48,0
15696506,27,Male,Spain,0,108,3/9/2017,604,101352.78,1,0,30252.3,0
15728823,37,Female,Spain,0,120,3/9/2016,836,0,2,1,111324.41,0
15808851,75,Female,,1,108,3/9/2017,511,105609.17,1,0,105425.18,0
15675231,45,Female,France,1,96,3/9/2018,518,0,2,1,36193.07,0
15732299,67,Male,France,1,48,2/9/2022,756,0,3,1,93081.87,0
15706269,47,Female,France,1,96,3/9/2018,489,103894.38,2,1,107625.46,0
15590078,27,Male,Spain,1,108,3/9/2017,622,139834.93,1,1,152733.89,0
15776985,36,Female,France,1,72,2/9/2020,652,112518.71,2,0,110421.31,0
15756743,37,Female,France,0,84,3/9/2019,625,115895.42,1,1,48486.25,0
15782364,39,Female,Spain,0,36,2/9/2023,521,146408.68,1,0,72993.67,0
15604093,34,Male,France,1,48,2/9/2022,546,165363.31,2,1,25744.13,1
15749328,45,Female,France,0,12,1/9/2025,697,0,two,1,46807.62,1
15656322,33,Male,Germany,0,36,2/9/2023,571,71843.15,1,1,26772.04,0
15685564,35,Male,Spain,1,60,2/9/2021,748,105492.53,1,1,150057.2,0
15785831,35,Male,France,1,84,3/9/2019,591,183027.25,1,1,56028.79,0
15796218,-1,Male,Germany,1,12,1/9/2025,814,131968.57,2,1,147693.92,0
15716218,45,Female,France,1,36,2/9/2023,709,104118.5,1,0,174032,0
15572735,27,Male,Spain,1,24,1/9/2024,433,0,2,1,153698.65,0
15633840,20,male,France,1,0,1/9/2026,781,125023.1,2,1,108301.45,0
15608760,30,Female,France,1,48,2/9/2022,656,74323.2,1,1,22929.08,0
15627848,38,Male,France,0,84,3/9/2019,683,109346.13,2,1,102665.92,0
15792029,32,Male,France,0,72,2/9/2020,620,0,2,1,56139.09,0
15617331,39,Female,Germany,1,36,2/9/2023,637,109698.41,1,1,88391.29,1
15651740,30,Female,Spain,1,60,2/9/2021,525,0,2,0,149195.44,0
15636407,34,Female,Germany,0,60,2/9/2021,793,127758.09,1,1,143357.03,0
15607526,50,Male,Germany,0,12,1/9/2025,638,102645.48,1,1,168359.98,1
15632576,31,Male,France,0,48,2/9/2022,520,93249.4,1,1,77335.75,0
15581505,35,Male,France,0,60,2/9/2021,641,0,2,1,93148.93,0
15612207,51,Female,Germany,1,12,1/9/2025,840,87779.83,three,0,36687.11,1
15707242,40,Male,Spain,0,60,2/9/2021,504,0,2,0,146703.36,0
15721937,150,Male,France,1,0,1/9/2026,686,138131.34,1,0,115927.85,0
15773852,38,Male,Germany,1,48,2/9/2022,533,70362.52,2,1,104189.46,0
15719778,32,Female,France,0,12,1/9/2025,577,0,2,1,9902.39,0
15650538,48,Female,Germany,0,-10,3/9/2019,445,168286.58,1,1,16645.77,1
15797475,44,Male,France,0,36,2/9/2023,720,86102.27,1,1,180134.88,1
15780359,25,Male,Germany,1,48,2/9/2022,643,115142.9,1,1,148098.95,0
15737104,47,Female,Germany,1,0,1/9/2026,652,126597.89,2,1,38798.79,1
15789936,33,Female,France,0,24,1/9/2024,663,0,2,1,153295,0
15709523,30,Female,Germany,1,0,1/9/2026,525,157989.21,2,1,100687.67,0
15593425,54,Female,Spain,0,12,1/9/2025,662,187997.15,1,0,111442.71,1
15776725,54,Male,Germany,1,96,3/9/2018,724,172192.49,1,1,136902.01,0
15604706,38,Male,Germany,0,12,1/9/2025,581,133105.47,1,1,105732.9,1
15790958,38,Male,Spain,1,48,2/9/2022,685,0,three,1,35884.91,0
15747534,46,Male,France,0,120,3/9/2016,595,0,1,1,73489.15,1
15574237,21,Female,France,1,96,3/9/2018,588,0,2,1,110114.19,0
15690332,35,Male,Germany,1,36,2/9/2023,647,192407.97,1,1,40145.28,0
15661290,38,Female,Germany,0,108,3/9/2017,785,107199.75,1,0,146398.51,0
15651883,55,Female,Germany,0,72,2/9/2020,794,115796.7,1,1,160526.36,1
15808905,37,Male,France,1,60,2/9/2021,823,164858.18,1,1,173516.71,0
15715532,38,Male,Germany,1,48,2/9/2022,687,117633.28,1,0,88396.6,0
15786078,28,Female,France,0,108,3/9/2017,850,0,2,1,185821.41,0
15652401,36,Female,France,0,84,3/9/2019,496,0,2,0,108098.28,0
15673074,30,Female,Germany,1,72,2/9/2020,527,126663.51,1,1,162267.91,0
15598744,71,Female,Germany,1,72,2/9/2020,576,140273.47,1,1,193135.25,1
15785975,60,Female,Spain,1,84,3/9/2019,525,0,2,0,168034.9,0
15613180,21,Male,Germany,1,96,3/9/2018,727,153344.72,1,1,163295.87,0
15584229,23,Female,Germany,1,108,3/9/2017,671,123943.18,1,1,159553.27,0
15773804,39,Male,France,0,60,2/9/2021,625,0,1,1,99800.87,0
15699515,33,Male,Germany,1,84,3/9/2019,643,98630.31,2,1,40250.82,0
15705313,33,Female,France,1,24,1/9/2024,707,58036.33,1,1,83335.78,0
15693817,28,Male,Spain,0,60,2/9/2021,539,0,2,1,48382.4,0
15673790,45,Male,Germany,1,84,3/9/2019,498,109200.74,2,0,165990.44,0
15674868,30,Female,Spain,1,0,1/9/2026,696,0,2,1,9002.8,0
15692110,33,Female,France,0,84,3/9/2019,758,0,1,1,188156.34,0
15645904,33,Female,,1,72,2/9/2020,685,0,2,0,186785.01,0
15581332,30,Female,Germany,1,12,1/9/2025,655,83173.98,2,1,184259.6,0
15808544,40,Female,France,0,36,2/9/2023,747,0,1,0,57817.84,1
15734948,24,Male,Spain,0,84,3/9/2019,601,0,2,0,144660.42,0
15654531,22,Male,France,0,60,2/9/2021,477,82559.42,2,0,163112.9,1
15637774,32,Male,France,0,60,2/9/2021,558,73494.21,1,0,136301.1,0
15677141,29,Male,Spain,1,24,1/9/2024,586,132450.24,1,1,36176.63,0
15739578,49,Male,France,0,72,2/9/2020,850,128663.9,1,1,65769.3,1
15697360,36,Female,France,1,24,1/9/2024,505,79951.9,1,0,174123.16,1
15655213,51,Female,Germany,1,96,3/9/2018,591,132508.3,1,1,161304.68,1
15580872,38,Female,Germany,0,12,1/9/2025,761,120530.13,2,1,109394.62,0
15683213,35,Female,France,1,120,3/9/2016,554,74988.59,2,0,190155.13,0
15801188,47,Female,France,1,72,2/9/2020,774,94722.88,1,0,61450.96,0
15645029,33,Female,ES,0,60,2/9/2021,771,0,2,1,8673.43,0
15633181,31,Male,France,1,72,2/9/2020,792,71269.89,2,0,125912.77,0
15598259,41,Female,Germany,0,108,3/9/2017,673,98612.1,1,1,151349.35,0
15576000,40,Male,France,1,72,2/9/2020,765,138033.55,1,1,67972.45,0
15766047,41,Female,France,1,24,1/9/2024,748,91621.69,1,1,71139.31,0
15596339,54,Male,France,1,36,2/9/2023,422,140014.42,1,0,86350.97,0
15715199,27,Male,Spain,1,60,2/9/2021,568,126815.97,2,0,118648.12,0
15615938,64,Female,France,1,36,2/9/2023,502,139663.37,1,0,100995.11,0
15679991,28,Female,France,1,84,3/9/2019,524,0,2,0,147100.72,0
15626135,34,Male,France,0,12,1/9/2025,689,165312.27,1,1,155495.63,0
15792934,26,Male,France,0,96,3/9/2018,661,0,2,0,196875.87,0
15744046,33,Male,Spain,1,96,3/9/2018,606,0,2,1,63176.77,0
15700826,54,Female,Germany,1,12,1/9/2025,678,123699.28,2,0,105221.76,0
15756301,29,Female,Germany,1,36,2/9/2023,636,97325.15,1,0,131924.38,0
15586517,32,Male,France,1,60,2/9/2021,647,97041.16,1,1,23132.73,0
15751297,36,Male,France,0,60,2/9/2021,732,0,2,1,161428.25,0
15710365,50,Male,France,0,0,1/9/2026,646,104129.24,2,1,181794.86,1
15679307,43,Female,France,1,12,1/9/2025,559,0,1,0,86634.3,0
15610753,28,Male,France,1,36,2/9/2023,581,104367.5,1,1,29937.75,0
15811036,46,Male,France,1,84,3/9/2019,565,135369.71,1,0,140130.22,0
15610912,41,Female,Spain,0,72,2/9/2020,657,112119.48,1,1,17536.82,0
15619932,66,Male,France,1,84,3/9/2019,847,123760.68,1,0,53157.16,0
15746199,41,Female,France,1,72,2/9/2020,558,0,1,1,143585.29,1
15584967,57,Male,Spain,1,72,2/9/2020,596,0,2,1,72402,0
15734365,39,Male,France,1,60,2/9/2021,579,0,2,0,39891.84,0
15726960,36,Female,France,1,36,2/9/2023,741,0,2,1,89804.83,0
15665177,44,Male,France,1,36,2/9/2023,613,0,2,0,136491.72,0
15779915,31,Male,Spain,0,60,2/9/2021,694,0,1,1,35593.18,0
15729110,42,Female,Spain,0,84,3/9/2019,729,0,2,1,58268.2,1
15575399,42,Female,France,0,12,1/9/2025,480,152160.21,2,1,101778.9,0
15678374,59,Female,France,1,60,2/9/2021,666,0,2,1,185123.09,0
15792679,24,Male,France,1,24,1/9/2024,575,0,2,1,119927.81,0
15668767,36,Male,France,0,36,2/9/2023,850,0,2,1,195033.07,0
15761886,36,Male,France,1,48,2/9/2022,740,172381.8,1,1,86480.29,0
15583076,41,Male,Germany,0,72,2/9/2020,588,106116.56,2,1,198766.61,0
15815615,36,Male,France,1,60,2/9/2021,681,141952.07,1,1,185144.08,0
15591942,33,Female,Spain,1,84,3/9/2019,611,0,2,1,3729.89,0
15724924,37,Female,France,1,72,2/9/2020,589,138497.84,1,0,18988.58,0
15762123,34,Female,Spain,0,12,1/9/2025,717,0,2,1,119313.74,0
15567893,33,Male,Germany,0,36,2/9/2023,556,124213.36,2,1,62627.55,0
15648989,37,Male,France,0,48,2/9/2022,850,126872.6,1,1,197266.58,0
15662021,42,Female,Spain,0,24,1/9/2024,685,0,2,0,199992.48,0
15691627,37,Female,France,1,96,3-Sep-18,713,0,1,1,16403.41,0
15731751,26,Female,France,1,12,1/9/2025,437,120923.52,1,0,78854.57,0
15635277,47,Male,Spain,0,84,3/9/2019,605,142643.54,1,1,189310.27,0
15655252,41,Male,,1,120,3/9/2016,758,79857.64,1,1,78088.17,0
15803941,46,Male,France,0,120,3/9/2016,600,95502.21,1,0,19842.18,0
15714380,38,Male,France,0,60,2/9/2021,827,0,2,0,103305.01,0
15666559,23,Male,Germany,1,96,3/9/2018,608,197715.93,2,1,116124.28,0
15799998,30,Female,France,0,96,3/9/2018,608,85859.76,1,0,142730.27,0
15703763,44,Male,France,1,84,3/9/2019,554,9999,1,1,58076.52,0
15795640,35,FEMALE,Germany,0,12,1/9/2025,683,132371.3,2,0,186123.57,0
15780056,33,Male,Spain,0,48,2/9/2022,660,0,1,1,29664.45,0
15777873,31,Female,France,0,60,2/9/2021,628,0,1,0,147963.07,1
15584749,39,Male,Germany,0,48,2/9/2022,668,79896,1,1,38466.39,0
15765258,29,Female,France,1,60,2/9/2021,776,0,2,1,143301.49,0
15623346,36,Male,France,0,48,2/9/2022,820,0,2,1,31422.69,0
15614054,36,Male,France,1,12,1/9/2025,665,0,2,0,121505.61,0
15766185,31,Male,Germany,1,48,2/9/2022,850,146587.3,1,1,89874.82,0
15667632,42,Female,France,1,84,3/9/2019,703,0,2,0,72500.68,0
15599024,32,Male,Spain,1,96,3/9/2018,506,0,2,0,182692.8,0
15798709,32,Male,Spain,1,36,2/9/2023,588,109109.33,1,0,4993.94,0
15741921,26,Female,Spain,1,96,3/9/2018,622,0,2,1,124964.82,0
15793671,34,Male,France,0,60,2/9/2021,606,0,1,1,161971.42,0
15797900,56,Male,France,0,108,3/9/2017,517,142147.32,1,0,39488.04,1
15667932,43,Female,Spain,1,120,3/9/2016,758,0,2,1,55313.44,0
15795933,49,Female,France,1,36,2/9/2023,677,0,2,1,187811.71,0
15660403,35,Female,Spain,1,0,1/9/2026,827,0,2,0,184514.01,0
15736299,36,Female,France,0,96,3/9/2018,729,109106.8,1,0,121311.12,0
15759034,36,Male,France,0,24,1/9/2024,654,112262.84,1,1,12873.39,0
15724663,36,Female,Spain,0,60,2/9/2021,654,0,2,0,157238.05,0
15594556,52,Male,Spain,1,96,3/9/2018,619,0,2,1,123242.11,0
15737169,26,Male,Spain,1,96,3/9/2018,642,144238.7,1,1,184399.76,0
15632472,32,Female,Spain,1,12,1/9/2025,472,159397.75,1,0,57323.18,0
15722813,30,Male,Spain,0,48,2/9/2022,470,125385.01,1,1,68293.93,0
15588450,60,Female,France,1,96,3/9/2018,633,69365.25,1,1,10288.24,0
15736717,31,Male,France,1,84,3/9/2019,602,155271.83,1,1,179446.31,0
15680683,29,Male,Spain,0,60,2/9/2021,640,197200.04,2,1,141453.62,0
15710316,48,Female,Spain,1,60,2/9/2021,454,144837.79,1,1,93151.77,0
15746333,57,Female,France,0,36,2/9/2023,562,0,3,1,6554.97,1
15606861,34,Male,France,0,96,3/9/2018,636,0,2,1,38570.13,0
15641285,50,Male,Spain,1,36,2/9/2023,621,163085.79,1,0,131048.36,0
15662908,38,Male,Germany,1,84,3/9/2019,795,125903.22,2,1,127068.92,0
15814267,22,Male,France,1,72,2/9/2020,550,154377.3,1,1,51721.52,0
15614923,41,Male,ES,1,84,3/9/2019,630,107511.52,1,0,46156.87,0
15579223,30,Male,Germany,0,96,3/9/2018,573,127406.5,1,1,192950.6,0
15651389,24,Male,Spain,1,96,3/9/2018,561,143656.55,1,0,180932.46,0
15677087,39,Female,France,0,60,2/9/2021,662,138106.75,1,0,19596.73,0
15665784,27,Male,France,0,108,3/9/2017,637,128940.24,1,1,46786.92,0
15576706,37,Male,Germany,1,108,3/9/2017,651,114453.58,1,0,175820.91,0
15615473,33,Female,France,0,24,1/9/2024,646,0,-1,0,198208,0
15587299,48,Female,France,0,36,2/9/2023,567,0,1,1,55362.45,0
15655389,41,Male,France,1,12,1/9/2025,638,131762.94,1,1,47675.29,0
15784491,31,Female,France,0,72,2/9/2020,725,0,1,0,61326.43,0
15809999,41,Female,France,0,36,2/9/2023,709,150300.65,2,1,71672.86,0
15681115,39,Male,Spain,1,120,3-Sep-16,787,108935.39,1,1,101168.3,0
15629390,37,Male,France,0,84,3/9/2019,653,135847.47,1,1,144880.81,0
15792668,37,Male,Germany,0,84,3/9/2019,661,109908.06,2,1,115037.67,1
15583863,49,Male,Germany,0,96,3/9/2018,681,142946.18,1,0,187280.51,1
15681878,45,Male,Germany,1,36,2/9/2023,436,104339.11,2,1,183540.22,1
15782875,33,Male,France,1,60,2/9/2021,663,157274.36,2,1,28531.81,0
15732235,64,Male,France,1,0,1/9/2026,662,98848.19,1,0,42730.12,0
15735909,39,Female,Germany,0,96,3/9/2018,607,105103.33,1,1,104721.5,1
15653448,34,Male,France,1,84,3/9/2019,754,0,2,1,65219.85,0
15587647,66,Female,Germany,1,0,1/9/2026,850,127120.62,1,0,118929.64,1
15701037,39,Male,France,0,24,1/9/2024,578,0,2,1,70563.9,0
15727499,36,Female,Germany,0,36,2/9/2023,666,129118.5,2,0,139435.12,0
15724838,43,Female,France,0,48,2/9/2022,599,0,1,1,170347.1,0
15666711,46,Female,France,1,0,1/9/2026,586,0,3,0,131553.82,1
15588933,36,Female,France,1,36,2/9/2023,825,146053.66,1,1,138344.7,0
15763111,67,Female,Spain,1,120,3/9/2016,808,124577.15,1,0,169894.4,0
15805676,29,Male,Spain,0,48,2/9/2022,515,151012.55,2,1,9770.97,0
15586674,58,Female,Spain,1,60,2/9/2021,663,216109.88,1,0,74176.71,1
15744553,34,Male,France,0,24,1/9/2024,444,144318.97,1,1,112668.06,0
15776629,39,Female,France,0,48,2/9/2022,650,0,2,0,186275.7,0
15647207,26,Male,France,0,84,3/9/2019,609,0,2,1,98463.99,0
15715638,77,Male,Germany,1,36,2/9/2023,824,27517.15,2,0,2746.41,0
15750602,29,Male,France,0,60,2/9/2021,662,147092.65,1,1,10928.3,0
15766810,51,Female,Germany,1,24,1/9/2024,699,92246.14,2,0,91346.03,0
15756625,41,Female,France,0,96,3/9/2018,752,0,2,1,139844.04,1
15639552,40,Female,Germany,0,96,3/9/2018,603,148897.02,1,0,105052.9,0
15633213,50,Male,Spain,0,96,3/9/2018,628,0,1,0,144366.83,1
15610416,36,Female,France,0,108,3/9/2017,745,0,1,1,19605.18,1
15715208,33,Female,Germany,1,120,3/9/2016,804,138335.96,1,1,80483.76,0
15619608,50,Female,Germany,0,120,3/9/2016,454,92895.56,1,1,154344,1
15628697,46,Male,Spain,1,108,3/9/2017,631,160736.63,-1,0,93503.02,0
15643826,32,Male,France,1,48,2/9/2022,503,0,2,1,153036.97,0
15718588,37,Female,France,0,108,3/9/2017,548,0,2,0,98029.58,0
15709741,28,Male,France,0,48,2/9/2022,668,107141.27,1,1,193018.71,0
15723318,55,Female,France,0,0,1/9/2026,619,0,3,0,60810.64,1
15717328,37,Female,France,0,-1,2/9/2022,842,132446.08,2,1,87071.18,1
15771299,-5,Female,France,1,12,1/9/2025,707,92053,1,1,164064.44,1
15706223,38,Male,Spain,1,24,1/9/2024,715,96798.79,2,1,4554.67,0
15612358,35,Male,Germany,1,108,3/9/2017,573,134498.54,2,1,119924.8,0
15769191,55,Male,France,1,96,3/9/2018,509,132387.91,2,1,170360.11,0
15618816,40,Female,Germany,1,24,1/9/2024,670,147171.2,1,0,69850.04,0
15730810,44,Male,Spain,1,108,3/9/2017,613,100524.69,1,1,47298.95,0
15783463,26,Female,France,0,12,1/9/2025,678,0,2,1,45443.68,0
15616213,51,Female,Germany,0,108,3/9/2017,555,138214.5,1,1,198715.27,1
15611287,30,Female,France,1,48,2/9/2022,777,0,2,0,115611.97,0
15786454,55,Male,Spain,1,36,2/9/2023,552,0,1,1,40333.94,0
15768682,39,Male,Spain,1,36,2/9/2023,640,0,1,1,105997.25,0
15766172,34,Male,France,0,36,2/9/2023,541,128743.55,1,1,134851.12,0
15637646,31,Male,France,0,120,3/9/2016,756,122647.32,1,0,61666.87,0
15653404,24,Female,Spain,1,108,3/9/2017,684,79263.9,1,0,196574.48,0
15690546,42,Female,France,0,24,1/9/2024,618,0,4,0,111097.39,1
15735636,53,Female,France,1,24,1/9/2024,604,121389.78,1,1,48201.64,1
15605424,38,Male,Spain,0,84,3/9/2019,624,123906.55,1,1,135096.78,0
15568449,38,Male,Spain,1,84,3/9/2019,661,143006.7,1,1,15650.89,0
15688085,28,Female,Spain,1,36,2/9/2023,627,157597.61,1,0,34097.22,0
15683483,38,Male,Spain,1,36,2/9/2023,812,127117.8,2,1,174822.74,0
15659567,39,Female,France,1,108,3/9/2017,473,117103.26,2,1,85937.52,1
15766667,36,Male,Spain,1,24,1/9/2024,717,102989.83,2,0,49185.57,0
15624975,28,Male,Spain,1,12,1/9/2025,693,145118.83,1,0,77742.38,0
15660878,92,Male,France,1,12,1/9/2025,705,126076.24,2,1,34436.83,0
15586557,41,Male,France,1,60,2/9/2021,661,0,1,0,88279.6,0
15746183,27,Female,France,1,48,2/9/2022,573,0,2,1,157549.6,0
15631457,37,Male,France,1,60,2/9/2021,639,98186.7,1,0,173386.95,0
15754053,67,Female,France,1,84,3/9/2019,718,0,3,1,82782.08,0
15645839,37,Male,France,1,72,2/9/2020,570,0,1,1,187758.5,0
15689955,40,Female,France,0,84,3/9/2019,461,0,2,1,176547.8,0
15593510,,Female,Germany,1,60,2/9/2021,638,129335.65,1,1,56585.2,1
15654964,48,Male,Spain,0,84,3/9/2019,608,75801.74,1,1,125762.95,0
15594039,42,Male,Spain,0,72,2/9/2020,599,0,2,1,113868.4,0
15625929,44,Female,France,0,84,3/9/2019,762,159316.64,1,0,24780.13,0
15815295,38,Female,France,0,24,1/9/2024,662,96479.81,1,1,120259.41,0
15621818,29,Male,Germany,1,84,3/9/2019,747,117726.33,1,1,175398.34,0
15652700,39,Male,France,1,72,2/9/2020,539,0,2,1,86767.48,0
15636860,43,Male,France,0,48,2/9/2022,625,122351.29,1,1,71216.6,0
15569432,48,Female,France,1,108,3/9/2017,656,0,2,1,85240.61,1
15751455,48,Female,France,0,60,2/9/2021,469,0,1,1,160529.71,1
15800583,43,Female,Spain,0,96,3/9/2018,621,0,1,0,102806.6,0
15770214,27,Female,France,0,84,3/9/2019,754,0,2,1,144134.64,0
15613463,50,Female,Germany,1,72,2/9/2020,679,132598.38,2,1,184017.98,0
15587066,38,Male,France,0,24,1/9/2024,535,119272.29,1,0,195896.59,1
15693752,37,Male,France,1,24,1/9/2024,487,0,2,1,126722.57,0
15714874,42,Female,France,1,36,2/9/2023,850,0,2,1,176883.42,0
15657809,55,Male,France,1,120,3/9/2016,585,,3,1,122960.98,1
15651955,31,Male,France,1,48,2/9/2022,603,0,2,0,9607.1,0
15570912,32,Female,Germany,1,108,3/9/2017,728,127772.1,2,1,152643.48,0
15640266,41,Male,Spain,1,60,2/9/2021,621,104631.67,1,1,95551.22,0
15652069,30,Male,France,0,12,1/9/2025,833,0,2,1,141860.62,0
15596074,37,Male,France,1,120,3/9/2016,502,0,1,1,76642.68,0
15800268,37,Male,Germany,1,72,2/9/2020,825,118050.79,1,0,52301.15,0
15809847,46,Male,France,0,0,1/9/2026,668,0,2,0,29388.02,0
15599074,40,Female,Spain,1,72,2/9/2020,487,136093.74,1,0,193408.43,0
15599591,39,Female,Germany,0,84,3/9/2019,600,88477.36,2,1,58632.37,0
15776096,34,Male,Spain,1,36,2/9/2023,606,161572.24,1,0,191076.22,0
15611669,50,Male,Germany,1,84,3/9/2019,623,126608.37,1,0,645.61,1
15694098,54,Female,France,1,108,3/9/2017,575,68332.96,1,1,144390.75,0
15713347,48,Male,Spain,0,72,2/9/2020,577,179852.26,1,1,193580.32,0
15713094,25,Female,France,1,96,3/9/2018,651,0,2,1,126761.2,0
15811978,46,Male,Germany,1,24,1/9/2024,693,104763.41,1,1,62368.33,0
15799925,60,Male,France,1,72,2/9/2020,800,88541.57,2,1,131718.12,0
15692575,38,Male,France,0,72,2/9/2020,760,162888.73,1,1,91098.76,1
15743149,35,Female,France,1,96,3/9/2018,711,0,1,1,67508.01,0
15776947,43,Male,Spain,0,96,3/9/2018,637,0,1,1,12156.93,1
15700656,32,Male,France,0,108,3/9/2017,662,0,2,0,65089.38,0
15594515,44,Female,France,0,84,3/9/2019,568,0,2,0,62370.67,1
15787884,30,Female,France,1,84,3/9/2019,692,0,2,1,18826.34,0
15577988,35,Female,France,1,12,1/9/2025,614,0,2,1,3342.62,0
15795586,35,Male,France,0,12,1/9/2025,478,92474.05,1,1,178626.07,0
15677739,36,Male,France,0,72,2/9/2020,562,0,2,1,32845.32,0
15720134,30,Male,Germany,1,108,3/9/2017,709,115479.48,2,1,134732.99,0
15688868,26,Female,France,0,60,2/9/2021,684,87098.91,1,0,106095.82,0
15642996,42,Female,Germany,0,108,3/9/2017,546,86351.85,2,1,57380.13,0
15771222,42,Female,France,0,60,2/9/2021,779,0,2,0,25951.91,0
15605059,63,Male,Germany,0,36,2/9/2023,576,148843.56,1,1,69414.13,1
15568088,44,Male,Germany,0,36,2/9/2023,481,163714.52,1,1,96123.72,0
15665943,25,Male,France,0,72,2/9/2020,445,0,2,1,119425.94,0
15795571,36,Male,Spain,1,0,1/9/2026,606,94153.56,1,0,120138.27,0
15662243,50,Male,France,0,60,2/9/2021,559,162702.35,1,0,150548.5,1
15593128,56,Female,France,0,120,3/9/2016,608,129255.2,2,1,142492.04,1
15589739,41,Male,France,1,36,2/9/2023,698,90605.29,1,1,14357,0
15787602,39,Male,Spain,1,60,2/9/2021,568,0,2,1,129569.92,0
15685019,29,Male,France,0,36,2/9/2023,528,102787.42,1,1,55972.56,0
15704209,39,Female,France,1,84,3/9/2019,802,120145.96,2,0,59497.01,1
15605264,47,Male,Germany,1,0,1/9/2026,669,63723.78,2,1,181928.25,0
15708265,24,Female,Spain,1,120,3/9/2016,581,159203.71,1,1,102517.83,1
15740264,38,Male,France,0,108,3/9/2017,640,0,2,1,88827.67,0
15615477,44,Female,Spain,0,12,1/9/2025,529,0,2,0,14161.3,0
15727361,51,Female,France,1,12,1/9/2025,547,0,2,1,56908.41,0
15760216,49,Female,France,0,120,3/9/2016,718,0,1,1,184474.72,1
15806134,34,Male,Germany,0,108,3/9/2017,707,162691.16,2,1,94912.78,0
15601351,43,Male,France,1,108,3/9/2017,735,127806.91,1,1,73069.59,0
15669262,43,Male,France,0,108,3/9/2017,765,157960.49,2,0,136602.8,0
15696989,52,Female,Germany,0,96,3/9/2018,469,139493.25,many,0,150093.32,1
15688498,21,Female,Germany,0,24,1/9/2024,594,87096.82,2,1,168186.11,0
15686964,34,Female,france,0,120,3/9/2016,675,84944.58,1,0,146230.63,0
15625035,50,Male,France,1,96,3/9/2018,703,160139.59,2,1,79314.1,0
15618391,33,Male,France,1,72,2/9/2020,810,0,2,1,77965.67,0
15591344,42,Male,Spain,1,72,2/9/2020,715,0,2,1,128745.69,0
15605455,40,Male,France,0,108,3/9/2017,664,0,2,1,194767.3,0
15680804,29,Male,France,1,72,2/9/2020,850,0,2,1,10672.54,0
15768282,36,Male,Germany,1,72,2/9/2020,724,94615.11,2,1,10627.21,0
15685826,,Male,France,0,84,3/9/2019,563,90727.79,1,1,122268.75,0
15793491,26,Male,Germany,0,36,2/9/2023,714,119545.48,2,1,65482.94,0
15797787,36,Male,France,0,12,1/9/2025,614,118311.76,1,1,146134.68,0
15611171,33,Male,France,1,12,1/9/2025,740,129574.98,1,1,123300.38,0
15601627,33,Male,France,0,96,3/9/2018,587,148163.57,1,0,122925.4,0
15734085,24,Male,Germany,1,60,2/9/2021,465,117154.9,1,1,127744.02,0
15809309,40,Female,Spain,1,60,2/9/2021,689,154251.67,1,0,118319.5,0
15809462,30,Male,France,1,36,2/9/2023,656,0,2,0,17104,0
15634628,33,Female,France,0,12,1/9/2025,579,65667.79,2,0,164608.98,0
15775678,44,Female,France,1,12,1/9/2025,716,0,1,1,152108.47,0
15579526,42,Male,France,1,12,1/9/2025,551,50194.59,1,1,23399.58,0
15779103,39,Female,Germany,0,108,3/9/2017,527,96748.89,2,1,94711.43,0
15738715,37,Female,France,0,48,2/9/2022,600,0,3,1,7312.25,1
15593943,43,Female,France,1,12,1/9/2025,685,132667.17,1,1,41876.98,0
15754574,36,NULL,Spain,1,60,2/9/2021,738,0,2,1,96881.32,0
15737814,41,Male,France,0,24,1/9/2024,622,127087.06,1,1,102402.91,1
15670889,34,Male,France,1,12,1/9/2025,528,125566.9,1,1,176763.27,0
15629299,52,Female,Germany,1,12,1/9/2025,546,106074.89,1,1,23548.45,1
15771569,46,Male,Germany,1,48,2/9/2022,576,137367.94,1,1,33450.11,0
15811927,38,Female,France,0,36,2/9/2023,733,157658.36,1,0,19658.43,0
15785654,45,Male,Germany,1,72,2/9/2020,727,114422.85,2,1,104678.78,1
15665524,41,Male,Spain,0,60,2/9/2021,605,103154.66,1,0,143203.78,0
15736287,33,Male,France,0,108,3/9/2017,586,0,1,1,6975.02,0
15765732,24,Female,Spain,1,72,2/9/2020,564,149592.14,1,1,153771.8,0
15797381,48,Female,Germany,1,36,2/9/2023,593,133903.12,2,1,85902.39,1
15598536,26,Female,Germany,1,0,1/9/2026,736,84587.9,1,0,188037.76,0
15664506,32,Male,Spain,1,96,3/9/2018,675,197436.82,1,1,52710.7,0
15575619,32,Female,Spain,1,12,1/9/2025,656,104254.27,1,1,17034.37,0
15587394,39,Male,France,0,48,2/9/2022,462,140133.08,2,0,131304.45,0
15654457,30,Female,Spain,1,24,1/9/2024,685,0,3,1,172576.43,1
15762793,36,Female,Germany,1,0,1/9/2026,850,136980.23,2,1,99019.65,0
15658067,48,Female,,0,36,2/9/2023,636,120568.41,1,1,190160.04,1
15642816,27,Female,France,1,84,3/9/2019,850,43658.33,2,1,3025.49,0
15693088,37,Female,France,1,108,3/9/2017,628,-1,2,1,34689.77,0
15793883,28,Male,France,0,36,2/9/2023,798,0,2,1,2305.27,0
15665283,57,Female,France,1,84,3/9/2019,610,72092.95,4,0,113228.82,1
15680421,42,Female,France,0,120,3/9/2016,591,0,2,0,171099.22,0
15695148,37,Female,Spain,1,108,3/9/2017,614,0,2,1,62023.1,0
15636592,35,Male,France,1,0,1/9/2026,651,181821.96,2,0,36923.67,1
15772618,25,Male,France,1,84,3/9/2019,665,90920.75,1,0,112256.57,0
15724453,23,Male,France,0,24,1/9/2024,570,0,1,0,198830.98,0
15565878,29,Male,Spain,1,36,2/9/2023,631,0,2,1,197963.46,0
15609160,32,Male,France,0,12,1/9/2025,586,0,2,0,31635.99,0
15678460,30,Male,France,0,108,3/9/2017,691,0,1,1,49594.02,0
15662571,35,Male,France,0,96,3/9/2018,639,0,2,1,170483.9,0
15606849,27,Female,France,1,12,1/9/2025,698,94920.71,1,1,40339.9,0
15670738,45,Male,Germany,0,24,1/9/2024,733,113939.36,2,1,3218.71,0
15662641,19,Male,France,1,96,3/9/2018,850,0,1,1,68569.89,0
15727539,31,Female,France,0,48,2/9/2022,618,0,2,1,29176.04,0
15651020,25,Female,France,0,72,2/9/2020,473,110666.42,2,0,46758.42,0
15673877,39,Male,France,0,12,1/9/2025,490,0,3,1,171060.01,1
15760865,48,Female,Germany,0,84,3/9/2019,754,141819.02,1,1,93550.53,1
15705009,56,Female,France,0,96,3/9/2018,649,156974.26,1,1,89405.26,1
15657540,50,Male,France,0,60,2/9/2021,578,151215.34,2,1,169804.4,0
15707441,26,Male,Spain,1,96,3/9/2018,690,116318.23,1,1,83253.05,0
15694765,49,Male,Germany,0,72,2/9/2020,610,113882.33,1,1,195813.81,1
15649086,42,Male,France,1,84,3/9/2019,596,0,2,1,121568.37,0
15650488,48,Female,France,1,72,2/9/2020,492,127253.98,1,1,92144.09,1
15760924,41,Male,Spain,0,24,1/9/2024,575,100062.39,1,0,126307.25,0
15700263,66,Male,France,0,24,1/9/2024,569,0,1,1,130784.2,1
15806922,41,Female,Spain,1,48,2/9/2022,674,126605.14,1,1,166694.93,0
15637522,31,Female,France,1,0,1/9/2026,507,106942.08,1,0,44001.11,0
15636548,44,Male,Spain,0,84,3/9/2019,457,0,2,0,185992.36,0
15566891,41,Female,Germany,0,36,2/9/2023,584,88594.93,1,1,178997.89,0
15627185,29,male,Germany,0,72,2/9/2020,744,123737.04,2,1,141558.04,0
15754012,35,Female,France,1,12,1/9/2025,687,110752.15,2,1,47921.22,0
15627514,46,Female,Spain,1,36,2-Sep-23,688,0,2,0,104902.68,0
15661433,34,Male,France,0,60,2/9/2021,519,0,1,1,68479.6,0
15610653,38,Female,Spain,1,60,2/9/2021,733,0,2,1,1271.51,0
15667002,43,Male,Spain,0,60,2/9/2021,666,,2,1,29346.1,0
15709199,40,Female,Spain,1,12,1/9/2025,511,0,1,1,184118.73,0
15710087,54,Female,Germany,0,36,2/9/2023,705,125889.3,3,1,96013.5,1
15679884,48,Male,France,1,120,3/9/2016,score_700,78314.63,3,1,103713.93,1
15784180,36,Female,France,1,84,3/9/2019,564,206329.65,1,1,46632.87,1
15808849,40,Male,France,1,84,3/9/2019,702,145536.9,1,0,135334.24,0
15751549,31,Male,Germany,0,24,1/9/2024,658,77082.65,2,0,13482.28,0
15588235,24,Female,France,1,96,3/9/2018,654,145081.73,1,1,130075.07,0
15640418,41,Female,Germany,0,48,2/9/2022,649,115897.73,1,1,143544.48,0
15721116,24,N/A,Spain,1,0,1/9/2026,597,108058.07,2,1,187826.11,0
15599084,33,Male,France,1,84,3/9/2019,782,191523.09,1,1,167058.75,0
15773394,38,Male,France,1,36,2/9/2023,644,0,2,1,79928.41,0
15625713,39,Female,Spain,1,84,3/9/2019,679,91187.9,1,0,6075.36,0
15766417,60,Female,France,1,24,1/9/2024,678,0,2,1,43821.56,0
15622578,34,Male,France,1,60,2/9/2021,806,113958.55,1,0,32125.98,0
15799924,43,Male,Spain,0,12,1/9/2025,668,147167.25,1,0,141679.73,0
15618363,29,Male,Germany,1,108,3/9/2017,659,82916.48,1,1,84133.48,0
15637138,34,Male,France,0,12,1/9/2025,660,0,2,1,9692.58,0
15781665,37,Female,France,0,60,2/9/2021,601,0,1,0,20708.6,0
15804853,48,Female,France,0,0,1/9/2026,781,57098.96,1,1,85644.06,1
15651627,39,Male,Germany,1,12,1/9/2025,628,115341.19,1,1,107674.3,1
15680685,30,Male,France,0,36,2/9/2023,751,165257.2,1,0,134822.05,0
15808930,37,Female,France,0,12,1/9/2025,531,0,1,1,4606.97,0
15570970,42,Female,France,1,108,3/9/2017,647,0,2,1,51362.82,0
15679961,46,Male,Spain,1,84,3/9/2019,708,68799.72,1,1,39704.14,0
15705458,39,Male,Spain,1,24,1/9/2024,550,116120.19,2,1,195638.13,0
15750396,33,Male,France,1,12,1/9/2025,670,0,2,1,86413.11,0
15679928,31,FEMALE,France,1,24,1/9/2024,592,84102.11,2,0,116385.24,0
15711181,50,Female,France,1,48,2/9/2022,589,0,2,0,182076.97,0
15698324,33,Female,France,1,48,2/9/2022,725,0,1,1,67879.8,0
15807433,43,Female,France,1,108,3/9/2017,570,0,2,0,11417.26,0
15636590,46,Unknown,France,1,12,1/9/2025,575,0,2,1,65998.26,0
15628950,25,Male,Germany,0,72,2/9/2020,501,104013.79,1,1,114774.35,0
15617206,42,Male,Germany,0,96,3/9/2018,431,120822.86,2,1,126153.24,0
15603741,40,Male,Spain,1,48,2/9/2022,719,128389.12,1,1,176091.31,0
15742607,36,Male,Germany,1,84,3/9/2019,850,102800.72,1,1,87352.43,0
15747821,31,Female,Germany,0,72,2/9/2020,554,135470.9,1,1,107074.81,0
15612043,36,Male,France,1,84,3/9/2019,418,90145.04,1,1,69157.93,0
15809558,31,Male,Spain,1,84,3/9/2019,715,0,1,1,149970.59,0
15803750,33,Female,Spain,1,36,2/9/2023,750,161801.47,1,0,153288.97,1
15704681,37,Male,Germany,1,24,1/9/2024,766,99660.13,2,0,147700.78,0
15667392,38,Female,Spain,1,72,2/9/2020,652,123081.84,2,1,188657.97,0
15738889,42,Male,France,1,96,3/9/2018,658,102870.93,1,0,103764.55,1
15598838,37,Female,France,1,12,1/9/2025,659,151105.68,1,1,140934.57,0
15579109,35,Male,Germany,1,60,2/9/2021,574,163856.76,-1,1,15118.2,0
15799042,38,Male,France,1,84,3/9/2019,611,0,1,1,63202,0
15697042,35,Male,Spain,0,96,3/9/2018,738,127290.61,1,1,16081.62,0
15696605,49,Male,France,0,48,2/9/2022,571,180614.04,1,0,523,0
15802274,44,Female,France,0,84,3/9/2019,686,55053.62,1,1,181757.19,0
15596808,33,Male,Spain,0,48,2/9/2022,679,96110.22,1,1,1173.23,0
15705403,46,Female,Spain,1,36,2/9/2023,617,106521.49,1,0,86587.37,0
15732903,39,Male,France,0,84,3/9/2019,673,82255.51,2,1,109545.56,0
15581968,33,Female,France,1,12,1/9/2025,745,0,2,1,174431.01,0
15683892,26,Female,Germany,0,36,2/9/2023,677,102395.79,1,1,119368.99,0
15595447,39,Male,Spain,0,96,3/9/2018,613,118201.41,1,1,23315.59,0
15569249,55,Female,France,1,72,2/9/2020,576,44582.07,3,0,67539.85,1
15656188,30,Female,Spain,1,60,2/9/2021,584,0,2,1,185201.58,0
15689661,22,Male,France,1,72,2/9/2020,663,0,2,0,131827.15,0
15644934,26,Male,France,0,108,3/9/2017,466,105522.06,1,1,10842.46,0
15721793,50,Female,Germany,1,84,3/9/2019,510,123936.54,1,1,23768.01,0
15687413,38,Female,Spain,1,72,2/9/2020,619,0,2,1,117616.29,0
15761286,66,Female,Germany,1,84,3/9/2019,696,119499.42,2,1,174027.3,0
15658240,44,Female,France,0,108,3/9/2017,554,135814.7,2,0,115091.38,0
15706232,52,Male,France,1,108,3/9/2017,595,0,1,1,106340.66,1
15583394,39,Male,Germany,1,96,3/9/2018,659,106259.63,2,1,198103.32,0
15715643,44,Male,France,1,96,3/9/2018,662,0,2,1,175314.87,0
15644856,38,Male,Spain,0,24,1/9/2024,556,115463.16,1,1,150679.65,0
15785488,39,Female,Spain,1,108,3/9/2017,701,0,2,1,110043.88,0
15711571,42,Male,Spain,0,60,2/9/2021,587,120233.83,1,1,194890.33,0
15778604,47,Female,France,0,84,3/9/2019,571,0,2,0,112366.98,0
15751180,40,Female,France,0,84,3/9/2019,539,81132.21,1,1,167289.82,0
15748360,-1,Female,Germany,1,120,3/9/2016,644,122196.99,2,1,182099.71,0
15770039,39,Male,Germany,0,48,2/9/2022,572,112290.22,1,1,49373.97,1
15685096,50,Female,France,1,48,2/9/2022,753,0,2,1,861.4,0
15669501,35,Male,France,1,999,2/9/2021,706,0,2,1,81718.37,0
15622631,44,Male,France,0,96,3/9/2018,588,154409.74,1,1,49324.03,1
15586699,32,Male,France,0,108,3/9/2017,825,0,2,0,9751.03,0
15702377,48,Male,Spain,0,12,1/9/2025,627,132759.8,1,1,78899.22,0
15577170,60,Male,France,1,60,2/9/2021,532,76705.87,2,0,13889.73,0
15769451,44,Female,France,1,12,1/9/2025,764,0,2,1,11467.38,0
15811877,36,Female,France,0,48,2/9/2022,700,0,2,1,130789.15,0
15648725,41,Male,France,1,36,2/9/2023,660,0,2,1,108665.89,0
15752801,29,Male,Germany,0,108,3/9/2017,518,125961.74,2,1,160303.08,1
15808175,39,Female,France,0,84,3/9/2019,557,49572.73,1,1,115287.99,1
15681342,35,Female,France,1,12,1/9/2025,639,103015.12,2,1,139094.12,0
15589210,24,Female,France,0,48,2/9/2022,557,0,1,0,20515.72,0
15696826,32,Female,France,1,12,1/9/2025,633,104001.38,1,0,36642.65,0
15614962,50,Female,Spain,1,24,1/9/2024,623,87116.71,1,1,104382.11,0
15689061,68,Male,France,1,60,2/9/2021,611,82547.11,2,1,146448.01,0
15640074,47,Female,Spain,0,60,2/9/2021,666,0,1,0,166650.9,1
15776156,27,Male,France,1,48,2/9/2022,521,121325.84,1,1,164223.7,1
15739548,28,Male,France,0,108,3/9/2017,775,111167.7,1,1,149331.01,0
15662854,48,Male,Germany,0,60,2/9/2021,681,139714.4,2,0,73066.72,0
15687688,32,Female,Germany,0,120,3/9/2016,564,139875.2,2,1,15378.23,0
15715750,44,Female,Germany,0,24,1/9/2024,646,113063.83,1,0,53072.49,1
15571121,50,Female,France,1,96,3/9/2018,670,138340.06,1,0,3159.15,0
15726466,43,Male,France,0,12,1/9/2025,751,114974.24,1,1,125920.54,0
15660390,33,Female,France,1,72,2/9/2020,544,0,2,1,124113.04,0
15663942,38,Female,France,0,60,2/9/2021,639,0,2,0,93716.38,0
15638610,65,Female,Germany,0,60,2/9/2021,635,117325.54,1,1,155799.86,1
15644446,28,Female,France,1,72,2/9/2020,672,0,1,0,8814.69,0
15585892,35,Female,France,0,96,3/9/2018,639,0,1,0,164453.98,0
15609356,25,NULL,France,0,12,1/9/2025,697,0,2,0,87803.32,0
15803378,44,Male,Spain,1,96,3/9/2018,850,0,2,1,183617.32,0
15599440,34,Female,France,0,96,3/9/2018,748,0,2,1,53584.03,0
15692408,35,Female,Spain,1,24,1/9/2024,463,0,2,1,1950.93,0
15683168,30,Female,France,1,72,2/9/2020,572,0,1,0,175025.27,0
15790254,50,Male,Spain,1,12,1/9/2025,741,78737.61,1,1,13018.96,0
15767729,25,Male,Spain,1,60,2/9/2021,646,182876.88,2,1,42537.59,1
15768600,50,Male,Germany,0,108,3/9/2017,805,130023.38,1,1,62989.82,1
15699839,36,Male,France,1,24,1/9/2024,637,152606.82,1,1,71692.8,0
15786237,28,Male,France,0,84,3/9/2019,651,0,2,1,823.96,0
15694530,28,Male,France,1,48,2/9/2022,672,167268.98,1,1,169469.3,0
15796813,54,Male,France,0,36,2/9/2023,six hundred,167831.88,2,1,150159.95,1
15605791,29,Male,Germany,0,108,3/9/2017,524,144287.6,2,1,32063.3,0
15714087,45,Female,Germany,0,60,2/9/2021,624,151855.33,1,1,68794.15,0
15711446,51,Female,Spain,0,36,2/9/2023,569,0,3,1,75084.96,1
15588123,27,Female,France,1,24,1/9/2024,677,0,2,0,114685.92,0
15748552,37,Male,Germany,0,48,2/9/2022,464,155994.15,1,0,143665.44,0
15618410,26,Male,Germany,0,84,3/9/2019,718,147527.03,1,0,51099.56,0
15672432,53,Female,France,0,48,2/9/2022,594,0,1,1,5408.74,1
15610042,33,Male,France,0,96,3/9/2018,574,100267.03,1,1,103006.27,0
15580914,48,Male,Spain,1,0,1/9/2026,478,83287.05,2,0,44147.95,1
15583680,41,Male,Spain,1,48,2/9/2022,615,0,1,0,149278.96,0
15813718,45,  Male  ,Spain,0,48,2/9/2022,651,0,2,0,193009.21,0
15767264,53,Male,Germany,0,12,1/9/2025,465,117438.17,1,0,74898.8,1
15686461,56,Female,France,1,84,3/9/2019,558,121235.05,2,1,116253.1,0
15678882,37,Male,Germany,0,36,2/9/2023,540,129965.18,1,0,19374.08,0
15789611,46,Male,Germany,0,96,3/9/2018,568,150836.92,1,0,64516.8,1
15668679,31,Male,France,1,0,1/9/2026,630,0,2,1,34475.14,0
15631685,60,Male,Germany,1,12,1/9/2025,523,163894.35,1,0,57061.71,0
15655658,48,Female,France,1,24,1/9/2024,678,0,2,1,32301.88,0
15753591,38,Male,France,0,24,1/9/2024,438,0,2,1,136859.55,0
15617348,44,Male,France,0,12,1/9/2025,544,0,2,0,69244.24,0
15704581,34,Male,Germany,1,24,1/9/2024,595,87967.42,2,0,156309.52,0
15738487,26,Male,France,0,36,2/9/2023,678,0,2,1,4989.33,0
15648069,36,Female,France,1,72,2/9/2020,850,0,2,1,190194.95,0
15737627,20,Female,Germany,0,24,1/9/2024,589,121093.29,2,1,3529.72,0
15731586,31,Female,Spain,0,24,1/9/2024,785,121691.54,2,0,81778.72,0
15757467,57,Male,Spain,1,72,2/9/2020,563,0,2,1,39297.48,0
15597709,39,Female,France,0,72,2/9/2020,602,154121.32,2,1,176614.86,1
15720529,29,Male,France,1,72,2/9/2020,591,0,2,1,108684.65,0
15596797,43,Male,Spain,1,12,1/9/2025,643,0,2,1,145764.4,0
15681755,32,Female,France,1,60,2/9/2021,605,0,2,1,42135.28,0
15815271,43,Male,Germany,0,72,2/9/2020,755,165048.5,3,1,16929.41,1
15682860,38,Male,Spain,0,72,2/9/2020,769,0,2,0,104393.78,0
15621546,33,Female,France,1,108,3/9/2017,620,127638.35,1,1,192717.57,0
15705918,31,Male,France,1,96,3/9/2018,725,N/A,2,1,59650.42,0
15684512,72,Female,Germany,1,96,3/9/2018,818,135290.42,2,1,63729.72,0
15671769,71,Female,France,1,48,2/9/2022,624,170252.05,3,1,73679.59,1
15642934,35,Female,GERMANY,0,48,2/9/2022,669,108269.2,2,1,174969.92,0
15594305,32,FEMALE,France,0,12,1/9/2025,712,0,2,1,1703.58,0
15789201,35,Female,Germany,0,108,3/9/2017,603,145623.36,1,1,163181.62,0
15706762,41,Female,France,1,48,2/9/2022,597,145809.53,2,1,52319.26,0
15766183,76,Male,Germany,1,24,1/9/2024,580,130334.84,2,1,51672.08,0
15777994,39,Female,France,1,36,2/9/2023,718,0,2,1,145355.11,0
15568162,53,Male,Spain,1,96,3/9/2018,527,0,1,1,51711.57,0
15680643,42,Female,  Spain  ,1,12,1/9/2025,729,0,2,1,149535.97,0
15761854,24,Female,France,1,48,2/9/2022,746,0,1,0,94105,0
15730793,54,Female,Germany,1,36,2/9/2023,699,111009.32,1,1,155905.79,1
15692137,9999,Female,France,1,24,1/9/2024,759,0,1,1,138380.11,0
15608595,39,Female,France,1,36,2/9/2023,748,157371.54,1,0,97734.3,0
15709459,63,FEMALE,Spain,1,60,2/9/2021,698,0,1,1,173576.71,0
15775750,37,Male,France,0,108,3/9/2017,686,134560.62,1,1,27596.39,0
15585855,40,Male,France,1,12,1/9/2025,679,0,1,1,16897.19,0
15752139,36,Male,Germany,0,60,2/9/2021,682,72373.62,2,1,36895.99,0
15768295,34,Female,France,1,84,3/9/2019,778,109564.1,1,0,113046.81,0
15766906,25,Female,France,0,48,2/9/2022,742,132116.13,2,1,129933.5,0
15725776,24,Male,Germany,0,84,3/9/2019,649,101195.23,1,0,133091.32,0
15682576,67,Male,France,1,12,1/9/2025,763,149436.73,2,0,106282.74,0
15704081,30,Male,Germany,1,108,3/9/2017,595,130682.11,2,1,57862.88,0
15719940,51,Female,Germany,0,120,3/9/2016,628,115280.49,2,0,12628.61,1
15672894,36,Female,France,0,96,3/9/2018,625,129944.39,2,0,198914.8,0
15667451,36,Male,France,1,60,2/9/2021,733,0,2,1,109127.54,0
15636767,32,N/A,Spain,1,120,3/9/2016,665,0,1,1,22487.45,0
15571415,56,Male,Germany,0,72,2/9/2020,805,151802.29,1,1,46791.09,1
15575605,38,Male,France,1,72,2/9/2020,725,0,2,1,158697.28,0
15649160,38,Female,France,1,36,2/9/2023,554,138731.95,1,1,194138.36,0
15615832,35,Female,Spain,1,96,3/9/2018,675,155621.08,1,0,35177.31,0
15600975,54,Female,France,0,48,2/9/2022,556,150005.38,1,1,157015.5,1
15690772,48,Female,Spain,1,24,1/9/2024,635,0,2,1,136551.25,0
15565714,47,Male,France,1,12,1/9/2025,601,64430.06,2,0,96517.97,0
15763108,53,Male,Germany,0,84,3/9/2019,600,106261.63,1,1,93629.66,1
15723884,40,Male,Spain,0,36,2/9/2023,758,0,2,0,96097.65,0
15644453,41,Female,Germany,0,48,2/9/2022,606,132670.53,1,1,156476.36,1
15655464,67,Female,France,1,36,2/9/2023,640,0,1,0,42964.63,0
15783883,38,Female,Germany,0,12,1/9/2025,753,117314.92,1,1,122021.33,1
15787693,38,Male,Spain,0,36,2/9/2023,559,145874.35,1,1,56311.39,1
15664793,50,Female,Spain,1,84,3/9/2019,754,146777.44,2,0,150685.52,0
15642391,51,Male,Germany,0,48,2/9/2022,621,109978.83,1,0,177740.58,1
15756538,37,Female,France,1,60,2/9/2021,654,,1,0,71492.28,0
15668830,24,Male,Spain,0,96,3/9/2018,650,108881.73,1,1,104492.83,0
15796569,44,Female,Spain,1,120,3/9/2016,831,0,1,0,47729.33,0
15677112,39,Male,France,0,24,1/9/2024,519,112957.26,2,1,97593.16,0
15815040,42,Female,Germany,1,96,3/9/2018,552,103362.14,1,0,186869.58,1
15590434,41,Male,Spain,1,48,2/9/2022,577,89015.61,1,0,135227.23,0
15597536,45,Male,Spain,0,60,2/9/2021,576,133618.01,1,0,135244.87,0
15723989,40,Male,France,1,60,2/9/2021,646,93680.43,2,1,179473.26,0
15767358,45,Female,Germany,0,12,1/9/2025,711,97486.15,2,1,50610.62,0
15594812,37,Female,Spain,1,24,1/9/2024,806,137794.18,2,0,75232.02,0
15688210,39,Female,France,0,96,3/9/2018,670,101928.51,1,0,89205.54,0
15681509,28,Female,Spain,1,108,3/9/2017,679,0,2,0,61761.77,0
15572390,39,Female,Spain,0,72,2/9/2020,850,0,2,1,103921.43,0
15801441,35,Female,Germany,1,24,1/9/2024,670,79585.96,1,0,198802.9,0
15783859,24,Female,France,1,36,2/9/2023,733,161884.99,1,1,9617.24,0
15575243,39,Female,France,1,12,1/9/2025,764,129068.54,2,1,187905.12,0
15773421,42,Female,France,0,48,2/9/2022,673,0,2,1,121440.8,0
15788776,49,Male,Germany,0,72,2/9/2020,588,132623.76,3,1,36292.94,1
15765257,31,Male,Spain,1,60,2/9/2021,564,121461.87,1,1,20432.09,1
15661412,32,Male,France,0,96,3/9/2018,715,175307.32,1,1,187051.23,0
15636478,31,Male,France,1,84,3/9/2019,621,136658.61,1,1,148689.13,0
15603683,23,Female,Spain,0,36,2/9/2023,796,146584.19,2,0,125445.8,0
15651868,34,Male,France,0,72,2/9/2020,672,0,1,0,22736.06,0
15815443,46,Female,Spain,0,120,3/9/2016,527,131414.76,1,1,54947.51,0
15682686,38,Female,France,1,36,2/9/2023,722,0,2,0,167984.72,0
15697460,34,Male,Germany,1,48,2/9/2022,596,99441.21,2,0,4802.27,0
15748432,32,Female,France,1,48,2/9/2022,746,0,2,1,72909.75,0
15698271,26,Female,France,0,48,2/9/2022,523,0,2,1,185488.81,0
15808662,44,Male,France,0,36,2/9/2023,624,0,2,1,88407.51,0
15690372,38,Male,Spain,0,12,1/9/2025,553,181110.13,2,1,184544.59,0
15781875,33,Male,Spain,1,36,2/9/2023,850,100476.46,2,1,136539.13,0
15801473,,Male,Germany,0,24,1/9/2024,599,51949.95,2,1,85045.92,0
15704509,35,Male,France,0,96,3/9/2018,492,121063.49,1,0,85421.48,0
15694666,48,Male,Spain,1,96,3/9/2018,707,88441.64,1,1,119903.2,1
15731166,30,Female,France,1,12,1/9/2025,743,127023.39,1,1,138780.89,0
15728523,41,Male,France,1,60,2/9/2021,522,144147.68,1,1,14789.9,0
15788442,57,Female,Spain,1,24,1/9/2024,681,173306.13,1,0,131964.66,0
15689781,49,Female,France,0,0,1/9/2026,826,0,1,0,178709.98,1
15764226,28,Female,Germany,1,96,3/9/2018,630,106425.75,1,1,20344.84,0
15809837,66,Female,Germany,1,72,2/9/2020,430,135392.31,2,1,172852.06,1
15805212,67,Female,France,1,12,1/9/2025,806,0,three,0,103945.58,0
15716082,39,Male,Spain,0,72,2/9/2020,703,152685.4,1,0,183656.12,0
15643056,38,Female,Germany,1,12,1/9/2025,755,82083.52,1,0,10333.78,0
15654859,63,Female,Spain,0,24,1/9/2024,612,131629.17,2,1,122109.58,1
15761158,54,Female,France,1,84,3/9/2019,719,0,2,1,125041.52,0
15577515,55,Female,Germany,1,0,1/9/2026,554,108477.27,1,0,140003,1
15723827,30,Male,France,0,48,2/9/2022,683,114779.35,1,0,183171.47,0
15646594,41,Male,France,1,60,2/9/2021,749,57568.94,1,1,61128.29,0
15712877,36,Male,Spain,0,12,1/9/2025,724,0,2,1,52462.25,0
15598802,30,Male,Spain,1,96,3/9/2018,770,0,2,0,50839.85,0
15699340,9999,Male,France,0,48,2/9/2022,680,0,2,1,61240.87,0
15691150,32,Female,France,1,48,2/9/2022,699,110559.46,1,1,127429.56,0
15608688,34,Male,France,0,48,2/9/2022,442,0,2,1,68343.08,0
15737998,46,Male,France,0,96,3/9/2018,529,0,1,0,126511.94,1
15735837,36,Male,Spain,1,36,2/9/2023,574,0,2,1,8559.66,0
15659100,33,Male,France,0,108,3/9/2017,605,128152.82,1,0,147822.81,0
15609070,45,Male,Germany,1,84,3/9/2019,515,120961.5,3,1,39288.11,1
15650313,65,Male,Germany,1,72,2/9/2020,632,129472.33,1,1,85179.48,0
15627699,32,Male,France,0,120,3/9/2016,558,105000.23,1,1,190019.61,0
15591010,55,Male,Germany,0,96,3/9/2018,434,109339.17,2,1,96405.88,1
15798895,59,Female,France,0,72,2/9/2020,525,55328.4,1,1,83342.73,1
15745375,23,Male,Germany,0,36,2/9/2023,640,72012.76,1,1,161333.13,0
15775235,36,Female,France,0,72,2/9/2020,690,9999999,1,0,81292.33,0
15780088,34,Male,ES,0,108,3/9/2017,607,132439.99,1,1,177747.72,0
15649379,46,Female,France,1,36,2/9/2023,850,0,2,1,187980.21,0
15713983,34,Male,Germany,0,60,2/9/2021,780,94108.54,2,1,177235.21,0
15709252,28,Female,Germany,1,120,3/9/2016,616,105173.99,1,0,29835.37,1
15699238,40,Female,Spain,0,96,3/9/2018,618,0,2,1,80204.38,0
15732884,29,Male,France,0,84,3/9/2019,676,131959.86,1,0,189268.81,0
15587297,33,Male,France,1,84,3/9/2019,507,0,2,1,85411.01,0
15684722,34,Male,France,0,60,2/9/2021,490,122952.9,2,0,154360.97,0
15621244,36,Male,France,1,0,1/9/2026,678,107379.68,1,1,84460.18,0
15744273,30,Male,Germany,0,72,2/9/2020,637,122641.56,2,1,65618.01,0
15682540,33,Female,France,1,96,3/9/2018,602,0,2,1,112928.74,0
15636521,30,Female,Spain,1,12,1/9/2025,744,124037.28,1,1,142210.94,0
15785339,50,Female,France,0,108,3/9/2017,640,117565.03,2,0,82559.77,0
15638983,38,Female,France,0,60,2/9/2021,684,133189.4,1,0,127388.06,0
15654625,39,Male,Germany,1,96,3/9/2018,495,120252.02,2,1,10160.23,0
15697310,28,NULL,Germany,0,36,2/9/2023,559,152264.81,1,0,64242.31,0
15678210,38,Male,France,1,60,2/9/2021,684,105069.98,2,1,198355.28,0
15575438,42,Male,France,1,84,3/9/2019,613,115076.06,1,1,79323.61,0
15632789,30,Male,France,1,96,3/9/2018,794,0,2,1,24113.91,0
15621423,42,Female,France,0,84,3/9/2019,736,117280.23,3,0,41921.06,1
15573520,49,Male,Germany,1,72,2/9/2020,692,110540.43,2,0,107472.99,0
15740458,36,Male,Spain,0,84,3/9/2019,703,135095.47,1,1,143859.66,0
15762799,23,Male,Germany,1,0,1/9/2026,720,187861.18,2,1,104120.17,0
15686885,44,Male,Germany,1,36,2/9/2023,777,124655.59,2,0,79792.3,0
15565996,44,Male,France,1,96,3/9/2018,653,0,2,1,154639.72,0
15662152,38,Female,France,0,108,3/9/2017,552,134105.01,1,0,57850.1,0
15711742,34,Female,France,1,48,2/9/2022,708,0,1,1,62868.33,0
15701885,40,Female,France,1,108,3/9/2017,647,0,2,0,92357.21,0
15774262,52,Male,Germany,1,96,3/9/2018,597,83693.34,2,1,161083.53,0
15567839,42,Male,France,1,108,3/9/2017,501,114631.23,1,0,91429.74,0
15644400,44,Male,France,0,108,3-Sep-17,709,128601.98,1,1,117031.2,0
15797246,34,Female,Germany,0,24,1/9/2024,621,91258.52,2,1,44857.4,0
15778290,,Male,France,1,96,3/9/2018,799,70416.75,1,1,36483.52,0
15708714,33,Female,France,0,72,2/9/2020,675,0,2,1,34045.61,0
15586183,35,Female,France,0,60,2/9/2021,561,0,2,1,59981.62,0
15761733,42,Female,France,1,120,3/9/2016,707,0,2,1,152944.39,0
15773934,33,Male,France,0,72,2/9/2020,670,88294.6,1,1,66979.06,0
15705343,32,Female,Spain,0,84,3/9/2019,649,0,1,1,28797.32,0
15593959,28,Male,France,1,12,1/9/2025,524,93577.3,1,1,51670.82,0
15664615,30,Female,,1,60,2/9/2021,689,136650.89,1,1,41865.72,1
15671014,72,Female,,1,96,3/9/2018,573,98765.84,1,1,96015.53,0
15657778,33,Male,France,0,12,1/9/2025,657,84309.57,2,0,103914.4,0
15585192,39,Male,Spain,0,120,3/9/2016,686,136258.06,1,0,89199.51,0
15592914,29,Female,France,1,108,3/9/2017,683,0,2,1,48849.89,0
15770995,47,Female,  Germany  ,0,12,1/9/2025,753,131160.85,1,1,197444.69,0
15570990,30,Female,Spain,0,48,2/9/2022,520,145222.99,three,0,145160.96,0
15596165,25,Male,Germany,1,48,2/9/2022,547,98141.57,2,1,52309.8,0
15788131,47,Male,France,0,72,2/9/2020,653,0,1,1,50695.93,1
15800773,28,Female,Spain,1,108,3/9/2017,648,102282.61,1,1,157891.11,0
15690153,37,Female,France,1,48,2/9/2022,639,116121.84,2,0,181850.74,0
15638989,25,Female,France,0,60,2/9/2021,711,190066.54,1,0,51345.39,1
15623210,55,Female,Germany,0,96,3/9/2018,484,149349.58,3,0,137519.92,1
15652658,36,Male,France,1,12,1/9/2025,721,155176.83,2,1,49653.37,0
15684440,32,Male,Germany,1,24,1/9/2024,548,98986.28,1,1,55867.38,0
15730287,41,Male,France,0,96,3/9/2018,679,147726.98,3,1,172749.4,1
15720353,41,Male,France,0,12,1/9/2025,553,0,2,1,90607.31,0
15767231,36,Male,France,0,84,3/9/2019,757,144852.06,1,0,130861.95,0
15761554,54,Male,France,0,48,2/9/2022,581,89299.81,1,0,5558.47,1
15706637,40,Male,Spain,0,108,3/9/2017,718,0,2,0,121537.91,0
15690492,41,Male,France,0,72,2/9/2020,625,97663.16,2,1,57128.78,0
15694237,39,Male,Spain,0,48,2/9/2022,744,95161.75,1,1,19409.77,0
15729771,31,Male,Germany,1,108,3/9/2017,799,154586.92,1,0,88604.89,1
15609823,34,Female,Spain,0,96,3/9/2018,751,127095.14,2,0,479.54,0
15793366,35,Male,Germany,1,84,3/9/2019,781,92526.15,2,1,173837.54,0
15614813,46,Female,Germany,0,0,1/9/2026,777,107362.8,1,1,487.3,0
15566495,24,Female,Spain,0,24,1/9/2024,704,0,1,1,35600.25,1
15707602,47,Female,France,1,24,1/9/2024,539,127286.04,2,1,166929.43,1
15635244,29,Female,,1,72,2/9/2020,716,0,2,1,98998.61,0
15805627,37,Male,France,1,24,1/9/2024,670,0,2,1,54229.74,0
15607986,40,Male,France,1,120,3/9/2016,555,139930.18,1,1,105720.09,0
15799785,30,Female,Germany,1,48,2/9/2022,679,77949.69,1,1,121151.46,0
15699963,38,Male,France,1,12,1/9/2025,571,121405.04,1,1,154844.22,0
15624595,35,Female,Spain,1,60,2/9/2021,512,124580.69,1,1,18785.48,0
15629750,35,Male,France,0,60,2/9/2021,697,133087.76,1,1,64771.61,0
15651460,34,Male,Spain,1,84,3/9/2019,424,0,1,1,16250.61,0
15753550,43,Female,France,0,84,3/9/2019,684,0,2,1,131093.99,0
15594133,62,Male,Spain,0,84,3/9/2019,697,0,1,1,129188.18,1
15772329,45,Male,Germany,0,96,3/9/2018,580,103741.14,1,1,47428.73,1
15591552,32,Female,france,0,84,3/9/2019,600,98877.95,1,1,132973.21,0
15750921,37,Male,France,1,60,2/9/2021,521,105843.26,2,1,84908.2,0
15701687,44,Male,Spain,0,84,3/9/2019,664,77526.66,3,0,57338.56,1
15728906,77,Male,France,1,60,2/9/2021,634,0,2,1,161579.85,0
15670029,33,Female,France,0,84,3/9/2019,445,0,2,1,122625.68,0
15763579,36,Female,Germany,1,24,1/9/2024,702,105264.88,2,1,52909.87,0
15728010,37,Male,France,1,60,2/9/2021,485,0,2,0,170226.47,0
15663194,40,Female,Germany,1,36,2/9/2023,582,110150.43,1,1,191757.65,1
15736510,57,Female,Spain,0,24,1/9/2024,605,0,3,1,66652.75,1
15745804,25,Male,France,1,84,3/9/2019,628,0,2,1,195977.75,0
15631451,28,Female,Spain,1,72,2/9/2020,604,0,2,1,69056.26,0
15746995,31,Male,Germany,0,108,3/9/2017,724,138166.3,1,1,12920.43,0
15730673,40,Male,Germany,0,84,3/9/2019,567,122265.24,1,1,138552.74,0
15734649,55,Female,Spain,0,0,1/9/2026,779,133295.98,1,1,22832.71,1
15701081,36,Male,France,1,24,1/9/2024,785,0,1,0,61811.1,0
15632503,32,Female,France,0,0,1/9/2026,563,148326.09,1,1,191604.27,1
15585928,31,Female,Germany,1,24,1/9/2024,821,68927.57,1,1,25445,0
15648681,47,Female,France,1,60,2/9/2021,747,139914.6,4,0,129964.56,1
15747757,58,Female,Germany,0,96,3/9/2018,600,118723.11,1,0,6209.51,1
15718921,32,Male,Spain,1,84,3/9/2019,625,106957.28,1,1,134794.02,0
15571081,41,Female,France,1,84,3/9/2019,773,190238.93,1,1,57549.65,0
15734578,53,Female,France,1,12,1/9/2025,726,113537.73,1,0,28367.21,0
15579583,40,Female,Spain,1,48,2/9/2022,641,101090.27,1,1,51703.09,0
15622729,46,Female,France,1,24,1/9/2024,649,0,2,1,66602.7,0
15662189,33,Male,Spain,1,36,2/9/2023,434,0,1,1,2739.71,0
15692718,38,Female,France,0,84,3/9/2019,738,0,2,0,69227.42,0
15762716,60,Female,Spain,0,120,3/9/2016,762,168920.75,1,1,31445.03,1
15724851,31,Male,Germany,0,108,3/9/2017,507,111589.67,1,1,150037.19,0
15587266,27,Female,Germany,1,72,2/9/2020,606,172310.33,1,0,111448.92,0
15675926,34,Male,Germany,0,84,3/9/2019,655,118028.35,1,1,51226.32,1
15706268,51,Male,Germany,1,12,1/9/2025,697,147910.3,1,1,53581.14,0
15581871,42,Male,Germany,1,84,3/9/2019,504,131287.36,2,1,149697.78,0
15666166,74,Female,France,1,0,1/9/2026,653,121276.32,1,1,160348.31,0
15671582,38,Male,Spain,1,72,2/9/2020,660,109869.32,1,1,154641.91,0
15680901,34,Female,France,1,72,2/9/2020,652,97435.85,2,1,104331.76,0
15642336,42,Female,France,0,108,3/9/2017,669,0,2,0,135630.32,0
15653147,35,Male,France,1,24,1/9/2024,594,133853.27,1,1,65361.66,0
15571284,32,Male,Germany,1,0,1/9/2026,756,109528.16,2,1,56176.31,0
15591360,33,Female,France,1,48,2/9/2022,642,84607.34,2,0,60059.47,0
15810485,37,Male,Germany,0,12,1/9/2025,486,101438,1,0,51364.56,0
15611973,55,Male,France,1,84,3/9/2019,804,0,2,1,118752.6,0
15735572,59,Male,France,1,108,3/9/2017,629,,1,1,116848.79,1
15567860,44,Female,Spain,0,84,3/9/2019,581,189318.16,2,1,45026.23,1
15795690,31,Male,France,1,36,2/9/2023,667,99513.91,1,1,189657.26,0
15706464,35,Male,Spain,0,48,2/9/2022,667,97585.32,2,0,57213.46,0
15725028,29,Male,France,1,36,2/9/2023,679,0,2,1,63687.06,0
15751167,43,Female,France,1,48,2/9/2022,680,0,2,1,58761.33,0
15633944,32,Male,Spain,1,36,2/9/2023,644,136659.74,1,1,14187.78,0
15672637,30,Female,France,0,48,2/9/2022,571,85755.86,1,1,145115.95,0
15680895,35,Female,Spain,0,84,3/9/2019,627,0,1,1,187718.26,0
15793825,39,Male,France,0,48,2/9/2022,536,0,2,1,27150.35,0
15611318,33,Male,Spain,0,48,2/9/2022,599,51690.89,1,1,111622.76,1
15768474,34,Male,Spain,0,36,2/9/2023,744,0,2,1,27244.35,0
15716276,34,Female,France,0,24,1/9/2024,709,111669.68,1,1,57029.66,0
15623668,31,Male,Germany,0,24,1/9/2024,653,154741.45,2,0,25183.01,0
15696361,31,Male,Germany,1,84,3/9/2019,648,125681.51,1,0,129980.93,0
15607988,37,Female,Germany,0,96,3/9/2018,663,155303.71,1,1,118716.63,0
15637891,43,Female,Germany,1,48,2/9/2022,613,140681.68,1,0,20134.07,0
15789865,28,Male,France,1,108,3/9/2017,620,71902.52,1,0,190208.23,0
15627190,51,Male,France,1,72,2/9/2020,661,146606.6,1,1,68021.9,0
15788224,45,Male,Germany,0,12,1/9/2025,669,123949.75,1,0,110881.56,0
15702149,33,Female,Germany,1,12,1/9/2025,767,144753.21,1,1,132480.75,0
15708236,72,Female,France,1,72,2/9/2020,491,91285.22,1,1,7032.95,0
15568469,43,Male,France,0,0,1/9/2026,653,0,2,1,27862.58,0
15764444,58,Male,Germany,1,96,3/9/2018,679,125850.53,2,1,87008.17,0
15794204,28,Male,France,1,84,3/9/2019,score_700,108116.66,1,1,27411.19,0
15807546,38,Female,France,1,24,1/9/2024,837,0,2,1,46395.21,0
15782159,28,Male,France,1,96,3/9/2018,850,67639.56,2,1,194245.29,0
15618703,53,Female,Spain,1,72,2/9/2020,663,150200.23,1,0,151317.27,1
15793317,22,Female,Spain,0,84,3/9/2019,547,141287.15,1,1,118142.79,0
15740487,41,Female,France,1,72,2/9/2020,627,0,3,1,138700.75,1
15722479,37,Male,France,1,12,1/9/2025,707,0,2,0,6035.51,0
15688264,43,Female,France,1,0,1/9/2026,629,0,2,1,41263.69,0
15583067,36,Female,France,1,48,2/9/2022,687,97157.96,1,0,63185.05,0
15686670,36,Female,France,0,24,1/9/2024,588,0,2,1,92536,1
15593345,33,Female,Germany,1,72,2/9/2020,502,125241.17,2,1,158736.07,0
15811690,54,Male,Germany,0,24,1/9/2024,793,128966.13,1,0,18633.4,1
15734008,59,Male,Germany,0,60,2/9/2021,727,152581.06,1,1,71830.1,1
15771856,32,Female,Spain,0,12,1/9/2025,632,0,2,1,19525.65,0
15762045,37,FEMALE,Germany,1,60,2/9/2021,474,142688.57,2,1,110953.33,0
15778142,31,Female,Germany,1,12,1/9/2025,850,130089.56,2,1,4466.21,0
15689268,36,Male,France,1,108,3/9/2017,584,0,1,1,105818.51,0
15721507,32,Female,France,0,12,1/9/2025,713,117094.02,1,0,149558.83,1
15750476,24,Male,Spain,0,96,3/9/2018,742,0,2,1,4070.28,0
15810723,39,Female,France,0,120,3/9/2016,607,0,3,1,132741.13,1
15787229,34,Female,Spain,0,24,1/9/2024,761,0,2,1,61251.25,0
15570508,49,Male,France,0,84,3/9/2019,600,90218.9,1,1,91347.76,0
15617065,42,Male,Spain,0,48,2/9/2022,650,194532.66,1,1,171045.31,1
15689786,56,Male,Germany,0,12,1/9/2025,850,169743.83,1,0,155850.4,1
15648876,34,Female,France,0,60,2/9/2021,501,0,1,1,27380.99,0
15802106,34,Male,France,0,96,3/9/2018,418,155973.88,1,1,154208.96,0
15773869,59,Male,Spain,1,48,2/9/2022,797,129321.44,1,1,93624.55,0
15711635,42,Female,Germany,0,72,2/9/2020,788,138650.49,2,1,64746.07,0
15795527,43,Male,Spain,0,24,1/9/2024,699,136487.86,2,1,82815.93,0
15759133,18,Male,France,1,72,2/9/2020,616,0,2,1,27308.58,0
15679394,41,FEMALE,France,1,48,2/9/2022,651,38617.2,1,1,104876.8,0
15801072,28,Female,France,0,84,3/9/2019,654,0,2,1,151316.37,0
15646082,34,Female,France,0,96,3/9/2018,676,82909.14,1,1,91817.38,1
15796111,54,Female,Germany,1,96,3/9/2018,708,145151.4,1,0,125311.17,1
15670646,42,Female,Spain,1,0,1/9/2026,499,147187.84,1,1,14868.94,1
15578722,39,Male,France,0,48,2/9/2022,689,0,2,1,196112.45,0
15815095,54,Male,Spain,0,84,3/9/2019,850,108185.81,2,0,24093.4,1
15730360,30,Male,France,1,48,2/9/2022,502,0,2,1,66263.87,0
15763194,34,Male,France,1,84,3/9/2019,643,0,2,0,100304.13,0
15720725,28,Male,France,0,24,1/9/2024,762,0,2,1,167909.52,0
15567834,49,Male,France,1,60,2/9/2021,719,105918.1,1,1,16246.59,0
15720644,27,Male,France,0,72,2/9/2020,789,0,2,1,103603.65,0
15811742,42,Male,Spain,0,84,3/9/2019,553,0,2,1,7680.23,0
15813363,25,Male,Spain,0,24,1/9/2024,448,0,2,0,95215.73,0
15717629,42,Male,Germany,1,72,2/9/2020,632,59972.26,2,0,148172.94,0
15713160,25,Male,Spain,0,84,3/9/2019,669,157228.61,2,1,124382.9,0
15568878,34,Male,Spain,0,60,2/9/2021,654,0,2,1,159311.46,0
15809800,38,Female,France,0,48,2/9/2022,726,0,2,0,6787.48,0
15736420,21,Male,France,1,48,2/9/2022,596,210433.08,2,0,197297.77,1
15757933,30,Female,Germany,0,12,1/9/2025,score_700,102452.71,1,1,21556.95,0
15623072,35,Female,Spain,0,60,2/9/2021,529,0,2,1,56518,0
15683993,37,Female,France,0,96,3/9/2018,493,142987.46,2,1,158840.99,0
15570947,29,Female,Spain,1,84,3/9/2019,615,143330.56,2,1,126396.01,0
15797767,49,Female,France,1,72,2/9/2020,600,0,1,0,148087.88,1
15731989,36,Male,France,0,48,2/9/2022,666,120165.4,2,1,33701.5,0
15591035,54,Male,Spain,1,72,2/9/2020,644,0,1,0,84622.37,0
15586479,36,Female,France,0,48,2/9/2022,692,0,1,1,185580.89,1
15605872,73,Male,France,1,72,2/9/2020,707,66573.17,1,1,62768.8,0
15666012,40,Male,France,1,48,2/9/2022,603,102833.46,2,1,38829.11,0
15641733,34,Female,France,0,60,2/9/2021,671,164757.56,1,1,110748.88,0
15593178,36,Female,,1,120,3/9/2016,568,153610.61,1,1,54083.8,1
15649183,35,Female,Spain,1,96,3/9/2018,598,0,3,0,88658.73,0
15736399,42,Male,Spain,0,120,3/9/2016,606,0,2,1,177938.52,0
15751137,36,Female,Germany,0,36,2/9/2023,unknown,169025.83,1,1,174235.06,0
15757188,26,Female,Spain,1,48,2/9/2022,644,153455.72,2,1,82696.84,0
15726167,37,Male,France,1,48,2/9/2022,655,0,2,1,142415.97,0
15624850,30,Male,France,0,120,3/9/2016,850,153972.89,2,1,62811.03,0
15717700,34,Male,Spain,1,108,3/9/2017,683,114609.55,2,0,25339.29,0
15716347,37,Male,Germany,1,84,3/9/2019,663,143625.83,2,0,176487.05,0
15696287,38,Female,  Germany  ,1,12,1/9/2025,682,116520.28,1,1,49833.5,1
15638871,77,Male,France,1,72,2/9/2020,639,80926.02,2,1,55829.25,0
15765093,23,Male,France,1,72,2/9/2020,704,166594.78,1,1,155823.2,0
15592999,40,Female,France,1,0,1/9/2026,691,115465.98,1,1,60622.61,0
15641715,34,Male,France,1,96,3/9/2018,599,0,2,1,174196.68,0
15607746,36,Female,France,1,12,1/9/2025,573,0,1,1,56905.38,0
15625311,41,Female,Germany,1,84,3/9/2019,589,92618.62,1,1,101178.85,0
15573077,25,Female,Germany,1,96,3/9/2018,620,141825.88,1,1,73857.94,1
15735106,28,Male,,0,72,2/9/2020,647,149594.02,2,1,102325.19,0
15672912,39,Female,Spain,0,84,3/9/2019,737,-5000,2,0,55356.39,1
15589881,41,Female,France,1,84,3/9/2019,634,0,2,1,131284.93,0
15660144,38,Male,France,0,48,2/9/2022,660,0,2,0,88080.43,0
15664083,37,Female,Germany,1,24,1/9/2024,666,9999999,1,0,93266.01,0
15690898,44,Male,France,0,96,3/9/2018,696,161889.79,1,0,75562.47,0
15808023,29,Female,France,1,108,3/9/2017,836,133681.78,1,1,153747.73,0
15676909,34,Female,Spain,0,60,2/9/2021,667,0,2,1,163830.64,0
15764922,20,Male,Spain,0,36,2/9/2023,596,,1,1,103456.47,0
15766734,31,Male,France,0,60,2/9/2021,430,0,1,1,95655.16,0
15795079,67,Male,Spain,1,72,2/9/2020,596,0,2,1,138350.74,0
15757434,28,Male,France,0,84,3/9/2019,599,119706.22,1,0,31190.42,0
15673747,,Female,France,1,96,3/9/2018,519,0,1,0,167553.06,0
15808386,45,Female,Germany,0,84,3/9/2019,721,138523.2,1,0,59604.45,1
15603565,56,Female,Spain,0,60,2/9/2021,603,90778.76,2,1,162223.67,1
15744044,47,Male,Germany,0,48,2/9/2022,572,99353.42,1,1,196549.85,1
15577771,40,Female,Germany,1,12,1/9/2025,453,111524.49,1,1,120373.84,1
15769548,37,Female,France,0,84,3/9/2019,668,128645.67,1,1,92149.64,0
15802071,35,Male,Germany,1,12,1/9/2025,762,117458.51,1,0,178361.48,1
15677395,39,Female,France,0,108,3/9/2017,633,129189.15,2,0,170998.83,0
15632010,33,Male,Spain,0,84,3/9/2019,647,121260.19,2,1,77216.48,0
15779492,56,Male,Spain,0,72,2/9/2020,796,94231.13,1,0,121164.6,1
15694677,39,Male,France,1,12,1/9/2025,733,9999999,2,1,141841.31,0
15704315,34,Male,France,1,96,3/9/2018,556,163757.06,1,1,104000.06,0
15742009,58,Male,Spain,1,48,2/9/2022,489,0,2,1,191419.32,0
15766663,22,Male,France,0,48,2/9/2022,639,0,2,1,28188.96,0
15742297,35,Male,France,1,24,1/9/2024,715,141005.47,1,1,60407.93,0
15688059,42,Female,Germany,1,108,3/9/2017,807,105356.09,2,1,130489.37,0
15752344,34,Male,Spain,0,60,2/9/2021,714,0,2,1,193040.32,0
15698749,23,Female,Germany,0,72,2/9/2020,626,85897.95,1,1,109742.8,0
15631693,36,Male,France,1,84,3/9/2019,697,0,2,1,74760.32,0
15604536,31,Female,Germany,1,48,2/9/2022,850,164672.66,1,0,61936.1,0
15802869,45,Female,Germany,1,24,1/9/2024,737,99169.67,2,1,78650.95,0
15635598,29,Male,France,0,72,2/9/2020,812,0,2,0,168023.6,0
15592326,36,Male,France,1,96,3/9/2018,583,0,2,0,5571.59,0
15736533,37,Female,Germany,0,60,2/9/2021,730,124053.03,1,1,118591.67,0
15647191,36,Male,France,0,48,2/9/2022,677,0,2,1,7824.31,0
15622507,40,Female,Germany,0,36,2/9/2023,748,103499.09,2,0,38153.19,0
15765487,38,Female,Germany,1,108,3/9/2017,753,151766.71,1,1,180829.99,0
15646521,36,Female,Spain,1,12,1/9/2025,634,0,1,1,143960.72,0
15746258,29,Male,France,1,84,3/9/2019,622,101486.96,1,1,8788.35,0
15692430,36,Male,Germany,0,24,1/9/2024,699,123601.56,2,1,103557.85,0
15625501,38,Male,Germany,0,12,1/9/2025,570,127201.58,1,1,147168.28,1
15640521,33,Male,Germany,0,36,2/9/2023,552,144962.74,1,1,58844.84,1
15790630,48,Female,France,0,48,2/9/2022,619,0,1,0,18094.96,1
15664720,33,Male,Spain,0,96,3/9/2018,714,122017.19,1,0,162515.17,0
15750055,32,Male,Spain,1,108,3/9/2017,503,100262.88,2,1,157921.25,0
15644878,43,Female,Spain,0,72,2/9/2020,685,117302.62,1,0,68701.73,0
15754578,35,Female,France,0,0,1/9/2026,606,135984.15,2,1,186778.89,0
15705379,38,Male,France,0,36,2/9/2023,678,0,2,1,66561.6,0
15761047,Unknown,Male,Germany,1,24,1/9/2024,724,160997.54,2,0,64831.36,0
15671293,37,Female,Germany,1,24,1/9/2024,779,128389.63,1,1,6589.16,1
15687527,35,Male,Spain,0,12,1/9/2025,638,0,2,1,165370.66,0
15647898,50,Female,Spain,0,60,2/9/2021,610,130554.51,3,1,184758.17,1
15671534,57,Female,Germany,0,72,2/9/2020,646,90212,1,1,13911.27,1
15591248,29,Female,France,1,108,3/9/2017,628,71996.29,1,1,34857.46,0
15676156,32,Female,France,0,48,2/9/2022,528,85615.66,2,1,156192.43,0
15812918,27,Female,NULL,0,72,2/9/2020,432,62339.81,2,0,53874.67,0
15604130,47,Female,Spain,0,72,2/9/2020,622,142319.03,1,0,100183.05,0
15700549,54,Male,France,1,60,2/9/2021,721,0,2,1,4493.12,0
15715519,36,Male,Spain,0,60,2/9/2021,614,0,2,1,130610.78,0
15707042,24,  Female  ,France,0,24,1/9/2024,634,87413.19,1,1,63340.65,0
15605276,29,Female,France,1,48,2/9/2022,742,0,2,1,180066.59,0
15630592,45,Female,France,0,48,2/9/2022,516,0,1,1,95273.73,1
15636626,35,Male,France,1,36,2/9/2023,718,97560.16,1,1,53511.74,0
15740411,30,Male,Germany,1,96,3/9/2018,636,141787.31,2,1,109685.61,0
15593834,36,Male,Spain,0,84,3/9/2019,691,129934.64,1,0,75664.56,1
15804235,37,Female,France,1,24,1/9/2024,698,166178.02,2,1,71972.95,0
15679801,39,Female,Spain,1,60,2/9/2021,712,163097.55,2,1,23702.42,0
15673907,20,Male,France,0,96,3/9/2018,659,0,2,0,112572.02,0
15636562,44,Male,Spain,0,96,3/9/2018,573,0,2,0,62424.46,0
15702571,35,Female,GERMANY,1,12,1/9/2025,778,151958.19,3,1,131238.37,1
15627365,46,Male,France,1,0,1/9/2026,732,0,2,1,184350.78,0
15748499,33,Male,Germany,1,48,2/9/2022,550,118400.91,1,0,13999.64,1
15598614,20,Male,Spain,0,96,3/9/2018,unknown,0,2,1,168152.76,0
15668889,43,Female,Germany,0,24,1/9/2024,665,116322.27,4,1,35640.12,1
15800049,43,Female,Spain,1,60,2/9/2021,728,0,1,1,120088.17,0
15583724,29,Female,  Spain  ,1,48,2/9/2022,645,0,2,1,74346.11,0
15622083,30,Male,Germany,0,72,2/9/2020,647,143138.91,2,1,2955.46,0
15645571,32,Male,Spain,1,48,2/9/2022,596,0,2,0,146504.35,0
15598266,40,Male,France,1,108,3/9/2017,610,0,1,1,149602.54,0
15667934,36,Male,France,0,0,1/9/2026,512,129804.17,1,1,53020.9,0
15569682,37,Male,Germany,0,108,3/9/2017,768,108308.11,1,1,41788.25,1
15772941,30,Male,Germany,1,36,2/9/2023,666,110153.27,1,0,74849.46,0
15586174,30,Female,Germany,1,48,2/9/2022,700,116377.48,1,1,134417.31,0
15803682,37,Female,Germany,1,120,3/9/2016,651,117791.06,2,1,75837.58,0
15627328,26,Female,Spain,1,24,1/9/2024,542,0,2,1,54869.54,0
15717065,35,Female,France,0,96,3/9/2018,686,105419.73,1,1,35356.46,0
15602456,47,Female,Germany,1,48,2/9/2022,850,99219.47,2,1,122141.13,0
15721569,55,Female,Germany,1,96,3/9/2018,658,,1,0,119439.66,0
15573798,36,Female,France,0,72,2/9/2020,448,83947.12,2,1,81999.53,0
15638272,32,Male,Spain,1,48,2/9/2022,609,99883.16,1,1,120594.85,0
15799859,50,Male,France,0,48,2/9/2022,704,165438.26,1,1,120770.75,1
15599152,31,Male,France,0,12,1/9/2025,698,156111.24,1,0,134790.74,0
15737909,44,Male,France,0,24,1/9/2024,759,111095.58,2,1,100137.7,0
15646190,56,Female,France,0,0,1/9/2026,677,119963.45,1,0,158325.87,1
15711249,22,Male,Spain,0,48,2/9/2022,544,0,2,1,70007.67,0
15671987,35,Male,ES,0,96,3/9/2018,567,153137.74,1,1,88659.07,0
15812766,40,Male,Spain,0,72,2/9/2020,490,156111.08,1,0,190889.13,0
15778589,34,Male,France,1,84,3/9/2019,626,113014.7,2,1,56646.28,0
15750104,43,Male,Germany,0,60,2/9/2021,718,132615.73,2,1,32999.1,0
15784526,44,Male,France,1,60,2/9/2021,616,102016.38,1,0,178235.37,1
15646563,35,Female,France,1,108,3/9/2017,772,0,1,0,25448.31,0
15744423,32,Male,France,0,60,2/9/2021,561,0,2,1,84871.99,0
15593694,49,Male,France,0,96,3/9/2018,814,0,2,0,157822.54,0
15785367,56,Female,France,0,48,2/9/2022,651,0,1,0,84383.22,1
15687765,42,Female,Germany,0,48,2/9/2022,538,80380.24,1,1,119216.46,0
15789014,26,Female,France,0,72,2/9/2020,600,108909.12,1,1,82547.01,0
15703177,35,Female,France,1,24,1/9/2024,654,90865.8,1,1,86764.46,0
15660263,40,Male,France,0,48,2/9/2022,622,99799.76,2,1,197372.13,0
15776545,-5,Male,France,1,120,3/9/2016,682,200724.96,1,0,82872.64,1
15683276,37,Female,Spain,1,120,3/9/2016,610,140363.95,2,1,129563.86,0
15599272,36,Female,France,1,12,1/9/2025,795,151844.64,1,1,135388.89,0
15589541,27,Female,France,1,24,1/9/2024,557,0,2,0,4497.55,0
15608804,49,Male,Germany,1,96,3/9/2018,824,133231.48,1,1,67885.37,0
15645820,27,Male,France,0,84,3/9/2019,698,0,2,1,111471.55,0
15659031,36,Female,France,1,96,3/9/2018,630,126598.99,2,1,134407.93,0
15790113,71,Female,Germany,0,72,2/9/2020,609,113317.1,1,1,108258.22,1
15652289,47,Male,France,0,48,2/9/2022,694,0,2,1,197528.62,0
15605341,58,Female,France,1,96,3/9/2018,681,93173.88,1,1,139761.25,0
15697844,32,Female,Spain,0,120,3/9/2016,721,0,1,1,136119.96,1
15652048,44,Male,Germany,1,84,3/9/2019,563,105007.31,2,1,197812.16,0
15587038,32,Female,Spain,1,24,1/9/2024,654,0,1,1,51972.92,1
15660528,27,Male,Spain,0,48,2/9/2022,659,0,2,1,99341.87,0
15700300,44,Female,Germany,1,48,2/9/2022,674,131593.85,1,0,171345.02,1
15642001,44,Male,Germany,0,108,3/9/2017,576,119530.52,1,1,119056.68,1
15580366,54,Male,Germany,1,48,2/9/2022,566,118614.6,2,1,172601.62,0
15657228,37,Male,Germany,1,108,3/9/2017,545,95829.13,2,0,104936.88,0
15729377,36,Male,France,1,12,1/9/2025,798,0,2,1,159044.1,0
15686913,,Male,France,0,0,1/9/2026,757,0,1,1,83263.06,0
15631267,50,Male,France,1,72,2/9/2020,641,153590.73,2,1,130910.78,0
15632275,29,Male,France,0,24,1/9/2024,718,0,1,1,126336.72,0
15715907,64,Male,France,0,108,3/9/2017,699,113109.52,1,1,27980.8,1
15764841,35,  Female  ,France,1,0,1/9/2026,623,130557.24,1,1,47880.71,0
15748649,40,Male,France,0,96,3/9/2018,644,93183.19,1,1,73882.49,0
15771409,58,Male,France,0,84,3/9/2019,586,151933.63,1,1,162960.05,1
15779207,30,Male,Germany,1,24,1/9/2024,score_700,125495.64,2,1,68807.47,0
15814116,42,Female,France,0,84,3/9/2019,583,0,2,1,144039.05,0
15665087,26,Female,Germany,1,96,3/9/2018,595,118547.72,1,1,151192.18,0
15611189,43,Male,Spain,0,12,1/9/2025,670,97792.21,1,0,120225.62,0
15729718,41,Male,France,0,72,2/9/2020,610,0,3,0,56118.81,1
15733602,72,Female,Spain,1,24,1/9/2024,814,0,2,0,130853.03,0
15620103,40,Female,France,1,96,3/9/2018,660,167181.01,1,1,185156.94,0
15770406,35,Male,Germany,1,108,3/9/2017,unknown,121355.19,1,0,35671.45,0
15800554,81,Female,France,1,12,1/9/2025,850,0,2,1,59568.24,0
15611409,35,Male,,0,0,1/9/2026,676,0,2,0,139911.58,0
15646535,years 46,Male,France,0,60,2/9/2021,578,113226.47,1,1,56770.76,0
15575430,33,Female,France,1,12,1/9/2025,579,118392.75,1,1,157564.75,0
15711299,52,Female,Germany,1,96,3/9/2018,711,145262.54,1,0,131473.31,0
15642063,40,Male,France,0,72,2/9/2020,692,163505.16,1,0,90424.09,0
15706602,33,Female,  Spain  ,1,12,1/9/2025,760,118114.28,2,0,156660.21,0
15592773,51,Female,Germany,0,0,1/9/2026,630,108449.23,3,0,88372.69,1
15786539,32,Male,France,1,12,1/9/2025,808,0,2,1,46200.71,0
15737542,36,  Female  ,Germany,0,120,3/9/2016,611,103294.56,1,1,160548.12,0
15590234,42,Female,France,0,12,1/9/2025,697,0,1,1,1262.83,1
15773776,38,Female,France,1,72,2/9/2020,655,0,1,1,188639.28,0
15728082,28,Male,Spain,0,72,2/9/2020,601,0,2,1,14665.28,0
15609987,42,Male,France,0,24,1/9/2024,755,119919.12,1,1,156868.21,0
15735330,37,Male,France,0,12,1/9/2025,553,0,1,1,30461.55,0
15649430,28,Male,France,1,48,2/9/2022,723,0,2,1,123885.88,0
15768777,34,Female,Spain,1,48,2/9/2022,507,0,2,1,60688.38,0
15777893,43,Male,France,0,12,1/9/2025,777,0,2,1,21785.91,0
15791326,34,  Male  ,France,0,36,2/9/2023,566,0,1,0,188135.69,0
15615176,26,Male,France,0,84,3/9/2019,732,0,2,1,154364.66,0
15735221,42,Female,France,0,120,3/9/2016,697,0,2,1,61312.15,0
15617991,29,Male,France,1,48,2/9/2022,555,128744.04,1,1,47454.93,0
15658504,62,Female,Germany,1,108,3/9/2017,584,137727.34,2,0,121102.9,0
15785705,44,Female,Germany,0,120,3/9/2016,705,106731.58,1,1,137419.87,1
15801817,38,Female,France,1,84,3/9/2019,688,123544.21,1,1,157664.02,0
15752578,999,Female,France,0,24,1/9/2024,626,133968.96,2,1,148689.65,0
15781574,76,Male,Spain,1,108,3/9/2017,636,126534.6,1,1,39789.62,0
15792107,35,Female,Spain,1,96,3/9/2018,719,0,1,1,165162.4,0
15569917,,Male,Spain,0,72,2/9/2020,706,87609.68,2,0,137674.55,1
15721504,41,Male,Spain,0,36,2/9/2023,731,0,2,1,101371.72,0
15757306,49,Male,Spain,1,36,2/9/2023,738,0,3,1,65066.48,1
15647295,34,Male,France,0,108,3/9/2017,426,0,2,1,107876.91,0
15642098,36,Female,Spain,0,0,1/9/2026,622,108960,2,1,111180.3,1
15696120,30,Female,Spain,0,24,1/9/2024,701,0,2,1,115650.63,0
15675176,51,Male,France,1,72,2/9/2020,512,144953.31,1,1,165035.17,0
15700046,41,Male,France,0,48,2/9/2022,635,103544.88,2,1,193746.55,0
15782089,33,Male,France,0,72,2/9/2020,685,0,1,1,58458.26,0
15706394,53,Male,France,1,84,3/9/2019,609,0,2,0,52332.85,0
15759387,38,Male,Germany,1,12,1/9/2025,598,101487.18,1,1,75959.1,1
15623369,52,male,France,0,120,3/9/2016,708,105355.81,1,1,123.07,1
15732943,36,Male,Spain,0,48,2/9/2022,574,77967.5,1,1,167066.95,1
15750545,44,Male,France,0,60,2/9/2021,629,0,4,0,117572.59,1
15809909,54,Female,Spain,1,48,2/9/2022,422,0,2,1,7166.71,0
15642448,28,Male,Spain,1,96,3/9/2018,656,120047.77,1,1,137173.39,0
15791944,32,Male,France,0,84,3/9/2019,697,175464.85,3,1,116442.42,1
15768342,52,Male,France,1,96,3/9/2018,718,79475.3,3,1,32421.32,1
15567919,37,Male,Germany,1,96,3/9/2018,586,167735.69,2,0,104665.79,0
15674750,37,Female,Spain,0,96,3/9/2018,481,0,2,1,44215.86,0
15778345,33,Female,France,0,12,1/9/2025,749,9999,1,1,20164.47,0
15687634,49,Male,Germany,1,60,2/9/2021,561,94754,1,1,26691.31,0
15666096,27,Male,Spain,1,48,2/9/2022,676,0,1,0,107955.67,0
15581700,43,Male,Germany,1,36,2/9/2023,615,86920.86,1,1,150048.37,0
15656417,39,Female,France,0,12,1/9/2025,582,132077.48,2,1,192255.15,0
15649101,40,Male,France,0,120,3/9/2016,601,127847.86,1,0,173245.68,0
15781975,34,Male,  France  ,1,36,2/9/2023,708,0,1,0,121457.88,1
15700511,42,Male,Germany,1,108,3/9/2017,708,176702.36,2,1,104804.74,0
15770255,33,Female,Germany,0,120,3/9/2016,797,83555.58,1,0,69767.14,0
15643574,26,Male,France,0,96,3/9/2018,682,0,2,1,178373.43,0
15595010,39,Female,Spain,0,108,3/9/2017,694,0,2,0,99924.04,0
15580579,40,Female,France,1,12,1/9/2025,490,0,1,1,49594.19,1
15748532,42,Male,Spain,1,120,3/9/2016,828,0,1,1,186071.14,0
15773789,38,Female,Spain,0,84,3/9/2019,594,96858.35,1,1,77511.45,0
15600027,33,Male,Spain,1,12,1/9/2025,579,0,2,1,54816.57,0
15620832,35,Female,France,1,0,1/9/2026,723,0,2,0,61290.99,0
15568819,42,Female,Germany,1,96,3/9/2018,619,132796.04,3,1,191821.35,1
15748691,30,Female,Spain,1,12,1/9/2025,794,154970.54,1,0,156768.45,0
15583552,44,Male,Germany,0,36,2/9/2023,674,88902.21,1,1,73731.32,0
15588019,28,Male,France,0,84,3/9/2019,418,98738.92,1,1,122190.22,0
15713250,33,Male,France,1,96,3/9/2018,502,0,2,1,123509.01,0
15569595,50,Female,France,0,72,2/9/2020,678,0,1,1,8199.5,0
15794868,40,Male,Germany,1,120,3/9/2016,599,137456.28,2,1,14113.11,0
15576680,29,Male,France,0,48,2/9/2022,736,0,2,0,51705.01,0
15613699,60,Female,France,0,84,3/9/2019,430,73937.02,1,1,161937.62,1
15609758,45,Female,  France  ,0,84,3/9/2019,537,158621.04,1,1,120892.96,1
15762392,30,Male,Spain,1,12,1/9/2025,683,113257.2,1,1,65035.02,0
15693382,31,Male,France,1,108,3/9/2017,828,0,1,0,164257.37,0
15791769,29,Female,France,0,108,3/9/2017,691,116536.43,1,1,51987.99,0
15712483,28,Female,Spain,0,48,2/9/2022,608,0,2,1,10899.63,1
15636454,60,Female,France,0,72,2/9/2020,691,101070.69,1,1,177355.8,1
15710138,39,Male,Spain,1,72,2/9/2020,718,0,2,0,63889.1,0
15571571,years 31,Female,Germany,1,36,2/9/2023,680,127331.46,3,1,176433.6,0
15638751,41,Female,Spain,0,60,2/9/2021,838,0,2,1,81313.51,0
15598574,31,Female,Spain,1,60,2/9/2021,695,0,2,0,13998.88,0
15796787,46,Male,France,0,0,1/9/2026,681,105969.42,1,1,5771.56,0
15615670,36,Male,France,1,60,2/9/2021,762,119547.46,1,1,42693.65,0
15705506,38,Male,Spain,0,84,3/9/2019,751,0,2,0,90839.61,0
15599535,28,Male,Spain,1,60,9/2/2021,678,138668.18,1,1,54144.01,0
15768449,37,Female,France,1,84,3/9/2019,634,51582.5,2,1,184312.88,0
15725002,37,Male,France,0,84,3/9/2019,749,0,2,1,20306.79,0
15611682,37,Male,Spain,1,72,2/9/2020,590,169902.92,1,1,128256.18,0
15749964,27,Female,France,0,48,2/9/2022,610,87262.4,2,1,182720.07,0
15678779,33,Male,France,1,84,3/9/2019,502,0,2,0,4082.52,0
15752601,40,Female,France,0,84,3/9/2019,578,0,2,0,102233.73,0
15758477,32,Female,France,0,24,1/9/2024,547,0,2,1,132002.83,0
15629133,27,Female,France,0,108,3/9/2017,579,0,2,1,126838.7,0
15604963,39,Male,France,0,60,2/9/2021,661,0,2,0,181461.46,0
15796413,46,Male,France,0,72,2/9/2020,794,0,2,1,195325.74,0
15812470,61,Male,France,1,60,2/9/2021,719,0,2,0,29132.43,0
15587443,69,Female,France,1,12,1/9/2025,728,0,2,1,131804.86,0
15689692,19,Male,Germany,1,36,2/9/2023,598,150348.37,1,1,173784.04,0
15779586,46,Female,Germany,0,36,2/9/2023,822,115074.02,2,1,26249.86,0
15667588,40,Female,Spain,1,36,2/9/2023,670,0,1,1,182650.15,0
15624423,28,Male,France,0,96,3/9/2018,850,99986.98,1,1,196582.55,0
15591107,68,Female,Germany,0,36,2/9/2023,723,110357,1,0,141977.54,1
15748986,42,Male,Germany,1,96,3/9/2018,705,166685.92,2,1,55313.51,0
15793896,40,Male,Spain,1,84,3/9/2019,677,95312.8,1,1,62944.75,0
15620570,43,Male,France,0,48,2/9/2022,736,202443.47,1,1,72375.03,0
15727811,47,Female,Germany,0,0,1/9/2026,661,109493.62,1,0,188324.01,1
15707681,38,Male,Germany,1,108,3/9/2017,501,88977.39,2,0,133403.07,0
15702030,29,Female,France,0,24,1/9/2024,516,104982.57,1,1,157378.5,0
15673238,59,Female,Germany,0,96,3/9/2018,517,154110.99,2,1,101240.08,1
15604196,32,Male,France,1,72,2/9/2020,766,185714.28,1,1,102502.5,0
15769356,23,  Female  ,Germany,1,36,2/9/2023,520,116022.53,2,1,37577.66,0
15665590,46,Male,France,1,72,2/9/2020,541,0,2,1,83456.67,0
15572361,34,Female,Germany,0,24,1/9/2024,790,164011.48,1,1,199420.41,0
15667460,31,Male,France,1,108,3/9/2017,797,0,2,1,24748.89,0
15654760,40,Male,France,1,12,1/9/2025,811,101514.89,1,1,121765,0
15632669,32,Female,Spain,1,48,2/9/2022,722,0,2,1,113666.48,0
15613673,28,Male,France,0,108,3/9/2017,675,0,1,1,134110.93,0
15698522,39,Male,Germany,0,108,3/9/2017,660,134599.33,2,1,183095.87,0
15741633,32,Male,Spain,1,120,3/9/2016,566,147511.26,1,1,159891.03,0
15674583,25,Male,France,1,0,1/9/2026,768,78396.08,1,1,8316.19,0
15665374,31,Female,Spain,0,60,2/9/2021,610,0,2,0,63736.36,0
15588854,31,Female,France,1,36,2/9/2023,715,110581.29,1,1,94715.24,0
15810716,42,Male,Germany,0,96,3/9/2018,750,151836.36,2,1,68695.38,0
15776921,45,Male,Germany,0,60,2/9/2021,431,83624.55,2,0,36899.62,0
15569394,24,Male,France,0,24,1/9/2024,704,148197.15,2,1,182775.08,0
15788215,30,Female,Spain,0,60,2/9/2021,535,122924.75,1,0,62390.59,1
15641007,38,Female,France,1,48,2/9/2022,614,72594,1,1,76042.48,0
15594651,38,Male,France,1,48,2/9/2022,748,115221.36,1,0,70956.75,0
15575146,51,Male,Germany,1,96,3/9/2018,492,117808.74,2,1,67311.12,0
15608916,40,Male,France,1,84,3/9/2019,573,147754.68,1,1,110454.46,0
15666297,53,Female,Spain,0,36,2/9/2023,706,0,3,0,88479.02,1
15598586,31,Male,France,1,120,3/9/2016,680,113292.17,1,1,122639.73,0
15665014,36,Male,Spain,0,60,2/9/2021,458,0,2,1,79723.78,0
15701738,44,Male,Germany,1,24,1/9/2024,612,115163.38,1,1,97677.52,1
15650591,N/A,Male,Germany,1,120,3/9/2016,809,118098.62,1,1,100720.02,1
15652667,39,Male,France,1,108,3/9/2017,590,0,2,1,104730.52,0
15679622,35,Male,France,1,96,3/9/2018,602,-1,1,1,22499.29,0
15730150,37,Male,Spain,0,0,1/9/2026,540,120825.7,1,1,28257.89,0
15813192,years 25,Male,France,1,72,2/9/2020,494,0,2,0,109988.09,0
15606554,N/A,Male,France,1,12,1/9/2025,797,0,1,0,149991.32,0
15611794,61,Male,Germany,1,72,2/9/2020,526,133845.28,2,1,45180.8,0
15672357,38,Male,Spain,0,84,3-Sep-19,631,0,2,1,181605.85,0
15711759,29,Female,France,1,60,2/9/2021,576,108541.04,1,1,126469.09,0
15615296,39,Male,France,0,120,3/9/2016,405,0,1,1,160810.85,1
15699294,30,Male,France,0,12,1/9/2025,555,0,2,0,88146.86,0
15788634,37,Female,Spain,0,24,1/9/2024,750,113817.06,1,0,88333.74,0
15660871,28,Male,France,0,96,3/9/2018,665,137300.23,1,1,90174.83,0
15618258,37,Male,Spain,0,60,2/9/2021,640,158024.38,1,1,81298.09,0
15722535,33,Female,France,1,84,3/9/2019,457,127837.54,1,0,60013.17,0
15711977,36,Male,France,0,48,2/9/2022,695,161533,1,1,100940.91,0
15690169,31,Male,France,0,84,3/9/2019,645,161171.7,2,1,12599.94,1
15790689,32,Male,Spain,1,108,3/9/2017,647,80958.36,1,1,128590.73,0
15665181,25,Male,Spain,1,84,3/9/2019,808,0,2,0,23180.37,0
15633608,33,Male,France,1,24,1/9/2024,641,146193.6,2,1,55796.83,1
15805261,29,Male,Spain,1,96,3/9/2018,700,0,2,0,152097.02,0
15740356,26,Male,Germany,1,48,2/9/2022,660,115021.76,1,0,162443.05,0
15808223,41,Male,Spain,1,12,1/9/2025,615,126773.43,1,1,55551.26,0
15769980,40,Female,Germany,1,36,2/9/2023,705,92889.91,1,1,109496.69,0
15675450,48,Male,France,1,108,3/9/2017,718,0,2,1,72105.63,0
15776494,61,Male,France,1,60,2/9/2021,754,146622.35,1,1,41815.22,1
15592412,45,Male,Germany,0,48,2/9/2022,713,131038.14,1,1,74005.04,1
15777452,46,Female,France,0,72,2/9/2020,587,88820.29,1,0,70224.34,0
15692258,31,Male,Spain,0,12,1/9/2025,569,115406.97,1,0,145528.22,0
15791045,38,Female,France,1,36,2/9/2023,568,132951.92,1,0,124486.28,0
15807889,74,Male,Germany,0,60,2/9/2021,634,108891.7,1,1,10078.02,0
15602043,46,Female,Germany,0,60,2/9/2021,770,141788.63,2,0,164967.21,0
15807335,64,Female,Spain,1,48,2/9/2022,676,116954.32,1,1,91149.48,0
15629985,47,Female,Germany,0,120,3/9/2016,723,90450,2,0,103379.31,1
15679453,39,Female,Germany,1,96,3/9/2018,614,125997.22,1,1,128049.34,1
15637315,41,Female,Spain,0,36,2/9/2023,601,0,2,1,54342.83,0
15691513,60,Male,France,1,108,3/9/2017,592,0,4,1,13614.01,1
15622289,36,  Female  ,Spain,1,108,3/9/2017,605,0,2,0,35521.63,0
15715184,31,Female,Spain,0,48,2/9/2022,752,144637.86,2,1,40496.72,0
15702801,29,Female,France,0,36,2/9/2023,677,86616.35,1,0,91903.9,1
15719931,31,Male,France,0,96,3/9/2018,850,0,2,1,178667.7,0
15806081,48,Female,Germany,0,24,1/9/2024,608,127924.25,2,1,32202.61,0
15796336,34,Female,ES,0,108,3/9/2017,786,0,2,1,117034.32,0
15647306,29,Female,France,1,108,3/9/2017,777,131240.61,1,1,163746.09,1
15742369,31,Male,Spain,1,60,2/9/2021,667,0,2,1,20346.69,0
15655859,35,Male,Spain,0,60,2/9/2021,848,120046.74,2,1,84710.65,0
15675650,39,Female,France,1,96,3/9/2018,486,97819.36,1,0,120531.31,0
15574119,64,Female,Spain,1,12,1/9/2025,598,62979.93,1,1,152273.57,0
15754168,40,Female,France,1,36,2/9/2023,506,0,1,1,144345.58,0
15763029,46,Male,Germany,1,108,3/9/2017,612,161450.03,1,1,96961,1
15765048,years 30,Male,France,0,36,2/9/2023,545,0,2,1,170307.43,0
15786215,56,Male,France,0,96,3/9/2018,793,119496.25,2,1,29880.99,0
15707559,30,Female,France,1,108,3/9/2017,682,0,2,1,195104.91,0
15582129,62,  Male  ,France,0,12,1/9/2025,517,43772.66,3,1,187756.24,1
15687540,32,Male,France,1,108,3/9/2017,684,100249.41,2,0,67599.69,0
15787196,46,Male,Spain,1,24,1/9/2024,692,0,2,1,105983.09,0
15670898,60,Female,France,0,60,2/9/2021,740,108028.08,2,0,25980.42,1
15775433,71,Male,Germany,1,12,1/9/2025,666,53013.29,2,1,112222.64,0
15700693,68,Male,France,1,24,1/9/2024,693,0,2,1,59864.96,0
15677955,33,Male,Germany,0,12,1/9/2025,757,122088.67,1,1,42581.09,0
15570086,18,Male,Germany,1,108,3/9/2017,684,90544,1,0,4777.23,0
15794875,35,Male,Spain,1,72,2/9/2020,691,0,2,0,178038.17,0
15673591,N/A,Male,France,1,36,2/9/2023,842,141252.18,4,0,128521.16,1
15631756,35,Female,France,0,60,2/9/2021,482,147813.05,2,0,109029.72,0
15757617,55,Male,France,0,72,2/9/2020,735,134140.68,1,1,2267.88,0
15612729,63,Female,France,1,84,3/9/2019,681,0,2,1,55054.48,0
15637857,31,Female,France,1,96,3/9/2018,616,0,1,0,76456.17,0
15681007,35,Female,France,0,24,1/9/2024,850,128548.49,4,1,75478.95,1
15593622,43,Male,France,1,120,3/9/2016,635,122198.21,2,0,179144.54,0
15629273,42,Male,Germany,0,96,3/9/2018,638,145177.84,1,1,193471.74,1
15765846,31,Female,Spain,0,24,1/9/2024,820,94222.53,1,1,103570.8,0
15596013,58,Female,Germany,0,12,1/9/2025,694,143212.22,1,0,102628.56,1
15722473,41,Male,France,0,36,2/9/2023,713,0,2,1,55772.04,0
15774936,41,Male,Germany,1,72,2/9/2020,543,143350.41,1,1,192070.16,1
15685640,41,Female,France,1,36,2/9/2023,649,130931.83,1,1,144808.37,0
15566563,30,Female,France,0,48,2/9/2022,777,137851.31,1,1,5008.23,1
15768746,33,NULL,France,0,72,2/9/2020,561,0,2,0,173680.39,0
15689952,41,Male,Spain,1,60,2/9/2021,724,0,1,0,115753.94,0
15725906,51,Female,Spain,1,96,3/9/2018,665,0,1,1,38928.48,1
15634501,60,Male,France,1,12,1/9/2025,441,140614.15,1,0,174381.23,0
15571940,22,Male,Spain,1,36,2/9/2023,579,118680.57,1,1,49829.8,0
15741643,35,Male,Germany,1,84,3/9/2019,777,122917.69,1,1,76169.68,0
15806822,36,Female,France,0,0,1/9/2026,739,0,2,0,133465.57,0
15701166,40,Male,France,1,60,2/9/2021,660,131754.11,2,1,38761.61,0
15718531,35,Female,France,1,96,3/9/2018,554,0,2,1,176779.46,0
15628308,24,Female,France,1,72,2/9/2020,850,0,2,1,13159.9,0
15585287,35,Female,Germany,0,108,3/9/2017,842,119948.09,1,1,48217.97,1
15781619,38,Female,France,0,12,1/9/2025,785,0,1,1,134964.85,1
15805162,25,Male,France,1,0,1/9/2026,550,0,2,1,184221.11,0
15588535,39,Female,Spain,0,72,2/9/2020,750,0,2,0,19264.33,0
15775307,38,Female,Spain,1,36,2/9/2023,490,97266.1,1,1,92797.23,0
15777616,28,Male,Germany,0,120,3/9/2016,605,113690.83,1,1,33114.24,0
15692291,42,Female,Spain,0,72,2/9/2020,563,99056.22,2,1,154347.95,1
15680843,34,Male,France,1,96,3/9/2018,675,0,2,1,184842.21,0
15606232,36,Female,Spain,1,84,3/9/2019,621,116338.68,1,1,155743.48,0
15641585,40,Male,France,1,72,2/9/2020,850,97339.99,1,0,88815.25,0
15684358,41,Male,France,1,36,2/9/2023,711,,2,1,193747.57,0
15806389,55,Female,Germany,1,12,1/9/2025,549,137592.31,2,0,116548.02,1
15641860,34,Male,Germany,0,72,2/9/2020,764,108760.27,2,1,166324.79,1
15814237,30,Male,Germany,1,36,2/9/2023,627,128770.88,2,1,40199.01,0
15808780,34,Female,France,0,24,1/9/2024,850,0,2,0,51919.04,0
15767064,36,Female,Spain,1,12,1/9/2025,614,44054.84,1,1,73329.08,0
15751177,44,Female,Germany,0,24,1/9/2024,685,119657.53,1,1,145387.05,1
15613427,49,Female,Germany,0,84,3/9/2019,683,108797.63,2,0,140763.18,0
15647259,35,Male,Spain,0,24,1/9/2024,643,0,2,0,67979.35,0
15748660,49,Female,Germany,0,12,1/9/2025,561,102025.32,1,1,133051.64,1
15726695,20,Female,Spain,0,108,3/9/2017,601,122446.61,2,1,86791.9,0
15757473,27,Female,France,1,84,3/9/2019,766,158786.67,2,0,47579.25,0
15809509,years 29,Male,France,1,36,2/9/2023,699,125689.29,1,1,151623.71,0
15715512,29,Male,Germany,1,12,1/9/2025,850,154640.41,1,1,164039.51,0
15614168,50,Female,Germany,0,48,2/9/2022,792,146710.76,1,1,16528.4,1
15679818,67,Male,Germany,1,84,3/9/2019,636,136709.35,1,0,66753.1,1
15609928,43,Male,Germany,1,60,2/9/2021,850,129305.09,2,0,19244.58,0
15731246,40,Male,Spain,0,120,3/9/2016,628,0,2,1,103832.58,0
15685243,63,Female,France,1,120,3/9/2016,736,0,2,0,502.7,0
15638730,21,Female,France,1,0,1/9/2026,711,82844.33,2,0,1408.68,0
15697034,22,Female,Spain,1,24,1/9/2024,583,0,2,0,5985.36,0
15699225,46,Male,France,0,0,1/9/2026,757,0,2,1,37460.05,0
15677387,33,Female,Germany,1,120,3/9/2016,749,76692.22,1,0,30396.43,0
15759184,34,Male,France,0,84,3/9/2019,705,117715.84,1,1,2498.67,0
15595991,54,Male,France,1,96,3/9/2018,585,87105.32,1,1,55346.14,0
15681332,43,Female,France,0,72,2/9/2020,437,0,1,1,148330.97,1
15756299,64,Female,France,1,24,1/9/2024,741,69311.16,1,1,59237.72,0
15750547,26,Male,France,1,108,3/9/2017,738,0,2,1,48644.94,0
15566380,33,Female,Spain,1,120,3/9/2016,586,66948.67,many,1,140759.03,0
15675963,57,Female,France,1,108,3/9/2017,627,0,2,1,107712.42,0
15674671,76,Male,Spain,1,24,1/9/2024,551,128410.71,2,1,181718.73,0
15621466,38,Male,Germany,0,36,2/9/2023,606,99897.53,1,0,37054.65,0
15607176,22,Male,France,1,36,2/9/2023,674,0,1,1,173940.59,0
15570299,31,Female,Germany,0,72,2/9/2020,584,152622.34,1,1,99298.8,0
15613197,40,Male,France,0,96,3/9/2018,590,0,2,1,62933.03,0
15798885,56,Male,France,1,48,2/9/2022,585,138227.19,2,1,55287.84,0
15714883,25,Female,France,1,24,1/9/2024,508,111395.53,1,0,48197.06,0
15604497,44,Male,Germany,0,84,3/9/2019,458,84386.57,1,1,178642.73,0
15773949,36,Female,France,1,36,2/9/2023,692,0,2,1,8282.22,0
15774164,33,Male,Germany,0,60,2/9/2021,502,174673.65,2,1,33300.56,0
15774127,46,Male,France,0,36,2/9/2023,518,0,2,1,76515.79,0
15619016,46,Male,Germany,1,60,2/9/2021,660,109019.65,2,1,33680.56,0
15795759,52,Female,Germany,0,12,1/9/2025,698,-5000,1,1,168886.39,1
15798844,54,Male,France,0,84,3/9/2019,678,128914.97,1,0,191746.23,1
15717962,63,Male,Spain,1,108,3/9/2017,773,111179.83,1,1,93091.02,0
15691504,52,Female,Germany,0,96,3/9/2018,619,124099.13,1,0,23904.52,0
15693893,59,Male,Germany,1,108,3/9/2017,684,122471.09,1,0,15807.07,0
15672499,34,Male,France,1,36,2/9/2023,635,134692.4,2,1,83773.02,0
15750410,25,Female,France,1,48,2/9/2022,680,123816.5,1,1,90162.35,0
15568904,34,Male,Germany,1,36,2/9/2023,608,9999999,1,1,36639.25,0
15649033,55,Female,Germany,0,84,3/9/2019,603,127723.25,2,1,139469.11,1
15780989,43,Male,Spain,1,24,1/9/2024,579,145843.82,1,1,198402.37,1
15771059,34,Female,Germany,0,24,1/9/2024,756,148200.72,1,0,194584.48,0
15687852,30,Male,France,0,24,1/9/2024,611,104145.65,1,0,159629.64,0
15695280,24,Male,Germany,0,96,3/9/2018,532,142755.25,1,0,34231.48,0
15592751,63,Female,Germany,0,36,2/9/2023,684,81245.79,1,1,69643.31,1
15598338,33,Female,Germany,0,36,2/9/2023,647,168560.46,2,0,90270.16,0
15735784,38,Male,France,0,96,3/9/2018,-20,0,1,1,47848.56,0
15629128,42,Male,Germany,1,24,1/9/2024,774,132193.94,2,1,162865.52,0
15642870,58,Male,France,1,108,3/9/2017,677,0,three,0,168650.4,0
15637977,25,Male,  Germany  ,0,96,3/9/2018,542,139330.1,1,0,54372.37,0
15600792,29,Male,Spain,1,0,1/9/2026,613,0,2,0,133897.32,0
15576131,40,Male,France,0,60,2/9/2021,666,0,2,1,147878.05,0
15686588,28,Female,France,1,24,1/9/2024,777,134571.5,1,0,118313.38,0
15761018,50,Male,Germany,0,24,1/9/2024,581,143829.2,2,1,181224.24,1
15616029,32,  Male  ,France,0,84,3/9/2019,705,0,2,1,7921.57,0
15761149,44,Female,France,1,96,3/9/2018,673,133444.97,1,0,5708.19,0
15802758,23,Female,Germany,0,48,2/9/2022,594,104753.84,2,1,56756.52,1
15647838,51,Female,Germany,0,24,1/9/2024,648,116574.84,1,1,4121.04,1
15735968,41,Male,France,1,120,3/9/2016,605,0,2,0,97213.09,0
15581286,40,Female,France,1,108,3/9/2017,734,176914.8,1,1,12799.23,0
15625445,36,Female,France,1,-10,3/9/2018,572,68348.18,2,0,50400.32,0
15600173,33,Female,France,1,108,3/9/2017,595,0,2,1,41447.86,0
15635143,42,Male,France,1,24,1/9/2024,749,56726.83,2,0,185543.35,0
15664849,46,Male,Spain,1,36,2/9/2023,573,65269.23,1,0,189988.65,1
15762455,33,Male,Spain,1,72,2/9/2020,624,66220.17,1,0,170819.01,0
15797165,56,Male,France,0,108,3/9/2017,703,0,1,0,85547.33,1
15788189,41,Female,France,0,96,3/9/2018,665,96147.55,1,1,137037.97,0
15780492,42,Male,France,0,48,2/9/2022,648,0,2,1,19283.14,0
15678497,48,Male,Spain,0,24,1/9/2024,850,0,1,1,169425.3,1
15588560,32,Female,Germany,1,96,3/9/2018,569,145330.43,1,1,132038.65,0
15606003,21,Female,France,1,36,2/9/2023,566,0,2,1,3626.47,0
15611756,47,Female,Germany,1,48,2/9/2022,537,124192.28,2,1,50881.51,0
15789563,46,Female,Germany,1,84,3/9/2019,706,-5000,1,1,149170.25,1
15702416,43,Male,France,0,84,3/9/2019,734,107805.67,1,0,182505.68,0
15766288,36,Female,GERMANY,0,60,2/9/2021,586,103700.69,1,1,194072.56,1
15667633,38,Female,France,1,12,1/9/2025,612,0,2,1,9209.21,0
15622774,34,Male,France,1,0,1/9/2026,648,0,1,1,167931.81,0
15755416,27,Female,France,1,36,2/9/2023,557,87739.08,1,1,123096.56,0
15769915,20,Female,Spain,1,0,1/9/2026,643,133313.34,1,1,3965.69,0
15643908,49,Female,France,1,120,3/9/2016,433,0,1,1,87711.61,0
15627395,41,Male,Germany,1,84,3/9/2019,643,154902.66,1,1,49667.28,0
15679663,36,Female,France,0,0,1/9/2026,488,0,2,1,136675.22,0
15651581,68,Male,Germany,0,72,2/9/2020,758,112595.85,1,1,35865.44,1
15596379,39,Male,Germany,1,36,2/9/2023,743,119695.75,1,0,26136.13,0
15746674,47,Female,France,0,84,3/9/2019,730,0,1,1,33373.26,1
15801256,49,Male,Spain,1,84,3/9/2019,746,0,2,0,10096.25,0
15663808,59,Female,Germany,1,96,3/9/2018,666,152614.51,2,1,188782.3,0
15598521,33,Female,Germany,0,84,3/9/2019,580,131647.01,2,0,79775.19,0
15621457,27,Male,France,0,72,2/9/2020,850,96654.72,2,0,152740.16,0
15764726,22,Male,France,1,36,2/9/2023,563,137583.04,1,0,5791.85,0
15646374,28,Female,Germany,1,36,2/9/2023,766,62717.84,2,1,13182.43,0
15716501,32,Male,France,1,108,3/9/2017,659,95377.13,1,0,187551.24,0
15589948,28,Male,Spain,1,12,1/9/2025,607,135936.1,2,1,110560.14,0
15811343,35,Male,Germany,1,60,2/9/2021,644,161591.11,3,1,63795.62,0
15659677,47,Male,France,1,96,3/9/2018,746,142382.03,1,1,62086.62,0
15594436,33,Male,,1,24,1/9/2024,588,0,2,1,12483.56,0
15748995,30,Male,Spain,1,108,3/9/2017,691,0,2,0,10963.04,0
15677062,38,Female,France,1,72,2/9/2020,666,127043.09,1,1,8247,0
15697201,46,Female,Spain,1,36,2/9/2023,640,0,1,1,156260.08,0
15666453,29,Female,Germany,1,48,2/9/2022,611,78885.88,2,1,26927.69,0
15693771,45,Female,Spain,0,96,3/9/2018,651,95922.9,1,1,84782.42,1
15569867,29,Female,France,0,96,3/9/2018,529,0,2,1,19842.11,0
15711602,36,Female,France,1,36,2/9/2023,676,91711.59,1,1,95393.43,0
15717736,46,Female,Germany,1,120,3/9/2016,639,110031.09,2,1,133995.59,0
15750441,36,Male,France,1,60,2/9/2021,782,81210.72,2,0,108003.38,0
15732791,32,Male,Germany,1,60,2/9/2021,641,122947.92,many,1,99154.86,0
15775104,38,Female,N/A,0,12,1/9/2025,697,182065.85,1,1,49503.5,0
15757607,45,Male,France,0,0,1/9/2026,623,0,1,1,196533.72,1
15793070,41,Female,Spain,0,24,1/9/2024,494,69974.66,2,1,188426.13,1
15760456,38,Female,France,0,120,3/9/2016,731,123711.73,2,1,171340.68,1
15665385,44,Male,France,0,72,2/9/2020,657,76495.04,1,1,79071.89,0
15612418,38,Female,France,0,108,3/9/2017,744,0,2,0,20940.76,0
15727138,46,Male,Spain,1,108,3/9/2017,774,0,2,1,34774.26,0
15732061,45,Female,Germany,0,12,1/9/2025,850,121874.89,1,0,6865.41,1
15776051,45,Female,France,1,72,2/9/2020,551,0,2,1,51143.43,0
15616530,36,Male,France,0,72,2/9/2020,638,188455.19,1,0,47031.4,1
15632344,42,Female,France,0,0,1/9/2026,792,99045.93,2,1,47160.01,0
15744979,36,Female,France,1,96,3/9/2018,666,0,1,0,158666.99,0
15745433,30,Female,Germany,0,24,1/9/2024,716,205770.78,2,0,65464.66,0
15683657,31,Female,France,0,0,1/9/2026,594,79340.95,1,1,78255.86,0
15718572,57,Male,Germany,1,108,3/9/2017,600,138456.03,2,1,103548.25,0
15665783,49,Male,France,1,84,3/9/2019,565,0,2,1,89609.26,0
15652782,48,Male,Germany,1,24,1/9/2024,678,101099.9,2,0,193476.04,0
15707025,31,Female,Spain,1,60,2/9/2021,648,0,2,1,5199.02,0
15647807,40,Male,France,0,96,3/9/2018,642,109219.83,1,1,52827.51,0
15718281,67,Male,Germany,1,12,1/9/2025,706,123276.69,2,1,86507.88,1
15660571,43,Male,Spain,1,120,3/9/2016,668,113034.31,1,1,100423.88,0
15727857,41,Male,Spain,0,12,1/9/2025,635,0,2,1,175611.5,0
15639252,30,Male,Spain,1,72,2/9/2020,603,129548.5,2,1,19282.85,0
15628144,72,Female,France,1,48,2/9/2022,635,74812.84,1,0,27448.33,0
15683560,40,Female,France,0,84,3/9/2019,642,0,2,1,183963.34,0
15653275,54,Female,Spain,0,12,1/9/2025,785,0,2,1,45113.92,1
15622182,28,Female,Germany,0,36,2/9/2023,628,153538.13,2,1,110776.01,0
15613962,38,Female,France,1,108,3/9/2017,499,0,2,0,183042.2,0
15618437,34,Male,Spain,1,120,3/9/2016,567,0,2,0,161571.79,0
15783338,32,Male,Spain,1,0,1/9/2026,449,155619.36,1,1,166692.03,0
15764491,35,Male,Spain,1,120,3/9/2016,701,159693.9,2,1,71173.64,0
15712960,37,Male,Spain,1,36,2/9/2023,613,171653.17,1,0,5353.12,0
15688157,39,Female,Germany,1,24,1/9/2024,683,47685.47,2,1,86019.48,0
15579287,35,Male,France,1,48,2/9/2022,581,0,2,0,86383.82,0
15570931,61,Male,France,0,60,2/9/2021,620,0,1,0,31641.52,1
15615177,28,Male,Spain,1,72,2/9/2020,561,123692,1,1,70548.96,0
15809906,26,Male,Germany,1,12,1/9/2025,558,148853.29,2,1,24411.02,0
15652169,35,Male,france,1,24,1/9/2024,642,133161.95,1,0,122254.86,0
15649450,24,Male,Germany,0,72,2/9/2020,805,143221.35,2,1,186035.72,0
15777179,35,Male,France,1,108,3/9/2017,687,0,2,0,73133.82,0
15803538,56,Male,Spain,0,12,1/9/2025,695,0,3,1,187734.49,1
15610936,33,Male,France,0,72,2/9/2020,562,0,2,1,111590.35,0
15590094,38,Male,Germany,0,108,3/9/2017,613,126265.88,2,0,15859.95,0
15572706,37,Male,France,0,60,2/9/2021,589,0,1,1,61324.87,0
15634564,31,Male,Spain,1,96,3/9/2018,593,112713.34,1,1,176868.89,0
15684296,34,Male,France,1,60,2/9/2021,714,141173.03,1,0,98896.06,0
15702293,35,Female,Spain,1,84,3/9/2019,588,0,2,1,108739.15,0
15642099,,Male,Spain,0,72,2/9/2020,679,0,2,1,12266.06,0
15773273,38,Male,Spain,1,60,2/9/2021,730,118866.36,1,1,163317.5,0
15613337,47,Male,France,1,24,1/9/2024,833,0,2,1,182247.77,0
15800482,33,Female,Spain,1,84,3/9/2019,586,0,2,1,168261.4,0
15732644,54,Female,Spain,0,60,2/9/2021,567,92316.31,2,1,158590.66,1
15713426,30,Male,Germany,0,12,1/9/2025,637,122185.53,1,1,102566.46,1
15640789,38,Male,France,0,48,2/9/2022,711,9999999,1,1,141827.83,0
15598892,30,Male,France,0,48,2/9/2022,828,73070.18,2,0,161671.15,0
15606436,38,Male,Spain,0,84,3/9/2019,500,0,2,0,192013.23,0
15751227,47,Male,France,0,12,1/9/2025,807,95120.59,1,0,127875.1,0
15812365,40,Male,France,0,96,3/9/2018,850,102800.65,1,1,60811.56,0
15616088,70,Female,France,1,84,3/9/2019,782,97072.42,1,0,131177.22,0
15803886,31,Male,Spain,1,72,2/9/2020,629,132876.55,1,1,130862.11,0
15587311,33,Male,Spain,1,72,2/9/2020,582,0,2,0,72970.93,0
15617401,22,Male,France,0,24,1/9/2024,468,0,2,1,28123.99,0
15775886,36,Male,France,0,36,2/9/2023,670,0,1,1,140754.19,1
15807305,39,Male,France,0,24,1/9/2024,805,0,1,0,166650.32,0
15761717,26,Male,France,0,120,3/9/2016,720,51962.91,2,1,45507.24,0
15628008,29,Female,Spain,0,72,2/9/2020,781,98759.89,1,0,112202.64,0
15583755,33,Male,Germany,1,24,1/9/2024,592,156570.86,1,1,37140.2,0
15661409,42,Female,France,1,12,1/9/2025,542,0,1,1,178256.58,1
15774250,42,Male,France,0,12,1/9/2025,532,159024.71,1,1,100982.93,1
15681476,39,Female,France,1,12,1/9/2025,520,73493.17,1,0,109626.13,1
15654870,45,Female,France,1,96,3/9/2018,759,0,2,1,99251.24,0
15790448,35,Female,France,0,72,2/9/2020,473,69617.36,1,1,143345.69,0
15785326,35,Female,Spain,0,60,2/9/2021,639,136526.26,2,1,59653.03,0
15592854,25,Male,France,1,36,2/9/2023,705,113736.27,1,0,196864.61,0
15617486,52,Male,France,0,12,1/9/2025,530,106723.28,1,0,109960.4,1
15806796,33,Female,,1,120,3/9/2016,516,138847.9,1,1,127256.7,0
15644699,40,Female,France,0,0,1/9/2026,850,0,2,1,1099.95,0
15622305,,Female,Germany,1,24,1/9/2024,746,107868.14,2,1,146192.4,0
15608209,33,Male,Germany,0,36,2/9/2023,622,96926.12,2,1,48553.77,0
15626898,30,Male,France,0,84,3/9/2019,743,77599.23,1,0,144407.1,0
15644297,38,Male,Germany,1,60,2/9/2021,732,178787.54,1,1,195760.53,0
15731569,81,Male,France,1,60,2/9/2021,850,0,2,1,44827.47,0
15582149,34,Female,Germany,1,36,2/9/2023,850,129668.43,2,1,88743.99,0
15802483,34,Male,France,1,72,2/9/2020,686,146178.13,2,1,88837.11,0
15686999,40,Female,France,0,96,3/9/2018,556,0,2,1,62112.7,0
15772479,37,Male,France,0,48,2/9/2022,673,0,2,0,163563.07,0
15778884,38,Female,France,1,24,1/9/2024,809,154763.21,2,1,174800.31,0
15623630,56,Female,Germany,1,36,2/9/2023,634,116251.24,1,0,42429.88,1
15774316,37,Male,France,1,72,2/9/2020,630,0,2,1,82647.65,0
15695097,30,Female,Germany,0,0,1/9/2026,564,100954.88,2,0,134175.15,0
15645404,51,Female,France,0,48,2/9/2022,625,124620.01,2,1,92243.94,1
15750574,34,Female,Spain,1,48,2/9/2022,677,0,2,1,6175.53,0
15636812,40,Male,France,0,108,3/9/2017,583,112701.04,1,0,29213.63,0
15712068,45,Male,Spain,1,96,3/9/2018,592,84692.5,1,0,67214.02,0
15652030,49,Male,Germany,0,24,1/9/2024,637,108204.52,1,1,169037.84,1
15577398,30,Male,  France  ,1,72,2/9/2020,850,86449.39,1,1,188809.23,0
15756848,42,Male,Spain,1,120,3/9/2016,633,0,1,0,79408.17,0
15806929,36,Male,Germany,1,60,2/9/2021,751,73194.99,1,1,89222.66,0
15656005,31,Male,Germany,0,84,3/9/2019,592,124593.23,1,1,86079.67,0
15722632,50,Male,Germany,1,24,1-Sep-24,716,119655.77,1,1,12944.17,1
15794356,42,Male,Germany,1,36,2/9/2023,641,121765.37,2,1,166516.84,0
15659656,35,Male,France,0,48,2/9/2022,849,9999,1,0,126419.8,0
15588341,47,Male,Spain,1,120,3/9/2016,647,99835.17,1,0,89103.05,0
15709142,30,Female,Germany,0,24,1/9/2024,608,91057.37,2,1,132973.17,0
15627042,26,Female,France,0,84,3/9/2019,555,0,2,1,93122.41,0
15627517,27,Male,Spain,0,84,3/9/2019,497,149400.27,1,0,167522.19,0
15803032,38,Male,Germany,0,108,3/9/2017,599,89111.63,1,0,157239.6,0
15665129,33,Male,N/A,1,12,1/9/2025,545,132527.9,2,0,107429.71,0
15628272,36,Female,France,0,108,3/9/2017,774,114997.42,1,1,75304.09,0
15678206,46,Male,France,0,72,2/9/2020,464,161798.53,1,1,182944.47,0
15678427,27,Female,Germany,1,24,1/9/2024,696,96129.32,2,1,5983.7,0
15678067,45,Male,Spain,0,36,2/9/2023,667,0,2,0,163655.01,0
15793331,32,Male,France,0,60,2/9/2021,812,133050.97,2,1,89385.92,0
15699532,51,Male,France,1,96,3/9/2018,516,120124.35,2,0,168773.54,0
15605827,39,Male,France,0,96,3/9/2018,645,0,2,0,96864.36,0
15643635,32,Male,Spain,0,60,2/9/2021,664,133705.74,1,0,134455.84,0
15787710,39,Female,Spain,0,108,3/9/2017,427,0,2,1,28368.37,0
15614137,40,Female,France,0,84,3/9/2019,685,0,2,1,103898.59,0
15754494,33,Female,Unknown,0,48,2/9/2022,585,152805.05,1,1,63239.65,0
15713440,21,Female,Germany,1,12,1/9/2025,519,151701.45,3,1,170138.68,1
15803479,67,Female,France,1,12,1/9/2025,708,0,2,0,3837.08,0
15709639,22,Female,France,1,60,2/9/2021,717,112465.06,1,1,92977.75,0
15601719,24,Male,Germany,0,72,2/9/2020,465,156007.09,1,1,191368.37,0
15772482,28,Male,Germany,0,36,2/9/2023,829,132405.52,3,1,104889.2,1
15591489,26,Male,France,0,60,2/9/2021,826,142662.68,1,0,60285.3,0
15629002,36,Male,Germany,1,96,3/9/2018,747,102603.3,2,1,180693.61,0
15798053,32,Male,Spain,0,108,3/9/2017,707,0,2,1,126475.79,0
15753895,37,Male,Spain,0,12,1/9/2025,590,0,2,0,133535.99,0
15595426,57,Male,Spain,1,72,2/9/2020,603,105000.85,2,1,87412.24,1
15645815,45,Male,France,1,60,2/9/2021,615,0,2,1,164886.64,0
15632848,36,Female,France,0,12,1/9/2025,634,69518.95,1,1,116238.39,0
15703068,41,Male,Germany,1,96,3/9/2018,716,126145.54,2,1,138051.19,0
15791513,41,Male,France,1,48,2/9/2022,647,138937.35,1,1,101617.64,1
15587210,44,Female,Germany,0,120,3/9/2016,591,113581.98,1,1,1985.41,0
15793803,34,Male,France,0,12,1/9/2025,574,112572.39,1,0,165626.6,0
15787756,51,Male,Germany,0,120,3/9/2016,467,114514.71,2,1,177784.68,1
15723437,35,Female,France,1,24,1/9/2024,701,0,2,1,65765.22,0
15702715,34,Female,France,1,120,3/9/2016,747,0,2,1,50759.8,0
15809872,32,Male,France,0,24,1/9/2024,650,84906.45,1,1,163216.48,0
15644295,39,Female,Spain,1,24,1/9/2024,731,126816.18,1,1,74850.93,0
15778694,26,Female,Germany,1,12,1/9/2025,638,105249.76,2,1,23491.09,0
15759555,41,Male,Spain,0,24,1/9/2024,569,0,2,1,134272.57,0
15631406,50,Male,Germany,0,60,2/9/2021,459,109387.9,1,1,155721.15,0
15616676,23,Male,Germany,0,36,2/9/2023,632,122478.51,1,1,147230.77,1
15771154,73,Female,France,1,96,3/9/2018,683,137732.23,2,1,133210.44,0
15669491,46,Female,France,1,24,1/9/2024,850,157866.77,1,1,18986.12,0
15697691,41,Female,France,1,72,2/9/2020,512,0,1,1,100507.81,0
15665180,31,Female,France,0,36,2/9/2023,616,136789.14,1,1,59346.4,1
15752588,36,Male,France,1,12,1/9/2025,664,0,2,1,95372.64,0
15743051,30,Male,France,1,120,3/9/2016,694,144684.03,1,1,31805.49,0
15571873,24,Male,France,1,108,3/9/2017,655,107065.31,1,1,51959.82,0
15679743,33,Female,France,1,96,3/9/2018,607,N/A,1,0,130824.57,0
15769412,39,Male,Spain,0,48,2/9/2022,684,207034.96,2,0,157694.76,1
15775124,37,Male,Spain,1,96,3/9/2018,763,0,2,1,933.38,0
15732113,50,Male,Spain,1,96,3/9/2018,671,0,1,0,2560.11,0
15578141,38,Male,Spain,1,36,2/9/2023,592,0,1,1,12905.89,1
15595874,N/A,Female,Spain,0,72,2/9/2020,666,0,2,1,176692.87,0
15755642,34,Male,France,1,60,2/9/2021,667,0,2,1,102908.63,0
15576526,36,Male,Spain,1,72,2/9/2020,850,0,2,0,41291.05,0
15792489,42,Male,Spain,0,108,3/9/2017,622,0,2,1,119127.06,0
15733705,30,Female,France,1,96,3/9/2018,577,92472.1,2,0,126434.61,0
15807221,21,Male,Spain,0,12,1/9/2025,555,0,2,0,103901.35,0
15573045,62,Male,France,1,120,3/9/2016,547,127738.75,2,1,85153,0
15756824,50,Female,Germany,0,60,2/9/2021,613,101242.98,2,1,12493.61,0
15773520,43,Female,France,1,48,2/9/2022,672,92599.55,2,1,167336.78,0
15627439,36,Female,Spain,1,120,3/9/2016,624,0,2,0,186180.42,0
15701439,50,Female,Spain,0,12,1/9/2025,698,0,4,1,88566.9,1
15785352,37,Male,France,0,72,2/9/2020,606,82373.94,1,0,172526.9,1
15616525,31,Male,Spain,0,48,2/9/2022,720,141356.47,1,0,137985.69,0
15717489,23,Male,France,0,108,3/9/2017,835,0,1,1,19793.73,1
15795737,47,Female,Spain,1,36,2/9/2023,771,72664,2,1,107874.39,0
15693877,47,Female,France,0,36,2/9/2023,811,123365.34,2,0,171995.34,0
15576111,33,Male,Germany,0,60,2/9/2021,734,121898.58,1,1,61829.89,0
15595713,33,Male,Spain,1,72,2/9/2020,548,0,1,1,31728.35,0
15808868,31,Female,France,0,36,2/9/2023,652,103696.97,3,0,155221.05,1
15708193,33,Male,France,0,24,1/9/2024,707,0,2,0,130866.95,0
15697801,56,Female,Germany,1,12,1/9/2025,605,74129.18,2,1,62199.78,1
15770121,34,Female,France,0,108,3/9/2017,623,0,1,1,24255.21,0
15800524,29,Male,Germany,0,36,2/9/2023,unknown,185379.02,1,1,64679.07,0
15686236,47,Female,Germany,0,12,1/9/2025,525,118087.68,1,1,88120.78,1
15659807,41,Male,Spain,1,96,3/9/2018,657,109402.13,1,1,66463.62,0
15736078,33,Female,Germany,0,84,3/9/2019,730,130367.87,1,1,15142.1,1
15620836,34,Female,Germany,0,24,1/9/2024,816,108410.87,2,1,102908.91,0
15698184,50,Female,France,0,24,1/9/2024,484,90408.16,2,0,48170.57,0
15717643,34,Female,France,1,72,2/9/2020,728,90425.15,2,1,11597.69,0
15776596,39,Female,Spain,0,72,2/9/2020,730,140094.59,1,1,172450.04,1
15814757,31,Male,Spain,1,108,3/9/2017,477,0,2,0,184061.17,0
15812607,46,Female,Germany,1,72,2/9/2020,663,95439.4,1,1,21038.58,1
15663888,34,Male,Germany,0,72,2/9/2020,549,204017.4,2,1,109538.35,0
15748882,29,Male,Spain,0,108,3/9/2017,714,0,2,1,129192.55,0
15690829,49,Male,Germany,0,36,2/9/2023,430,137115.16,1,1,146516.86,1
15695819,43,Male,Germany,0,60,2/9/2021,504,134740.19,2,1,181430.91,0
15696834,29,Female,France,0,60,2/9/2021,530,0,2,0,121451.21,0
15797710,29,Male,Germany,1,48,2/9/2022,-1,98955.87,1,0,131712.51,0
15700654,44,Male,Germany,0,108,3/9/2017,617,49157.09,2,1,53294.17,0
15583764,31,Male,Germany,0,12,1/9/2025,791,130240.33,99,0,96546.55,0
15688849,48,Male,France,1,12,1/9/2025,609,108019.27,3,1,184524.65,1
15661473,51,Male,Germany,0,48,2/9/2022,780,126725.25,1,1,195259.31,1
15601030,34,Female,Germany,1,60,2/9/2021,777,96693.66,1,1,172618.52,0
15789557,27,Female,Germany,1,84,3/9/2019,817,129810.6,1,1,59259.44,0
15745250,58,Male,France,0,96,3/9/2018,850,156652.13,1,0,25899.21,1
15590349,36,Female,France,0,108,3/9/2017,732,0,three,0,3749,1
15741693,40,Male,France,1,48,2/9/2022,693,130661.96,1,1,101918.96,0
15618446,50,Female,France,1,96,3/9/2018,576,0,2,1,57802.62,0
15766552,37,Male,France,0,72,2/9/2020,643,0,2,0,142454.77,0
15668775,47,male,France,0,36,2/9/2023,757,130747.1,1,1,143829.54,0
15757895,30,Male,Germany,1,72,2/9/2020,569,106629.49,1,0,44114.88,0
15774551,36,Male,Spain,1,36,2/9/2023,772,112029.83,1,1,186948.35,0
15684011,29,Male,Germany,1,84,3/9/2019,576,130575.26,1,0,173629.78,0
15736146,28,Male,Germany,1,48,2/9/2022,608,96679.71,1,1,49133.45,0
15656286,33,Male,France,0,0,1/9/2026,794,0,2,0,178122.71,0
15774847,50,Male,France,0,72,2/9/2020,593,171740.69,1,0,20893.61,0
15619340,38,Male,Spain,0,12,1/9/2025,597,0,2,1,41303.29,0
15815656,39,Female,Germany,1,108,3/9/2017,541,100116.67,1,1,199808.1,1
15623357,24,Male,Germany,1,24,1/9/2024,692,120596.93,1,0,180490.53,0
15601324,48,Female,France,1,12,1/9/2025,697,0,2,1,87400.53,0
15715510,29,Male,France,1,24,1/9/2024,768,95984.69,2,1,73686.75,0
15663770,38,Male,France,1,12,1/9/2025,802,142557.11,1,1,172497.73,0
15779267,47,Male,France,0,60,2/9/2021,584,0,2,1,89286.29,0
15597957,66,Male,Spain,1,24,9/1/2024,614,0,2,0,180082.7,0
15584620,36,Female,Germany,0,72,2/9/2020,850,143644.16,1,1,22102.25,1
15750772,38,Female,France,1,72,2/9/2020,671,132129.72,1,0,76068.95,0
15706557,52,Female,NULL,0,0,1/9/2026,626,0,2,1,32159.46,1
15594391,68,Female,France,0,24,1/9/2024,770,183555.24,1,0,159557.28,1
15661656,38,Male,France,1,24,1/9/2024,633,91902.56,2,1,107673.35,0
15631217,40,Male,France,1,72,2/9/2020,663,156218.19,1,0,33607.72,0
15588955,43,Female,Germany,0,60,2/9/2021,581,93259.57,-1,1,141035.65,1
15758252,45,Female,,1,24,1/9/2024,561,168085.38,2,0,115719.08,0
15740223,51,Male,Germany,0,12,1/9/2025,479,107714.74,3,1,86128.21,1
15805413,31,FEMALE,France,0,72,2/9/2020,769,117852.26,2,1,147668.64,0
15635116,60,Male,Spain,0,24,1/9/2024,659,0,1,1,177480.45,1
15764892,51,Female,Spain,1,120,3/9/2016,590,84474.62,2,1,190937.09,0
15795936,50,Male,France,0,36,2/9/2023,560,0,2,1,84531.79,0
15655232,35,Male,Germany,1,72,2/9/2020,437,126803.34,2,1,161133.4,0
15640133,34,Female,France,0,0,1/9/2026,661,0,2,1,185555.63,0
15751524,36,Female,Germany,0,120,3/9/2016,677,68806.84,1,1,33075.24,0
15670552,31,Female,France,0,36,2/9/2023,560,115141.18,1,1,39806.75,0
15623966,35,Female,France,1,24,1/9/2024,578,0,2,0,26389.92,0
15752193,34,Male,Spain,1,72,2/9/2020,421,90723.36,1,1,12162.76,0
15607269,49,Female,Germany,1,24,1/9/2024,492,151249.45,2,1,167237.94,0
15700752,32,Female,France,1,72,2/9/2020,545,0,2,1,52067.37,0
15777901,43,Female,Germany,0,108,3/9/2017,640,94752.49,1,1,184006.36,1
15639117,34,Female,Spain,0,72,2/9/2020,624,0,1,1,582.59,1
15720203,28,Male,Spain,0,84,3/9/2019,577,0,1,1,143274.41,0
15586236,31,Male,France,1,60,2/9/2021,704,132084.66,3,1,54474.48,1
15676645,45,Male,France,1,60,2/9/2021,523,0,2,1,121428.2,0
15715988,35,Male,France,1,24,1/9/2024,793,0,2,1,79704.12,0
15603749,53,Female,France,1,24,1/9/2024,564,45472.28,1,1,41055.71,1
15608956,33,Male,France,0,12,1/9/2025,711,0,1,0,41590.4,0
15733872,33,Female,Germany,0,120,3/9/2016,791,130229.71,2,0,54019.93,1
15666982,38,Female,Germany,0,108,3/9/2017,629,123948.85,1,1,76053.07,0
15602647,39,Male,Germany,1,72,2/9/2020,729,127415.85,1,1,184977.2,1
15623063,121,Male,Germany,0,96,3/9/2018,651,110067.71,1,1,127678.95,1
15682928,39,Male,Spain,1,48,2/9/2022,695,65521.2,1,1,1243.97,0
15729246,31,Male,NULL,1,60,2/9/2021,847,0,2,1,76326.67,0
15588928,47,Male,France,1,60,2/9/2021,704,0,2,1,145338.61,0
15803352,33,Male,Germany,1,36,2/9/2023,613,155736.42,2,1,57751.21,0
15607485,29,Female,Spain,0,48,2/9/2022,692,0,2,0,138880.24,0
15656249,34,Female,France,1,36,2/9/2023,720,118307.57,2,1,136120.29,0
15761783,41,Male,France,1,72,2/9/2020,577,0,1,1,167621.18,0
15716605,24,Female,  Germany  ,0,84,3/9/2019,710,103099.17,2,1,173276.62,0
15757425,38,Female,France,1,12,1/9/2025,716,0,2,1,99661.46,0
15603096,33,Male,France,0,72,2/9/2020,410,125789.69,three,0,66333.56,1
15588580,36,Female,Germany,1,48,2/9/2022,584,109646.83,1,1,70240.79,0
15770539,30,Male,France,1,12,1/9/2025,792,127187.86,1,1,113553.42,0
15572022,36,Female,France,1,72,2/9/2020,605,0,1,0,690.84,0
15571843,24,Male,Spain,0,12,1/9/2025,486,0,1,1,98802.76,0
15752502,41,Male,France,1,48,2/9/2022,615,130385.82,1,0,130661.95,0
15609058,23,Male,France,1,12,1/9/2025,676,107787.47,1,0,116378.82,0
15775108,34,Male,France,1,12,1/9/2025,571,99325.04,2,0,186052.15,0
15708904,37,Female,France,0,108,3/9/2017,850,0,1,0,100101.06,0
15600086,48,Male,France,1,84,3/9/2019,717,123764.95,1,1,169952.82,0
15814675,39,Female,Germany,0,96,3/9/2018,642,128264.03,1,1,61792.76,1
15572777,47,Male,Spain,1,84,3/9/2019,780,86006.21,1,1,37973.13,0
15585106,-5,Female,Germany,0,96,3/9/2018,492,57068.43,2,1,188974.81,0
15738936,29,Male,Germany,1,60,2/9/2021,760,103607.24,2,0,86334.64,0
15750970,40,Male,Spain,1,12,1/9/2025,500,99004.24,1,1,152845.99,0
15725772,36,  Female  ,Spain,1,24,1/9/2024,654,0,2,1,146652.11,0
15692106,25,Female,Spain,0,36,2/9/2023,606,147386.72,3,1,45482.04,1
15791533,42,Male,Spain,0,72,2/9/2020,367,93608.28,1,1,168816.73,1
15715715,38,Male,Spain,1,24,1/9/2024,799,0,2,1,59297.34,0
15785576,71,Male,Germany,0,108,3/9/2017,434,119496.87,1,1,125848.88,0
15798834,32,Female,Spain,0,84,3/9/2019,719,0,1,0,76264.27,0
15744127,37,Female,France,0,24,1/9/2024,641,0,2,1,3939.87,0
15637427,25,Female,Spain,1,72,2/9/2020,461,0,2,1,15306.29,0
15576990,25,Female,GERMANY,0,60,2/9/2021,790,152885.77,1,1,58214.79,0
15615352,31,Male,France,1,48,2/9/2022,588,9999,2,0,35877.03,0
15647333,27,Male,France,0,48,2/9/2022,621,137003.68,1,1,21254.06,0
15572050,48,Male,GERMANY,1,36,2/9/2023,768,122831.58,1,1,24533.89,1
15581370,38,Male,Spain,0,24,1/9/2024,681,99811.44,2,1,23531.5,0
15813503,37,Male,Spain,0,96,3/9/2018,606,154712.58,2,1,89099.18,0
15769783,37,Male,Spain,1,96,3/9/2018,542,0,1,1,807.06,0
15793135,24,Female,Germany,1,84,3/9/2019,713,147687.24,1,1,121592.5,0
15599182,33,Female,Spain,1,24,1/9/2024,597,0,2,1,4700.66,0
15689517,27,Male,France,0,36,2/9/2023,635,127009.83,1,1,161909.95,0
15641366,61,Male,Germany,1,12,1/9/2025,599,124737.96,1,0,90389.61,1
15588859,44,Female,Spain,0,0,1/9/2026,496,179356.28,2,1,2919.21,1
15732293,31,Male,Spain,1,96,3/9/2018,759,0,2,1,99086.74,0
15568032,31,Male,Germany,0,12,1/9/2025,757,127320.36,3,1,163170.32,0
15623525,31,Male,Spain,1,0,1/9/2026,564,125175.58,1,1,72757.33,0
15606601,22,Female,France,0,72,2/9/2020,561,186788.96,2,1,73286.8,0
15800811,40,Male,France,1,36,2/9/2023,702,148556.74,1,0,146056.29,0
15610711,40,Female,Germany,0,96,3/9/2018,678,128644.46,1,0,167673.37,0
15809654,46,Female,France,1,84,3/9/2019,707,127476.73,2,1,146011.55,0
15576077,27,Female,France,1,108,3/9/2017,610,159561.93,1,0,103381.47,0
15643378,42,Male,France,1,12,1/9/2025,744,112419.92,1,1,83022.92,0
15566790,28,Male,France,1,96,3/9/2018,598,129991.76,2,0,46041.08,0
15774402,36,Male,Spain,1,60,2/9/2021,562,0,1,0,182843.24,0
15694641,59,Female,Spain,1,24,1/9/2024,621,0,2,1,171364.18,0
15605916,50,Female,France,0,36,2/9/2023,659,0,1,1,183399.12,1
15812356,40,Female,Germany,1,72,2/9/2020,722,89175.06,2,0,152883.95,0
15644179,39,Female,France,0,36,2/9/2023,606,0,2,1,50560.45,1
15771674,39,Female,Spain,0,60,2/9/2021,603,162390.52,2,1,54702.66,0
15623314,59,Female,Germany,0,36,2/9/2023,506,190353.08,1,1,78365.75,0
15613292,21,Male,France,0,96,3/9/2018,715,0,2,1,68666.63,0
15813871,47,Male,France,0,24,1/9/2024,690,0,2,1,151375.73,0
15759480,Unknown,Female,France,1,120,3/9/2016,644,139180.97,1,1,19959.67,0
15587712,36,Male,France,0,96,3/9/2018,589,114435.47,1,1,26955.72,0
15671165,66,Female,France,1,60,2/9/2021,592,149950.19,1,1,76267.59,0
15620746,42,male,France,0,48,2/9/2022,632,126115.6,1,1,100998.5,0
15706537,59,Female,Germany,1,84,3/9/2019,577,111396.97,1,0,191070.01,0
15589312,30,Male,France,0,36,2/9/2023,588,115007.08,1,0,176858.5,0
15741180,54,Male,France,1,72,2/9/2020,617,,1,1,45325.26,0
15733888,36,Female,Spain,0,36,2/9/2023,668,133686.52,1,1,190958.48,1
15798532,32,Male,France,1,108,3/9/2017,810,120879.73,2,0,78896.59,0
15577359,47,Male,Spain,0,60,2/9/2021,767,0,1,1,121964.46,1
15614936,49,Female,Spain,1,120,3/9/2016,718,9999999,1,0,11144.4,0
15747647,27,Female,Spain,0,48,2/9/2022,589,0,2,1,144181.48,0
15588566,33,Male,Spain,1,60,2/9/2021,778,116474.28,2,1,32757.55,0
15570141,34,Female,France,0,36,2/9/2023,724,-1,1,1,80320.3,0
15800793,9999,Female,Germany,0,48,2/9/2022,477,182491.57,1,1,185830.72,0
15572415,34,Male,France,1,72,2/9/2020,580,0,2,1,160095.31,0
15635125,63,Male,Spain,1,24,1/9/2024,566,120787.18,2,1,52198.84,0
15636551,29,Female,France,0,36,2/9/2023,711,130181.47,2,1,31811.44,0
15600912,32,Male,Germany,1,60,2/9/2021,706,88348.43,2,1,104181.78,0
15768476,31,Male,Spain,1,72,2/9/2020,703,0,2,1,67667.19,0
15650266,39,Male,Germany,1,24,1/9/2024,679,146186.28,2,1,193974.47,0
15621004,32,Male,France,0,84,3/9/2019,603,0,1,1,198055.94,1
15748352,34,Male,Spain,1,0,1/9/2026,598,104488.17,1,0,43249.67,0
15788920,32,Female,Germany,0,48,2/9/2022,836,109196.67,2,1,55218.02,0
15743236,61,Female,France,0,84,3/9/2019,687,80538.56,1,1,131305.37,1
15637717,41,Male,Germany,1,48,2/9/2022,704,109026.8,2,1,43117.1,0
15635500,75,Male,Germany,1,24,1/9/2024,605,61319.63,1,0,186655.11,0
15634792,40,Female,France,1,108,3/9/2017,516,0,2,0,33266.29,0
15607560,39,Female,France,1,24,1/9/2024,572,0,2,1,555.28,0
15727177,42,Male,france,0,72,2/9/2020,557,177822.03,1,1,150944.31,1
15774358,59,Male,Germany,0,48,2/9/2022,443,110939.3,1,1,72846.58,1
15791304,25,Male,Germany,1,84,3/9/2019,604,165413.43,1,1,35279.74,0
15603328,27,Male,France,1,12,1/9/2025,483,77805.66,1,1,2101.89,0
15804937,50,Male,France,0,36,2/9/2023,702,0,2,0,94949.84,0
15804142,57,Female,Spain,0,36,2/9/2023,670,175575.95,2,1,99061.75,1
15608845,38,Female,Spain,0,36,2/9/2023,804,124197.22,1,1,74692.06,0
15702434,30,Female,France,0,36,9/2/2023,850,0,2,1,116692.8,0
15632609,39,Female,France,0,120,3/9/2016,554,160132.75,1,1,32824.15,0
15603550,37,Female,Germany,0,84,3/9/2019,588,70258.88,2,1,139607.61,0
15755239,32,Male,Germany,1,48,2/9/2022,758,162657.64,2,1,115525.13,0
15670528,43,Male,Germany,0,0,1/9/2026,787,132217.45,1,1,20955.03,1
15732704,25,Male,Spain,0,999,3/9/2017,582,148042.97,2,1,52341.15,0
15589019,33,Female,Spain,1,48,2/9/2022,633,92855.02,1,1,159813.18,0
15677796,47,Male,Germany,0,108,3/9/2017,766,129289.98,1,1,169935.46,1
15760177,37,Male,Spain,1,108,3/9/2017,564,100252.18,1,1,146033.52,0
15636595,37,Male,Spain,1,36,2/9/2023,602,107592.89,2,0,153122.73,0
15737275,39,Male,France,1,36,2/9/2023,649,113096.41,1,1,60335.24,0
15672905,40,Female,Spain,1,84,3/9/2019,679,0,2,1,163757.29,0
15753955,34,Male,Spain,0,84,3/9/2019,639,149940.04,2,0,156648.81,0
15708504,50,Male,Germany,1,96,3/9/2018,790,121438.58,1,1,176471.78,1
15592451,32,Male,France,0,108,3/9/2017,565,0,2,1,5388.3,0
15790455,50,Female,France,1,24,1/9/2024,478,0,1,0,93332.64,1
15572174,29,Male,France,1,36,2/9/2023,825,148874.01,2,0,71192.82,0
15656330,32,Female,Spain,1,0,1/9/2026,528,68138.37,1,1,170309.19,0
15569626,35,Male,Spain,1,60,2/9/2021,577,110080.3,1,1,109794.31,0
15608726,24,Male,France,1,84,3/9/2019,663,0,2,1,166310.82,0
15637366,25,Female,Germany,1,60,2/9/2021,505,114268.85,2,1,126728.27,0
15778049,29,Male,Germany,0,72,2/9/2020,633,117412.35,1,0,30338.94,0
15727421,38,Female,France,1,72,2/9/2020,586,0,2,1,37935.83,0
15688865,35,Female,France,0,108,3/9/2017,850,0,2,0,25329.48,0
15751032,37,Female,Germany,0,12,1/9/2025,629,35549.81,2,0,49676.33,0
15734737,56,Male,France,1,108,3/9/2017,744,0,2,1,169498.61,0
15746515,36,Male,France,1,84,3/9/2019,750,136492.92,3,1,26500.29,1
15664311,28,Male,Germany,1,36,2/9/2023,637,123675.69,1,1,166458.41,0
15708139,40,FEMALE,France,0,12,1/9/2025,575,139532.34,1,1,181294.39,0
15768574,58,Male,Spain,1,12,1/9/2025,671,178713.98,1,1,21768.21,0
15738018,40,Male,France,0,60,2/9/2021,571,0,2,0,72849.29,0
15699753,41,Male,France,0,12,1/9/2025,590,89086.31,1,1,24499.97,0
15703199,38,Male,Spain,0,36,2/9/2023,619,96143.47,1,0,98994.92,0
15627830,30,Female,Germany,1,60,2/9/2021,640,32197.64,1,0,141446.01,0
15570855,38,Male,France,1,84,3/9/2019,670,0,2,1,77864.41,0
15772503,33,Female,France,0,48,2/9/2022,737,0,2,1,115115.32,0
15584453,32,Male,Spain,1,120,3/9/2016,555,0,2,0,168605.96,0
15710111,33,Male,France,0,72,2/9/2020,742,0,2,0,38550.4,0
15618562,years 40,Female,Germany,0,0,1/9/2026,618,140306.38,1,1,160618.61,1
15706764,35,Female,France,0,12,1/9/2025,560,0,2,1,3701.63,0
15798737,38,Male,France,0,96,3/9/2018,654,0,2,1,88659.44,0
15712608,42,Female,Germany,1,24,1/9/2024,787,74483.97,2,0,44273.91,0
15636736,53,FEMALE,France,1,84,3/9/2019,611,0,2,0,156495.39,1
15703544,34,Male,Spain,0,0,1/9/2026,559,0,1,1,182988.94,0
15815645,37,Male,France,1,96,3/9/2018,481,152303.66,2,1,175082.2,0
15705739,32,Male,Germany,0,60,2/9/2021,753,159904.79,1,1,148811.14,0
15709643,32,Male,France,0,12,1/9/2025,675,0,3,1,85901.09,0
15669805,31,Female,Germany,0,12,1/9/2025,748,99557.94,1,1,199255.32,0
15737489,46,Female,Spain,0,60,2/9/2021,610,116886.59,1,0,107973.44,0
15775131,32,Male,Spain,1,108,3/9/2017,580,142188.2,2,0,128028.6,0
15765283,40,Female,Germany,0,36,2/9/2023,624,149961.99,2,1,104610.86,0
15628715,36,Female,France,1,96,3/9/2018,709,0,2,1,69676.55,0
15813283,34,Female,France,0,24,1/9/2024,605,0,1,0,35982.42,0
15745716,53,Male,Spain,1,84,3/9/2019,706,0,2,0,117939.17,0
15598485,40,Male,Spain,1,96,3/9/2018,567,28649.64,1,1,95140.62,0
15696552,21,  Female  ,France,0,48,2/9/2022,747,81025.6,2,1,167682.57,0
15754569,57,Male,France,1,12,1/9/2025,664,0,2,1,56562.57,0
15701741,39,Female,France,0,36,2/9/2023,711,152462.79,1,1,90305.97,0
15572631,25,Male,France,1,120,3/9/2016,609,0,1,0,109895.16,0
15636069,28,Male,Spain,0,84,3/9/2019,632,155519.59,1,1,1843.24,0
15682467,36,Female,France,1,12,1/9/2025,725,118851.05,1,1,102747.02,0
15790744,34,Female,France,0,108,3/9/2017,850,92899.27,2,1,97465.89,0
15625023,40,Male,France,1,48,2/9/2022,682,0,1,0,105352.55,0
15731267,37,Male,France,0,48,2/9/2022,797,75263.7,1,1,85801.77,0
15742879,38,Male,Spain,1,12,1/9/2025,668,147904.31,1,1,69370.05,0
15757015,41,Female,Germany,0,60,2/9/2021,783,106640.5,1,1,176945.96,0
15770711,28,Female,Germany,1,48,2/9/2022,766,90696.78,1,0,21597.2,0
15569430,36,Female,Spain,0,24,1/9/2024,704,175509.8,2,1,152039.67,0
15617304,40,Male,France,1,72,2/9/2020,722,0,2,1,111893.09,0
15704466,34,Female,France,0,84,3/9/2019,692,0,2,1,195074.62,0
15664681,35,Female,France,0,24,9/1/2024,584,114321.28,2,0,15959.01,0
15605534,51,FEMALE,Germany,0,48,2/9/2022,644,95560.04,1,0,72628.84,1
15792473,50,Female,Germany,1,60,2/9/2021,598,88379.81,3,0,64157.24,1
15802625,48,Male,Germany,1,84,3/9/2019,733,85915.52,1,1,23860.5,0
15766017,58,Male,Germany,1,36,2/9/2023,615,72309.3,1,1,85687.09,1
15762172,39,Female,France,0,24,1/9/2024,850,0,2,1,179451.42,0
15728333,43,Male,France,1,96,3/9/2018,521,0,1,1,93180.09,0
15792868,69,Male,France,0,12,1/9/2025,675,0,2,1,157097.09,0
15605698,58,Male,France,1,36,2/9/2023,746,0,3,1,80344.96,1
15777060,33,Female,France,0,48,2/9/2022,770,0,1,1,26080.54,1
15626243,30,Male,France,1,36,2/9/2023,618,133844.22,1,1,31406.93,0
15719898,36,Male,France,1,84,3/9/2019,556,154872.08,2,1,32044.64,0
15599976,27,Female,N/A,0,108,3/9/2017,749,0,2,1,132734.87,0
15752809,43,Male,Spain,0,72,2/9/2020,702,116121.67,1,1,61602.42,0
15589698,42,Male,Germany,1,72,2/9/2020,555,107104.5,1,1,41304.44,1
15609977,47,Male,France,0,72,2/9/2020,587,71026.77,1,1,57962.41,0
15750121,38,Male,France,0,36,2/9/2023,639,0,1,1,42862.82,0
15734177,33,Male,France,1,48,2/9/2022,643,0,2,1,152992.04,0
15781347,41,Female,France,1,12,1/9/2025,600,0,2,1,91193.65,0
15592025,53,Male,France,1,84,3/9/2019,651,0,2,1,130132.41,0
15670163,27,Female,France,0,48,2/9/2022,666,0,2,0,88751.45,0
15765402,39,Female,France,0,72,2/9/2020,520,145644.05,1,0,104118.93,0
15624343,50,Female,Spain,0,84,3/9/2019,650,129667.77,1,0,42028.16,0
15602354,33,Male,Germany,0,36,2/9/2023,564,109341.87,1,1,75632.78,0
15579183,64,Male,France,1,12,1/9/2025,586,0,2,1,53710.23,0
15584899,35,Female,,1,60,2/9/2021,617,0,2,0,13066.3,0
15723658,30,Female,Spain,0,72,2/9/2020,712,0,2,1,152417.97,0
15803965,55,Male,France,1,36,2/9/2023,654,87485.67,1,1,3299.01,0
15682489,27,Male,France,0,108,3/9/2017,605,0,2,1,198091.81,0
15813645,36,Female,France,1,0,1/9/2026,491,53369.13,1,1,103934.12,0
15766787,35,Female,France,1,108,3/9/2017,707,0,2,1,70403.65,0
15687171,34,male,Spain,0,60,2/9/2021,638,146679.77,1,1,102179.86,0
15690744,43,Male,France,0,24,1/9/2024,683,112499.42,2,1,30375.18,0
15707974,38,Female,Spain,0,24,1/9/2024,815,48387,1,1,184796.84,0
15673084,38,Male,Spain,1,12,1/9/2025,645,68079.8,1,0,166264.89,0
15814772,49,Male,Germany,1,48,2/9/2022,645,160133.88,1,0,88391.97,0
15743709,30,Male,France,1,48,2/9/2022,683,66190.33,1,1,115186.97,0
15610343,37,Female,France,1,120,3/9/2016,705,0,2,1,13935.53,1
15737414,35,Male,France,0,48,2/9/2022,647,123761.68,1,1,83910.4,0
15788480,33,Female,Germany,0,0,1/9/2026,786,122325.58,1,0,34712.34,1
15568519,41,Male,France,0,108,3/9/2017,534,0,2,1,13871.34,0
15792453,42,Female,Spain,1,12,1/9/2025,602,138912.17,1,1,139494.75,0
15658100,42,Female,France,1,0,1/9/2026,695,0,2,0,140724.64,0
15695197,25,Female,Germany,0,84,3/9/2019,553,128524.19,2,1,20682.46,0
15749807,31,Female,Spain,0,36,2/9/2023,0,0,2,1,124202.26,0
15773876,34,Female,France,0,36,2/9/2023,655,0,2,1,159638.77,0
15591698,49,Female,Germany,0,108,3/9/2017,849,132934.89,1,1,171056.65,1
15712813,43,Male,Germany,1,36,2/9/2023,520,150805.17,3,0,25333.03,1
15763898,46,Female,Spain,1,36,2/9/2023,568,0,2,1,29372.62,0
15793324,32,Male,Spain,1,108,3/9/2017,695,0,3,0,38533.79,0
15757759,28,Female,Spain,0,84,3/9/2019,807,165969.26,3,1,156122.13,1
15796230,36,Female,Germany,1,24,1/9/2024,642,124495.98,3,1,57904.22,1
15611729,39,Male,Germany,1,12,1/9/2025,703,141559.5,1,1,31257.1,1
15709531,38,Male,France,0,24,1/9/2024,556,114756.14,1,1,193214.05,0
15650751,30,Female,France,1,72,2/9/2020,585,0,2,1,137757.69,0
15641413,49,Female,Germany,0,84,3/9/2019,587,155393.98,2,1,13308.2,1
15753840,32,Female,Spain,1,72,2/9/2020,524,0,1,1,132861.9,1
15669994,31,Female,Germany,0,12,1/9/2025,556,128663.81,2,1,125083.29,0
15695301,44,Male,  Spain  ,1,48,2/9/2022,504,113522.64,1,1,12405.2,0
15792004,26,Female,Spain,0,36,2/9/2023,-1,0,2,1,37697.29,0
15603035,34,Male,France,1,36,2/9/2023,651,0,2,1,105599.65,0
15717286,40,Female,Spain,0,96,3/9/2018,675,79035.95,1,1,142783.98,1
15577107,22,Female,Spain,1,72,2/9/2020,657,0,3,0,168412.07,1
15754747,33,Male,Germany,1,108,3/9/2017,686,141918.09,2,0,184036.47,0
15705676,35,Female,France,0,108,3/9/2017,690,107944.33,2,0,48478.47,0
15751912,36,Male,France,1,84,3/9/2019,567,0,2,0,3896.08,0
15677336,57,Male,Germany,0,12,1/9/2025,557,120043.13,1,1,132370.75,1
15684395,45,Female,Spain,1,120,3/9/2016,446,125191.69,1,1,128260.86,1
15659949,31,Male,France,0,12,1/9/2025,850,96399.31,2,1,106534.15,0
15812422,41,Male,France,1,24,1/9/2024,637,0,2,0,102515.42,0
15806941,60,Male,France,1,84,3/9/2019,499,76961.6,2,1,83643.87,0
15637690,34,Female,Germany,0,84,3/9/2019,622,98675.74,1,1,138906.85,1
15632882,37,Male,Germany,1,12,1/9/2025,684,126817.13,2,1,29995.83,1
15807107,32,Male,france,0,36,2/9/2023,612,121394.42,1,1,164081.42,0
15661034,29,Female,Germany,0,60,2/9/2021,813,106059.4,1,0,187976.88,1
15811958,44,Male,Germany,0,24,1/9/2024,850,112755.34,2,0,158171.36,0
15785167,29,Male,Spain,0,48,2/9/2022,795,0,2,0,155711.64,0
15646720,55,Female,Spain,0,84,3/9/2019,628,0,3,1,85890.75,1
15658614,38,Female,Germany,1,84,3/9/2019,565,145400.69,2,1,83844.79,0
15704657,39,Male,France,0,36,2/9/2023,601,72647.64,1,1,41777.9,1
15567147,40,Male,Spain,1,48,2/9/2022,802,0,2,1,81908.09,0
15701319,37,Female,Germany,1,72,2/9/2020,614,96340.81,2,1,139377.24,1
15745266,55,Male,Spain,1,72,2/9/2020,434,0,1,0,73562.05,1
15650437,32,Male,Germany,1,96,3/9/2018,522,124450.36,2,1,165786.1,0
15764314,36,Male,Germany,0,24,1/9/2024,550,113877.23,2,1,174921.91,0
15612594,25,Male,Spain,1,36,2/9/2023,599,0,2,1,120790.02,0
15593501,36,Female,France,0,60,2/9/2021,-20,148667.81,2,1,56092.51,0
15804150,34,Male,France,1,36,2/9/2023,755,0,2,1,158816.03,0
15649297,62,Female,France,1,48,2/9/2022,605,111065.93,2,0,125660.99,0
15641110,41,male,France,0,0,1/9/2026,708,0,1,1,128400.62,0
15660608,44,Male,France,0,96,3/9/2018,699,158697.61,1,1,107181.22,0
15806570,53,Female,France,0,48,2/9/2022,763,0,1,1,77203.72,1
15715345,25,Male,Spain,0,72,2/9/2020,743,0,2,1,129740.11,0
15755521,48,Female,France,1,0,1/9/2026,660,90044.32,2,0,187604.97,1
15579074,38,Male,Germany,1,120,3/9/2016,619,84651.79,1,1,184754.26,0
15641158,32,Male,Germany,0,36,2/9/2023,score_700,102128.27,1,1,63981.37,1
15752507,60,Male,Germany,0,108,3/9/2017,769,148846.39,1,1,192831.67,1
15597983,69,Male,France,1,120,3/9/2016,692,154953.94,1,1,70849.47,0
15586069,30,Female,France,0,0,1/9/2026,560,108883.29,1,1,27914.95,0
15655082,48,Female,France,0,48,2/9/2022,607,112070.86,3,1,173568.3,1
15720155,29,Male,Germany,1,72,2/9/2020,630,131354.39,1,0,9324.31,1
15582116,45,Female,Germany,0,84,3/9/2019,767,132746.2,2,1,26628.88,1
15749365,34,Female,France,1,96,3/9/2018,543,0,2,0,145601.8,0
15632069,39,Male,France,0,96,3/9/2018,776,125211.55,2,1,144496.07,0
15663134,58,Male,Spain,1,12,1/9/2025,535,0,2,1,11779.98,1
15766683,36,Male,Germany,0,72,2/9/2020,549,139422.37,1,0,83983.39,1
15707219,28,Female,France,1,48,2/9/2022,844,0,2,0,123318.37,0
15709232,47,Female,Germany,1,60,2/9/2021,586,157099.47,2,1,65481.86,0
15801351,40,Male,France,0,36,2/9/2023,583,0,2,1,47728,0
15578747,26,Male,Spain,1,60,2/9/2021,701,83600.24,1,0,59195.05,0
15675626,28,Male,france,0,24,1/9/2024,726,0,1,0,98060.51,0
15583736,36,Male,Germany,0,48,2/9/2022,829,81795.74,2,1,90106.94,0
15590011,38,Male,Spain,1,108,3/9/2017,749,129378.32,1,1,13549.34,0
15609913,46,Female,France,0,108,3/9/2017,743,0,1,1,113436.08,0
15719479,56,Female,Spain,1,84,3/9/2019,619,0,2,1,42442.21,0
15575147,22,Male,France,0,108,3/9/2017,699,99339,1,1,68297.61,1
15597309,36,Male,Spain,0,84,3/9/2019,749,0,2,0,80134.65,0
15648367,29,Female,Germany,1,72,2/9/2020,600,74430.1,2,1,96051.1,0
15758031,38,Male,Spain,1,36,2/9/2023,760,91241.85,1,0,80682.35,0
15751771,32,Male,Germany,1,24,1/9/2024,528,99092.45,1,0,111149.98,0
15689288,26,Female,France,0,60,2/9/2021,630,0,2,1,182612.38,0
15731026,39,Female,Germany,0,24,1/9/2024,683,100062.16,2,1,109201.43,0
15775809,26,Female,Germany,1,72,2/9/2020,677,98723.67,1,0,151146.67,0
15743076,29,Male,Spain,1,108,3/9/2017,669,0,1,1,93901.61,0
15658258,43,Male,France,0,72,2/9/2020,693,128760.32,1,1,36342.79,0
15756321,52,Female,Spain,0,60,2/9/2021,612,144772.69,1,0,98302.57,1
15706799,44,Male,Spain,0,48,2/9/2022,719,0,1,0,84972.9,1
15775703,26,Male,France,1,24,1/9/2024,702,71281.29,1,1,108747.12,1
15642636,29,  Male  ,France,1,108,3/9/2017,755,117035.89,1,1,21862.19,0
15704651,26,Male,France,0,12,1/9/2025,0,0,2,0,121551.93,0
15806771,40,Female,France,0,0,1/9/2026,753,3768.69,2,1,177065.24,1
15566735,36,Female,Germany,1,24,1/9/2024,548,108913.84,2,1,140460.01,0
15681671,28,Male,Germany,1,24,1/9/2024,850,101100.22,2,1,35337.31,0
15775949,38,Female,France,1,84,3/9/2019,612,110615.47,1,1,193502.93,0
15586752,33,Male,Germany,1,96,3/9/2018,628,152143.89,1,1,32174.03,0
15582519,47,Male,France,1,72,2/9/2020,479,121797.09,1,0,5811.9,1
15658233,41,Female,France,1,60,9/2/2021,724,109798.25,1,0,149593.61,0
15755330,41,Male,Germany,1,84,3/9/2019,512,122403.24,1,0,37439.9,1
15605072,43,Female,France,1,36,2/9/2023,638,145860.98,1,1,142763.51,1
15617538,40,Male,Spain,0,84,3/9/2019,834,0,2,0,45038.74,0
15591428,29,Male,France,0,108,3/9/2017,781,0,2,0,172097.4,0
15692142,48,Female,Germany,1,84,3/9/2019,707,105086.74,1,1,180344.69,1
15692931,22,Male,France,1,24,1/9/2024,670,114991.45,1,1,37392.56,0
15781127,33,Female,Spain,1,96,3/9/2018,663,96769.04,1,1,36864.05,0
15677136,23,Female,France,0,60,2/9/2021,624,0,2,0,132418.59,0
15677828,34,Female,France,0,48,2/9/2022,598,0,2,0,60894.26,0
15567897,23,Male,Germany,1,60,2/9/2021,619,132725.1,1,1,143913.33,0
15793641,70,Female,France,1,36,2/9/2023,792,0,2,1,172240.27,0
15678333,26,Female,France,0,84,3/9/2019,683,0,2,1,86619.77,0
15630511,33,Female,France,0,72,2/9/2020,691,0,2,1,164074.89,0
15792627,33,Female,Spain,1,60,2/9/2021,765,84557.82,1,1,69039.43,0
15717191,49,Male,France,1,12,1/9/2025,508,93817.41,2,1,132468.76,1
15625716,33,Female,France,1,108,3/9/2017,637,113913.53,1,0,65316.5,0
15710053,44,Female,Germany,1,60,2/9/2021,667,140406.68,2,0,57164.19,0
15580043,22,Female,Spain,1,96,3/9/2018,575,105229.34,1,1,34397.08,0
15601410,46,Female,Spain,1,12,1/9/2025,744,0,3,1,177431.59,1
15684669,41,Female,France,0,108,3/9/2017,567,137891.35,1,1,142009.46,1
15619083,35,Female,France,1,72,2/9/2020,502,0,2,1,80618.47,0
15692207,53,Female,France,1,72,2/9/2020,609,0,2,1,124218.27,0
15730705,37,Male,France,0,108,3/9/2017,715,165252.52,1,1,85286.3,0
15749688,32,Male,France,0,96,3/9/2018,541,0,2,0,40889.14,0
15728542,71,Female,France,1,48,2/9/2022,850,0,2,1,107236.87,0
15760063,23,Male,Spain,1,84,3/9/2019,595,Unknown,2,1,168085.97,0
15658982,28,Female,Germany,1,60,2/9/2021,650,122034.4,3,0,146663.43,1
15758769,44,Female,France,0,84,3/9/2019,625,0,1,1,4791.8,0
15778481,Unknown,Male,France,1,12,1/9/2025,817,118962.58,1,1,120819.58,0
15661162,49,Male,Spain,0,24,1/9/2024,526,0,1,1,114539.67,1
15568164,34,Female,France,1,48,2/9/2022,850,71379.53,2,1,154000.99,0
15601569,40,Female,France,0,24,1/9/2024,598,171178.25,1,1,137980.58,1
15772383,36,Male,France,0,108,3/9/2017,613,131307.11,1,0,83343.73,0
15667456,62,Male,Spain,1,36,2/9/2023,709,0,2,1,82195.15,0
15672983,27,Female,Spain,0,60,2/9/2021,678,87099.85,2,1,149550.95,0
15799534,71,Male,France,1,60,2/9/2021,720,183135.39,2,1,197688.5,0
15582847,26,Male,France,1,0,1/9/2026,662,0,2,0,72929.96,0
15612478,51,Male,France,0,120,3/9/2016,525,0,3,1,171045.35,1
15709621,31,Male,France,1,36,2/9/2023,662,0,2,0,27731.05,0
15802009,33,Female,France,1,72,2/9/2020,770,0,2,1,126131.9,0
15698816,33,Female,Spain,1,48,2/9/2022,721,72535.45,1,1,103931.49,0
15574830,58,Male,Germany,0,24,1/9/2024,633,128137.42,2,1,147635.33,1
15603082,51,Male,France,0,108,3/9/2017,701,0,2,0,61961.57,0
15685947,42,Male,Germany,1,0,1/9/2026,556,115915.53,2,0,125435.47,1
15643048,66,Male,France,1,0,1/9/2026,639,0,2,0,42240.54,0
15807568,50,Male,France,0,24,1/9/2024,632,0,2,0,57942.88,0
15597591,29,Male,France,1,60,2/9/2021,456,107000.49,1,1,153419.62,0
15747558,38,Female,Spain,0,120,3/9/2016,729,0,2,1,189727.12,0
15756655,34,Female,France,0,24,1/9/2024,632,0,2,0,165385.55,0
15589949,34,Male,Spain,0,108,3/9/2017,433,152806.74,1,1,19687.99,0
15601012,60,Female,France,0,36,2/9/2023,802,92887.06,1,1,39473.63,1
15724269,25,Male,France,1,84,3/9/2019,670,0,2,1,144723.38,0
15567506,40,Female,Germany,1,72,2/9/2020,738,114940.67,2,1,194895.57,1
15791877,34,Male,Germany,1,0,1/9/2026,706,140641.26,2,1,77271.91,0
15794360,70,Female,Germany,0,60,2/9/2021,592,71816.74,2,1,105096.82,1
15686538,41,Female,France,1,84,3/9/2019,522,0,2,0,176780.39,0
15585985,48,Male,France,0,60,2/9/2021,746,165282.42,1,1,153786.46,1
15699257,42,Male,Spain,0,24,1/9/2024,651,143145.87,2,1,43612.06,0
15804104,28,Male,France,1,108,3/9/2017,494,114731.76,2,0,79479.74,0
15727619,46,Female,Germany,0,108,3/9/2017,753,113909.69,3,1,92320.37,1
15740237,36,Male,Germany,0,24,1/9/2024,671,116695.27,1,0,193201.86,0
15801436,42,Male,France,0,48,2/9/2022,696,0,1,0,126353.13,1
15705735,43,Male,,1,36,2/9/2023,577,0,2,1,135008.92,0
15649359,,Male,France,1,12,1/9/2025,587,0,2,0,17135.6,0
15624892,37,Male,Germany,0,84,3/9/2019,712,93978.96,2,1,60651.77,0
15784918,35,Male,Germany,1,24,1/9/2024,498,121968.11,2,0,188343.05,0
15584785,37,Male,France,0,24,1/9/2024,660,97324.91,1,1,23291.83,0
15797197,29,Male,Spain,0,72,2/9/2020,678,0,2,1,64443.75,0
15574858,37,Male,France,1,96,3/9/2018,530,0,2,1,287.99,0
15794101,48,Female,France,1,24,1/9/2024,559,0,2,0,137961.41,0
15743245,42,Male,France,0,36,2/9/2023,624,145155.37,1,1,72169.95,1
15791535,28,Male,France,0,60,2/9/2021,592,137222.77,1,0,39608.58,0
15605215,48,Male,France,1,108,3/9/2017,767,0,2,0,175458.21,0
15771749,38,Female,Germany,1,60,2/9/2021,653,114268.22,2,1,89524.83,0
15616833,27,Male,Spain,1,24,1/9/2024,678,0,2,1,13221.25,0
15750728,42,Female,Spain,0,24,1/9/2024,586,0,1,1,102889.34,0
15769353,40,Female,France,0,96,3/9/2018,550,150490.32,1,0,166468.21,1
15770091,28,Male,Germany,0,108,3/9/2017,643,160858.13,2,1,27149.27,0
15716420,39,Male,Spain,1,60,2/9/2021,612,170288.38,1,1,59601.15,0
15740602,27,Female,Germany,1,48,2/9/2022,674,111568.01,1,0,22026.18,0
15796071,29,Male,Spain,0,84,3/9/2019,657,83889.03,1,1,153059.62,0
15811389,35,Female,Germany,1,0,1/9/2026,724,171982.95,2,0,167313.07,0
15783875,34,Female,France,0,48,2/9/2022,500,0,99,1,12833.96,0
15671800,20,Male,France,1,96,3/9/2018,688,137624.4,2,1,197582.79,0
15677288,50,Male,France,0,36,2/9/2023,599,121159.65,1,0,4033.39,1
15633525,29,Male,France,1,84,3/9/2019,631,0,2,0,125877.22,0
15634606,52,Male,Spain,1,12,1/9/2025,634,0,2,1,176913.42,0
15579207,37,Male,France,0,36,2/9/2023,545,91184.01,1,1,105476.65,0
15619892,18,Male,Spain,0,96,3/9/2018,644,0,2,1,59172.42,0
15567778,54,Female,Germany,1,12,1/9/2025,690,144027.8,1,1,108731.02,1
15711750,34,Female,  France  ,1,72,2/9/2020,711,0,2,1,175310.38,0
15751084,29,Female,France,1,96,3/9/2018,712,140170.61,1,1,38170.04,0
15768945,27,Male,France,1,12,1/9/2025,627,62092.9,1,1,105887.04,0
15586931,39,Male,Spain,1,36,2/9/2023,694,0,1,1,95625.03,0
15636353,35,Male,Spain,0,48,2/9/2022,534,0,2,0,9541.15,0
15623858,45,Male,France,0,108,3/9/2017,603,0,1,0,148516.79,0
15703354,33,Female,France,0,24,1/9/2024,808,103516.87,1,1,113907.8,0
15663987,30,Male,Spain,0,12,1/9/2025,723,0,3,1,164647.72,1
15780805,35,Female,France,0,24,1/9/2024,585,0,2,1,98621.04,1
15768566,34,Male,France,1,96,3/9/2018,six hundred,0,2,1,37479.97,0
15643229,31,Female,France,1,72,2/9/2020,671,0,2,1,15846.42,0
15754940,43,Male,Spain,1,24,1/9/2024,597,85162.26,1,0,5104.08,1
15676576,43,Female,France,0,96,3/9/2018,646,143061.88,1,1,61937.6,0
15800068,46,Female,Spain,1,72,2/9/2020,801,0,2,1,170008.74,0
15648030,33,Female,Spain,0,60,2/9/2021,731,137388.01,2,1,165000.68,0
15668594,25,FEMALE,Germany,1,12,1/9/2025,620,137712.01,1,1,76197.05,0
15728709,40,Male,Germany,0,84,3/9/2019,484,106901.42,2,0,118045.98,0
15724181,47,Male,Spain,1,60,2/9/2021,647,105603.21,2,1,157360.9,0
15647546,40,Female,Germany,1,96,3/9/2018,688,150679.71,2,0,196226.38,0
15702601,30,Male,Germany,1,48,2/9/2022,680,108300.27,2,0,44384.57,1
15567725,46,Female,France,1,84,3/9/2019,689,52016.08,2,1,72993.65,0
15674179,34,Male,Germany,0,84,3/9/2019,513,60515.13,1,0,124571.09,0
15686957,35,Male,Germany,0,24,1/9/2024,553,158584.28,2,1,43640.16,0
15607690,47,Male,Germany,0,24,1/9/2024,689,118812.5,2,0,31121.42,0
15806546,46,Male,Spain,0,48,2/9/2022,517,0,1,1,22372.78,0
15632850,37,Male,France,1,96,3/9/2018,731,0,2,1,170338.35,0
15709016,47,Female,Germany,0,12,1/9/2025,687,91219.29,1,0,158845.49,1
15638068,32,Male,Spain,0,84,3/9/2019,507,0,2,1,67926.18,0
15749345,22,Female,France,1,12,1/9/2025,468,76318.64,1,1,194783.12,0
15791321,58,Female,Spain,0,48,2/9/2022,682,0,1,1,176036.01,0
15699095,24,Female,France,1,36,2/9/2023,603,0,1,1,198826.03,1
15638329,25,Male,Germany,1,12,1/9/2025,522,111432.13,1,1,168683.57,0
15575445,41,Male,Spain,0,120,3/9/2016,629,,1,0,6936.27,0
15752622,32,Female,France,1,84,3/9/2019,729,38550.06,1,0,179230.23,0
15774507,39,Female,France,0,60,2/9/2021,574,119013.86,1,1,103421.91,0
15570857,39,Female,Germany,1,0,1/9/2026,677,111213.64,2,1,147578.26,0
15599386,28,Male,Germany,1,60,2/9/2021,627,71097.23,1,1,130504.49,0
15744913,36,Male,Spain,1,120,3/9/2016,788,109632.85,1,1,16149.13,0
15647292,63,Male,France,0,84,3/9/2019,697,148368.02,1,0,118862.08,1
15728838,45,Male,France,0,12,1/9/2025,578,148600.91,1,1,143397.14,1
15584704,48,Male,France,0,120,3/9/2016,519,71083.98,1,1,137959,0
15749068,40,Female,Unknown,0,108,3/9/2017,632,139625.34,1,1,93702.96,1
15622985,39,Female,France,0,48,2/9/2022,679,0,1,0,172939.3,1
15587676,30,Male,France,1,108,3/9/2017,699,0,1,1,108162.13,0
15779496,64,Male,France,1,0,1/9/2026,615,81564.1,2,0,35896.09,0
15733460,36,Male,Spain,1,108,3/9/2017,622,0,2,1,104852.6,0
15711457,28,Female,France,1,84,3/9/2019,755,124540.28,1,0,188850.89,0
15795290,42,Female,France,0,24,1/9/2024,767,133616.39,1,1,28615.8,0
15611223,38,Female,Germany,0,120,3/9/2016,752,101648.5,2,1,172001.44,0
15794159,26,Female,France,1,96,3/9/2018,633,124281.84,1,1,60116.57,0
15780677,59,Female,France,1,48,2/9/2022,717,0,2,1,170528.63,0
15690175,45,Male,Spain,0,0,1/9/2026,585,0,2,0,189683.7,0
15722599,37,Female,France,0,108,3/9/2017,751,183613.66,2,0,49734.94,0
15569976,65,Male,Germany,1,12,1/9/2025,754,136186.44,1,1,121529.59,1
15707011,47,Male,France,0,120,3/9/2016,495,137682.68,1,1,71071.47,0
15702277,34,Male,France,1,48,2/9/2022,650,106005.54,1,0,142995.32,0
15801915,31,Female,France,0,72,2/9/2020,529,152310.55,1,1,13054.25,0
15580213,43,Female,France,0,24,1/9/2024,585,0,2,1,89402.54,0
15637947,32,Male,Spain,1,12,1/9/2025,668,134446.04,1,0,111241.37,0
15715888,38,Female,France,1,24,1/9/2024,591,142289.28,1,0,119638.85,0
15732967,19,Male,France,1,72,2/9/2020,731,0,2,1,151581.79,0
15737047,45,Female,France,0,72,2/9/2020,754,0,1,1,73881.68,1
15694039,46,Female,Germany,0,108,3/9/2017,650,149003.76,2,1,176902.83,0
15649457,41,Male,Germany,1,24,1/9/2024,588,131341.46,2,0,7034.94,0
15742809,29,Female,Spain,0,84,3/9/2019,712,77919.78,1,1,122547.58,0
15637829,34,Female,France,1,84,3/9/2019,691,0,2,0,161559.12,0
15633194,41,Female,France,1,120,3/9/2016,771,108309,4,1,137510.41,1
15611635,39,Female,Spain,1,72,2/9/2020,678,0,1,0,185366.56,0
15638774,40,Female,Spain,0,108,3/9/2017,719,0,2,1,182224.14,0
15722037,36,Male,Germany,1,84,3/9/2019,610,-5000,1,0,42581.04,0
15672930,37,Male,Spain,0,108,3/9/2017,722,0,2,1,31921.95,0
15668774,23,Female,Germany,0,60,2/9/2021,758,122739.1,1,1,102460.84,1
15780966,32,Female,France,0,24,1/9/2024,709,0,2,0,109681.29,0
15659694,53,Female,Germany,1,36,2/9/2023,634,113781.5,2,1,106345.05,1
15624424,49,Female,Spain,1,12,1/9/2025,678,0,2,1,102472.9,0
15708713,35,Male,France,1,36,2/9/2023,633,0,2,1,36249.76,0
15755405,43,Male,France,0,108,3/9/2017,710,128284.45,1,1,32996.89,1
15647570,45,Male,Germany,0,96,3/9/2018,640,120591.19,1,0,195123.94,0
15684348,63,Male,France,1,96,3/9/2018,656,0,2,0,57014.43,0
15702541,59,Female,France,0,24,1/9/2024,551,166968.28,1,1,159483.76,1
15646942,39,Female,Spain,0,84,3/9/2019,786,0,2,0,100929.59,0
15748920,49,Female,France,1,96,3/9/2018,561,0,2,1,12513.07,0
15694581,42,Male,Spain,1,60,2/9/2021,807,0,2,1,74900.9,0
15643215,38,Male,Germany,0,24,1/9/2024,602,71667.97,2,0,137111.89,0
15649060,31,Female,Germany,0,36,2/9/2023,727,82729.47,2,1,60212.51,0
15774258,40,Male,France,1,12,1/9/2025,678,0,2,1,187343.4,0
15731553,23,Male,France,0,96,3/9/2018,730,0,2,1,183284.53,0
15617029,30,Female,Spain,0,12,1/9/2025,596,0,2,1,8125.39,0
15780716,39,Male,Germany,1,36,2/9/2023,686,129626.19,2,1,103220.56,0
15577018,26,Female,Germany,0,24,1/9/2024,684,114035.39,1,0,96885.19,0
15809515,32,Male,Germany,0,12,1/9/2025,797,Unknown,1,1,8877.06,0
15789924,39,Female,France,1,48,2/9/2022,658,0,1,1,147530.06,0
15725076,27,Female,Spain,1,72,2/9/2020,653,107751.68,2,1,33389.42,0
15672481,37,Male,France,0,72,2/9/2020,641,0,2,1,45309.24,0
15574115,41,Female,Spain,1,72,2/9/2020,656,101179.23,2,1,35230.61,0
15661830,36,Female,  Spain  ,1,72,2/9/2020,750,0,2,1,59816.41,0
15665879,40,Female,France,1,999,3/9/2018,768,0,2,0,69080.46,0
15673820,33,Male,France,0,84,3/9/2019,568,0,2,1,143450.61,0
15747772,36,Male,Germany,0,108,9/3/2017,706,58571.18,2,1,40774.01,0
15666197,38,Female,Germany,0,96,3/9/2018,430,153058.64,1,1,99377.27,0
15773639,35,Male,Germany,0,48,2/9/2022,745,98270.34,1,1,133617.43,0
15581893,43,Male,France,1,12,1/9/2025,747,130788.71,1,0,101495,1
15672447,40,Male,Germany,1,84,3/9/2019,six hundred,99165.84,1,0,119333.95,1
15777830,42,Female,France,0,48,2/9/2022,639,0,2,0,167682.37,0
15713890,44,Male,France,1,36,2/9/2023,704,0,2,0,152884.85,0
15577598,23,Male,Spain,0,48,2/9/2022,1000,115636.05,2,1,70400.86,0
15786042,44,Female,Germany,0,24,1/9/2024,706,185932.18,2,1,65413.41,0
15753462,30,Male,Germany,1,24,1/9/2024,632,72549,2,0,182728.8,0
15759690,42,Male,France,1,48,2/9/2022,751,0,2,1,81442.6,0
15801414,35,Female,France,0,24,1/9/2024,767,0,2,0,144251.38,0
15656141,39,Male,France,1,60,2/9/2021,741,0,three,0,40207.06,0
15608701,29,Male,Germany,0,36,2/9/2023,651,121890.06,1,1,54530.51,1
15582892,46,Male,France,1,24,1/9/2024,601,99786.07,1,1,32683.88,1
15632967,34,Male,France,1,36,2/9/2023,520,0,2,1,104703.96,0
15587573,27,Male,Germany,1,48,2/9/2022,626,115084.53,2,0,26907.43,0
15654891,121,Male,France,1,72,2/9/2020,811,0,2,1,180591.32,0
15611365,32,Female,France,0,108,3/9/2017,730,127661.69,1,0,60905.51,0
15749103,47,Female,Germany,1,48,2/9/2022,604,118907.6,1,0,47777.15,1
15810203,44,Female,Germany,0,72,2/9/2020,499,77627.33,2,1,108222.68,0
15813660,40,Male,Spain,1,24,1/9/2024,754,160625.17,1,0,3554.63,0
15605673,29,Female,Spain,0,96,3/9/2018,716,0,2,0,78616.92,0
15669282,20,Female,France,0,120,3/9/2016,636,124266.86,1,0,100566.81,0
15792726,25,Female,France,1,96,3/9/2018,470,127974.06,2,1,183259.35,0
15593241,43,Male,France,1,36,2/9/2023,444,0,2,1,159131.21,0
15683053,48,Female,Spain,0,24,1/9/2024,809,0,1,1,160976.85,1
15632736,30,Female,Germany,1,36,2/9/2023,850,104911.35,2,1,42933.26,0
15731865,27,Male,France,0,12,1/9/2025,637,0,2,1,91291.2,0
15760450,43,Male,France,1,12,1/9/2025,512,0,2,1,52471.36,0
15787204,43,Female,Spain,0,12,1/9/2025,774,110646.54,1,0,108804.28,0
15650454,57,Male,France,1,60,2/9/2021,641,0,2,1,122449.18,0
15573730,42,Male,Germany,0,72,2/9/2020,586,126704.49,2,1,41682.3,0
15705050,30,Male,France,1,108,3/9/2017,611,0,2,1,148887.69,0
15791342,31,Male,Spain,1,12,1/9/2025,660,84560.04,1,1,137784.25,0
15684316,43,Male,France,0,108,3/9/2017,532,0,2,0,190573.91,1
15700540,38,Female,Germany,0,24,1/9/2024,557,129893.56,1,0,102076.03,0
15770631,25,Male,Spain,1,60,2/9/2021,730,167385.81,1,1,56307.51,0
15790594,27,Female,France,1,72,2/9/2020,535,0,2,0,49775.58,0
15604020,36,Female,Germany,1,48,2/9/2022,773,105858.71,1,0,4395.45,0
15637599,44,Female,Germany,0,48,2/9/2022,510,123070.89,1,1,28461.29,1
15736578,39,Male,France,1,12,1/9/2025,539,0,1,1,28184.7,0
15666332,48,Female,Spain,1,24,1/9/2024,690,0,2,1,3149.1,0
15727291,40,Female,France,0,12,1/9/2025,821,0,2,1,194273.12,0
15785920,35,Male,Germany,1,12,1/9/2025,687,125141.24,2,1,148537.07,0
15658987,46,Female,France,1,48,2/9/2022,557,96173.17,2,1,116378.31,0
15687719,37,Female,Spain,1,60,2/9/2021,532,0,2,0,6761.84,0
15799641,39,Male,Spain,0,24,1/9/2024,540,0,2,1,81995.92,0
15758702,55,  Female  ,France,1,96,3/9/2018,705,0,2,1,14392.68,0
15689526,35,Female,Germany,0,108,3/9/2017,542,127543.11,2,1,468.94,1
15586848,38,Male,France,0,12,1/9/2025,706,0,2,1,122379.54,0
15707637,56,Female,France,0,12,1/9/2025,765,0,1,1,13228.93,1
15719426,67,Male,France,1,96,3/9/2018,529,103101.56,2,1,154002.02,1
15639265,54,Male,France,0,84,3/9/2019,714,126113.28,1,1,112777.38,0
15576124,41,Male,France,0,12,1/9/2025,582,40488.76,1,1,128528.83,0
15757829,40,Female,Germany,0,120,3/9/2016,609,137389.77,2,1,170122.22,0
15633227,28,Female,France,0,108,3/9/2017,518,85146.36,1,0,2803.89,0
15753092,35,Male,Germany,1,60,2/9/2021,791,129828.58,1,1,181918.26,1
15782939,42,Male,France,0,48,2/9/2022,747,80214.36,1,1,115241.96,1
15746338,40,Female,Unknown,1,24,1/9/2024,565,0,2,1,129956.13,0
15590676,34,Male,France,0,12,1/9/2025,735,141796.43,1,1,45858.49,0
15599329,49,Female,France,1,84,3/9/2019,697,195238.29,4,0,131083.56,1
15783097,27,Male,Germany,0,72,2/9/2020,813,111348.15,1,1,46422.46,0
15597885,43,Male,France,1,72,2/9/2020,772,0,2,1,57675.88,0
15597467,71,Female,France,1,96,3/9/2018,606,0,2,1,169741.96,0
15724764,42,Female,Germany,0,120,3/9/2016,667,64404.26,2,0,26022.37,0
15778418,40,Male,Germany,1,108,3/9/2017,637,154309.67,1,1,125334.16,1
15684769,67,Male,france,1,120,3/9/2016,542,129431.36,1,0,21343.74,0
15756167,43,Female,Spain,1,60,2/9/2021,762,134204.67,1,1,139971.01,0
15632439,39,Female,France,1,48,2/9/2022,698,0,2,0,47455.82,0
15755138,32,Female,France,1,96,3/9/2018,850,0,2,1,55593.8,0
15659092,50,Female,france,0,60,2/9/2021,621,0,2,1,191756.54,1
15742116,48,Female,Germany,0,108,3/9/2017,671,116711.06,2,0,76373.38,0
15801994,31,Male,France,0,108,3/9/2017,775,0,2,1,169278.51,0
15647572,34,Male,Spain,1,0,9/1/2026,504,54980.81,1,1,136909.88,0
15644551,37,Female,Spain,0,36,2/9/2023,751,99773.85,2,1,54865.92,0
15709135,30,Male,Germany,0,84,3/9/2019,691,101231.77,2,0,156529.44,0
15684469,32,Male,Germany,0,24,1/9/2024,841,117070.21,1,1,113482.2,0
15627637,23,Male,Germany,0,96,3/9/2018,709,73314.04,2,1,63446.47,0
15667093,37,Male,France,1,24,1/9/2024,673,0,1,1,13624.02,0
15690589,37,Male,France,1,108,3/9/2017,541,212314.03,1,0,148814.54,0
15595350,31,Female,France,0,36,2/9/2023,661,136067.82,2,1,65567.91,0
15777586,42,FEMALE,Spain,0,24,1/9/2024,784,109052.04,2,1,6409.55,0
15804064,35,Female,France,1,24,1/9/2024,742,79126.17,1,1,126997.53,0
15717770,55,Female,Spain,0,84,3/9/2019,850,0,1,0,171762.87,1
15754443,35,Female,France,0,108,3-Sep-17,443,108308,1,1,129031.19,1
15776939,48,Female,Germany,0,36,2/9/2023,778,102290.56,2,1,182691.31,0
15713517,39,Male,France,0,72,2/9/2020,529,102025.08,2,1,12351.01,0
15683522,37,Female,Germany,1,24,1/9/2024,678,113383.07,1,1,135123.96,0
15673995,65,Female,Spain,0,108,3/9/2017,516,102541.1,1,1,181490.42,0
15771054,35,Male,Spain,0,60,2/9/2021,469,0,2,1,186490.37,0
15578788,40,Male,Spain,0,72,2/9/2020,786,0,2,0,41248.8,0
15737408,41,Female,France,0,72,2/9/2020,703,109941.51,1,1,116267.28,0
15750837,41,Male,Germany,1,0,1/9/2026,579,141749.68,1,0,9201.53,0
15576022,38,Male,France,1,60,2/9/2021,565,0,2,0,80630.32,0
15635502,44,Male,France,0,24,1/9/2024,443,0,1,1,159165.7,0
15627298,37,Male,France,0,84,3/9/2019,589,85146.48,2,1,86490.09,1
15811415,44,Female,France,1,72,2/9/2020,691,134066.1,2,1,197572.41,0
15645059,28,Female,France,0,96,3/9/2018,711,0,2,0,105159.89,0
15689671,27,  Male  ,Spain,1,48,2/9/2022,775,0,1,1,40807.26,0
15718667,35,Male,France,0,84,3/9/2019,621,87619.29,1,1,143.34,0
15803202,51,Male,France,1,120,3/9/2016,unknown,0,1,1,125823.79,1
15593683,30,Female,Spain,0,96,3/9/2018,668,0,2,1,138465.7,0
15703394,27,Male,Spain,0,36,2/9/2023,633,0,2,1,44008.91,0
15570289,43,Male,Germany,0,96,3/9/2018,697,103409.16,1,1,66893.28,1
15567437,30,Female,Germany,1,84,3/9/2019,734,123040.38,1,1,76503.06,0
15711687,41,Male,France,1,48,2/9/2022,434,108128.52,1,0,56784.11,0
15656592,48,Male,Germany,1,96,3/9/2018,646,169023.33,2,1,175657.55,0
15634373,30,Male,France,1,60,2/9/2021,764,0,2,0,105155.66,0
15769125,41,Female,Spain,1,120,3/9/2016,727,0,2,0,47468.56,0
15711386,29,Female,France,1,72,2/9/2020,724,0,2,0,64729.51,0
15714241,42,Male,Spain,0,108,3/9/2017,749,222267.63,1,0,101108.85,1
15642530,47,Female,Germany,0,120,3/9/2016,706,144090.42,1,1,140938.95,1
15713599,30,Male,France,1,120,3/9/2016,728,114835.43,1,0,37662.49,0
15744770,44,Male,France,0,24,1/9/2024,636,0,2,0,86414.41,0
15780498,34,male,France,1,36,2/9/2023,634,145030.92,1,1,41820.65,0
15624397,43,Male,France,1,96,3/9/2018,627,71240.3,1,0,127734.16,0
15615219,59,Male,France,1,60,2/9/2021,518,138772.15,1,0,123872,0
15570908,29,Female,Spain,1,84,3/9/2019,687,93617.07,1,0,113050.92,0
15762855,23,Female,Spain,1,96,3/9/2018,622,0,2,1,131389.39,0
15661827,45,Female,Spain,1,48,2/9/2022,693,0,2,1,26589.56,0
15746035,25,Male,Spain,1,108,3/9/2017,450,74237.2,2,0,195463.35,0
15691906,49,Female,Germany,0,60,2/9/2021,664,127421.78,2,1,108876.75,1
15793424,28,Female,Spain,0,96,3/9/2018,663,61274.7,2,1,136054.45,0
15577905,34,Male,France,1,96,3/9/2018,660,106486.66,2,0,182262.66,0
15667216,29,Female,France,1,120,3/9/2016,579,73194.52,2,1,129209.09,0
15673971,44,Female,Germany,0,72,2/9/2020,655,146498.76,1,1,64853.51,1
15701238,47,Male,France,0,12,1/9/2025,683,0,2,1,148989.15,0
15644849,32,Female,France,1,24,1/9/2024,655,0,1,1,71047.51,0
15635531,30,Female,Spain,0,96,3/9/2018,575,0,2,1,185341.63,0
15632263,30,Male,Spain,0,60,2/9/2021,574,120355,1,1,137793.35,0
15720110,32,Male,France,1,24,1/9/2024,795,117265.21,1,1,198317.23,0
15619045,43,Female,France,1,48,2/9/2022,776,0,2,0,162137.5,0
15697510,52,Female,Spain,0,84,3/9/2019,707,0,1,1,109688.82,1
15784923,37,Female,Germany,1,36,2/9/2023,705,109974.22,1,1,36320.87,1
15567383,44,Female,Germany,1,24,1/9/2024,678,98009.13,2,0,31384.86,0
15732621,34,Male,France,1,120,3/9/2016,663,0,1,1,114083.73,0
15757981,66,Male,France,1,96,3/9/2018,748,0,1,1,163331.65,0
15727819,34,Female,Spain,1,120,3/9/2016,677,171671.9,1,1,50777.77,0
15738088,63,Male,Spain,0,120,3/9/2016,634,0,2,1,30772.86,1
15765173,60,Female,France,0,36,2/9/2023,350,0,1,0,113796.15,1
15665159,,Male,France,1,0,1/9/2026,727,128213.96,2,1,188729.08,1
15618203,51,Male,Germany,1,96,3/9/2018,773,116197.65,2,1,86701.4,0
15791452,39,Male,France,0,12,1/9/2025,675,0,2,1,153129.22,0
15638159,36,Female,Unknown,0,72,2/9/2020,649,86607.39,1,0,19825.09,0
15585466,29,Male,France,0,120,3/9/2016,552,0,2,1,12186.83,0
15677310,62,Male,Germany,0,60,2/9/2021,761,98854.34,1,0,86920.97,1
15646262,31,Male,France,0,84,3/9/2019,622,0,1,1,35408.77,0
15656901,59,Male,France,1,96,3/9/2018,615,0,2,1,165576.55,0
15621093,31,Male,Germany,0,48,2/9/2022,681,97338.19,2,0,48226.76,0
15592123,30,Male,France,1,72,2/9/2020,768,0,2,1,199454.37,0
15589200,34,Male,Spain,0,108,3/9/2017,617,0,2,1,118749.58,0
15602934,33,Female,France,0,72,2/9/2020,452,131698.57,2,1,151623.91,0
15812720,37,Male,Germany,1,120,3/9/2016,807,130110.45,2,0,172097.95,0
15695383,44,Male,Spain,0,108,3/9/2017,567,0,2,1,87677.15,0
15723064,24,Male,Spain,0,12,1/9/2025,603,165149.13,2,1,21858.28,0
15761606,37,Female,Spain,0,108,3/9/2017,617,101707.8,1,1,123866.28,0
15650322,34,Female,  France  ,1,36,2/9/2023,701,105588.66,1,0,74694.41,0
15669782,39,Male,Germany,0,108,3/9/2017,820,111336.89,1,1,16770.31,1
15751628,60,Male,France,1,84,3/9/2019,438,78391.17,1,0,49424.6,0
15809057,27,Female,Spain,1,72,2/9/2020,600,0,2,1,172031.22,0
15617052,34,  Male  ,France,0,108,3/9/2017,782,0,1,1,183021.06,1
15590810,,Female,Germany,0,108,3/9/2017,638,144326.09,1,1,73979.85,1
15801293,27,Male,Germany,1,12,1/9/2025,850,101278.25,2,1,26265.18,0
15770968,19,Female,Germany,0,96,3/9/2018,741,108711.57,2,1,24857.25,0
15572356,73,Male,Spain,1,12,1/9/2025,689,108555.07,1,0,167969.15,0
15603247,35,Female,Germany,0,12,1/9/2025,743,146781.24,1,1,189307.7,0
15619116,36,Female,France,1,24,1/9/2024,493,0,2,0,99770.3,0
15691792,35,Male,Spain,0,96,3/9/2018,416,0,1,0,119712.78,0
15783276,25,Female,France,1,108,3/9/2017,725,0,2,1,168607.74,0
15766137,34,Male,France,1,24,1/9/2024,score_700,0,2,1,83087.13,0
15574554,66,Male,Germany,1,96,3/9/2018,537,103291.25,2,1,130664.79,0
15578671,29,Female,Spain,1,12,1/9/2025,706,209490.21,1,1,133267.69,1
15716608,38,Male,Spain,0,24,1/9/2024,651,0,3,1,67029.82,1
15690670,33,Male,France,1,24,1/9/2024,720,0,2,0,141031.08,0
15630466,45,Male,France,0,96,3/9/2018,797,0,1,0,125110.02,0
15630349,23,Male,Spain,0,60,2/9/2021,543,0,2,1,117832.39,0
15803801,34,Male,France,0,48,2/9/2022,454,0,2,1,198817.72,0
15647890,37,Male,France,1,108,3/9/2017,691,149405.18,1,1,146411.6,0
15606115,52,Female,France,1,72,2/9/2020,510,191665.21,1,1,131312.56,1
15714642,40,Female,Spain,0,84,3/9/2019,792,0,1,1,141652.2,0
15741181,41,Male,France,1,72,2/9/2020,721,135071.12,1,1,64477.25,0
15773973,41,Male,France,1,24,1/9/2024,765,0,2,0,191215.61,0
15758546,39,Male,Spain,1,96,3/9/2018,850,0,2,1,37090.44,0
15598940,38,Male,Germany,1,72,2/9/2020,681,181804.34,2,1,57517.71,0
15669783,60,Female,France,1,36,2/9/2023,586,47020.65,2,0,63241.21,1
15624993,36,Female,France,1,84,3/9/2019,753,128518.98,1,1,44567.83,1
15760568,38,Female,Germany,1,60,2/9/2021,593,,2,0,135337.11,0
15699047,21,Female,France,1,108,3/9/2017,674,120150.39,2,1,33964.03,0
15616168,35,Female,France,1,84,3/9/2019,610,81905.95,1,1,61623.19,0
15773146,26,Male,France,1,36,2/9/2023,652,137998.2,2,0,168989.77,0
15770375,26,Female,Germany,0,96,3/9/2018,850,123126.29,1,1,74425.41,0
15589725,51,Female,France,1,48,2/9/2022,740,0,2,1,178929.84,0
15710034,43,Male,Germany,1,12,1/9/2025,637,135645.29,2,0,101382.86,1
15800806,31,Male,Spain,1,84,3/9/2019,685,122449.31,2,1,180769.55,0
15570485,40,Male,Spain,0,48,2/9/2022,558,161766.87,1,0,92378.54,0
15575391,37,Female,France,1,36,2/9/2023,677,0,2,1,38252.25,0
15790750,36,Male,Germany,1,120,9/3/2016,592,123187.51,1,0,146111.35,0
15714832,36,Male,Germany,0,108,3/9/2017,652,150956.71,1,0,72350.17,0
15619953,42,Female,Spain,0,72,2/9/2020,662,105021.28,1,1,48242.38,0
15673929,64,Male,France,1,48,2/9/2022,543,0,2,1,148305.82,0
15578835,50,Unknown,Spain,1,12,1/9/2025,675,133204.91,1,0,8270.06,0
15752388,35,Female,Spain,1,72,2/9/2020,643,0,2,1,41549.64,0
15797081,49,Female,GERMANY,1,108,3/9/2017,611,115488.52,2,1,138656.81,1
15570194,29,Male,France,0,60,2/9/2021,412,0,2,0,12510.53,0
15580149,41,Male,Spain,0,84,3/9/2019,638,0,2,1,43889.41,0
15777708,38,Female,Spain,0,36,2/9/2023,824,0,2,1,192800.25,0
15769955,40,Female,France,0,12,1/9/2025,683,0,2,0,75762,0
15810444,39,Female,Germany,0,72,2/9/2020,562,130565.02,1,1,9854.72,1
15645593,41,Female,France,0,24,1/9/2024,599,91328.71,1,1,115724.78,0
15765345,35,Male,France,1,48,2/9/2022,753,0,2,1,106303.4,0
15760873,50,Male,France,1,84,3/9/2019,594,81310.34,1,1,183868.01,0
15794178,34,Male,France,0,36,2/9/2023,657,107136.6,1,1,153895.46,0
15589361,34,Male,Spain,1,108,3/9/2017,716,0,1,1,66695.71,0
15662483,43,Male,France,1,84,3/9/2019,850,0,2,1,173851.11,0
15809736,46,Male,France,1,24,1/9/2024,664,0,1,1,177423.02,1
15731148,33,Male,France,1,0,1/9/2026,558,108477.49,1,1,109096.71,1
15774328,40,Male,Germany,1,12,1/9/2025,606,144757.97,2,1,166656.18,0
15646969,33,Male,Spain,1,24,1/9/2024,776,0,2,1,176921,0
15718769,36,Male,Spain,0,12,1/9/2025,557,113110.26,1,1,98413.1,0
15610226,27,Female,France,0,108,3/9/2017,614,106414.57,2,0,77500.81,0
15616270,42,Male,Spain,1,48,2/9/2022,620,106920.91,1,0,119747.08,0
15790717,35,Male,Spain,0,84,3/9/2019,695,0,2,1,160387.98,0
15635703,39,Female,Germany,1,12,1/9/2025,729,131513.26,1,1,193715,0
15616365,53,Female,France,0,24,1/9/2024,571,0,2,1,28045.77,0
15630244,40,Male,France,0,120,3/9/2016,457,134320.23,2,1,150757.35,0
15734714,29,Female,France,0,36,2/9/2023,559,79715.36,1,1,82252.28,0
15721433,38,Female,France,0,48,2/9/2022,664,74306.19,2,1,154395.56,0
15590201,50,Female,Spain,1,60,2/9/2021,500,0,4,1,83866.35,1
15590828,42,Male,Germany,0,84,3/9/2019,782,126428.38,1,1,39830.1,0
15752097,38,Male,Spain,0,96,3/9/2018,708,99640.89,1,1,12429.22,0
15800031,43,Male,France,1,36,2/9/2023,681,66338.68,1,1,18772.5,1
15630857,39,Female,Spain,1,72,2/9/2020,674,0,2,1,9574.83,0
15689953,43,  Male  ,Spain,0,120,3/9/2016,697,128226.37,1,0,188486.94,0
15759733,Unknown,Female,France,1,60,2/9/2021,774,0,2,1,64716.08,0
15810826,36,Male,France,0,72,2/9/2020,624,0,2,0,84749.96,0
15668009,37,Male,Spain,1,12,1/9/2025,747,0,2,0,180551.76,0
15743456,32,Female,France,0,120,3/9/2016,715,0,2,1,60907.49,0
15725762,24,Male,France,0,48,2/9/2022,808,122168.65,1,1,174107.04,0
15761713,43,Female,France,0,84,3/9/2019,678,178074.33,1,0,110405.9,0
15769246,59,Male,Germany,0,24,1/9/2024,813,135078.41,1,1,187636.06,1
15781129,38,Male,Spain,1,96,3/9/2018,687,69434.4,2,1,66580.13,1
15599124,29,Female,France,0,60,2/9/2021,832,0,2,1,178779.52,0
15639004,72,Male,France,1,24,1/9/2024,668,0,2,1,70783.61,0
15810995,34,Male,Germany,1,36,2/9/2023,526,122726.56,1,1,46772.36,0
15653773,38,Female,France,1,84,3/9/2019,457,164496.99,1,1,163327.27,0
15708357,38,Female,Spain,0,96,3/9/2018,649,0,1,1,103760.53,0
15733597,41,Female,France,0,0,1/9/2026,669,150219.41,2,0,107839.03,0
15789560,42,Male,France,1,96,3/9/2018,668,187534.79,1,1,32900.41,1
15699524,30,Female,NULL,0,36,2/9/2023,466,0,1,1,193984.6,0
15626475,30,Male,France,1,24,1/9/2024,685,0,2,1,140889.32,0
15810839,34,Male,France,0,0,1/9/2026,score_700,103108.17,1,0,125646.82,0
15684318,50,Female,Germany,1,72,2/9/2020,582,96486.57,2,1,20344.02,0
15768120,36,Male,Germany,0,108,3/9/2017,702,90560.48,2,1,174268.87,0
15712807,46,Male,Spain,1,36,2/9/2023,556,131764.96,1,1,108500.66,1
15696371,24,Female,  Spain  ,0,12,1/9/2025,812,92476.88,1,0,83247.14,0
15675794,47,Male,Germany,0,108,3/9/2017,645,152076.93,1,1,121840.2,1
15774277,43,Male,France,1,24,1/9/2024,809,0,2,1,132908.07,0
15603764,49,Male,France,1,48,2/9/2022,560,0,1,1,100075.1,1
15618647,29,Male,France,1,12,1/9/2025,744,43504.42,1,1,119327.75,0
15614643,39,Female,Spain,0,24,1/9/2024,731,0,2,1,136737.13,0
15707696,28,Female,Spain,1,60,2/9/2021,471,0,2,1,22356.97,0
15749583,38,Female,Germany,0,24,1/9/2024,686,93569.86,3,0,10137.34,1
15815125,45,Male,Spain,1,48,2/9/2022,668,102486.21,2,1,158379.25,0
15779620,36,Male,France,1,12,1/9/2025,575,0,1,0,94570.56,0
15768233,37,Male,Germany,1,96,3/9/2018,435,114346.3,1,0,980.93,1
15637788,23,Male,France,0,36,2/9/2023,743,110203.77,1,1,95583.45,0
15777046,39,Female,France,0,108,3/9/2017,580,128362.59,1,1,86044.98,0
15788723,49,Female,Germany,1,120,3/9/2016,599,143888.22,2,1,166236.38,1
15790489,34,Male,Spain,1,60,2/9/2021,534,170600.78,1,0,5240.53,0
15739476,32,Female,France,1,60,2/9/2021,680,0,1,1,150684.23,0
15612670,46,Female,Spain,1,120,3/9/2016,631,0,2,1,129508.96,0
15631222,39,Female,France,1,24,1/9/2024,485,75339.64,1,1,70665.16,0
15658972,40,Female,France,0,96,3/9/2018,699,122038.34,1,1,102085.35,0
15724691,34,Male,France,1,12,1/9/2025,712,0,2,1,195052.12,0
15740442,51,Male,France,0,96,3/9/2018,603,186825.57,1,1,93739.71,1
15760427,40,Male,France,0,72,2/9/2020,850,124788.18,1,1,65612.12,0
15677939,41,Female,France,1,36,2/9/2023,584,0,2,1,160095.48,0
15611599,71,Female,France,1,24,1/9/2024,604,0,2,1,49506.82,0
15633474,51,Male,France,1,24,1/9/2024,586,138553.57,1,1,92406.22,0
15671973,39,Male,Spain,1,60,2/9/2021,467,0,2,1,7415.96,0
15790019,35,Male,France,1,108,3/9/2017,520,105387.89,1,1,25059.06,0
15737735,40,Male,ES,1,48,2/9/2022,683,95053.1,1,1,116816.54,1
15661745,36,Male,France,1,36,2/9/2023,557,0,1,0,144078.02,0
15797065,32,Female,Spain,1,0,1/9/2026,613,0,2,0,126675.62,0
15710671,34,Male,France,0,36,2/9/2023,786,137361.96,1,0,183682.09,0
15656522,32,Male,Spain,0,120,3/9/2016,593,158537.42,1,1,166850.57,0
15705085,29,Female,Spain,0,108,3/9/2017,670,0,2,1,27359.19,0
15744873,48,Female,Germany,0,60,2/9/2021,657,143595.87,1,0,101314.65,1
15781914,32,Male,Germany,1,108,3/9/2017,718,169947.41,2,1,27979.16,0
15637354,24,Female,France,1,84,3/9/2019,623,148167.83,2,1,109470.34,0
15717307,31,Male,France,0,60,2/9/2021,496,0,2,1,93713.13,0
15746695,39,Female,France,0,72,2/9/2020,429,48023.83,1,1,74870.99,0
15804962,36,Male,France,1,12,1/9/2025,606,155655.46,1,1,192387.51,1
15665378,46,Female,France,0,72,2/9/2020,499,0,2,1,73457.55,0
15757865,62,Male,France,1,84,3/9/2019,642,0,2,1,61120.75,0
15578787,52,Female,France,0,48,2/9/2022,641,0,1,1,90964.54,1
15794323,32,Male,France,0,96,3/9/2018,673,121240.76,1,1,116969.73,0
15697546,36,Female,France,0,36,2/9/2023,570,0,2,1,92118.75,0
15629519,37,Female,France,1,12,1/9/2025,472,0,2,1,48357.9,0
15624703,35,Male,Germany,0,108,3/9/2017,550,129847.75,2,1,197325.4,0
15570002,55,Female,Germany,0,96,3/9/2018,625,118772.71,4,0,135853.62,1
15808566,46,Male,France,1,24,1/9/2024,516,0,2,1,169122.54,0
15805463,32,Male,Germany,1,24,1/9/2024,682,105163.88,2,1,164170.46,0
15709136,28,  Male  ,France,1,96,3/9/2018,620,0,2,1,199909.32,0
15801605,39,Female,France,1,0,1/9/2026,626,0,2,1,83295.09,0
15567855,29,Female,France,0,12,1/9/2025,623,0,2,0,39382.06,0
15675141,35,Female,France,0,48,2/9/2022,569,93934.63,1,1,184748.23,0
15665759,69,Female,France,1,60,2/9/2021,724,117866.92,1,1,62280.91,0
15761487,55,Female,France,1,60,2/9/2021,678,0,1,0,196794.11,1
15700394,26,Female,Spain,0,48,2/9/2022,713,122857.46,2,1,144682.17,1
15631162,32,Male,France,1,120,3/9/2016,631,0,2,0,196342.66,0
15630641,37,Female,France,1,72,2/9/2020,846,127103.97,1,1,41516.44,0
15585066,43,Female,France,1,12,1/9/2025,-1,0,1,0,112026.1,1
15722991,54,Male,France,0,108,3/9/2017,567,96402.96,1,0,52035.29,1
15737404,31,Male,France,1,12,1/9/2025,731,132512.26,1,1,185466.85,0
15722409,47,Male,Spain,1,96,3/9/2018,693,107604.66,1,1,80149.27,0
15806420,34,Male,France,0,108,3/9/2017,772,0,2,1,170980.86,0
15658148,38,Male,France,0,84,3/9/2019,657,0,2,1,185827.74,0
15810660,34,Male,Germany,1,48,2/9/2022,774,120875.23,2,0,113407.26,0
15709780,37,Female,France,1,108,3/9/2017,667,71786.9,2,1,67734.79,0
15727350,N/A,Female,France,0,96,3/9/2018,516,113143.12,1,0,3363.36,0
15752312,49,Male,Spain,1,12,1/9/2025,551,150777.72,2,1,135757.27,0
15616745,35,Male,  Spain  ,1,24,1/9/2024,542,174894.53,1,1,22314.55,0
15572294,28,Male,France,0,84,3/9/2019,623,-1,1,0,129526.57,0
15674110,43,Female,France,1,24,1/9/2024,701,160416.56,1,0,37266.43,0
15662501,48,Male,France,0,36,2/9/2023,583,91246.53,1,1,60017.46,1
15649239,46,Male,Spain,0,120,3/9/2016,731,0,2,1,153015.42,0
15700424,35,Female,France,1,60,2/9/2021,461,0,1,1,54209.02,0
15636388,23,Female,Germany,0,84,3/9/2019,702,98775.23,1,1,114603.96,0
15713975,47,Female,Germany,0,999,3/9/2016,565,139756.12,1,1,165849.49,1
15592925,42,Male,Spain,1,36,2/9/2023,711,177626.77,3,0,16392.72,1
15581626,54,Male,France,1,96,3/9/2018,664,0,1,1,162719.69,1
15641319,50,Male,Spain,0,48,2/9/2022,518,0,1,0,107112.25,1
15723481,42,Male,Spain,1,96,3/9/2018,728,0,2,0,41823.22,0
15787825,37,Male,Germany,1,72,2/9/2020,585,152496.82,1,1,99907.29,0
15710726,52,Male,France,1,96,3/9/2018,573,0,2,0,178229.04,0
15627195,26,Male,Germany,0,12,1/9/2025,568,112930.28,2,1,22095.73,0
15657957,26,Female,Germany,0,96,3/9/2018,602,113674.2,1,1,197861.16,1
15676117,44,Male,France,0,108,3/9/2017,603,0,1,1,138328.24,0
15607874,38,Male,France,1,0,1/9/2026,687,144450.58,1,0,137276.83,0
15796993,52,Male,France,0,12,1/9/2025,741,171236.3,2,0,21834.4,1
15649858,37,Male,Spain,1,108,3/9/2017,469,96776.49,1,1,119890.86,0
15811032,58,Female,Germany,1,96,3/9/2018,477,145984.92,1,1,24564.7,0
15679963,43,Male,Germany,0,96,3/9/2018,737,96353.8,1,0,10209.8,0
15579131,25,Male,France,1,84,3/9/2019,835,0,2,1,83449.65,0
15572428,33,Female,Germany,1,0,1/9/2026,717,115777.23,1,1,81508.1,0
15622461,51,Female,France,0,84,3/9/2019,562,122822,2,0,32626.21,0
15636105,61,Male,Spain,1,24,1/9/2024,758,0,2,1,43982.41,0
15583849,40,Male,France,0,36,2/9/2023,408,0,2,0,124874.23,0
15718780,32,Female,Spain,1,48,2/9/2022,650,79450.09,1,1,118324.75,0
15739271,33,Male,Germany,1,24,1/9/2024,582,122394,1,1,22113.93,0
15697129,43,Female,Spain,0,12,1/9/2025,706,0,2,1,31962.77,0
15763415,41,Male,Germany,1,0,1/9/2026,567,134378.89,1,1,105746.94,0
15796617,29,Male,France,0,24,1/9/2024,720,0,2,1,39925.52,0
15626628,31,Female,Spain,0,24,1/9/2024,631,88161.85,2,1,127630.88,0
15765857,41,Male,Spain,0,24,1/9/2024,623,142412.13,1,1,28778.98,0
15742511,35,Male,France,0,36,2/9/2023,514,121030.9,1,1,10008.68,0
15786433,35,Female,Germany,1,36,2/9/2023,650,165982.43,2,1,24482.16,0
15685805,35,Female,Spain,0,72,2/9/2020,673,0,2,1,98618.79,0
15627971,32,Female,France,0,96,3/9/2018,504,206663.75,1,0,16281.94,0
15783025,37,Male,Germany,0,36,2/9/2023,723,94661.53,2,1,121239.65,0
15726289,25,Male,France,0,0,1/9/2026,645,174400.36,1,1,42669.37,0
15802118,41,Male,ES,1,84,3/9/2019,664,123428.69,1,1,164924.11,0
15607990,43,Male,Spain,1,72,2/9/2020,760,175735.5,1,1,157337.29,0
15695932,36,Male,Spain,1,60,2/9/2021,766,78381.13,1,0,153831.6,0
15812279,37,Male,France,0,60,2/9/2021,634,115345.86,2,0,168781.8,0
15687558,31,Female,Germany,0,120,3/9/2016,640,118613.34,1,1,168469.65,0
15729065,28,Male,Germany,1,24,1/9/2024,784,109960.06,2,1,170829.87,0
15698902,42,Female,Germany,0,12,1/9/2025,547,142703.4,1,1,86207.49,1
15570192,40,Female,Germany,0,96,3/9/2018,608,121729.42,1,0,61164.45,0
15809265,35,Female,France,1,48,2/9/2022,547,,1,1,133287.73,0
15745201,43,Female,France,1,48,2/9/2022,612,139496.35,2,1,77128.23,0
15580623,28,Male,Spain,0,96,3/9/2018,573,0,2,0,77660.03,0
15578156,years 32,Male,Spain,1,60,2/9/2021,615,138521.83,1,1,56897.1,0
15631063,33,Female,France,0,24,1/9/2024,710,0,2,1,72945.32,0
15692577,38,Female,Germany,0,120,3/9/2016,674,83727.68,1,1,45418.12,0
15810910,,Female,Spain,1,108,3/9/2017,702,0,2,1,158527.45,0
15723217,37,Male,France,0,108,3/9/2017,616,0,1,1,111312.96,0
15733111,32,Male,Spain,1,72,2/9/2020,688,124179.3,1,1,138759.15,0
15610727,36,Male,France,0,84,3/9/2019,605,128829.25,1,1,190588.59,0
15792720,33,Male,France,0,72,2/9/2020,676,171490.78,1,0,79099.64,0
15723153,33,Male,Spain,0,36,2/9/2023,708,0,2,1,138613.21,0
15802823,38,Female,Spain,1,84,3/9/2019,745,0,2,1,194230.82,0
15756118,20,Male,Spain,0,96,3/9/2018,661,0,1,1,110252.53,0
15684934,31,Male,France,1,108,3/9/2017,726,0,2,1,106117.3,0
15776936,40,Male,France,1,84,3/9/2019,475,160818.08,1,0,169642.13,1
15729087,54,Male,Germany,1,108,3/9/2017,751,156367.6,2,0,116179.92,0
15786463,59,Female,Germany,0,96,3/9/2018,645,121669.93,2,0,91.75,1
15717498,42,Male,France,1,72,2/9/2020,775,133970.22,2,0,187839.9,0
15718406,41,Male,France,0,36,2/9/2023,540,0,2,1,121098.65,0
15799468,34,Female,France,0,36,2/9/2023,591,96127.27,1,0,30972.06,0
15626383,60,Male,Spain,1,84,3/9/2019,596,121907.97,1,0,30314.04,0
15597385,41,Male,Spain,1,60,2/9/2021,573,0,2,0,14479.29,0
15570271,31,Male,Spain,1,72,2/9/2020,577,0,1,1,196395.25,0
15690330,40,Female,Germany,1,96,3/9/2018,830,77701.64,1,0,19512.38,0
15680611,67,Male,France,1,108,3/9/2017,663,0,3,1,72318.77,0
15810227,34,Male,France,1,24,1/9/2024,421,0,2,1,96615.23,0
15807194,34,Male,Spain,0,60,2/9/2021,718,113922.44,2,1,30772.22,0
15712199,61,Female,Germany,1,24,1/9/2024,-20,183997.7,2,1,161217.18,0
15694995,23,Male,France,1,24,1/9/2024,712,0,2,0,66795.78,0
15723400,28,Male,France,1,48,2/9/2022,663,0,2,1,123969.64,0
15654772,-1,Female,France,1,72,2/9/2020,640,89799.46,2,0,13783.77,1
15574743,29,Male,Spain,1,24,1/9/2024,577,0,1,1,168924.41,0
15807593,36,Female,Spain,0,84,3/9/2019,546,85660.96,1,0,134778.01,0
15686718,37,male,Germany,1,108,3/9/2017,802,115569.21,1,0,119782.89,0
15695299,45,Female,France,0,24,1/9/2024,590,81828.22,1,1,52167.97,0
15722701,18,Male,Germany,0,12,1/9/2025,594,132694.73,1,1,167689.56,0
15799635,51,Male,Spain,0,24,1/9/2024,577,108867,1,0,140800.66,1
15742323,39,Male,France,0,84,3/9/2019,541,0,2,1,19823.02,0
15658435,27,Female,France,0,60,2/9/2021,781,0,2,0,72969.9,0
15586029,34,Male,Germany,0,24,1/9/2024,806,96152.68,2,1,143711.02,0
15772337,49,Female,Germany,1,0,1/9/2026,723,153855.52,1,1,180862.26,1
15807555,45,Male,France,0,24,1/9/2024,535,0,2,1,125658.28,0
15603378,36,Female,France,1,36,2/9/2023,768,141334.95,1,0,125870.5,0
15792862,41,Male,Germany,0,12,1/9/2025,653,104584.11,1,1,15126.32,1
15657349,50,Female,Germany,0,96,3/9/2018,803,98173.02,1,0,22457.25,1
15777614,-1,Female,Spain,1,12,1/9/2025,545,0,2,1,82614.89,0
15653952,38,Female,Germany,1,36,2/9/2023,581,135157.05,1,1,32919.42,0
15724336,49,Female,Germany,0,60,2/9/2021,513,171601.27,1,1,126223.84,0
15689594,29,Male,France,0,60,2/9/2021,731,179539.2,1,0,112010.02,0
15801920,39,Male,Germany,0,60,2/9/2021,727,80615.46,2,0,180962.32,0
15653347,years 47,Male,Spain,0,12,1/9/2025,560,0,1,0,128882.66,1
15749951,27,Male,Germany,0,60,2/9/2021,766,126285.73,1,1,177614.17,1
15648178,23,Female,Germany,1,48,2/9/2022,630,137964.51,1,0,174570.55,0
15738662,-5,Male,Germany,0,108,3/9/2017,652,159434.03,1,1,178373.93,0
15640855,40,Male,Germany,0,60,2/9/2021,729,113574.61,2,1,103396.08,0
15584288,,Female,France,1,72,2/9/2020,629,0,2,1,59129.72,0
15760988,33,Male,Germany,0,108,3/9/2017,667,124573.33,2,0,683.37,0
15569624,31,Female,Germany,0,72,2/9/2020,671,105864.6,2,1,145567.34,0
15597949,47,Female,Germany,0,60,2/9/2021,768,104552.61,1,1,48137.08,1
15604551,35,Female,France,0,36,2/9/2023,732,0,2,1,90876.95,0
15617476,30,Female,France,1,60,2/9/2021,546,0,2,0,198543.09,0
15645323,55,Male,France,1,24,1/9/2024,630,0,1,1,106202.07,1
15793311,46,Female,Germany,1,96,3/9/2018,765,119492.88,2,0,166896.01,1
15764153,33,Female,France,1,0,1/9/2026,704,130499.09,2,1,74804.36,0
15802560,48,Female,Spain,1,72,2/9/2020,470,140576.11,1,1,116971.05,0
15728608,34,Female,Germany,1,108,3/9/2017,688,91025.58,2,0,163783,0
15770474,33,Female,France,1,12,1/9/2025,685,0,3,0,70221.13,1
15724444,38,Female,France,1,12,1/9/2025,567,125877.65,2,1,107841.77,0
15753110,64,Male,Spain,0,36,2/9/2023,720,45752.78,2,1,79623.28,1
15711521,39,Male,France,1,36,2/9/2023,609,121778.71,1,1,138399.67,0
15632816,49,Female,Germany,1,24,1/9/2024,521,127948.57,1,1,182765.14,0
15693637,30,Female,France,1,84,3/9/2019,556,0,2,1,186648.19,0
15725509,30,Male,Germany,1,60,2/9/2021,662,115286.68,2,1,149587.92,0
15684645,41,Male,Germany,0,108,3/9/2017,704,62078.21,2,1,129050.67,0
15692235,38,Female,France,0,12,1/9/2025,750,0,2,1,47764.99,0
15777459,32,Female,Spain,1,48,2/9/2022,619,175406.13,2,1,172792.43,1
15656937,26,Male,Spain,0,12,1/9/2025,468,131643.25,1,1,64436.16,0
15610643,44,Male,Germany,0,36,2/9/2023,435,151739.65,1,1,167461.5,0
15777315,43,Male,France,0,72,2/9/2020,529,93616.35,2,0,98348.66,0
15611058,60,Female,Germany,1,60,2/9/2021,702,138597.54,2,1,41536.59,1
15630413,41,Female,France,1,60,2/9/2021,608,0,2,1,72462.25,0
15635942,40,Male,France,0,108,3/9/2017,576,0,2,1,112465.19,1
15648858,27,Female,France,1,12,1/9/2025,666,85225.21,1,0,64511.44,0
15810732,36,Female,France,0,96,3/9/2018,730,148749.29,2,1,91830.75,0
15705448,52,Male,Germany,1,84,3/9/2019,647,130013.12,1,1,190806.36,1
15730488,27,Female,Spain,1,12,1/9/2025,516,0,1,0,112311.15,0
15620443,81,Female,France,1,72,2/9/2020,711,0,2,1,72276.24,0
15741078,54,Male,France,1,84,3/9/2019,736,111729.47,2,0,84920.49,0
15753161,36,Female,France,0,60,2/9/2021,768,180169.44,2,1,17348.56,0
15711396,40,Male,Spain,1,96,3/9/2018,427,0,2,1,82870.75,0
15593499,47,Female,Spain,0,72,2/9/2020,686,0,1,1,32080.69,1
15579189,121,Female,France,1,60,2/9/2021,690,0,2,0,120512.08,0
15743545,29,Female,Spain,0,24,1/9/2024,647,0,2,1,179032.68,0
15791316,35,Male,France,1,36,2/9/2023,714,0,2,1,95623.28,0
15608246,36,Female,Germany,1,96,3/9/2018,736,103914.17,1,1,110035.88,1
15676526,34,Female,France,1,48,2/9/2022,608,88772.87,1,1,168822.01,0
15813911,39,Female,France,0,60,2/9/2021,809,0,1,1,77705.75,0
15630195,40,Female,France,1,72,2/9/2020,745,131184.67,1,1,49815.62,0
15736250,38,Male,France,1,24,1/9/2024,781,117810.79,1,0,65632.33,1
15671334,31,Male,France,0,48,2/9/2022,527,0,1,1,169361.89,0
15574169,32,Female,Germany,0,0,1/9/2026,595,92466.21,1,1,4721.3,0
15718839,38,Female,Germany,1,24,1/9/2024,850,,2,0,23974.85,0
15762331,37,Male,France,0,108,3/9/2017,569,178755.84,1,1,199929.17,0
15606901,43,Male,France,0,84,3/9/2019,728,0,2,1,40023.7,0
15713559,32,Female,Germany,1,60,2/9/2021,473,146602.25,2,1,72946.95,0
15768881,29,Male,France,1,24,1/9/2024,738,0,2,1,170421.13,0
15743075,35,Male,France,1,72,2/9/2020,659,0,2,1,58879.11,0
15660980,38,Male,Spain,1,72,2/9/2020,597,115702.67,2,1,25059.05,0
15810942,61,Female,Germany,1,24,1/9/2024,445,137655.31,1,0,29909.84,0
15728362,29,Female,France,0,36,2/9/2023,671,0,2,1,158043.11,0
15683339,34,Female,Spain,0,72,2/9/2020,656,59877.33,1,1,14032.62,1
15685476,31,Male,France,1,60,2/9/2021,658,100082.14,1,0,49809.88,0
15663650,years 52,Male,Germany,0,120,3/9/2016,698,107304.39,3,1,28806.32,1
15617434,38,Male,Spain,1,108,3/9/2017,655,0,1,0,90490.33,0
15622470,41,Male,Spain,1,120,3/9/2016,772,96032.22,1,1,75825.57,0
15703682,33,Male,Spain,0,120,3/9/2016,681,0,-1,0,158336.36,0
15727391,29,Male,Germany,0,108,3/9/2017,688,144553.5,2,1,143454.95,0
15711062,40,Male,Germany,1,60,2/9/2021,633,86172.81,2,1,117279.49,0
15567339,73,Male,France,1,108,3/9/2017,735,0,1,1,114283.33,0
15760662,29,Female,Germany,1,24,1/9/2024,521,87212.8,1,1,994.86,0
15605737,36,Male,France,0,60,2/9/2021,541,0,2,1,124795.84,0
15692977,36,Female,Germany,0,24,1/9/2024,612,130700.92,2,0,77592.8,0
15672082,62,Male,France,0,36,2/9/2023,562,0,2,1,105986.01,0
15600280,32,Female,France,0,72,2/9/2020,703,0,2,0,33606.52,0
15804052,23,Male,Spain,1,72,2/9/2020,710,0,2,1,134188.11,0
15576065,40,Female,Spain,1,60,2/9/2021,731,171325.98,1,1,159718.27,1
15796838,58,Male,Spain,1,48,2/9/2022,703,92930.92,1,0,85148.78,0
15693526,40,Female,France,0,0,1/9/2026,618,0,1,1,119059.13,0
15748595,29,Female,France,1,12,1/9/2025,689,77556.79,2,1,122998.26,0
15679029,33,Male,France,0,84,3/9/2019,718,102874.28,1,0,117841.06,0
15753639,37,Male,France,0,60,2/9/2021,608,146093.39,2,0,160593.41,0
15604138,34,Male,Spain,0,24,1/9/2024,749,0,1,0,174189.04,1
15666095,51,Male,Spain,1,48,2/9/2022,753,79811.72,2,0,68260.27,1
15643487,39,Male,Spain,0,120,3/9/2016,630,105473.74,1,0,58854.88,1
15764033,43,Female,Germany,0,12,1/9/2025,693,121927.92,1,1,87994.95,1
15747288,40,Female,Spain,1,72,2/9/2020,838,61671.19,1,0,150659.35,1
15790599,39,Female,Germany,1,60,2/9/2021,756,149363.12,2,1,109098.39,0
15737705,27,Female,France,0,48,2/9/2022,775,152309.37,1,1,104112,0
15737194,33,Female,France,0,60,2/9/2021,635,0,2,1,122949.71,0
15726776,36,Male,Spain,1,12,1/9/2025,705,111629.29,1,1,21807.16,0
15804357,40,Male,France,1,36,2/9/2023,481,0,1,1,32319.93,0
15664432,49,Female,Spain,0,84,3/9/2019,727,96296.78,1,1,190457.87,1
15688984,20,Male,France,0,48,2/9/2022,595,95830.43,1,1,177738.98,0
15583026,38,Female,France,0,0,1/9/2026,535,135919.33,1,1,80425.65,0
15771668,59,Male,France,0,120,3/9/2016,578,185966.64,1,0,9445.42,1
15779904,29,Female,France,1,60,2/9/2021,597,0,2,1,174825.57,0
15784323,21,Female,France,0,84,3/9/2019,449,0,2,0,175743.92,0
15756277,43,Female,Germany,0,96,3/9/2018,850,92244.83,2,1,54949.73,0
15663312,35,Female,France,0,108,3/9/2017,494,112727.06,2,1,183752.91,0
15793197,34,  Female  ,France,0,96,3/9/2018,676,100359.54,1,0,46038.28,0
15731463,43,Male,Germany,1,120,3/9/2016,818,105301.5,1,1,78941.59,0
15621768,45,Male,Spain,0,72,2/9/2020,712,112994.65,1,0,198398.68,0
15691323,,Male,Germany,0,48,2/9/2022,672,89025.88,2,1,188892.19,0
15781326,35,Male,France,0,108,3/9/2017,636,95478.17,1,0,169286.74,0
15595640,37,Male,France,0,96,3/9/2018,698,0,2,0,145004.39,0
15814331,43,Female,Germany,0,84,3/9/2019,597,119127.46,2,1,55809.92,0
15602030,28,Male,France,1,48,2/9/2022,717,128206.79,1,1,54272.12,0
15747974,49,Male,France,0,12,1/9/2025,614,0,2,1,192440.54,0
15611315,23,Female,Germany,0,48,2/9/2022,708,71433.08,1,1,103697.57,0
15636977,36,Male,Germany,0,108,3/9/2017,507,118214.32,3,1,119110.03,1
15690337,27,Female,France,0,60,2/9/2021,six hundred,102258.11,2,1,194681.6,0
15680666,39,Female,Spain,0,24,1/9/2024,579,151963.26,2,1,158948.63,0
15679551,46,Female,Spain,1,24,1/9/2024,504,163764.84,1,1,165122.55,1
15778915,32,Female,France,1,84,3/9/2019,737,128551.36,2,0,189402.71,0
15568849,31,Female,Spain,1,120,3/9/2016,540,118158.74,1,1,158027.57,0
15747762,32,Male,France,0,84,3/9/2019,609,118520.41,1,0,3815.48,0
15753679,24,Male,France,1,48,2/9/2022,778,0,2,1,162809.2,0
15750049,40,Male,France,0,120,3/9/2016,621,163823.37,1,0,89519.47,0
15606097,63,Male,Germany,1,84,3/9/2019,665,104469.58,1,1,25165.36,1
15802368,47,Female,France,1,72,2/9/2020,608,0,1,1,126012.57,0
15767488,36,Male,Spain,0,84,3/9/2019,680,0,2,1,20109.21,0
15669946,46,Female,Germany,1,24,1/9/2024,663,141726.88,1,1,58257.23,0
15612103,35,Female,Germany,1,24,1/9/2024,627,137852.96,1,1,172269.21,1
15645353,26,Male,France,0,12,1/9/2025,607,0,1,1,29818.2,0
15650018,43,Female,France,0,96,3/9/2018,681,154100.3,1,0,114659.81,0
15659002,45,Female,France,0,72,2/9/2020,766,0,2,0,147184.74,0
15616028,30,Male,France,1,24,1/9/2024,694,0,3,0,15039.41,0
15660475,54,Female,France,1,108,3/9/2017,411,0,1,0,76621.49,0
15652615,39,Male,France,1,96,3/9/2018,742,140004.96,1,1,92985.78,0
15653572,43,Male,Spain,1,96,3/9/2018,673,127132.96,1,0,6009.27,1
15628059,61,Male,France,1,12,1/9/2025,529,0,2,1,191370.97,0
15703413,38,Female,France,0,84,3/9/2019,519,125328.56,1,1,188225.67,0
15610433,35,Male,France,0,108,3/9/2017,573,0,2,1,11743.89,0
15770548,28,Female,Germany,0,36,2/9/2023,453,139986.65,1,1,136846.75,0
15645637,39,Female,Germany,1,72,2/9/2020,798,119787.76,1,1,164248.33,0
15590888,34,Female,Spain,0,120,3/9/2016,693,107556.06,2,0,154631.35,0
15568326,44,Female,France,0,24,1/9/2024,637,0,2,1,149665.65,0
15655368,47,Male,France,0,12,1/9/2025,672,0,1,0,91574.92,0
15665579,28,Female,France,0,0,1/9/2026,597,142705.95,1,1,127233.39,0
15676091,42,Male,France,1,84,3/9/2019,543,0,1,1,56650.47,0
15716984,56,Female,Spain,0,48,2/9/2022,695,0,2,1,84644.76,0
15715078,35,Male,France,1,72,2/9/2020,584,161613.94,2,1,148238.16,0
15569452,58,Female,Germany,1,36,2/9/2023,652,116353.2,2,0,193502.9,0
15628863,38,Male,France,1,48,2/9/2022,601,60013.81,1,1,38020.05,0
15778192,28,Male,Spain,1,48,2/9/2022,628,0,2,1,176750.81,0
15793723,32,Male,Germany,0,108,3/9/2017,607,144272.07,2,1,176580.63,0
15798943,46,Female,France,0,96,3/9/2018,646,0,2,1,133059.15,0
15764708,30,Male,france,0,72,2/9/2020,572,117696.67,1,1,100843.82,0
15791040,58,Male,Spain,1,12,1/9/2025,801,79954.61,2,1,30484.19,0
15631512,26,Female,France,0,96,3/9/2018,597,149989.39,1,1,42330.58,0
15640106,40,Male,NULL,0,84,3/9/2019,613,124339.9,1,0,193309.58,0
15710315,29,Male,Germany,0,48,2/9/2022,529,135759.4,1,0,112813.79,1
15771535,37,Female,Spain,0,108,3/9/2017,794,0,2,1,68008.85,0
15611947,34,Male,France,0,36,2/9/2023,557,83074,1,1,132673.22,0
15670266,28,Female,France,1,48,2/9/2022,499,141792.61,1,1,22001.91,0
15609083,26,Female,  France  ,0,72,2/9/2020,544,0,1,1,100200.4,1
15567923,30,FEMALE,France,0,72,2/9/2020,739,0,1,0,122604.44,0
15788183,43,Female,Germany,0,12,1/9/2025,458,106870.12,2,1,100564.37,0
15735782,31,Male,France,0,108,3/9/2017,528,120962.59,1,1,5419.31,0
15774401,51,Male,Spain,0,48,2/9/2022,773,0,2,0,123587.83,1
15737971,30,Female,France,0,60,2/9/2021,646,0,2,1,13935.32,0
15758750,31,Male,France,1,0,1/9/2026,564,110527.17,1,1,87060.77,0
15611767,52,Female,Germany,0,0,1/9/2026,624,133723.43,1,0,4859.59,1
15643770,52,Female,France,0,60,2/9/2021,682,112670.48,1,1,21085.17,1
15744717,44,Female,France,1,24,1/9/2024,726,0,2,1,26733.86,0
15570681,24,Male,France,0,12,1/9/2025,560,116084.32,1,1,89734.7,0
15792650,-1,Male,Spain,1,0,1/9/2026,382,0,1,1,179540.73,1
15605531,38,Female,Spain,0,72,2/9/2020,457,0,2,1,173219.09,0
15605339,37,Female,France,1,120,3/9/2016,673,0,2,1,37411.35,0
15672216,40,Female,France,0,48,2/9/2022,584,82441.75,1,0,80852.11,0
15812893,39,Female,France,1,120,3/9/2016,629,0,2,1,43174.49,1
15624180,37,Female,Germany,1,120,3/9/2016,584,134171.8,4,1,70927.11,1
15701364,30,Male,France,1,120,3/9/2016,724,0,2,1,54265.55,0
15762588,31,Male,France,1,60,2/9/2021,644,0,2,1,41872.17,0
15806318,48,Female,Germany,0,24,1/9/2024,676,124442.38,1,1,15068.53,1
15712596,31,Male,France,0,48,2/9/2022,499,0,1,1,25950.49,0
15600399,60,Male,France,0,48,2/9/2022,598,0,1,1,197727.14,1
15576216,37,Female,Germany,0,48,2/9/2022,655,108862.76,1,1,79555.08,1
15620750,28,Male,France,1,36,2/9/2023,559,141099.43,1,1,15607.27,0
15623489,67,Female,France,1,0,1/9/2026,543,128843.67,1,1,134612.48,0
15667944,39,Male,France,1,0,1/9/2026,679,86843.61,1,0,159830.58,0
15584928,32,Female,Germany,1,48,2/9/2022,594,120074.97,2,1,162961.79,0
15779913,27,Male,France,1,60,2/9/2021,586,130231.8,2,1,192427.16,0
15644977,31,Female,France,0,60,2/9/2021,776,0,2,1,92647.94,0
15749679,39,Male,France,1,24,1/9/2024,six hundred,109724.38,1,1,180022.39,0
15629010,35,Female,Germany,1,60,2/9/2021,847,111743.43,1,1,183584.14,0
15768465,35,Male,Germany,1,96,3/9/2018,582,121309.17,2,1,28750.67,0
15767781,38,Male,France,0,120,3/9/2016,648,82697.28,1,1,74846.67,0
15635364,49,Female,France,1,108,3/9/2017,618,44301.43,3,1,89729.3,1
15722004,31,Female,France,0,48,2/9/2022,543,138317.94,1,0,61843.73,0
15766044,49,Male,Germany,0,48,2/9/2022,642,120688.61,1,1,24770.22,1
15586680,27,Male,France,0,48,2/9/2022,462,176913.52,1,1,80587.27,0
15635388,47,Male,Spain,0,72,2/9/2020,640,89047.14,1,1,116286.25,0
15655175,40,Male,Germany,0,48,2/9/2022,740,114318.78,2,1,129333.69,1
15639133,50,Female,France,0,48,2/9/2022,unknown,0,2,1,129372.94,0
15799653,32,Female,Germany,1,84,3/9/2019,583,94753.55,2,1,18149.03,0
15723872,46,Female,Spain,1,120,3/9/2016,589,0,2,0,168369.37,0
15775627,35,Male,France,1,96,3/9/2018,509,0,2,0,67431.28,0
15630704,32,Male,Germany,0,108,3/9/2017,612,106520.73,2,1,177092.16,0
15815534,37,Male,Spain,1,0,1/9/2026,505,134006.39,1,1,93736.69,0
15697249,25,Female,Germany,0,36,2/9/2023,546,132837.7,1,1,131647.31,0
15681316,41,Female,France,0,0,1/9/2026,681,120549.29,2,1,175722.31,0
15682523,20,Male,France,1,12,1/9/2025,762,139432.55,1,1,85606.83,0
15650244,29,Male,Spain,0,84,3/9/2019,786,80895.44,2,1,64945.57,0
15648638,34,Male,Spain,0,72,2/9/2020,629,0,2,1,190347.72,0
15795747,39,Female,Spain,1,84,3/9/2019,787,171646.76,1,0,100791.36,0
15607330,42,Male,Spain,1,0,1/9/2026,713,109121.71,1,0,167873.49,0
15624013,39,Female,France,0,72,2/9/2020,541,109844.81,1,1,25289.23,0
15800805,31,Female,France,1,84,3/9/2019,451,140931.82,1,0,20388.77,0
15667321,49,Male,Spain,1,120,9/3/2016,644,0,2,1,145089.64,0
15601116,32,Male,France,1,72,2/9/2020,686,0,2,1,179093.26,0
15622033,41,Female,Germany,0,36,2/9/2023,847,101543.51,4,1,16025.17,1
15758451,37,Male,Germany,0,84,3/9/2019,765,102708.77,1,1,9087.81,0
15688689,37,Female,Germany,1,96,3/9/2018,678,149000.91,2,1,21472.42,0
15652674,20,Male,France,1,0,1/9/2026,539,83459.86,three,1,146752.67,0
15806327,40,Female,France,0,36,2/9/2023,800,-1,2,1,132562.23,0
15649618,39,Female,Germany,1,84,3/9/2019,799,167395.6,2,0,139537.43,0
15677117,61,Female,France,1,72,2/9/2020,629,0,2,1,133672.61,0
15751445,52,Female,Germany,1,72,2/9/2020,734,71283.09,2,0,38984.37,0
15749669,31,Female,France,1,36,2/9/2023,542,0,2,1,115217.59,0
15656351,60,Male,Spain,1,36,2/9/2023,414,0,2,1,93844.82,0
15667438,38,Female,France,0,12,1/9/2025,675,104016.88,1,0,22068.83,1
15682273,38,Female,France,0,60,2/9/2021,683,127616.56,1,1,123846.07,0
15580912,32,Male,France,1,60,2/9/2021,748,154737.88,2,1,172638.13,0
15785183,29,Male,Spain,1,24,1/9/2024,596,0,2,1,1591.19,0
15705383,35,Male,France,1,48,2/9/2022,642,125476.31,1,1,91775.51,0
15712903,21,Female,France,1,36,2/9/2023,499,176511.08,1,1,153920.22,0
15774285,47,Female,Spain,1,96,3/9/2018,649,110783.28,1,1,71420.16,0
15583138,42,Male,France,0,24,1/9/2024,739,141642.92,2,1,172149.76,0
15740160,31,Male,France,1,12,1/9/2025,616,0,2,1,54706.75,0
15793425,33,Female,Spain,1,108,3/9/2017,560,0,1,0,183358.21,0
15749265,42,Male,Germany,1,12,1/9/2025,427,75681.52,1,1,57098,0
15623989,54,Male,France,0,36,2/9/2023,435,0,1,1,156910.46,1
15604832,29,Male,France,1,84,3/9/2019,633,0,1,1,130224.73,0
15584580,35,Male,France,0,72,2/9/2020,443,161111.45,1,0,13946.66,0
15573854,62,Male,France,1,60,2/9/2021,727,0,2,0,38652.96,0
15614847,45,Female,France,1,72,2/9/2020,674,72494.69,1,0,140041.78,0
15679966,31,Female,France,1,36,2/9/2023,661,133964.3,1,1,166187.1,0
15799435,34,Male,Spain,0,12,1/9/2025,619,0,1,1,139919.38,0
15752186,27,Female,France,0,36,2/9/2023,562,0,2,1,28137.03,0
15705544,61,Male,France,1,36,2/9/2023,633,157201.48,1,0,50368.63,0
15713632,48,Female,Spain,0,60,2/9/2021,551,95679.29,1,0,94978.1,0
15586523,29,Female,Germany,1,84,3/9/2019,720,106230.92,1,1,69903.93,1
15609176,32,Female,France,1,60,2/9/2021,688,0,2,0,177607.77,0
15769308,36,Female,Germany,0,108,3/9/2017,635,81231.85,2,1,196731.08,0
15676810,31,Female,  France  ,1,12,1/9/2025,561,81480.27,2,1,65234.6,0
15634591,33,Male,France,1,96,3/9/2018,850,73059.38,1,1,186281,0
15679804,36,Male,France,1,60,2/9/2021,636,117559.05,2,1,111573.3,0
15677764,74,Female,Germany,1,12,1/9/2025,461,186445.31,2,1,196767.83,0
15571917,38,Female,Germany,0,60,2/9/2021,771,137657.71,2,1,72985.61,0
15574608,36,Male,France,1,96,3/9/2018,713,133889.35,1,1,143265.65,0
15740868,,Female,Germany,1,108,3/9/2017,658,134562.8,1,1,159268.67,0
15702442,56,Female,Germany,1,108,3/9/2017,586,100781.75,2,1,54448.41,0
15699797,30,Male,France,0,96,3/9/2018,737,174356.13,1,0,31928.5,0
15648047,27,Male,Germany,0,60,2/9/2021,742,190125.43,2,0,21793.59,0
15766826,26,Male,France,0,84,3/9/2019,824,146266,1,1,21903.62,1
15591628,41,Male,Germany,0,108,3/9/2017,701,164046.1,1,1,49405.93,0
15583857,43,Female,Spain,0,48,2/9/2022,623,123536.52,2,0,154908.52,0
15752534,36,Male,France,1,120,3/9/2016,744,0,2,1,182867.84,0
15741403,38,Female,Spain,0,12,1/9/2025,698,171848.38,1,0,16957.45,0
15783589,40,Male,France,0,108,3/9/2017,616,0,2,0,93717.55,0
15598046,39,Female,  France  ,0,60,2/9/2021,662,139562.05,2,1,61636.22,0
15643330,37,Male,France,1,24,1/9/2024,594,0,2,0,95864.5,0
15680405,40,Male,France,1,24,1/9/2024,685,168001.34,2,1,167400.29,0
15728683,27,Male,France,1,0,1/9/2026,742,0,2,0,131534.96,0
15621644,83,Male,Germany,1,72,2/9/2020,678,123356.63,1,0,92934.41,0
15733032,47,Male,Spain,1,24,1/9/2024,651,0,2,1,119808.64,0
15608381,50,Male,Germany,0,24,1/9/2024,585,125845.66,1,1,9439.31,1
15658946,years 40,Male,Germany,0,120,3/9/2016,579,45408.85,2,1,18732.91,0
15757912,37,FEMALE,Germany,0,0,1/9/2026,722,125977.81,1,0,160162.42,0
15645371,51,Female,Germany,1,84,3/9/2019,613,147262.11,1,1,53630.9,1
15653110,42,Male,France,0,96,3/9/2018,694,133767.19,1,1,36405.21,0
15766355,49,Male,Germany,0,0,1/9/2026,550,108806.96,3,1,61446.92,1
15585249,42,Male,France,0,72,2/9/2020,741,106036.52,1,1,194686.78,1
15611786,69,Female,Spain,1,108,3/9/2017,668,0,1,0,134483.07,0
15575486,27,Female,France,1,12,1/9/2025,529,0,2,1,37769.98,0
15780215,31,Male,France,1,72,2/9/2020,636,0,2,1,2382.61,0
15686099,61,Male,Spain,0,12,1/9/2025,563,82182.1,1,1,106826.92,1
15739042,35,Female,France,0,108,3/9/2017,767,0,2,1,39511.61,0
15815316,50,Male,France,0,108,3/9/2017,644,76817,4,1,196371.13,1
15778489,71,Male,Germany,1,108,3/9/2017,780,142550.25,2,1,122506.78,0
15786389,41,Female,Spain,1,120,3/9/2016,635,0,2,1,61994.2,0
15601787,35,Male,Germany,1,24,1/9/2024,641,103711.56,1,0,192464.21,1
15624715,years 40,Female,Spain,1,24,1/9/2024,593,0,1,1,5194.95,0
15763093,35,Female,Germany,0,84,3/9/2019,540,128369.75,2,1,198256.15,0
15572073,35,Male,ES,1,60,2/9/2021,663,0,2,1,62634.94,0
15780256,34,Male,France,1,108,3/9/2017,630,0,2,1,114006.35,0
15659305,19,Male,Germany,1,96,3/9/2018,605,166133.28,1,1,107994.99,0
15638882,62,Female,Germany,0,108,3/9/2017,710,148214.36,1,1,48571.14,1
15714680,78,Female,France,1,60,2/9/2021,755,121206.96,1,1,76016.49,0
15777217,25,Male,Spain,1,120,3/9/2016,641,0,2,1,180808.39,0
15739123,50,Male,Germany,0,48,2/9/2022,737,127552.85,2,1,4225.11,0
15594450,49,Male,France,0,108,3/9/2017,695,159458.53,1,1,135841.35,0
15797751,47,Female,Germany,1,60,2/9/2021,466,102085.72,1,1,183536.24,1
15691543,58,Male,Germany,1,24,1/9/2024,558,142537.18,1,1,88791.83,0
15722845,29,Male,Spain,1,12,1/9/2025,665,182781.74,2,1,63732.9,0
15605804,45,Male,France,0,120,3/9/2016,737,0,2,1,1364.54,0
15702061,29,Male,France,1,84,3/9/2019,654,0,2,1,149184.15,0
15694321,years 28,Female,France,0,36,2/9/2023,619,0,2,1,53394.12,0
15798749,43,Female,Germany,0,36,2/9/2023,845,152063.59,2,1,97910.06,0
15720050,28,Female,France,0,24,1/9/2024,727,110997.76,1,1,101433.76,0
15758048,50,Male,France,1,24,1/9/2024,582,148942,1,1,116944.3,0
15805681,-1,Male,France,1,108,3/9/2017,716,0,1,1,113267.48,0
15802809,36,Female,Spain,1,0,1/9/2026,660,84438.57,1,1,181449.51,0
15807239,34,Female,France,0,84,3/9/2019,664,93920.47,1,0,179913.98,0
15749093,43,Male,France,0,48,2/9/2022,801,158713.08,2,0,98586.14,0
15689344,42,Male,Spain,1,48,2/9/2022,615,0,3,0,120321.09,0
15606076,63,Male,Germany,1,84,3/9/2019,718,123204.88,1,1,100538.8,0
15610090,40,Male,France,0,96,3/9/2018,667,72945.29,2,1,98931.5,0
15693926,37,Male,Spain,1,0,1/9/2026,670,178742.71,1,1,194493.57,0
15791501,43,Male,France,1,96,3/9/2018,590,0,2,1,143628.31,0
15621870,40,Female,Spain,0,96,3/9/2018,739,0,1,1,167030.51,0
15734711,42,Male,France,0,84,3/9/2019,373,0,1,1,77786.37,1
15814405,46,Female,France,1,108,3/9/2017,418,0,1,1,81014.5,1
15729359,29,Female,France,1,108,3/9/2017,837,0,2,1,41866.26,0
15606944,43,Male,Germany,0,108,3/9/2017,645,140121.17,1,1,11302.7,1
15671934,39,Male,Germany,1,24,1/9/2024,552,132906.88,1,0,149384.43,0
15641773,45,Male,Germany,1,24,1/9/2024,580,179334.83,2,1,169303.65,0
15701972,35,Male,France,1,36,2/9/2023,684,137179.39,1,1,37264.11,0
15749114,35,Male,Spain,1,36,2/9/2023,634,0,2,1,19515.48,0
15780362,49,Female,France,0,108,3/9/2017,607,119960.29,2,1,103068.22,0
15753229,29,Male,,1,108,3/9/2017,802,127414.55,1,1,134459.12,0
15656009,36,Female,France,0,72,2/9/2020,736,0,1,1,70496.66,0
15785024,40,Female,France,0,108,3/9/2017,629,137409.19,1,1,175877.7,1
15670492,28,Male,France,0,96,3/9/2018,737,0,2,1,106390.01,0
15795458,39,Female,Spain,1,24,1/9/2024,718,0,1,1,52138.49,0
15732438,43,Male,France,0,48,2/9/2022,561,0,4,0,18522.91,1
15781987,31,Male,France,1,108,3/9/2017,641,112494.99,1,1,32231.6,0
15775826,30,Male,France,1,12,1/9/2025,677,78133.15,1,0,174225.88,0
15807457,36,Female,Spain,0,12,1/9/2025,641,0,2,1,102021.39,0
15632538,32,Female,Spain,1,60,2/9/2021,658,145553.07,1,1,31484.76,0
15641389,48,Male,Germany,0,48,2/9/2022,659,123593.22,2,1,82469.06,1
15657306,47,Female,France,0,24,1/9/2024,567,0,1,0,110900.43,1
15709447,26,Female,  France  ,0,0,1/9/2026,584,146286.22,1,1,105105.35,0
15762682,35,Female,Spain,0,12,1/9/2025,709,111827.27,2,1,12674.68,0
15626042,26,Female,Spain,1,24,1/9/2024,690,0,2,1,93255.85,0
15597109,70,Male,France,1,12,1/9/2025,627,94416.78,1,0,145299.5,0
15756148,45,Male,Spain,1,24,1/9/2024,765,91549.78,1,1,47139.44,0
15665634,38,Female,France,1,84,3/9/2019,645,59568.57,1,1,167723.25,0
15739997,23,Female,France,1,24,1/9/2024,716,94464.81,2,0,185900.88,0
15686242,57,Female,France,0,48,2/9/2022,771,0,1,0,85876.67,1
15759244,44,Male,Germany,1,96,3/9/2018,687,95368.14,2,1,1787.85,0
15672027,33,Female,Germany,0,120,3/9/2016,717,102185.42,2,1,23231.93,0
15594576,32,Male,France,0,12,1/9/2025,524,144875.71,1,0,187740.04,0
15707138,39,Male,Spain,1,60,2/9/2021,679,0,2,1,100060.54,0
15756954,32,Female,France,1,24,1/9/2024,538,0,1,1,80130.54,0
15619130,37,Female,Germany,1,60,2/9/2021,752,113291.05,2,1,132467.54,0
15639665,61,Male,Spain,1,0,1/9/2026,846,0,2,1,96202.44,0
15571065,39,Female,Spain,0,0,1/9/2026,532,0,2,1,94977.3,0
15686060,43,Male,Germany,0,108,3/9/2017,670,111677.88,1,1,178827.3,1
15615753,35,Female,Germany,1,96,3/9/2018,597,131101.04,1,1,192852.67,0
15800961,52,Male,Germany,1,12,1/9/2025,627,76101.81,2,0,177238.35,0
15763065,40,Female,Spain,0,24,1/9/2024,700,0,2,1,199753.97,0
15672467,52,Female,France,1,84,3/9/2019,766,92510.9,2,0,66193.61,0
15752915,34,Female,France,1,24,1/9/2024,488,0,2,1,181270.84,0
15744695,39,Male,France,1,60,2/9/2021,694,77652.4,1,1,25407.59,0
15584897,31,Female,France,0,36,2/9/2023,639,98360.03,1,0,20973.8,0
15601857,46,Female,Germany,0,48,2/9/2022,705,115518.07,1,0,76544.9,1
15674156,69,Male,Germany,1,36,2/9/2023,810,27288.43,1,1,110509.9,0
15695465,36,Female,France,0,72,2/9/2020,638,0,1,1,164247.51,0
15792232,43,Female,Spain,0,60,2/9/2021,595,0,2,0,105149.8,0
15807900,36,Male,France,1,84,3/9/2019,575,0,1,1,55868.97,1
15743760,31,Male,France,1,72,2/9/2020,850,131996.66,2,1,178747.43,0
15652835,27,Female,Spain,1,24,1/9/2024,419,121580.42,1,0,134720.51,0
15767818,55,Male,France,0,120,3/9/2016,640,132436.34,1,1,978.66,0
15591150,34,Male,Spain,1,120,3/9/2016,570,0,2,0,183387.12,0
15734659,46,Female,Germany,0,60,2/9/2021,640,107978.4,2,1,155876.06,0
15796115,40,Female,Germany,0,48,2/9/2022,689,78119.59,4,1,119259.34,1
15724648,26,Male,France,0,72,2/9/2020,725,98684.15,1,0,133720.57,0
15737732,44,Female,France,0,120,3/9/2016,751,0,2,1,170634.49,0
15632280,53,Female,Spain,0,108,3/9/2017,544,0,1,1,125692.07,1
15750407,43,Female,Germany,0,24,1/9/2024,768,129264.05,2,0,19150.14,0
15795370,37,Male,Germany,0,72,2/9/2020,648,131753.41,1,1,86894.67,0
15656829,33,Female,Spain,0,72,2/9/2020,577,0,2,1,57975.8,0
15643794,27,Female,Spain,1,24,1/9/2024,639,0,1,1,82938.99,0
15798605,26,Male,Germany,1,12,1/9/2025,686,57422.62,1,1,79189.4,0
15637324,28,Female,France,1,84,3/9/2019,657,0,2,0,5177.62,0
15589589,34,Male,France,0,60,2/9/2021,613,Unknown,1,1,44510.26,0
15778936,33,Male,France,0,108,3/9/2017,701,147510.34,1,1,190611.92,0
15757385,28,Female,Spain,0,96,3/9/2018,578,161592.76,1,1,177834.79,0
15666200,40,Female,France,1,12,1/9/2025,689,0,2,1,119446.64,0
15683977,72,Female,Spain,1,48,2/9/2022,1000,0,2,1,50267.69,0
15675518,53,Female,Spain,0,12,1/9/2025,499,75225.53,2,0,144849.1,1
15584812,39,Female,Spain,0,0,1/9/2026,693,0,2,0,81901.6,0
15752984,70,Female,France,1,108,3/9/2017,737,87542.89,2,1,42576.86,0
15577913,32,Female,France,1,96,3/9/2018,651,144581.96,1,1,87609.5,0
15591980,33,Male,France,1,60,2/9/2021,753,122568.05,2,1,82820.85,0
15598948,24,Female,Spain,1,60,2/9/2021,523,172231.93,1,0,155144.12,0
15574142,28,Female,Germany,1,24,1/9/2024,458,171932.26,2,1,9578.24,0
15582903,39,Male,France,1,84,3/9/2019,643,0,2,1,170392.59,0
15733229,34,Female,Spain,0,84,3/9/2019,638,0,2,0,3946.29,0
15635752,38,Male,Germany,1,48,2/9/2022,685,111798.06,2,1,102184.66,0
15771000,38,Male,France,0,48,2/9/2022,684,0,3,1,75609.84,0
15804864,27,Female,France,1,60,2/9/2021,670,79336.61,1,1,26170.08,0
15641175,63,Male,Germany,0,36,2/9/2023,701,120916.52,3,0,144727.45,1
15692226,31,Female,France,1,36,2/9/2023,705,142905.51,1,1,58134.97,0
15584156,27,Male,Spain,0,120,3/9/2016,593,0,3,0,94620,1
15702656,33,Female,France,0,12,1/9/2025,651,96834.78,1,1,108764.69,0
15606552,37,Male,France,1,108,3/9/2017,741,105261.76,2,1,149503.54,0
15687001,54,Male,Germany,1,12,9/1/2025,596,123544,1,1,120314.75,1
15781903,41,Male,Germany,1,24,1/9/2024,581,127913.71,2,1,44205.95,0
15731951,28,Female,Spain,0,60,2/9/2021,689,95328.6,1,1,6129.61,1
15580953,30,Male,France,1,48,2/9/2022,544,73218.89,1,0,126796.69,0
15810390,41,Female,France,1,12,1/9/2025,718,0,2,0,27509.52,1
15628274,35,Male,Germany,0,96,3/9/2018,583,149995.72,2,1,42143.55,0
15615444,28,Male,Germany,1,96,3/9/2018,663,123674.28,2,1,87985.2,0
15784010,33,Male,Germany,0,24,1/9/2024,666,124125.26,1,1,81884.8,0
15571586,29,Male,Spain,0,36,2/9/2023,524,159035.45,1,1,2705.31,1
15748616,27,Male,France,0,60,2/9/2021,599,0,2,1,30546.4,0
15769402,27,Male,France,1,84,3/9/2019,667,156811.74,1,1,149402.59,0
15739248,52,Male,France,1,48,2/9/2022,727,0,2,1,118429.02,0
15603481,55,Female,Spain,1,48,2/9/2022,689,0,2,1,58442.25,0
15723604,39,Male,France,0,72,2/9/2020,639,150555.83,1,1,30414.17,0
15797822,28,Male,France,1,24,1/9/2024,678,109137.12,1,1,58814.41,0
15665064,36,Male,France,0,96,3/9/2018,523,158351.02,2,1,155304.53,0
15640580,47,Female,France,0,108,3/9/2017,650,0,1,1,187943.6,0
15581089,35,Male,Spain,1,84,3/9/2019,744,0,2,1,43036.6,0
15728605,40,Male,France,1,48,2/9/2022,697,0,2,0,26543.28,0
15737385,46,Female,Spain,0,72,2/9/2020,800,0,2,1,171928.04,0
15714789,24,Male,France,1,84,3/9/2019,664,0,1,0,35611.35,0
15786035,39,Male,France,0,108,3/9/2017,740,0,2,1,19047.23,0
15815259,56,Female,France,1,24,1/9/2024,835,0,2,1,39820.13,0
15592716,52,Male,France,0,24,1/9/2024,559,0,1,1,129013.59,1
15734850,36,Male,Spain,0,12,1/9/2025,676,82729.49,1,1,113810.12,0
15638047,45,Female,Germany,0,108,3/9/2017,613,142765.24,2,1,34749.65,0
15674573,25,Female,France,1,48,2/9/2022,713,N/A,1,1,56268.98,0
15694859,28,Female,Germany,1,120,3/9/2016,751,132932.14,2,1,46630.47,0
15776404,22,Male,France,1,96,3/9/2018,523,123374.46,1,1,124906.59,0
15579345,74,Female,Germany,1,0,1/9/2026,775,161371.5,1,1,134869.93,0
15690733,45,  Male  ,Spain,0,48,2/9/2022,608,0,2,0,36697.48,1
15631481,51,Male,France,1,96,3/9/2018,673,79563.36,2,1,172200.91,0
15620988,46,Male,France,0,24,1/9/2024,616,0,2,1,137136.46,0
15571529,48,Female,Germany,0,84,3/9/2019,650,138232.24,1,1,57594.78,0
15592104,41,Female,France,0,60,2/9/2021,655,0,1,0,36548,1
15651900,53,Female,Germany,0,12,1/9/2025,782,81571.05,1,1,182960.46,1
15596212,35,Male,Spain,0,12,1/9/2025,781,0,2,0,42117.9,0
15710687,33,Female,France,0,0,1/9/2026,593,95927.04,1,1,199478.05,0
15613787,35,Male,Spain,0,96,3/9/2018,505,116932.59,1,1,91092.84,0
15599211,40,Male,France,0,12,1/9/2025,707,0,2,1,14090.4,1
15675983,36,Female,France,1,36,2/9/2023,692,79551.12,1,0,178267.07,0
15622370,30,Male,Germany,1,12,1/9/2025,813,-1,1,0,85808.22,0
15656319,37,Male,Spain,0,48,2/9/2022,850,88141.1,1,1,109659.12,0
15605130,32,Male,France,1,72,2/9/2020,753,177729.13,1,1,161642.08,0
15672574,32,Female,Spain,1,60,2/9/2021,850,0,1,1,3830.59,0
15659355,32,Male,Spain,1,72,2/9/2020,671,123912.78,2,1,146636.44,0
15777907,33,Female,France,1,36,2/9/2023,791,0,1,1,144413.92,1
15655171,80,Male,France,1,36,2/9/2023,624,0,1,1,65801.44,0
15619674,35,Female,France,1,48,2/9/2022,649,108306.44,1,1,192486.24,0
15775192,48,Female,Germany,0,48,2/9/2022,732,102962.62,1,1,120852.85,1
15617657,36,Female,France,1,0,1/9/2026,664,103502.22,1,1,146191.82,0
15688951,43,Male,Germany,1,96,3/9/2018,789,119654.44,2,0,148412.24,1
15763460,33,Male,France,0,120,3/9/2016,680,183768.47,1,1,164119.35,0
15756992,37,Male,France,0,12,1/9/2025,701,0,2,1,163457.55,0
15617454,25,Female,France,1,12,1/9/2025,684,0,2,0,144978.47,0
15701932,52,Female,France,1,72,2/9/2020,586,140900.97,1,1,67288.89,0
15700813,25,Female,Germany,0,60,2/9/2021,522,94049.92,2,1,103269,0
15645600,27,Female,Spain,1,96,3/9/2018,739,98926.4,1,1,106969.98,0
15634146,18,Male,Germany,1,24,1/9/2024,835,142872.36,1,1,117632.63,0
15686743,29,Male,Spain,1,36,2/9/2023,790,46057.96,2,1,189777.66,0
15698792,48,  Female  ,France,1,72,2/9/2020,671,119769.77,1,0,66032.65,0
15591724,44,Female,France,0,60,2/9/2021,560,143244.97,1,1,98661.27,0
15571281,28,Male,France,1,120,3/9/2016,651,79562.98,1,1,74687.37,0
15661380,69,Male,France,1,72,2/9/2020,682,0,2,0,149604.18,0
15728885,41,Male,France,1,0,1/9/2026,six hundred,0,1,1,79888.78,0
15618950,26,Male,Spain,1,96,3/9/2018,644,96659.64,2,1,138775.69,0
15609804,29,Male,France,0,12,1/9/2025,688,0,2,1,154695.57,0
15735849,26,Female,France,1,24,1/9/2024,617,165947.99,2,0,168834.38,0
15652948,33,Male,France,0,48,2/9/2022,738,92676.3,1,1,105817.63,0
15618155,years 45,Male,France,1,60,2/9/2021,663,83195.12,1,1,48682.1,0
15566378,48,Male,France,1,60,2/9/2021,515,129387.94,1,0,147955.91,1
15565879,28,Female,France,1,108,3/9/2017,845,0,2,1,56185.98,0
15792922,38,Male,Spain,1,108,3/9/2017,639,130233.14,1,1,81861.1,0
15770567,32,Female,France,1,36,2/9/2023,557,123502.53,1,1,69826.8,0
15738042,37,Male,Germany,1,96,3/9/2018,543,140894.06,2,1,118059.19,0
15714920,44,Male,Germany,1,84,3/9/2019,585,163867.86,1,1,112333.22,0
15782121,27,Female,France,0,24,1/9/2024,610,0,2,1,14546.76,0
15673180,18,Female,Germany,0,24,1/9/2024,727,93816.7,2,1,126172.11,0
15660636,40,Female,Spain,0,96,3/9/2018,540,0,2,1,3560,0
15664504,35,Male,France,1,84,3/9/2019,418,-5000,2,1,88878.15,0
15790322,32,Female,France,0,0,1/9/2026,660,114668.89,1,1,84605,0
15739847,38,Male,Germany,0,60,2/9/2021,850,146756.68,1,1,78268.61,0
15699415,46,Female,France,0,72,2/9/2020,618,150213.71,1,1,120668.46,1
15665521,18,Male,Germany,1,60,2/9/2021,642,111183.53,2,0,10063.75,0
15682868,40,Female,France,1,108,3/9/2017,850,99816.46,1,1,163989.66,1
15584462,34,Male,France,0,108,3/9/2017,739,0,1,1,60584.33,0
15661708,41,Female,France,1,60,2/9/2021,508,0,2,1,94170.84,0
15584452,41,Male,France,0,72,2/9/2020,667,0,2,0,167181.77,0
15717010,60,Female,France,1,60,2/9/2021,741,0,1,1,38914.51,0
15643828,29,Male,France,1,84,3/9/2019,592,0,2,1,91196.67,0
15733361,45,Female,Germany,0,72,2/9/2020,651,86714.06,1,1,85869.89,1
15795488,52,Male,Spain,0,24,1/9/2024,773,0,2,1,57337.79,0
15581551,41,Male,Spain,1,96,3/9/2018,850,132838.07,1,1,175347.28,0
15632051,42,Female,Germany,0,120,3/9/2016,550,128707.31,1,1,63092.65,1
15780409,40,Male,France,0,72,2/9/2020,783,0,2,1,109742.55,0
15572767,29,Male,France,0,24,1/9/2024,777,0,2,1,124489.88,0
15590337,29,Male,France,1,72,2/9/2020,659,123192.12,1,1,56971.41,1
15634551,46,Male,Germany,0,36,2/9/2023,727,115248.11,4,1,130752.01,1
15669290,38,Male,France,1,96,3/9/2018,603,59360.77,1,1,191457.06,0
15621140,37,Male,Spain,1,108,3/9/2017,644,0,2,1,96442.86,0
15613518,35,Female,France,1,72,2/9/2020,647,112668.7,1,0,122584.29,0
15728043,37,Female,Germany,0,84,3/9/2019,648,138503.51,2,1,57215.85,0
15570073,57,Male,Spain,1,12,1/9/2025,721,0,1,1,195940.96,0
15777033,29,Male,France,1,84,3/9/2019,524,0,2,1,105448.74,0
15682454,34,Female,France,1,36,2/9/2023,626,0,2,1,37870.29,0
15758513,43,Male,France,0,84,3/9/2019,569,0,2,1,52534.81,0
15772604,36,Male,Spain,0,12,1/9/2025,578,157267.95,2,1,141533.19,0
15721715,40,Female,France,1,108,3/9/2017,769,133871.05,1,1,50568.02,0
15688563,31,Male,Germany,0,48,2/9/2022,694,141989.27,2,1,26116.82,0
15772009,41,Female,France,1,60,2/9/2021,664,0,1,1,152054.33,0
15809585,38,Male,France,0,84,3/9/2019,646,0,2,1,1528.4,0
15593778,29,Female,France,0,36,2/9/2023,779,46388.16,3,1,127939.26,1
15655360,72,Female,Germany,0,60,2/9/2021,782,148666.99,1,1,2605.65,1
15780909,34,Male,Germany,0,84,3/9/2019,769,115101.5,1,0,57841.89,1
15757310,67,Male,Germany,1,72,2/9/2020,655,148363.38,1,1,186995.17,0
15801411,46,Male,Spain,0,48,2/9/2022,623,0,1,1,5549.11,1
15761706,39,N/A,Spain,1,96,3/9/2018,705,144102.32,1,1,11682.36,0
15658409,41,male,France,1,60,2/9/2021,686,128876.71,3,1,106939.34,1
15810010,36,Male,Germany,0,72,2/9/2020,678,118448.15,2,1,53172.02,0
15627027,39,Male,France,1,60,2/9/2021,738,0,2,1,114388.98,0
15624374,28,Male,France,1,108,3/9/2017,703,0,2,0,2151.17,0
15720083,42,Male,Spain,1,12,1/9/2025,554,0,2,0,183492.9,0
15752294,38,Female,France,1,108,3/9/2017,582,135979.01,4,1,76582.95,1
15743193,37,Male,France,0,72,2/9/2020,644,117271.8,-1,1,104217.96,1
15696733,29,Male,France,0,48,2/9/2022,724,0,1,1,8982.75,0
15677522,33,Male,France,0,12,1/9/2025,593,0,2,0,9984.4,0
15643523,30,Female,Spain,0,120,3/9/2016,710,0,2,1,19500.1,0
15624936,35,Male,France,1,96,3/9/2018,631,129205.49,1,1,79146.36,0
15716085,41,Female,Spain,0,96,3/9/2018,739,0,1,1,191694.77,1
15641688,18,Male,Spain,1,84,3/9/2019,644,0,1,0,59645.24,1
15796834,35,Male,Germany,1,84,3/9/2019,652,104015.54,2,1,55207.88,0
15720123,37,Male,Spain,0,36,2/9/2023,554,0,2,1,166177.3,0
15604732,30,Female,France,0,108,3/9/2017,483,0,2,0,136356.97,0
15723484,42,Female,Germany,0,12,1/9/2025,669,103873.39,1,1,148611.52,0
15807120,52,Female,Germany,0,36,2/9/2023,841,112383.03,1,1,85516.37,1
15810891,34,Male,France,1,24,1/9/2024,662,117731.79,2,0,55120.79,0
15640407,45,Male,Germany,1,0,1/9/2026,821,135827.33,2,1,131778.58,0
15778838,38,Male,France,0,108,3/9/2017,783,114135.17,-1,1,153269.98,0
15709256,28,Female,France,1,108,3/9/2017,850,0,2,1,164864.67,0
15742285,62,Male,France,1,72,2/9/2020,559,118756.62,1,1,20367.68,0
15729019,34,Male,Spain,0,96,3/9/2018,602,98382.72,1,1,39542,0
15608588,41,Male,Germany,1,24,1/9/2024,563,100520.92,1,1,19412.8,1
15610557,35,Female,Spain,1,84,3/9/2019,695,79858.13,2,1,127977.66,0
15786418,20,Female,France,1,72,2/9/2020,546,0,1,0,20508.85,0
15653050,76,Female,Germany,0,120,3/9/2016,719,95052.29,1,1,176244.87,0
15744914,42,Male,Germany,0,12,1/9/2025,539,177728.55,1,1,105013.63,0
15669611,71,Male,France,1,36,2/9/2023,632,83116.68,1,1,27597.76,0
15594786,34,Male,Germany,1,84,3/9/2019,772,111565.91,1,1,121073.23,0
15649211,40,Male,Spain,0,96,3/9/2018,708,83015.71,1,1,101089.76,0
15766066,28,Female,  Germany  ,0,12,1/9/2025,668,124511.01,1,0,114258.18,0
15772216,67,Female,France,1,12,1/9/2025,738,130652.52,1,0,22762.23,0
15619898,55,Male,France,1,60,2/9/2021,785,0,2,1,7008.65,0
15724543,61,Male,France,1,60,2/9/2021,597,0,2,1,81299.17,0
15755084,37,Male,France,0,84,3/9/2019,531,121854.45,1,1,147521.35,0
15730441,26,Male,France,1,120,3/9/2016,509,0,2,1,6177.83,0
15666767,35,Male,France,0,12,1/9/2025,508,86893.28,1,0,59374.82,0
15690456,32,Female,Germany,1,84,3/9/2019,749,79523.13,1,0,157648.12,0
15570533,55,Female,Germany,1,84,3/9/2019,621,131033.76,1,0,75685.59,1
15797692,33,Female,France,0,84,3/9/2019,659,89939.62,1,1,136540.09,0
15603135,59,Female,Germany,0,36,2/9/2023,634,95727.05,1,0,97939.4,1
15698927,39,Male,France,1,84,3/9/2019,675,0,2,0,36267.21,0
15687363,31,Male,France,1,36,2/9/2023,770,155047.56,2,1,186064.34,0
15733444,29,Female,France,0,108,3/9/2017,736,0,2,0,176152.7,0
15678057,44,Male,France,0,120,3/9/2016,524,118569.03,2,0,82117.2,0
15806918,28,Male,France,1,60,2/9/2021,674,0,1,1,151925.25,0
15638247,44,Male,Spain,0,108,3/9/2017,700,0,2,1,142287.65,0
15674833,35,Female,France,0,12,1/9/2025,741,0,2,1,36557.55,0
15812534,40,Male,France,1,12,1/9/2025,455,0,3,0,129975.34,0
15586522,37,Male,Spain,0,24,1/9/2024,608,130461.02,1,1,21967.15,0
15794297,36,Male,France,0,12,1/9/2025,776,0,2,1,53477.76,0
15737025,33,Male,France,0,12,1/9/2025,635,0,3,0,178067.33,1
15615931,37,Female,France,1,48,2/9/2022,746,0,2,0,171039.56,0
15664860,47,Female,Spain,0,36,2/9/2023,692,0,2,1,150802.41,1
15664539,35,Male,Spain,0,108,3/9/2017,683,61172.04,1,0,82951.12,0
15583692,35,Female,Germany,0,24,1/9/2024,591,90194.34,2,1,57064.57,0
15693131,24,Female,France,1,36,2/9/2023,-20,95508.2,1,1,45755,0
15779973,35,Male,Germany,1,36,2/9/2023,684,99967.76,1,1,176882.08,0
15620557,37,Male,Spain,1,48,2/9/2022,-1,101470.29,1,0,88838.14,0
15639549,33,Female,Germany,0,48,2/9/2022,718,70541.06,1,0,88592.8,0
15618750,31,Male,France,0,96,3/9/2018,590,112211.61,1,1,26261.42,0
15796790,47,Female,France,0,96,3/9/2018,573,154543.98,1,1,29586.73,0
15668309,40,Female,France,1,0,1/9/2026,350,111098.85,1,1,172321.21,1
15732437,44,Unknown,Germany,1,0,1/9/2026,504,131873.07,2,1,158036.72,1
15665158,27,Male,Spain,1,12,1/9/2025,813,137275.36,1,0,115733.16,0
15689322,31,Male,Spain,0,36,2/9/2023,641,153316.14,1,1,59927.99,0
15596624,22,Female,France,1,108,3/9/2017,662,0,2,1,44377.65,0
15601977,44,Male,Spain,1,24,1/9/2024,497,121250.04,1,0,79691.4,0
15801462,31,Male,France,1,96,3/9/2018,716,109578.04,2,1,51503.51,0
15566139,37,Female,France,0,60,2/9/2021,526,53573.18,1,1,62830.97,0
15791006,34,Female,Germany,0,72,2/9/2020,760,58003.41,many,1,90346.1,0
15668057,31,Female,France,0,72,2/9/2020,669,113000.66,1,1,40467.82,0
15580805,27,Male,France,0,120,3/9/2016,655,0,2,1,51620.94,0
15658768,49,Female,France,0,24,1/9/2024,547,0,1,0,65466.93,1
15613048,40,Female,Germany,1,60,2/9/2021,648,139973.65,1,1,667.66,1
15803654,31,Female,France,1,24,1/9/2024,790,151290.16,1,1,172437.12,0
15662337,50,Female,Germany,1,12,1/9/2025,744,121498.11,2,0,106061.47,1
15650924,32,Female,Spain,1,48,2/9/2022,761,103515.39,2,1,177622.38,0
15647203,35,Female,France,0,36,2/9/2023,750,0,1,1,191520.5,0
15682778,34,Male,France,1,108,3/9/2017,680,0,2,1,95686.6,0
15579820,38,Male,Spain,0,72,2/9/2020,704,106687.76,1,1,173776.5,0
15709354,41,Female,France,1,24,1/9/2024,521,0,2,1,113089.43,0
15728480,35,Female,France,1,96,3/9/2018,452,0,2,1,149614.81,0
15641091,31,Female,France,0,60,2/9/2021,695,106089.2,1,0,99537.68,0
15603111,71,Male,Spain,0,120,3/9/2016,850,69608.14,1,1,97893.4,1
15679693,31,Male,France,1,60,2/9/2021,625,0,2,0,90.07,0
15797190,40,Female,Germany,0,84,3/9/2019,608,96202.32,1,0,161154.85,0
15788025,38,Female,France,1,0,1/9/2026,715,0,2,1,332.81,0
15646168,33,Male,Spain,0,60,2/9/2021,834,0,2,1,66285.18,0
15580493,years 33,Male,France,0,12,1/9/2025,469,127818.52,1,1,163477.22,0
15726720,40,Female,France,0,84,3/9/2019,480,0,1,1,170332.67,1
15735799,58,Male,Germany,1,36,2/9/2023,527,137318.42,1,1,126144.96,0
15773098,34,Male,Spain,0,60,2/9/2021,834,0,2,0,53437.1,0
15668971,40,Female,France,0,48,2/9/2022,583,55776.39,2,1,26920.43,0
15603221,32,Male,Germany,1,48,2/9/2022,696,84421.62,1,0,52314.71,0
15740043,32,Male,France,1,60,2/9/2021,606,83161.65,1,1,116885.59,0
15712264,39,Female,France,1,120,3/9/2016,713,0,2,1,126263.97,0
15751926,42,Male,Germany,1,36,2/9/2023,821,87807.29,2,1,64613.81,0
15589401,30,Female,France,0,48,2/9/2022,550,0,2,1,89216.29,0
15742019,39,Female,France,0,72,2/9/2020,675,0,2,0,83419.15,0
15660611,39,Male,Spain,1,36,2/9/2023,748,0,2,1,123998.52,0
15607634,40,Male,Germany,1,108,3/9/2017,606,95293.86,2,0,96985.58,0
15595036,30,Male,Germany,0,84,3/9/2019,726,92847.59,1,1,146154.06,0
15745794,30,Male,France,1,72,2/9/2020,547,0,2,1,18471.86,0
15781689,35,Male,Spain,0,60,2/9/2021,758,0,2,1,95009.6,0
15696054,37,Male,France,1,24,1/9/2024,596,0,1,0,121175.86,0
15752467,34,Male,Spain,1,36,2/9/2023,720,0,2,1,77047.78,0
15597739,37,Male,France,0,36,2/9/2023,674,0,1,1,158049.9,0
15651336,32,Female,France,0,48,2/9/2022,756,0,2,1,147040.25,0
15636061,78,Male,Germany,1,48,2/9/2022,649,68345.86,2,1,142566.75,0
15723013,28,Male,Germany,1,84,3/9/2019,613,76656.4,2,1,185483.24,0
15784148,62,  Male  ,France,0,108,3/9/2017,643,0,2,0,155870.82,0
15578098,31,Male,France,1,96,3/9/2018,600,0,2,1,121555.51,0
15638621,39,Male,Spain,0,12,1/9/2025,735,60374.98,1,1,40223.74,0
15720924,34,Female,France,1,12,1/9/2025,585,,1,1,75503.6,0
15566531,33,Male,Germany,1,48,2/9/2022,724,88046.88,1,0,186942.49,1
15718064,29,male,Spain,0,24,1/9/2024,635,0,2,0,117173.8,0
15605067,19,Male,France,0,108,3/9/2017,472,0,2,1,3453.4,0
15655335,36,Male,France,0,12,1/9/2025,590,0,2,1,48876.84,0
15607301,63,Female,Spain,1,96,3/9/2018,six hundred,129968.67,1,1,11830.53,0
15694628,39,Female,Germany,0,48,2/9/2022,686,157731.6,2,1,162820.6,0
15607112,32,Male,France,1,72,2/9/2020,606,0,2,0,36540.63,0
15635775,33,Male,France,0,36,2/9/2023,781,89276.48,1,1,6959,0
15644280,45,Male,France,0,48,2/9/2022,593,138825.19,1,0,10828.78,0
15708362,63,Male,France,1,48,2/9/2022,793,103729.79,2,1,80272.06,0
15771997,31,Female,NULL,0,120,3/9/2016,791,75499.24,1,1,22184.14,0
15730579,68,Male,France,1,60,2/9/2021,850,169445.4,1,1,186335.07,0
15728005,57,Female,France,0,108,3/9/2017,698,111359.55,2,1,105715.01,0
15791674,34,Female,France,1,120,3/9/2016,846,142388.61,2,0,68393.64,1
15754599,42,Male,France,1,48,2/9/2022,765,123311.39,2,1,82868.34,0
15693690,52,Male,Spain,0,84,3/9/2019,574,115532.52,1,1,196257.67,0
15728963,51,Female,Germany,0,120,3/9/2016,617,167273.71,1,0,93439.75,1
15659710,25,Male,France,0,60,2/9/2021,581,77886.53,2,1,150319.49,0
15658675,37,Male,Germany,1,72,2/9/2020,710,135795.63,1,0,46523.6,0
15638788,32,Male,France,1,96,3/9/2018,550,97514.07,1,1,199138.84,0
15609735,51,Male,Germany,0,72,2/9/2020,533,127545.56,2,0,79559.02,1
15771477,49,Male,France,0,108,3/9/2017,779,106160.37,1,0,116893.87,0
15570145,23,Female,France,0,24,1/9/2024,763,0,2,1,153983.99,0
15797149,36,Female,Spain,1,48,2/9/2022,563,143680.47,2,1,63531.19,0
15636912,38,Male,Spain,0,36,2/9/2023,678,124483.53,1,1,126253.31,0
15687828,31,Female,Spain,1,60,2/9/2021,644,86006.3,1,1,73922.95,0
15667424,43,Female,Germany,1,84,3/9/2019,682,111094.05,2,1,64679.3,0
15759872,22,Male,France,0,108,3/9/2017,625,0,2,1,157072.91,0
15572374,36,Male,Spain,1,12,1/9/2025,733,0,2,0,108377.82,0
15754926,30,Female,France,0,72,2/9/2020,512,0,2,1,88827.31,0
15687431,41,Female,France,1,84,3/9/2019,642,115171.71,1,1,37674.47,0
15604515,22,Female,Germany,0,120,3/9/2016,737,111543.26,2,0,106327.85,0
15682839,57,Female,France,1,96,3/9/2018,575,137936.94,1,1,84475.13,0
15624677,37,Female,Germany,0,36,2/9/2023,543,122304.65,2,0,33998.7,0
15646366,41,Male,Germany,1,96,3/9/2018,521,120586.54,1,0,20491.15,0
15701768,32,Male,France,1,36,2/9/2023,637,0,2,1,197827.06,0
15623566,40,Male,France,1,108,3/9/2017,714,46520.69,1,1,96687.25,0
15681274,56,Female,Spain,1,24,1/9/2024,726,105473.74,1,1,46044.7,0
15762573,34,Female,NULL,0,84,3/9/2019,680,0,2,1,98949.85,0
15706458,39,Male,Germany,1,60,2/9/2021,812,115730.71,3,1,185599.34,1
15654222,9999,Male,Spain,1,36,2/9/2023,757,145396.49,1,0,198341.15,0
15704053,62,Male,Spain,0,36,2/9/2023,710,131078.42,2,1,119348.76,1
15724321,47,FEMALE,Germany,0,108,3/9/2017,516,128298.74,1,0,149614.17,1
15621815,40,Female,France,0,72,2/9/2020,803,165526.71,1,1,12328.08,0
15724876,38,Female,France,1,60,2/9/2021,560,83714.41,1,1,33245.97,0
15696588,36,Female,France,1,36,2/9/2023,679,0,2,1,2243.41,0
15612832,32,Male,France,0,84,3/9/2019,526,125540.05,1,0,86786.41,0
15804295,41,Male,France,1,24,1/9/2024,485,100254.76,2,1,12706.67,0
15712536,36,Female,France,0,36,2/9/2023,625,0,2,1,41295.1,1
15662494,43,Male,Spain,1,84,3/9/2019,773,138150.57,1,1,177357.16,0
15807728,45,Female,France,1,12,1/9/2025,530,0,1,0,190663.89,1
15764916,43,Female,Germany,1,84,3/9/2019,616,95984.21,1,0,115262.54,1
15615330,23,Male,France,1,120,3/9/2016,651,0,2,1,170099.23,0
15638487,38,Male,Germany,1,24,1/9/2024,586,136858.42,1,0,189143.94,0
15627859,29,Male,Germany,0,84,3/9/2019,607,102609,1,1,163257.44,0
15622192,39,Male,Spain,1,36,2/9/2023,724,0,2,0,95562.81,0
15789413,64,Male,France,1,36,2/9/2023,733,0,2,1,75272.63,0
15583221,70,Male,Germany,1,36,2/9/2023,667,77356.92,2,1,20881.96,0
15768495,32,Female,France,1,96,3/9/2018,700,110923.15,2,1,161845.81,1
15644103,78,Male,Spain,1,24,1/9/2024,659,151675.65,1,0,49978.67,0
15741197,22,Male,Spain,0,96,3/9/2018,710,0,3,1,107292.91,0
15664547,37,Male,France,0,84,3/9/2019,760,0,1,0,32863.24,1
15797293,25,Female,France,0,36,2/9/2023,677,0,2,1,179608.96,0
15572021,29,Female,Germany,0,96,3/9/2018,798,80204.11,2,1,70223.22,0
15637461,35,Male,France,0,84,3/9/2019,758,0,2,1,77951.84,0
15620577,45,Male,France,1,48,2/9/2022,715,0,2,1,55043.93,0
15609643,32,Male,Germany,1,108,3/9/2017,752,115587.49,2,0,101677.46,0
15785358,46,Male,Germany,1,96,3/9/2018,586,106968.96,1,1,79366.98,1
15603883,36,Male,France,1,48,2/9/2022,818,0,2,1,8037.03,0
15782550,41,Female,Germany,1,0,1/9/2026,490,139659.04,1,1,176254.12,0
15775761,69,Female,  Germany  ,0,60,2/9/2021,610,86038.21,3,0,192743.06,1
15680201,24,  Male  ,Germany,0,60,2/9/2021,627,102773.2,2,1,56793.02,1
15767594,35,Female,France,1,96,3/9/2018,533,0,2,1,187900.12,0
15591985,51,Female,France,1,96,3/9/2018,708,70754.18,1,1,92920.04,1
15789339,59,Male,France,1,48,2/9/2022,681,122781.51,1,0,140166.95,0
15781530,21,Male,France,1,96,3/9/2018,690,0,2,1,155782.89,0
15705174,68,Male,Germany,1,84,3/9/2019,656,153545.11,1,1,186574.68,0
15572114,40,Male,Spain,1,12,1/9/2025,673,121629.22,1,1,3258.6,0
15804009,36,Male,Germany,1,96,3/9/2018,806,167983.17,2,1,106714.28,0
15662698,43,Female,Spain,1,84,3/9/2019,648,81153.82,1,1,144532.85,1
15696047,35,Male,France,1,72,2/9/2020,501,99760.84,1,1,13591.52,0
15701160,43,Female,Germany,1,48,2/9/2022,556,125890.72,1,1,74854.97,0
15790093,27,Female,France,0,24,1/9/2024,627,0,2,1,125451.01,0
15632143,31,Male,France,0,24,1/9/2024,652,119148.55,1,0,149740.22,0
15736778,60,Female,Germany,1,12,1/9/2025,807,72948.58,2,1,17355.36,0
15734917,21,Male,Germany,0,96,3/9/2018,708,133974.36,2,1,50294.09,0
15643903,27,Male,France,0,12,1/9/2025,619,154483.98,1,1,156394.74,0
15569526,40,Male,France,0,120,3/9/2016,601,98627.13,2,0,77977.69,0
15777067,64,Male,France,1,24,1/9/2024,445,136770.67,1,0,43678.06,0
15795511,39,Male,Germany,0,48,2/9/2022,800,95252.72,1,1,13906.34,0
15610419,33,Male,France,1,36,2/9/2023,554,117413.95,1,1,12766.74,0
15644994,54,Male,Germany,1,48,2/9/2022,714,137986.58,2,0,51308.54,1
15703707,44,Male,France,0,120,3/9/2016,656,143571.52,1,0,127444.14,0
15659327,49,Male,France,0,60,2/9/2021,520,121197.64,1,1,72577.33,1
15771323,39,Male,Spain,1,60,2/9/2021,480,121626.9,1,1,82438.13,0
15750549,30,Male,Germany,1,12,1/9/2025,660,84440.1,2,1,60485.98,0
15698462,36,Male,France,1,48,2/9/2022,532,0,2,1,132798.78,0
15739692,42,Male,N/A,0,12,1/9/2025,679,0,2,0,71823.15,0
15744041,26,Female,France,0,36,2/9/2023,780,140356.7,1,1,117144.15,0
15700714,29,Male,France,1,84,3/9/2019,747,0,2,1,141706.43,0
15777743,39,Female,France,1,36,2/9/2023,705,92224.56,1,1,54517.25,0
15623143,43,Female,France,0,108,3/9/2017,732,0,2,1,183147.17,0
15712568,40,Male,Spain,0,120,3/9/2016,515,121355.99,1,1,138360.29,0
15617432,40,Female,Germany,1,108,3/9/2017,816,109003.26,1,1,79580.56,0
15650424,48,Female,France,1,36,2/9/2023,641,147341.43,1,1,157458.61,1
15728829,18,Male,France,0,84,3/9/2019,509,102983.91,1,1,171770.58,0
15680430,49,Female,Germany,0,48,2/9/2022,601,96252.98,2,1,104263.82,0
15687626,39,Male,France,0,48,2/9/2022,527,0,2,1,167183.07,1
15609187,27,Female,France,0,60,2/9/2021,455,155879.09,2,0,70774.97,0
15609521,34,Male,Germany,1,48,2/9/2022,803,142929.16,2,1,114869.56,0
15752626,32,Male,France,1,84,3/9/2019,553,64082.09,1,0,109159.58,0
15571756,28,Female,France,0,60,2/9/2021,724,0,1,1,59351.68,0
15814040,45,Female,France,1,12,1/9/2025,610,0,2,1,199657.46,0
15658211,39,Female,Spain,1,24,1/9/2024,559,0,2,1,121151.1,0
15742091,35,Female,Germany,0,72,2/9/2020,825,118336.95,1,1,26342.33,1
15787168,28,Female,Spain,1,96,3/9/2018,819,168253.21,1,1,102799.14,0
15772363,42,Female,Germany,0,0,1/9/2026,772,101979.16,1,1,90928.48,0
15659364,23,Male,Spain,0,60,2/9/2021,685,164902.43,1,0,141152.28,0
15738980,43,Male,France,0,24,1/9/2024,506,0,2,1,105568.6,0
15794236,22,Male,Germany,1,120,3/9/2016,642,111812.52,2,1,183045.46,0
15721383,40,Male,Spain,1,120,3/9/2016,627,0,2,1,194792.42,0
15652981,30,Male,Germany,1,24,1/9/2024,600,119755,1,1,21852.91,0
15722731,46,Male,France,0,0,1/9/2026,653,119556.1,1,1,78250.13,1
15640507,35,Female,Spain,1,36,2/9/2023,762,119349.69,3,1,47114.18,1
15578878,30,Female,Spain,1,36,2/9/2023,569,,1,1,33230.37,0
15744295,40,Male,France,0,12,1/9/2025,756,94773.11,1,1,114279.63,0
15776558,31,Male,France,1,12,1/9/2025,673,108345.22,1,0,38802.03,0
15596136,36,Female,France,1,108,3/9/2017,637,166939.88,1,1,72504.76,0
15704597,33,Male,France,1,84,3/9/2019,644,174571.36,1,0,43943.09,0
15648272,35,Male,Spain,1,108,3/9/2017,658,71829.34,1,1,68141.92,0
15594915,36,Female,France,1,96,3/9/2018,649,0,2,0,109179.89,0
15581115,39,Female,France,0,108,3/9/2017,603,76769.68,1,0,48224.72,0
15763907,39,Female,France,0,12,1/9/2025,820,104614.29,1,1,61538.43,1
15705994,27,Male,Spain,0,120,3/9/2016,712,0,1,1,94544.88,0
15772421,31,Female,Germany,1,12,1/9/2025,645,128927.93,1,1,2850.01,0
15711572,31,Female,Germany,0,108,3/9/2017,705,110941.93,2,1,163484.8,0
15691170,29,Female,Spain,1,120,3/9/2016,590,99250.08,1,1,129629.41,0
15600106,36,Male,France,0,12,1/9/2025,631,0,2,0,133141.34,0
15745431,34,Male,france,1,84,3/9/2019,604,0,2,1,188078.55,0
15649508,48,Male,Spain,0,96,3/9/2018,643,0,2,1,174729.3,0
15812611,30,Female,Spain,1,60,2/9/2021,690,0,2,0,78700.03,0
15619699,31,Male,France,0,84,3/9/2019,558,0,1,1,198269.08,0
15813946,51,Male,Germany,0,12,1/9/2025,637,104682.83,1,1,55266.96,1
15762762,45,Female,Germany,0,60,2/9/2021,648,118886.55,1,0,51636.7,0
15629793,28,Male,Spain,0,96,3/9/2018,652,156823.7,2,1,198251.52,0
15781298,39,Male,Germany,1,36,2/9/2023,808,124216.93,1,0,171442.36,0
15622658,26,Female,France,0,24,1/9/2024,551,144258.52,1,1,49778.79,0
15658980,26,Male,Germany,0,108,3/9/2017,711,128793.63,1,1,19262.05,0
15701936,28,Male,Germany,0,120,3/9/2016,467,126315.26,1,1,32349.29,1
15686917,40,Female,Spain,0,48,2/9/2022,789,0,2,1,137402.27,0
15807312,33,Male,Spain,1,60,2/9/2021,602,0,2,0,64038.34,0
15574523,39,Male,France,1,12,1/9/2025,576,0,2,1,68814.23,0
15724200,38,Male,France,1,12,1/9/2025,584,115341.55,1,0,173632.92,0
15738224,32,Male,France,0,72,2/9/2020,593,99162.29,1,1,128384.11,0
15593283,48,Female,Germany,1,12,1/9/2025,705,156848.13,2,1,99475.95,1
15814690,64,Female,Germany,1,24,1/9/2024,595,105736.32,1,1,89935.73,1
15807245,41,Female,Germany,0,12,1/9/2025,699,200117.76,2,1,94142.35,0
15799358,46,Female,France,1,72,2/9/2020,516,62212.29,1,0,171681.86,1
15616172,31,Male,France,0,24,1/9/2024,838,0,2,1,8222.96,0
15777958,39,Male,France,1,120,3/9/2016,587,0,2,1,170409.45,0
15809124,38,Male,France,1,60,2/9/2021,750,151532.4,1,1,46555.15,0
15616367,39,Male,Germany,0,12,1/9/2025,581,121523.51,1,0,161655.55,1
15687385,41,Male,France,1,60,2/9/2021,484,0,1,1,74267.35,0
15607877,26,Male,Spain,1,96,3/9/2018,576,0,2,0,34101.06,0
15736327,46,Female,Germany,1,12,1/9/2025,567,68238.51,2,1,109572.58,0
15746704,30,Male,Spain,1,108,3/9/2017,638,136808.53,2,1,106642.97,0
15778304,24,Male,Germany,1,0,1/9/2026,646,92398.08,1,1,18897.29,0
15588456,40,Female,France,1,60,2/9/2021,658,143566.12,1,1,189607.71,0
15664035,38,Female,Spain,1,108,3/9/2017,590,0,2,1,148750.16,0
15596405,25,Male,Spain,1,84,3/9/2019,546,127728.24,2,1,105279.74,0
15815097,34,Female,France,0,108,3/9/2017,603,0,2,1,167916.35,0
15762708,38,Female,ES,1,120,3/9/2016,619,119658.49,1,1,8646.58,0
15776211,34,Female,France,1,72,2/9/2020,678,0,2,1,124592.84,0
15626012,26,Male,  France  ,0,48,2/9/2022,459,149879.66,1,0,50016.17,0
15792077,28,Male,Germany,0,96,3/9/2018,671,119859.52,2,1,125422.66,0
15718765,43,Male,Spain,0,72,2/9/2020,501,104533.24,1,0,81123.59,1
15576615,37,Male,Spain,0,120,3/9/2016,719,145382.61,1,1,80408.59,0
15752650,37,Female,Spain,1,72,2/9/2020,681,121231.39,1,1,146366.08,0
15797502,24,Male,Spain,1,24,1/9/2024,706,141078.57,1,1,24402.87,0
15687329,32,Female,Germany,0,12,1/9/2025,763,108465.65,2,1,60552.44,1
15779423,39,Male,France,1,12,1/9/2025,716,70657.61,2,1,76476.05,0
15619514,40,Male,Germany,0,36,2/9/2023,507,120105.43,1,1,92075.01,1
15615430,55,Male,Germany,1,48,2/9/2022,678,129646.91,1,1,184125.1,1
15716431,30,  Female  ,France,1,120,3/9/2016,775,191091.74,2,1,96170.38,0
15798341,38,Male,France,1,96,3/9/2018,544,0,1,1,98208.62,0
15651958,27,Male,France,1,96,3/9/2018,756,0,2,1,157932.75,0
15726179,43,Female,Germany,1,60,2/9/2021,757,131433.33,2,1,3497.43,1
15652999,33,Male,Germany,1,12,1/9/2025,742,137937.95,1,1,51387.1,0
15691950,49,Male,France,0,36,2/9/2023,591,0,2,1,50123.44,0
15632446,24,Male,France,0,48,2/9/2022,667,0,2,0,180329.83,0
15620936,32,Male,France,1,48,2/9/2022,787,0,2,1,13238.93,0
15587640,43,Female,France,0,-10,1/9/2026,718,93143.39,1,1,167554.86,0
15782231,38,Male,France,0,72,2/9/2020,521,0,2,1,51454.06,0
15580462,40,Male,Spain,1,12,1/9/2025,607,112544.45,1,1,19842.22,0
15736371,34,Female,France,1,36,2/9/2023,633,123034.43,2,1,38315.04,0
15648032,37,Male,Spain,1,24,1/9/2024,588,0,2,0,187816.59,0
15610454,33,Female,Germany,1,-1,3/9/2017,724,119278.44,1,1,197148.24,0
15671358,44,Male,France,0,48,2/9/2022,720,0,2,1,163471.01,0
15747130,39,Male,France,1,84,3/9/2019,521,0,2,0,653.58,0
15578374,36,Male,Spain,0,84,3/9/2019,620,169312.72,1,1,45414.09,0
15572182,33,Female,Germany,0,36,2/9/2023,505,106506.77,3,1,45445.78,1
15770041,43,Female,Spain,1,96,3/9/2018,728,128412.61,1,0,139024.31,0
15669414,62,Male,Germany,0,108,3/9/2017,486,118356.89,2,1,168034.83,1
15777054,42,Male,Germany,0,36,2/9/2023,584,137479.13,1,1,25669.1,0
15621021,40,Female,Spain,0,12,1/9/2025,687,0,2,1,8207.36,0
15785490,50,Male,France,1,36,2/9/2023,771,105229.72,1,1,16281.68,1
15577695,41,Male,France,0,24,1/9/2024,678,148088.11,1,1,14083.12,0
15686974,48,Female,France,1,48,2/9/2022,751,0,1,0,30165.06,1
15574584,33,Male,France,1,96,3/9/2018,670,126679.69,1,1,39451.09,0
15719541,31,Male,Spain,0,24,1/9/2024,675,90826.27,2,1,60270.87,0
15646310,24,Male,Spain,1,96,3/9/2018,684,143582.89,1,1,22527.27,0
15697606,21,Female,France,0,120,3/9/2016,637,125712.2,1,0,175072.47,0
15711489,32,Female,Spain,1,24,1/9/2024,760,0,1,1,114565.35,0
15670427,37,Male,Spain,0,48,2/9/2022,662,155187.3,1,1,48930.8,0
15731755,49,Male,France,0,120,3/9/2016,680,0,2,1,187008.45,0
15796370,40,Male,Spain,1,60,2/9/2021,604,155455.43,1,0,113581.85,0
15598331,40,Female,France,0,108,3/9/2017,764,100480.53,1,1,124095.69,0
15704795,77,Female,France,1,72,2/9/2020,521,0,2,1,49054.1,0
15796764,9999,Female,Germany,1,36,2/9/2023,684,127585.98,3,1,80593.49,1
15589420,40,Female,Unknown,1,24,1/9/2024,795,101891.1,1,1,183044.86,0
15810563,61,Female,Spain,1,96,3/9/2018,678,0,2,1,159938.82,0
15746569,38,Male,France,0,48,2/9/2022,589,0,1,1,95483.48,1
15811594,28,Female,Spain,1,36,2/9/2023,660,128929.88,1,1,198069.71,0
15645896,39,Male,Germany,1,72,2/9/2020,six hundred,121681.91,2,0,61793.47,0
15802909,56,Female,Germany,1,36,2/9/2023,706,139603.22,1,1,86383.61,0
15797665,27,Female,France,0,84,3/9/2019,730,0,2,1,144099.48,0
15778959,Unknown,Female,France,1,120,3/9/2016,606,0,2,0,155641.46,0
15722532,36,Female,Spain,1,120,3/9/2016,690,91760.11,1,1,135784.94,0
15784124,41,Male,Germany,0,24,1/9/2024,645,93925.3,1,1,123982.14,1
15776518,38,Female,France,1,48,2/9/2022,579,175739.36,1,1,193130.55,0
15611247,28,Female,France,0,120,3/9/2016,481,0,2,1,145215.96,0
15721469,45,Male,Germany,0,108,3/9/2017,492,170295.04,2,0,164741.81,0
15773338,58,Male,France,1,24,1/9/2024,739,101579.28,1,1,72168.53,0
15784042,55,Male,France,1,84,3/9/2019,624,118793.6,1,1,95022.02,1
15776229,44,Male,France,0,36,2/9/2023,682,115282.3,1,0,23766.4,0
15655903,34,NULL,Spain,1,72,2/9/2020,701,107980.37,1,1,119374.74,0
15590177,44,Female,France,1,12,1/9/2025,718,133866.22,1,0,139049.24,0
15568876,34,Female,France,0,12,1/9/2025,496,102723.35,2,1,180844.81,0
15813140,41,Male,Spain,1,60,2/9/2021,543,0,2,0,143980.29,0
15770516,44,Female,Spain,1,84,3/9/2019,616,193213.02,2,1,137392.77,0
15755731,53,Male,Germany,1,96,3/9/2018,635,117005.55,1,0,123646.57,1
15574480,31,Male,Spain,0,12,1/9/2025,652,132862.59,1,0,158054.49,0
15798084,26,Male,France,0,0,1/9/2026,688,0,2,1,105784.85,0
15673020,49,Female,France,1,36,2/9/2023,678,204510.94,1,0,738.88,1
15643575,36,Male,Germany,0,12,1/9/2025,757,65349.71,1,0,64539.64,0
15596811,36,Male,France,0,96,3/9/2018,667,139753.35,1,1,79871.16,0
15786789,29,Female,France,1,72,2/9/2020,725,0,2,1,190776.83,0
15578865,50,Female,Germany,1,60,2/9/2021,632,107959.39,1,1,6985.34,1
15605672,38,Female,France,1,60,2/9/2021,694,195926.39,1,1,85522.84,0
15603674,36,Male,France,1,12,1/9/2025,803,0,2,1,149370.93,0
15759915,,Female,France,0,72,2/9/2020,814,87772.52,1,1,188516.45,0
15686219,38,Male,France,0,48,2/9/2022,611,71018.6,2,1,2444.29,0
15696388,38,Male,Germany,1,48,2/9/2022,755,111096.91,1,1,19762.88,0
15713604,40,Male,Germany,1,108,3/9/2017,425,166776.6,2,0,172646.88,0
15647800,34,Female,France,0,72,2/9/2020,850,101266.51,1,1,33501.98,0
15813451,18,Male,Spain,1,96,3/9/2018,677,134796.87,2,1,114858.9,0
15765375,46,Female,France,0,96,3/9/2018,797,0,1,0,162668.33,0
15774586,43,Female,Germany,1,120,3/9/2016,692,118588.83,1,1,161241.65,1
15603454,28,Male,Germany,1,60,2/9/2021,735,160454.15,2,0,114957.22,0
15653037,77,Male,France,1,12,1/9/2025,609,0,1,0,18708.76,0
15782475,42,Female,France,1,96,3/9/2018,700,0,2,1,105305.72,0
15593496,36,Female,Spain,0,60,2/9/2021,526,91132.18,1,0,58111.71,0
15808971,57,  Female  ,Spain,1,108,3/9/2017,693,0,2,1,135502.77,0
15791972,20,Female,France,0,84,3/9/2019,748,0,2,0,10792.42,0
15676869,36,Male,Spain,1,96,3/9/2018,657,0,2,0,123866.43,0
15683007,25,Female,Germany,0,60,2/9/2021,739,113113.12,1,1,129181.27,0
15659495,23,Male,Spain,1,24,1/9/2024,784,0,1,1,6847.73,0
15703923,41,Male,Germany,1,84,3/9/2019,744,190409.34,2,1,138361.48,0
15674000,44,Male,France,1,120,3/9/2016,645,0,2,0,166707.22,0
15618171,33,Female,France,1,108,3/9/2017,669,0,2,0,107221.03,0
15732202,34,Male,France,1,12,1/9/2025,615,83503.11,2,1,73124.53,1
15735078,53,Female,Germany,1,12,1/9/2025,724,139687.66,2,1,12913.92,0
15798615,47,Female,France,0,108,3/9/2017,850,137301.87,1,1,44351.77,0
15638494,39,  Female  ,Germany,1,120,3/9/2016,625,129845.26,1,1,96444.88,0
15763874,46,Male,Spain,1,96,3/9/2018,635,0,2,1,60739.16,0
15696355,37,Male,Germany,0,72,2/9/2020,724,125489.4,1,1,118570.53,0
15655952,47,Male,France,1,24,1/9/2024,550,0,2,1,97057.28,0
15739850,45,Male,France,1,72,2/9/2020,645,155417.61,1,0,3449.22,0
15611338,29,Male,Spain,1,48,2/9/2022,714,0,2,1,37605.9,0
15707861,46,Female,France,0,120,3/9/2016,520,85216.61,1,1,117369.52,1
15672237,25,Male,France,0,12,1/9/2025,633,0,1,1,100598.98,0
15657771,37,Male,France,1,72,2/9/2020,537,0,1,1,17802.42,0
15677783,38,Male,Spain,0,48,2/9/2022,764,113607.47,1,1,91094.46,0
15681026,33,Female,Germany,1,108,3/9/2017,795,104552.72,1,1,120853.83,1
15566543,44,Male,Spain,0,108,3/9/2017,573,0,2,1,107124.17,0
15594612,44,Male,Spain,0,108,3/9/2017,702,0,1,0,59207.41,1
15814664,33,male,Germany,0,24,1/9/2024,740,126524.11,1,1,136869.31,0
15642785,34,  Male  ,France,0,60,2/9/2021,479,117593.48,2,0,113308.29,0
15690164,33,Female,Germany,0,48,2/9/2022,627,83199.05,1,0,159334.93,0
15590213,35,Male,Spain,1,48,2/9/2022,479,125920.98,1,1,20393.44,0
15603794,48,Male,France,1,60,2/9/2021,623,118469.38,1,1,158590.25,0
15733491,40,Female,Germany,0,96,3/9/2018,512,153537.57,2,0,23101.13,0
15806360,41,Male,France,1,72,2/9/2020,609,0,1,0,112585.19,0
15587133,42,Male,France,0,84,3/9/2019,518,151027.05,2,1,119377.36,0
15721377,34,Female,France,0,36,2/9/2023,833,144751.81,1,0,166472.81,0
15747927,26,Male,France,0,48,2/9/2022,758,155739.76,1,1,171552.02,0
15806455,27,Male,France,1,84,3/9/2019,611,0,2,1,157474.1,0
15695474,33,Male,France,0,84,3/9/2019,583,122531.86,1,1,13549.24,0
15666295,50,Male,Germany,0,12,1/9/2025,610,113957.01,2,1,196526.55,1
15656062,33,Female,France,0,84,3/9/2019,637,103377.81,1,1,84419.78,0
15579969,32,Female,France,1,108,3/9/2017,683,0,2,1,24991.92,0
15703563,40,Male,France,0,108,3/9/2017,774,93017.47,2,1,191608.97,0
15692664,58,Female,France,1,12,1/9/2025,677,90022.85,1,0,2988.28,0
15719276,35,Male,Spain,0,72,2/9/2020,741,74371.49,1,0,99595.67,0
15672754,42,Male,N/A,1,36,2/9/2023,498,152039.7,1,1,53445.17,1
15768163,46,Female,Germany,0,84,3/9/2019,655,137145.12,1,1,115146.4,1
15656710,40,Male,France,0,48,2/9/2022,613,0,1,0,151325.24,0
15696175,35,Male,Germany,1,84,3/9/2019,602,90602.42,2,1,51695.41,0
15586914,36,Male,France,0,72,2/9/2020,659,123841.49,2,1,96833,0
15581736,47,Male,Germany,1,12,1/9/2025,673,183579.54,2,0,34047.54,0
15588839,30,Male,Spain,1,96,3/9/2018,606,180307.73,2,1,1914.41,0
15589329,30,Male,France,0,48,2/9/2022,775,0,2,1,49337.84,0
15605622,28,Male,Spain,1,48,2/9/2022,841,0,2,1,179436.6,0
15798964,33,Male,Germany,0,36,2/9/2023,714,35016.6,1,1,53667.08,0
15769959,53,Female,France,0,48,2/9/2022,597,88381.21,1,1,69384.71,1
15657105,36,Male,Spain,0,24,1/9/2024,726,0,1,1,195192.4,0
15569266,28,Male,France,0,84,3/9/2019,644,155060.41,1,1,29179.52,0
15719294,29,Female,France,0,24,1/9/2024,800,0,2,0,167773.55,0
15606229,39,Male,France,0,60,2/9/2021,771,0,2,1,96270.64,0
15569892,35,Male,France,1,120,3/9/2016,516,57369.61,1,1,101699.77,0
15584532,36,Female,  France  ,1,84,3/9/2019,709,0,1,0,42085.58,1
15682355,42,Male,Germany,0,36,2/9/2023,772,75075.31,2,1,92888.52,1
15628319,28,Female,France,0,48,2/9/2022,792,130142.79,1,1,38190.78,0
15751227,47,Male,France,0,12,1/9/2025,807,95120.59,1,0,127875.1,0
15605339,37,Female,France,1,120,3/9/2016,673,0,2,1,37411.35,0
15596979,47,Female,France,1,72,2/9/2020,662,0,2,1,129392.75,0
15720687,41,Female,France,0,48,2/9/2022,576,112609.91,1,0,191035.18,1
15608209,33,Male,Germany,0,36,2/9/2023,622,96926.12,2,1,48553.77,0
15601873,36,Female,France,0,84,3/9/2019,677,0,1,1,47318.75,0
15635728,41,Male,France,0,48,2/9/2022,693,0,2,0,156381.47,0
15683471,38,Male,France,0,84,3/9/2019,691,0,2,0,81617.4,0
15750458,39,Female,France,1,48,2/9/2022,693,0,2,0,142331.39,0
15649183,35,Female,Spain,1,96,3/9/2018,598,0,3,0,88658.73,0
15705544,61,Male,France,1,36,2/9/2023,633,157201.48,1,0,50368.63,0
15749093,43,Male,France,0,48,2/9/2022,801,158713.08,2,0,98586.14,0
15761132,46,Male,Spain,1,84,3/9/2019,682,128029.72,1,1,62615.35,0
15607690,47,Male,Germany,0,24,1/9/2024,689,118812.5,2,0,31121.42,0
15794236,22,Male,Germany,1,120,3/9/2016,642,111812.52,2,1,183045.46,0
15705953,51,Male,Spain,0,0,1/9/2026,721,169312.13,1,1,109078.35,1
15772363,42,Female,Germany,0,0,1/9/2026,772,101979.16,1,1,90928.48,0
15805884,41,Female,France,0,108,3/9/2017,637,0,2,1,145477.36,0
15811589,42,Male,Spain,0,96,3/9/2018,716,0,2,1,180800.42,0
15636444,53,Female,Germany,1,60,2/9/2021,535,141616.55,2,1,75888.65,0
15730639,23,Male,France,0,84,3/9/2019,715,139224.92,2,1,65057.71,0
15626882,37,Male,Spain,1,60,2/9/2021,662,94901.09,1,1,48233.75,0
15788535,44,Male,Spain,0,60,2/9/2021,593,0,1,1,128046.98,0
15669491,46,Female,France,1,24,1/9/2024,850,157866.77,1,1,18986.12,0
15768244,30,Female,Spain,1,96,3/9/2018,538,0,2,1,41192.95,0
15776985,36,Female,France,1,72,2/9/2020,652,112518.71,2,0,110421.31,0
15573319,35,Female,Germany,0,96,3/9/2018,493,178317.6,1,0,197428.64,0
15711288,24,Male,France,0,72,2/9/2020,512,0,2,1,37654.31,0
15614491,39,Male,France,0,36,2/9/2023,539,139153.68,2,1,147662.33,0
15706186,33,Male,Germany,0,96,3/9/2018,640,81677.22,2,0,34925.56,0
15630106,29,Male,Spain,0,24,1/9/2024,496,0,2,1,55389.59,0
15576065,40,Female,Spain,1,60,2/9/2021,731,171325.98,1,1,159718.27,1
15793070,41,Female,Spain,0,24,1/9/2024,494,69974.66,2,1,188426.13,1
15752650,37,Female,Spain,1,72,2/9/2020,681,121231.39,1,1,146366.08,0
15795895,36,Male,Germany,0,12,1/9/2025,678,117864.85,2,1,27619.06,0
15576022,38,Male,France,1,60,2/9/2021,565,0,2,0,80630.32,0
15590241,34,Female,Spain,0,108,3/9/2017,750,112822.26,1,0,150401.53,1
15683758,44,Male,France,0,84,3/9/2019,640,111833.47,1,1,67202.74,0
15724150,48,Male,France,1,108,3/9/2017,814,136596.85,1,1,185791.9,0
15751297,36,Male,France,0,60,2/9/2021,732,0,2,1,161428.25,0
15781129,38,Male,Spain,1,96,3/9/2018,687,69434.4,2,1,66580.13,1
15654346,35,Male,Germany,1,12,1/9/2025,679,130463.55,2,1,37341.17,0
15736533,37,Female,Germany,0,60,2/9/2021,730,124053.03,1,1,118591.67,0
15695474,33,Male,France,0,84,3/9/2019,583,122531.86,1,1,13549.24,0
15784209,47,Male,France,1,72,2/9/2020,497,0,1,1,90055.08,0
15667046,38,Male,Spain,0,84,3/9/2019,694,121527.4,1,1,113481.02,0
15743760,31,Male,France,1,72,2/9/2020,850,131996.66,2,1,178747.43,0
15642725,32,Male,France,1,120,3/9/2016,797,114084.6,1,0,125782.29,0
15676707,39,Female,Spain,0,48,2/9/2022,577,0,2,1,91366.42,0
15695819,43,Male,Germany,0,60,2/9/2021,504,134740.19,2,1,181430.91,0
15660688,35,Female,Spain,0,108,3/9/2017,701,0,2,0,170996.86,0
15592751,63,Female,Germany,0,36,2/9/2023,684,81245.79,1,1,69643.31,1
15707559,30,Female,France,1,108,3/9/2017,682,0,2,1,195104.91,0
15689594,29,Male,France,0,60,2/9/2021,731,179539.2,1,0,112010.02,0
15648455,51,Male,Germany,0,48,2/9/2022,647,131156.76,1,1,29883.63,0
15769818,37,Female,France,1,36,2/9/2023,850,212778.2,1,0,69372.88,0
15583499,32,Male,France,1,108,3/9/2017,510,103324.78,1,1,46127.7,0
15775892,23,Female,Spain,0,96,3/9/2018,748,85600.08,1,0,134077.71,0
15682914,34,Male,France,1,24,1/9/2024,850,72079.71,1,1,115767.93,0
15688210,39,Female,France,0,96,3/9/2018,670,101928.51,1,0,89205.54,0
15657957,26,Female,Germany,0,96,3/9/2018,602,113674.2,1,1,197861.16,1
15728505,44,Male,France,1,12,1/9/2025,601,100486.18,2,1,62678.53,0
15699238,40,Female,Spain,0,96,3/9/2018,618,0,2,1,80204.38,0
15750874,31,Male,France,1,36,2/9/2023,676,78990.15,1,1,124777.14,0
15698324,33,Female,France,1,48,2/9/2022,725,0,1,1,67879.8,0
15731865,27,Male,France,0,12,1/9/2025,637,0,2,1,91291.2,0
15649853,45,Female,France,1,36,2/9/2023,625,0,1,1,184474.15,1
15732202,34,Male,France,1,12,1/9/2025,615,83503.11,2,1,73124.53,1
15739042,35,Female,France,0,108,3/9/2017,767,0,2,1,39511.61,0
15803406,26,Female,France,1,12,1/9/2025,748,77780.29,1,0,183049.41,0
15674991,42,Male,France,1,108,3/9/2017,667,0,2,0,58137.42,0
15659949,31,Male,France,0,12,1/9/2025,850,96399.31,2,1,106534.15,0
15669957,52,Male,Germany,1,108,3/9/2017,655,144696.75,1,1,49025.79,0
15628145,43,Female,France,1,60,2/9/2021,682,125851.93,1,1,193318.33,0
15731543,58,Male,Spain,1,108,3/9/2017,679,109327.65,1,1,3829.13,0
15645059,28,Female,France,0,96,3/9/2018,711,0,2,0,105159.89,0
15800890,45,Female,France,1,72,2/9/2020,554,0,2,1,181204.5,0
15584114,43,Female,Germany,1,24,1/9/2024,678,153393.18,2,1,193828.27,0
15694644,43,Female,Spain,1,72,2/9/2020,455,0,1,1,81250.79,0
15714575,44,Female,Germany,1,96,3/9/2018,742,107926.02,1,0,17375.27,1
15790267,40,Female,France,1,84,3/9/2019,625,141267.67,1,0,177397.49,0
15663933,35,Female,Germany,0,60,2/9/2021,625,86147.46,2,1,163440.8,1
15758685,37,Female,Spain,1,84,3/9/2019,706,0,2,1,110899.3,0
15608873,51,Male,France,0,24,1/9/2024,665,0,1,0,53353.36,0
15753550,43,Female,France,0,84,3/9/2019,684,0,2,1,131093.99,0
15667216,29,Female,France,1,120,3/9/2016,579,73194.52,2,1,129209.09,0
15694641,59,Female,Spain,1,24,1/9/2024,621,0,2,1,171364.18,0
15804771,51,Male,France,1,48,2/9/2022,614,40685.92,1,1,46775.28,0
15657386,43,Male,Germany,1,12,1/9/2025,712,141749.74,2,0,90905.26,0
15715877,28,Male,France,0,24,1/9/2024,821,0,2,1,46072.52,0
15755825,39,Male,France,0,120,3/9/2016,666,0,2,1,102999.33,0
15795933,49,Female,France,1,36,2/9/2023,677,0,2,1,187811.71,0
15634772,59,Female,Spain,1,0,1/9/2026,682,122661.39,1,0,84803.76,0
15584897,31,Female,France,0,36,2/9/2023,639,98360.03,1,0,20973.8,0
15724924,37,Female,France,1,72,2/9/2020,589,138497.84,1,0,18988.58,0
15803908,45,Male,France,1,108,3/9/2017,628,0,2,1,96862.56,0
15652835,27,Female,Spain,1,24,1/9/2024,419,121580.42,1,0,134720.51,0
15639368,25,Male,France,0,0,1/9/2026,732,110942.9,1,0,172576.56,0
15605791,29,Male,Germany,0,108,3/9/2017,524,144287.6,2,1,32063.3,0
15794187,36,Male,France,0,72,2/9/2020,695,114007.5,2,1,118120.88,0
15779985,37,Female,Germany,1,12,1/9/2025,750,133199.71,2,1,27366.77,0
15621550,50,Female,Spain,0,12,1/9/2025,535,140292.58,3,0,69531.22,1
15724269,25,Male,France,1,84,3/9/2019,670,0,2,1,144723.38,0
15640667,41,Female,France,0,48,2/9/2022,662,0,2,1,126551.48,0
15763381,30,Male,France,1,0,1/9/2026,496,90963.49,1,0,27802,0
15580134,27,Male,Spain,1,24,1/9/2024,479,172463.45,1,1,40315.27,0
15688172,40,Male,Spain,0,60,2/9/2021,677,0,2,1,88947.56,0
15738751,46,Female,France,0,48,2/9/2022,493,0,2,1,1907.66,0
15787026,27,Male,Germany,1,0,1/9/2026,627,185267.45,2,1,77027.34,0
15620204,57,Female,Germany,1,12,1/9/2025,543,106138.33,2,1,120657.32,1
15802809,36,Female,Spain,1,0,1/9/2026,660,84438.57,1,1,181449.51,0
15705403,46,Female,Spain,1,36,2/9/2023,617,106521.49,1,0,86587.37,0
15605215,48,Male,France,1,108,3/9/2017,767,0,2,0,175458.21,0
15662662,30,Female,France,0,72,2/9/2020,573,0,2,1,66190.21,0
15673908,42,Female,Germany,1,72,2/9/2020,602,158414.85,1,1,131886.46,0
15632816,49,Female,Germany,1,24,1/9/2024,521,127948.57,1,1,182765.14,0
15800434,52,Male,Germany,0,120,3/9/2016,811,76915.4,1,0,146359.81,1
15739548,28,Male,France,0,108,3/9/2017,775,111167.7,1,1,149331.01,0
15761348,38,Female,France,0,0,1/9/2026,601,0,2,1,165196.65,0
15611800,62,Female,France,1,84,3/9/2019,624,125163.62,2,1,151411.5,0
15803456,40,Female,France,0,108,3/9/2017,641,0,1,0,151648.66,1
15730657,41,Female,France,1,48,2/9/2022,548,82596.8,1,0,55672.09,0
15758050,37,Male,Spain,0,48,2/9/2022,622,0,2,1,4459.5,0
15703563,40,Male,France,0,108,3/9/2017,774,93017.47,2,1,191608.97,0
15771636,36,Female,Spain,0,0,1/9/2026,793,0,1,0,148993.47,0
15591985,51,Female,France,1,96,3/9/2018,708,70754.18,1,1,92920.04,1
15683560,40,Female,France,0,84,3/9/2019,642,0,2,1,183963.34,0
15586183,35,Female,France,0,60,2/9/2021,561,0,2,1,59981.62,0
15658435,27,Female,France,0,60,2/9/2021,781,0,2,0,72969.9,0
15594864,30,Male,Germany,1,48,2/9/2022,752,81523.38,1,1,36885.85,0
15771270,27,Female,France,1,96,3/9/2018,635,127471.56,1,1,152916.05,1
15697510,52,Female,Spain,0,84,3/9/2019,707,0,1,1,109688.82,1
15720838,31,Female,Spain,1,36,2/9/2023,689,139799.63,1,0,120663.57,0
15606397,44,Female,Germany,1,12,1/9/2025,577,152086.15,1,0,44719.5,1
15669945,35,Male,France,0,48,2/9/2022,492,141359.37,2,1,39519.53,0
15705174,68,Male,Germany,1,84,3/9/2019,656,153545.11,1,1,186574.68,0
15812534,40,Male,France,1,12,1/9/2025,455,0,3,0,129975.34,0
15738672,40,Female,Germany,0,24,1/9/2024,737,162485.8,2,1,149381.32,0
15646558,51,Male,Spain,1,12,1/9/2025,611,122874.74,1,1,149648.45,0
15666252,42,Male,Spain,1,108,3/9/2017,706,0,2,1,28714.34,0
15635141,59,Male,Germany,0,96,3/9/2018,598,118210.42,2,0,60192.14,1
15583073,56,Female,Spain,1,24,1/9/2024,771,0,1,1,25222.6,1
15804009,36,Male,Germany,1,96,3/9/2018,806,167983.17,2,1,106714.28,0
15779492,56,Male,Spain,0,72,2/9/2020,796,94231.13,1,0,121164.6,1
15764195,39,Male,Spain,1,48,2/9/2022,519,111900.14,1,1,97577.17,0
15712608,42,Female,Germany,1,24,1/9/2024,787,74483.97,2,0,44273.91,0
15762984,35,Male,Spain,0,84,3/9/2019,648,0,2,0,122899.01,0
15600912,32,Male,Germany,1,60,2/9/2021,706,88348.43,2,1,104181.78,0
15665629,33,Female,Spain,0,84,3/9/2019,719,0,2,1,20016.59,0
15632272,42,Female,France,0,24,1/9/2024,792,0,2,1,92664.09,0
