ticket_id,customer_id,issue_type,severity,resolution_time_hrs
1,15634602,NULL,Critical,94.3
2,15634602,Card Problem,Medium,11.1
3,15647311,Card Problem,Low,1.3
4,15701354,Loan Query,High,17.1
5,15701354,Fraud Alert,Low,1.6
6,15701354,Card Problem,Low,1.0
7,15701354,Loan Query,Medium,5.1
8,15737888,Fraud Alert,Low,1.2
9,15737888,Billing,Low,2.0
10,15737888,App Bug,Low,2.2
11,15737888,Billing,Medium,4.1
12,15574012,App Bug,High,26.6
13,15574012,Loan Query,Low,2.0
14,15574012,Card Problem,Low,3.0
15,15574012,Loan Query,High,24.4
16,15656148,Login Issue,Medium,7.0
17,15656148,Fraud Alert,High,57.1
18,15792365,Fraud Alert,Medium,6.6
19,15792365,App Bug,Low,1.1
20,15792365,App Bug,Low,1.5
21,15592389,App Bug,Critical,53.1
22,15737173,Billing,Low,3.0
23,15737173,Card Problem,Low,1.0
24,15691483,Login Issue,High,26.5
25,15691483,Billing,Low,1.2
26,15600882,Fraud Alert,Low,1.1
27,15737452,Billing,Medium,18.2
28,15737452,Card Problem,Low,4.9
29,15737452,Fraud Alert,High,38.9
30,15788218,login issue,Medium,7.4
31,15661507,Billing,Low,2.8
32,15577657,App Bug,High,18.0
33,15597945,Card Problem,Low,2.9
34,15699309,Fraud Alert,High,42.0
35,15699309,Loan Query,Medium,17.9
36,15699309,Fraud Alert,Low,2.7
37,15725737,Fraud Alert,High,33.5
38,15736816,Fraud Alert,High,32.7
39,15700772,Card Problem,Medium,5.8
40,15589475,Loan Query,Low,3.2
41,15706552,Fraud Alert,Critical,70.2
42,15750181,Billing,Medium,unknown
43,15750181,Loan Query,Low,3.0
44,15794171,Loan Query,Low,1.6
45,15794171,Loan Query,Medium,12.8
46,15794171,Billing,Low,2.5
47,15794171,Loan Query,Medium,9.9
48,15788448,Billing,Low,2.6
49,15788448,App Bug,Low,2.0
50,15788448,Loan Query,High,19.8
51,15788448,Card Problem,Low,2.0
52,15585768,Billing,Low,2.0
53,15585768,Login Issue,Medium,9.9
54,15585768,Card Problem,High,33.1
55,15738148,Billing,Critical,73.6
56,15684171,Billing,High,-1.0
57,15684171,Card Problem,Low,2.4
58,15684171,Billing,High,21.7
59,15754849,Fraud Alert,Low,1.3
60,15602280,Billing,Medium,10.0
61,15602280,Fraud Alert,Medium,4.1
62,15602280,App Bug,Medium,15.1
63,15771573,App Bug,Medium,unknown
64,15771873,Billing,Medium,9.8
65,15616550,Fraud Alert,Medium,9.1
66,15683553,Card Problem,Low,2.8
67,15683553,Billing,Medium,6.8
68,15683553,App Bug,Medium,7.9
69,15683553,Loan Query,Low,2.0
70,15569590,App Bug,Low,4.8
71,15569590,Loan Query,Low,4.5
72,15569590,  Billing  ,Low,4.7
73,15760861,Loan Query,Medium,11.8
74,15647091,Login Issue,High,19.6
75,15942745,Fraud Alert,Critical,90.8
76,15623944,Fraud Alert,Low,3.5
77,15804771,Login Issue,Low,1.6
78,15651280,App Bug,Medium,Unknown
79,15651280,Login Issue,Low,1.8
80,15773469,Billing,High,24.3
81,15773469,Fraud Alert,Medium,5.6
82,15773469,Loan Query,High,33.4
83,15702014,Card Problem,Medium,9.4
84,15751208,Login Issue,Medium,6.3
85,15592461,NULL,Low,1.1
86,15592461,App Bug,Medium,6.6
87,15592461,Loan Query,Low,2.9
88,15789484,Card Problem,Low,1.8
89,15789484,App Bug,Medium,9.8
90,15696061,Card Problem,Medium,4.3
91,15696061,App Bug,Medium,4.6
92,15696061,Billing,Low,1.2
93,15696061,Login Issue,Medium,4.5
94,15755648,App Bug,Medium,9.3
95,15703793,App Bug,Medium,14.5
96,15703793,Loan Query,Medium,10.7
97,15703793,Fraud Alert,Medium,6.5
98,15780961,Login Issue,Medium,7.8
99,15780961,Loan Query,High,31.4
100,15780961,Login Issue,Low,1.9
101,15614049,Login Issue,Medium,4.4
102,15662085,App Bug,Medium,10.9
103,15575185,Login Issue,Medium,11.6
104,15575185,Card Problem,Low,2.2
105,15803136,Billing,Medium,8.6
106,15803136,App Bug,Medium,8.4
107,15706021,Card Problem,High,27.6
108,15663706,Login Issue,Low,1.4
109,15701164,App Bug,Low,2.3
110,15738751,Billing,Low,2.6
111,15738751,Login Issue,Medium,9.5
112,15805254,App Bug,High,29.6
113,15762418,Card Problem,Medium,10.8
114,15762418,Login Issue,Critical,63.6
115,15762418,Fraud Alert,Low,3.3
116,15762418,App Bug,Medium,7.8
117,15625759,Billing,Low,1.8
118,15625759,Fraud Alert,Medium,10.6
119,15622897,App Bug,Low,1.2
120,15767954,Fraud Alert,Low,1.6
121,15767954,Login Issue,Medium,7.9
122,15767954,Card Problem,Medium,7.6
123,15757535,App Bug,Medium,7.4
124,15757535,App Bug,High,49.9
125,72231211,Fraud Alert,Critical,117.5
126,15731511,Card Problem,Medium,-1.0
127,15809248,Login Issue,Critical,57.0
128,15809248,Fraud Alert,  Medium  ,4.8
129,15640635,,Low,2.6
130,15640635,Fraud Alert,Low,2.0
131,15676966,loan query,Low,1.7
132,15676966,App Bug,Low,2.8
133,15676966,Card Problem,High,21.0
134,15676966,Card Problem,High,25.4
135,15693683,Fraud Alert,Low,1.8
136,15743192,Fraud Alert,Medium,8.7
137,15580146,Billing,Medium,4.7
138,15804919,App Bug,Low,4.9
139,15804919,App Bug,Low,1.2
140,15804919,Card Problem,Critical,
141,15804919,Billing,Medium,5.2
142,15613854,Fraud Alert,Low,5.0
143,15599195,Loan Query,High,N/A
144,43198004,Loan Query,Low,1.8
145,15812878,Loan Query,Low,1.3
146,15812878,Login Issue,Medium,6.8
147,15812878,Loan Query,Low,1.7
148,15602312,Billing,Medium,8.3
149,15602312,App Bug,Medium,8.8
150,15602312,Fraud Alert,Low,1.2
151,15602312,Billing,Critical,58.8
152,15744689,App Bug,Critical,107.1
153,15744689,Fraud Alert,Low,2.6
154,15803526,App Bug,Critical,31.2
155,15803526,Card Problem,Medium,7.1
156,15665790,Card Problem,High,23.2
157,15665790,Fraud Alert,Low,1.0
158,15715951,Card Problem,Medium,10.0
159,15715951,App Bug,Medium,10.2
160,15591100,Billing,Low,1.5
161,15591100,App Bug,Low,2.9
162,15609618,Login Issue,High,48.3
163,15675522,Login Issue,Low,2.3
164,15705512,Billing,High,19.4
165,15698028,Billing,Medium,11.0
166,15661670,App Bug,Medium,10.7
167,15661670,Card Problem,Medium,15.3
168,15600781,Login Issue,Medium,11.8
169,15600781,Card Problem,  Medium  ,7.1
170,15600781,Billing,Low,2.5
171,15682472,  Login Issue  ,High,21.5
172,15580203,Billing,Critical,31.1
173,15580203,App Bug,Medium,6.1
174,15580203,App Bug,Critical,47.6
175,15760085,Card Problem,Low,2.1
176,15627360,Card Problem,Low,2.4
177,15627360,Login Issue,High,36.7
178,15627360,App Bug,Medium,7.6
179,15671137,App Bug,Low,1.7
180,15782688,Fraud Alert,Medium,9.7
181,15782688,App Bug,Low,3.0
182,15740404,Card Problem,Medium,8.1
183,41689952,Billing,Low,1.6
184,15718369,Loan Query,Low,2.2
185,15718369,Fraud Alert,Low,1.7
186,15642004,Login Issue,Medium,9.8
187,15642004,Card Problem,Low,1.5
188,15712543,App Bug,Medium,8.3
189,15712543,Card Problem,High,20.5
190,15712543,App Bug,Low,1.5
191,15802381,Fraud Alert,High,14.1
192,15594408,Card Problem,Medium,14.9
193,15594408,Loan Query,Medium,11.7
194,15594408,Billing,Medium,13.4
195,15594408,App Bug,Medium,10.1
196,15640905,Card Problem,Medium,13.1
197,15640905,  Billing  ,Critical,82.2
198,15628145,Fraud Alert,Medium,10.8
199,15713483,Card Problem,Low,4.6
200,15612350,Fraud Alert,Medium,19.7
201,15612350,Loan Query,Low,4.9
202,15705707,Fraud Alert,Medium,9.8
203,15705707,Login Issue,High,25.4
204,15705707,Fraud Alert,Low,2.5
205,15705707,Loan Query,Critical,58.1
206,15754105,Login Issue,Low,1.2
207,15703264,Loan Query,Low,2.0
208,15703264,Fraud Alert,Low,2.2
209,15811589,Billing,Low,2.6
210,15811589,Billing,Low,1.0
211,15811589,Card Problem,Medium,7.8
212,15811589,Fraud Alert,Low,2.9
213,15689044,Card Problem,Medium,11.5
214,15689044,Card Problem,Critical,32.7
215,15709368,App Bug,Medium,4.4
216,15709368,Fraud Alert,Low,2.6
217,15709368,App Bug,High,31.8
218,15679145,Loan Query,Medium,12.4
219,15679145,Login Issue,Low,3.4
220,15679145,Fraud Alert,High,33.1
221,15655007,Billing,,8.3
222,15655007,Login Issue,Low,2.8
223,15655007,Card Problem,Medium,11.3
224,15623595,Card Problem,Medium,6.7
225,15692132,Card Problem,Medium,8.3
226,15692132,Billing,High,15.6
227,15641122,Loan Query,  High  ,15.4
228,15641122,Card Problem,Medium,10.1
229,15630910,Loan Query,Low,2.1
230,15630910,App Bug,Medium,8.8
231,15680772,App Bug,Medium,7.3
232,15658929,Loan Query,Medium,15.1
233,15658929,Loan Query,Medium,13.6
234,15658929,Fraud Alert,Low,4.6
235,15724623,Login Issue,Low,3.5
236,15724623,Billing,Medium,12.1
237,15574692,Loan Query,Medium,5.6
238,15574692,Login Issue,High,13.1
239,15574692,Billing,High,30.0
240,15611325,Fraud Alert,Medium,11.5
241,15587562,Login Issue,Low,1.5
242,15587562,Billing,High,15.0
243,15587562,Card Problem,Low,1.6
244,15613172,Billing,Low,1.1
245,15651022,Card Problem,High,41.0
246,15586310,Login Issue,Medium,11.4
247,15625524,Card Problem,Medium,11.3
248,15645248,Loan Query,Low,2.2
249,15645248,Billing,Medium,11.3
250,15645248,Login Issue,High,18.7
251,15762615,Billing,Low,2.9
252,15762615,App Bug,Medium,10.9
253,15625426,Fraud Alert,Low,2.2
254,15716334,Fraud Alert,Low,2.8
255,15716334,Fraud Alert,Low,1.1
256,15789669,Card Problem,Medium,6.4
257,15789669,Loan Query,Medium,8.2
258,15621075,Loan Query,Medium,10.1
259,15719377,Login Issue,Critical,59.8
260,15719377,Billing,High,37.3
261,15719377,Login Issue,Low,1.6
262,15719377,Billing,High,31.6
263,15708710,App Bug,Low,1.2
264,15708710,Login Issue,Low,2.3
265,15726676,Fraud Alert,Critical,53.0
266,15726676,App Bug,High,21.5
267,15726931,Login Issue,Low,1.3
268,15726931,Card Problem,Low,1.8
269,39853820,Billing,Medium,9.6
270,15756850,Login Issue,High,20.2
271,15756850,Loan Query,High,20.7
272,15702741,Billing,Low,2.5
273,15702741,Loan Query,Medium,6.4
274,15679200,Fraud Alert,High,14.7
275,15679200,Billing,Medium,11.2
276,15679200,Billing,Medium,2500.0
277,15679200,Billing,Medium,9.1
278,15635905,App Bug,Critical,49.2
279,15635905,,Medium,9.5
280,15777892,Fraud Alert,Low,2.2
281,15777892,Fraud Alert,Low,1.8
282,15777892,Login Issue,High,17.0
283,15622911,App Bug,Low,2.3
284,15622911,Login Issue,Low,2.8
285,15600974,Login Issue,High,32.3
286,15600974,Card Problem,Low,4.0
287,15627801,Card Problem,Low,2.7
288,15627801,Card Problem,Low,2.4
289,15773039,Fraud Alert,Low,2.9
290,15773039,loan query,Medium,5.7
291,15773039,Loan Query,Medium,5.3
292,15679531,Login Issue,Medium,6.7
293,15684181,Billing,Low,2.4
294,15684181,Login Issue,Medium,15.0
295,15612087,Loan Query,Low,1.2
296,15752047,Card Problem,Low,2.2
297,15752047,Billing,Low,2.6
298,15573152,Fraud Alert,Medium,5.5
299,15573152,App Bug,Critical,60.4
300,15573152,Fraud Alert,High,29.4
301,15573152,Loan Query,Critical,67.4
302,15785542,Login Issue,Critical,25.9
303,15785542,Login Issue,Medium,12.0
304,15785542,Fraud Alert,Medium,11.3
305,15785542,Card Problem,Low,2.5
306,15723488,Login Issue,Critical,114.6
307,15723488,Card Problem,Medium,4.9
308,15723488,Billing,low,4.3
309,15723488,Loan Query,Medium,9999.0
310,15659366,Loan Query,Low,3.9
311,15659366,Loan Query,Medium,16.9
312,15659366,Login Issue,High,27.3
313,15774854,Login Issue,Medium,18.0
314,15774854,Fraud Alert,Low,4.5
315,15727829,Fraud Alert,Critical,27.4
316,15733247,App Bug,High,31.3
317,15733247,Loan Query,Medium,13.3
318,15568748,Loan Query,High,32.1
319,15568748,Card Problem,Medium,7.8
320,15568748,Login Issue,Medium,8.8
321,15568748,Billing,Low,-5.0
322,15774393,Billing,Low,1.2
323,15774393,Login Issue,Medium,5.7
ticket_324,15774393,Loan Query,High,18.2
325,15676895,Card Problem,High,57.3
326,15676895,Loan Query,High,59.5
327,15605461,NULL,High,17.5
328,15808473,Login Issue,Low,1.4
329,15787174,Fraud Alert,High,31.2
330,15787174,Card Problem,Critical,66.4
331,15787174,CARD PROBLEM,Medium,8.2
332,15787174,Fraud Alert,Low,2.5
333,15723886,App Bug,High,23.1
334,15723886,Billing,Low,2.1
335,15723886,Card Problem,High,32.6
336,15723886,Loan Query,High,18.4
337,15704769,Login Issue,Low,2.7
338,15772896,Card Problem,Medium,12.8
ticket_339,15772896,Fraud Alert,Low,2.0
340,15772896,Login Issue,Low,3.9
341,15711540,Loan Query,Critical,29.3
342,15794056,App Bug,Medium,11.7
343,15794056,Login Issue,High,39.4
344,15794056,Billing,Medium,17.8
345,15794056,Loan Query,High,50.3
346,15795149,Card Problem,High,29.0
347,15795149,Loan Query,Low,2.9
348,15795149,App Bug,Medium,10.0
349,15812009,Login Issue,High,12.7
350,15812009,Fraud Alert,Low,1.7
351,15812009,Login Issue,High,12.0
352,15651001,App Bug,Medium,4.1
353,15651001,Billing,Medium,Unknown
354,15596175,Fraud Alert,Low,4.3
355,15596175,,Low,1.1
356,15576269,Fraud Alert,Low,2.3
357,15576269,Loan Query,High,30.9
358,15576269,Card Problem,Medium,4.5
359,15576269,Billing,Low,2.5
360,15797219,Card Problem,Low,3.5
361,15797219,App Bug,High,59.5
362,15685500,Loan Query,Medium,8.8
363,15772423,Login Issue,Medium,2500.0
364,15772423,Login Issue,Low,1.6
365,15628112,App Bug,Medium,7.6
366,15628112,Login Issue,Medium,5.8
367,15628112,Card Problem,High,17.5
368,15628112,Loan Query,Low,2.9
369,15793726,Loan Query,High,32.6
370,15793726,Card Problem,Low,1.5
371,15765297,Billing,Medium,5.6
372,15765297,Loan Query,Medium,6.9
373,15636684,Billing,Critical,32.9
374,15607178,App Bug,Medium,4.1
375,15686776,Billing,Medium,10.4
376,15686776,Fraud Alert,Low,2.2
377,15686776,Fraud Alert,Medium,7.4
378,15813163,Card Problem,Low,2.2
379,15813163,App Bug,Critical,31.2
380,15777076,Card Problem,Medium,8.8
381,15717398,Card Problem,High,49.4
382,15717398,Billing,Medium,5.7
383,15717398,Fraud Alert,Low,3.3
384,15799217,Login Issue,Medium,8.5
ticket_385,15619955,Billing,Low,2.4
386,15619955,Login Issue,High,29.2
387,15796505,Login Issue,Low,2.4
388,15796505,Card Problem,Low,2.3
389,15796505,Billing,Low,2.8
390,15796505,Billing,Critical,26.5
391,15725166,Fraud Alert,High,29.1
392,15725166,Card Problem,High,26.7
393,15800116,Login Issue,Medium,10.5
394,15800116,Loan Query,Medium,4.3
395,15800116,Fraud Alert,Medium,4.7
396,15758685,Card Problem,Medium,7.8
397,15694456,App Bug,Critical,56.3
398,15767339,Login Issue,Medium,8.0
399,15767339,App Bug,Low,2.3
400,15683562,Login Issue,Critical,unknown
401,15683562,Fraud Alert,Medium,5.8
402,15683562,Loan Query,Low,1.5
403,15683562,Login Issue,Low,2.9
404,15782210,Loan Query,Medium,9.5
405,15782210,Login Issue,High,36.2
406,15782210,Loan Query,High,39.8
407,15669169,Loan Query,Medium,8.8
408,15643024,Fraud Alert,Low,3.4
409,15643024,Login Issue,Low,2.5
410,15699389,Loan Query,Medium,5.1
411,15708608,Fraud Alert,Low,1.5
412,15708608,Fraud Alert,Medium,7.3
413,15708608,Loan Query,Medium,6.0
414,15626144,Loan Query,Medium,8.6
415,15573112,Billing,Low,1.8
416,15790678,Billing,High,12.2
417,15727556,Card Problem,Low,2.9
418,15727556,Login Issue,High,22.6
419,15697307,App Bug,Medium,5.2
420,15607098,Loan Query,Medium,5.3
421,15655774,Loan Query,MEDIUM,6.9
422,15590241,Loan Query,High,50.7
423,15590241,  Card Problem  ,High,38.8
424,15684173,CARD PROBLEM,Critical,27.8
425,15684173,App Bug,Medium,-5.0
426,15811490,Login Issue,Medium,7.2
427,15803976,Login Issue,Low,2.9
428,15803976,Card Problem,Critical,51.8
429,15803976,Loan Query,Medium,9999.0
430,15803976,Loan Query,Low,1.3
431,15682541,Login Issue,Low,2.3
432,15682541,App Bug,Low,2.5
433,15695699,Login Issue,High,16.3
434,15624188,Fraud Alert,Critical,42.0
435,15624188,Billing,Medium,8.9
436,15636673,Card Problem,Medium,9.4
437,15636673,App Bug,Critical,63.7
438,15636673,Login Issue,Medium,6.8
439,15594898,Billing,Low,4.9
440,15594898,App Bug,Critical,96.2
441,15594898,Loan Query,Medium,15.8
ticket_442,15594898,Loan Query,Medium,16.2
443,15660211,Billing,High,30.3
444,15660211,Billing,Low,2.7
445,15773972,Billing,Medium,4.1
446,15746726,Loan Query,Low,2.4
447,15712287,Card Problem,Medium,8.4
448,15797960,Fraud Alert,Medium,-5.0
449,15631868,Login Issue,Medium,11.6
450,15581539,Loan Query,Low,1.7
451,15662736,Loan Query,Medium,7.9
452,15666252,Login Issue,High,31.5
453,15677512,Card Problem,Medium,10.6
454,15677512,Loan Query,Low,2.3
455,15626114,Loan Query,Medium,7.0
456,15626114,Login Issue,Critical,
457,15626114,App Bug,Low,2.2
458,15626114,Loan Query,Low,1.6
459,15810834,Login Issue,Low,2.2
460,15678910,Fraud Alert,Critical,63.5
461,15694408,App Bug,Medium,6.9
462,15736601,Loan Query,Low,2.8
463,15736601,Billing,Medium,10.4
464,15601848,App Bug,Medium,4.9
465,15736008,Billing,High,54.4
466,15736008,Login Issue,High,43.0
467,15736008,Billing,Low,4.6
468,15624528,Loan Query,Low,2.6
469,15624528,Card Problem,Medium,10.5
470,15598493,Billing,Medium,8.7
471,15601274,Billing,High,17.2
ticket_472,15601274,Card Problem,Low,1.6
473,15702669,Fraud Alert,Medium,999.0
474,15728669,  Card Problem  ,Low,1.6
475,15728669,Login Issue,Medium,14.8
476,15728669,Billing,Medium,15.5
477,15697441,Fraud Alert,High,41.0
478,15697441,Fraud Alert,Medium,8.4
479,15648064,Billing,Medium,7.2
480,15636624,Billing,Low,1.3
481,15807923,App Bug,Medium,999.0
482,15807923,Card Problem,Low,3.4
483,15807923,Card Problem,Medium,9.2
484,15745844,Fraud Alert,Low,2.5
485,15786170,  Fraud Alert  ,Medium,7.7
486,15681081,Billing,Critical,32.4
487,15785869,Loan Query,Medium,10.6
488,15658935,App Bug,High,34.3
489,15658935,Fraud Alert,Low,2.9
490,15747358,Billing,High,25.0
491,15747358,Fraud Alert,Medium,4.7
492,15747358,Billing,Low,2.5
493,15747358,Loan Query,Medium,8.1
494,15735203,Login Issue,Low,1.6
495,15735203,Login Issue,Low,1.8
496,15576256,Loan Query,Medium,6.4
497,15576256,Login Issue,Low,2.9
498,15576256,Card Problem,Medium,11.4
499,15659420,Loan Query,Medium,7.1
500,15593365,Card Problem,Low,2.6
501,15593365,Fraud Alert,Medium,8.3
502,15593365,Loan Query,High,31.0
503,15777352,Card Problem,Low,1.0
504,15777352,Loan Query,Medium,6.8
505,15812007,App Bug,Critical,51.6
506,15625461,Fraud Alert,High,23.7
507,15625461,Loan Query,High,31.9
508,15625461,Billing,Medium,7.2
509,15739438,Loan Query,Low,2.0
510,15739438,Loan Query,Low,2.9
511,15611759,Fraud Alert,Low,2.2
512,15611759,Fraud Alert,High,18.7
513,15592386,App Bug,low,1.8
514,15803716,Card Problem,Medium,4.5
515,15803716,Billing,High,26.9
516,15696674,Loan Query,Low,1.3
517,82686843,Loan Query,Low,1.4
518,15706365,App Bug,Medium,5.8
519,15745088,Loan Query,Low,2.2
520,15676715,Fraud Alert,Medium,10.3
521,15676715,Card Problem,Medium,6.8
522,15613085,Fraud Alert,High,29.6
523,15633537,App Bug,Low,1.3
524,15633537,Login Issue,Low,1.5
525,15633537,App Bug,Medium,5.5
526,15633537,Login Issue,Low,1.0
527,15594720,Loan Query,Low,1.1
528,15684042,App Bug,Low,2.3
529,15583303,  Loan Query  ,Low,2.0
530,15583303,Login Issue,High,17.8
531,15611579,Fraud Alert,Low,1.8
532,15774696,Billing,Critical,30.4
533,15694506,App Bug,Critical,62.8
534,15694506,Loan Query,Low,2.9
535,15688074,Card Problem,High,23.9
536,15688074,Billing,Medium,5.8
537,15758449,Billing,Low,2.5
538,15583456,Card Problem,Low,1.2
539,15583456,Card Problem,Medium,16.8
540,15677371,Fraud Alert,Medium,6.8
541,15677371,Card Problem,Critical,70.6
542,15677371,Card Problem,Medium,5.5
543,15677371,Fraud Alert,Medium,8.4
544,15629677,Loan Query,low,1.1
545,15629677,Billing,High,49.6
546,15629677,Card Problem,Critical,88.1
547,15591509,Login Issue,High,27.5
548,15568240,Loan Query,High,19.7
549,15689294,Loan Query,Medium,8.7
550,15689294,Billing,Low,1.1
551,15689294,Billing,high,17.4
552,15689294,Login Issue,,2.1
553,15720910,App Bug,Critical,35.6
554,15721181,App Bug,Medium,4.1
555,15721181,Billing,Low,2.6
556,15748936,Fraud Alert,Medium,5.8
557,15717225,Loan Query,Medium,10.2
558,15717225,Fraud Alert,Low,1.6
559,15685226,Login Issue,Critical,2500.0
560,15685226,Loan Query,Low,2.4
561,15685226,Card Problem,High,17.1
562,15685226,Fraud Alert,Low,1.7
563,15785611,Fraud Alert,Medium,8.1
564,15573456,Billing,Medium,18.0
565,15573456,Login Issue,High,19.7
566,15684548,Card Problem,High,47.6
567,15684548,Login Issue,Critical,33.5
568,15620505,Fraud Alert,Low,2.5
569,15620505,Billing,Medium,5.5
570,15807432,Login Issue,Medium,8.2
571,15584766,Fraud Alert,Low,2.5
572,15584766,Loan Query,Medium,10.1
573,15646372,Loan Query,High,59.8
574,15646372,Login Issue,Low,3.6
575,15690452,App Bug,Medium,7.1
576,15690452,Login Issue,Low,1.4
577,15690452,Billing,Medium,6.8
578,15747795,App Bug,Medium,11.0
579,15781589,Loan Query,Low,2.2
580,15732674,Login Issue,Medium,9.4
581,15642291,Fraud Alert,Low,1.6
582,15578045,App Bug,Medium,19.7
583,15578045,App Bug,High,
584,15578045,Billing,Low,2.3
585,15691625,Loan Query,Medium,12.0
586,15686302,Fraud Alert,Medium,5.4
587,15801559,Login Issue,Medium,15.8
588,15801559,App Bug,,7.0
589,15801559,Card Problem,Critical,39.9
590,15801559,App Bug,Low,4.3
591,15810432,Card Problem,high,30.8
592,15810432,Card Problem,Low,1.9
593,15809616,App Bug,Medium,7.8
594,15720559,Loan Query,Medium,-1.0
595,15720559,Card Problem,Low,4.6
ticket_596,15695632,Fraud Alert,Medium,10.1
597,15810418,App Bug,High,34.7
598,15810418,Fraud Alert,Low,1.2
599,15674551,Login Issue,Low,4.1
600,15566111,Loan Query,Medium,10.2
601,15566111,Card Problem,Low,2.7
602,15652883,Billing,Low,2.1
603,15652883,Login Issue,High,14.1
604,15652883,App Bug,Medium,8.4
605,15576313,Login Issue,Low,2.5
606,15806467,App Bug,Low,3.9
607,15806467,Billing,Medium,one hour
608,15806467,App Bug,Critical,116.9
609,15806467,Loan Query,Low,1.6
610,15597602,billing,Low,3.7
611,15597602,Login Issue,Medium,5.8
612,15743040,Billing,Medium,10.3
613,15705521,Billing,Low,1.9
614,15595039,Billing,Low,3.7
615,15595039,Card Problem,Medium,11.4
616,15799384,Fraud Alert,Medium,4.5
617,15799384,Card Problem,High,23.0
618,15581197,Loan Query,N/A,1.5
619,15581197,Loan Query,Medium,10.1
620,15693737,Fraud Alert,Low,2.8
621,15690134,Billing,Medium,10.0
622,15690134,Fraud Alert,Low,1.1
623,15690134,Login Issue,Low,1.6
624,15782735,Billing,Low,2.3
625,15611088,Card Problem,Low,1.9
626,15732628,Loan Query,Low,2.6
627,15787470,Fraud Alert,Low,3.6
628,15803406,Loan Query,Low,2.4
629,15644572,Card Problem,Low,2.8
630,15694860,App Bug,Low,1.8
631,15694860,App Bug,Medium,17.1
632,15694860,Fraud Alert,Medium,Unknown
633,15694860,Card Problem,High,17.6
634,15658169,App Bug,Critical,44.1
635,15794396,Fraud Alert,Medium,5.3
636,15794396,Card Problem,Critical,55.5
637,15785798,Loan Query,Low,1.1
638,15785798,App Bug,High,13.9
639,15710825,Fraud Alert,Low,1.6
640,15710825,Loan Query,Medium,9.7
641,15710825,Loan Query,Critical,67.3
642,15710825,Login Issue,Medium,6.9
643,15668444,App Bug,High,24.6
644,15668444,Billing,Low,1.2
645,15634632,Fraud Alert,Medium,9.2
646,15707362,Card Problem,High,52.5
ticket_647,15707362,Login Issue,Medium,6.0
648,15707362,Loan Query,Low,3.7
649,15662976,Billing,Low,2.3
650,15662976,Card Problem,High,
651,15732778,App Bug,Medium,6.4
652,15732778,Fraud Alert,Low,1.6
653,15718443,Billing,High,17.6
654,15718443,Login Issue,High,28.0
655,15670039,Card Problem,High,12.0
656,15670039,Fraud Alert,Low,1.9
657,15773792,Card Problem,Low,1.5
658,15613786,Billing,Low,1.8
659,15613786,Fraud Alert,Medium,4.2
660,15613786,Card Problem,Low,2.7
661,15613786,Card Problem,Critical,63.6
662,15726032,Billing,Low,2.9
663,15726032,Loan Query,Low,2.7
ticket_664,15663252,App Bug,Medium,5.7
665,15593782,Billing,Low,2.0
666,15593782,Card Problem,Medium,8.8
667,15759298,Loan Query,Medium,-5.0
668,15759298,Fraud Alert,High,28.0
669,15683625,App Bug,Critical,84.1
670,15683625,Loan Query,High,25.7
671,15635367,App Bug,Critical,65.1
672,15603156,App Bug,Medium,4.9
673,15603156,Card Problem,Medium,4.3
674,15591986,app bug,High,39.4
675,15591986,Fraud Alert,Medium,5.3
676,15591986,Billing,Medium,16.4
677,15797736,Card Problem,Medium,10.3
ticket_678,15797736,Loan Query,Low,2.0
679,15797736,Card Problem,Low,2.6
680,15695585,Billing,Critical,52.8
681,15695585,Fraud Alert,Medium,9.1
682,15744398,Fraud Alert,Low,1.1
683,15744398,Loan Query,Low,1.3
684,15744398,App Bug,Medium,7.6
685,15750658,App Bug,Low,2.2
686,15578186,Billing,Medium,8.3
687,15613772,Billing,Low,4.2
688,15807709,App Bug,Low,1.6
689,15699005,Billing,Medium,11.0
690,15699005,Fraud Alert,Low,2.4
691,15624170,Billing,Low,1.5
692,15624170,App Bug,Low,2.5
693,15624170,Billing,Medium,8.9
694,15624170,Login Issue,High,34.9
695,15725679,Fraud Alert,High,12.1
696,15725679,Loan Query,Low,1.2
697,15725679,Fraud Alert,Medium,5.8
698,15585865,Loan Query,Medium,5.5
699,19515362,Loan Query,Medium,18.4
700,15585865,Login Issue,Low,2.4
701,15804256,Card Problem,Medium,6.9
702,54098765,Card Problem,Medium,8.0
703,15662403,Loan Query,Medium,11.0
704,15662403,App Bug,Medium,9.9
705,15662403,Login Issue,Low,2.1
706,15591995,App Bug,Low,2.0
707,15677020,Billing,High,50.8
708,15677020,Loan Query,Medium,14.4
709,15727688,App Bug,High,21.7
710,15714485,Login Issue,High,33.4
711,15714485,Loan Query,Low,2.8
712,15730059,Login Issue,Medium,6.6
713,15730059,Loan Query,Low,1.1
714,15730059,Loan Query,Medium,7.0
715,15715527,Billing,Low,2.8
716,15576623,Login Issue,Low,2.0
717,15576623,Card Problem,Medium,6.7
718,15576623,Fraud Alert,Medium,6.5
719,15805565,Loan Query,Medium,10.7
720,15805565,Billing,Medium,4.8
721,15773890,Card Problem,Low,2.0
722,15782236,Fraud Alert,Medium,7.2
723,29906556,Fraud Alert,High,23.0
724,15782236,App Bug,Low,2.7
725,15593601,Loan Query,Low,2.8
726,15593601,App Bug,Critical,50.2
727,15593601,Loan Query,Low,2.9
728,15593601,Fraud Alert,Low,2.9
729,15682048,Login Issue,Low,3.2
730,15682048,Card Problem,Low,2.0
731,15746902,Login Issue,High,29.0
732,15775912,Card Problem,Critical,77.5
733,15671256,Login Issue,Critical,38.5
734,15671256,Billing,Medium,10.4
735,15653547,Login Issue,Low,1.7
736,15653547,Loan Query,Medium,9.8
ticket_737,15595766,Card Problem,Medium,11.3
738,15595766,App Bug,High,29.3
739,15595766,Fraud Alert,Medium,4.3
740,15742358,Loan Query,Low,2.6
741,15742358,Fraud Alert,Medium,4.3
742,15786063,Fraud Alert,Critical,47.2
743,15600258,Billing,Low,1.6
744,15573318,Billing,Medium,8.8
745,15653849,Card Problem,Medium,18.3
746,15653849,Loan Query,Medium,17.2
747,15694272,Loan Query,Medium,12.0
748,15694272,Billing,Low,2500.0
749,15736112,Card Problem,Low,2.8
750,15736112,App Bug,Low,2.9
751,15736112,Fraud Alert,High,12.5
752,15749851,Login Issue,Medium,9.5
753,15749851,Loan Query,Medium,9.2
754,15663478,Billing,Low,1.4
755,15663478,Login Issue,High,35.8
756,15592300,Card Problem,High,19.1
757,15592300,Billing,Medium,10.7
758,15592846,Billing,High,31.4
759,15592846,Billing,High,26.7
760,15592846,Loan Query,MEDIUM,6.2
761,15739803,Card Problem,Low,1.7
762,15794142,App Bug,Medium,15.2
763,15794142,Login Issue,Critical,74.2
764,15794142,Login Issue,Low,3.0
765,15762729,Login Issue,Medium,6.3
766,15667896,Card Problem,Low,1.5
767,15626578,Card Problem,High,21.7
768,15626578,Billing,Low,2.2
769,15776223,Card Problem,Low,1.1
770,15705953,Billing,Medium,6.0
771,15705953,Login Issue,Medium,17.9
772,15802593,Login Issue,Medium,5.1
773,15802593,Loan Query,Low,3.9
ticket_774,15720187,Login Issue,Low,2.8
775,15595440,Login Issue,Low,2.8
776,15600651,Billing,Low,1.8
777,15600651,Login Issue,Low,2.0
778,15750141,Login Issue,Medium,11.2
779,15750141,Loan Query,Medium,6.7
780,15657284,Billing,Low,1.4
781,15657284,Login Issue,Low,3.3
782,15657284,Card Problem,Low,4.2
783,15763063,Loan Query,High,21.1
784,15709324,App Bug,Low,1.1
785,15709324,Login Issue,Low,2.3
786,15775318,Loan Query,High,20.8
787,15634844,Loan Query,Critical,49.8
788,15634844,Login Issue,high,42.9
789,15634844,Loan Query,Low,3.0
790,15717046,Fraud Alert,Medium,4.9
791,15717046,Billing,High,12.1
792,15717046,Loan Query,Low,2.1
793,15571816,Card Problem,Low,2.3
794,15571816,Loan Query,Medium,9.2
795,15571816,Login Issue,Medium,8.9
796,15670080,Card Problem,Critical,30.0
797,15665678,Fraud Alert,Low,2.4
798,15665956,App Bug,Low,1.2
799,15665956,Login Issue,Low,1.4
800,15788126,App Bug,Low,2.4
801,15811773,Loan Query,Low,1.0
802,15651674,Fraud Alert,Low,3.9
803,15651674,App Bug,Medium,13.5
804,15651674,Loan Query,Medium,19.4
805,15651674,Loan Query,Low,4.0
806,15728505,Fraud Alert,Medium,4.6
807,15728505,App Bug,Low,1.4
808,15728505,Loan Query,Low,2.5
809,15730076,App Bug,Medium,13.1
810,15730076,Card Problem,Medium,19.6
811,15730076,Billing,Low,4.6
812,15622003,Card Problem,Low,1.4
813,15607312,Login Issue,Low,1.9
814,15607312,Loan Query,Medium,11.6
815,15644753,Billing,Low,2.9
816,15761986,Loan Query,Medium,9.2
817,15633922,Login Issue,Low,2.5
818,15633922,Card Problem,High,32.3
819,15734674,Loan Query,Low,2.6
820,66771348,Billing,Medium,6.1
821,15692671,Billing,Low,2.4
822,15692671,Login Issue,High,29.0
823,15692671,Loan Query,Medium,11.4
824,15737741,Login Issue,Medium,6.1
825,15737741,App Bug,Low,4.0
826,15737741,Fraud Alert,Critical,116.4
827,15753719,App Bug,Medium,8.4
828,15753719,Fraud Alert,Medium,8.5
829,15803689,Billing,Low,1.2
830,15803689,Login Issue,Low,5.0
831,15718057,Loan Query,Low,4.8
832,15718057,Card Problem,Critical,119.5
833,15718057,Card Problem,Critical,78.7
834,15718057,Fraud Alert,Medium,18.7
835,15722010,Card Problem,Critical,42.3
836,15722010,Billing,Medium,9.7
837,15722010,Login Issue,Critical,74.1
838,15680998,Fraud Alert,Low,2.7
839,15680998,Billing,Medium,6.0
840,15680998,Loan Query,Medium,10.3
841,15680998,Fraud Alert,Medium,10.2
842,15614782,Loan Query,High,30.8
843,15591047,Login Issue,Low,3.5
844,15591047,Card Problem,Low,4.4
845,15591047,App Bug,Low,2.0
846,15591047,Login Issue,Medium,14.6
847,15788291,Login Issue,Low,5.0
848,15788291,App Bug,Critical,28.3
849,15788291,Loan Query,Medium,14.2
850,15788291,Billing,High,56.1
851,15604044,App Bug,Low,2.2
852,15775153,Login Issue,Low,2.3
853,15603925,Login Issue,High,35.4
854,15603925,App Bug,High,30.0
855,15603925,Login Issue,Low,1.4
856,15680970,Card Problem,Low,1.9
857,15680970,Loan Query,Medium,7.4
858,15697183,Login Issue,Low,1.7
859,15697183,Loan Query,High,22.1
860,15567446,App Bug,High,25.1
861,15567446,Card Problem,Medium,5.5
862,15637476,Card Problem,Low,3.5
863,15637476,App Bug,Low,4.8
864,15714939,App Bug,Low,2.7
865,15683503,Loan Query,High,28.9
866,15683503,App Bug,Low,4.5
867,15683503,App Bug,Low,2.7
868,15645569,App Bug,Medium,8.3
869,15782569,Login Issue,Medium,4.4
870,15592387,Loan Query,Low,1.0
871,15661249,Loan Query,Critical,34.8
872,15661249,Login Issue,Medium,10.8
873,15586585,Fraud Alert,High,16.4
874,15586585,Loan Query,Low,3.0
875,15686611,App Bug,High,21.4
876,15686611,Login Issue,Low,1.8
877,15686611,Fraud Alert,Medium,5.3
878,15686611,Login Issue,  Medium  ,11.6
879,15603203,Billing,Low,2.9
880,15805062,Card Problem,High,29.0
881,15660271,Card Problem,Critical,63.7
882,15745295,App Bug,Low,1.5
883,15745295,Card Problem,High,25.2
884,15745295,Fraud Alert,Low,1.6
885,15766575,Loan Query,High,45.7
886,15766575,Billing,Medium,11.0
887,15766575,Loan Query,Low,2.9
888,15766575,Login Issue,High,47.3
ticket_889,15646161,Billing,Low,2.6
890,15646161,Loan Query,Critical,45.0
891,15682585,Billing,  Medium  ,9.6
892,15603134,Card Problem,Low,2.0
893,15603134,Fraud Alert,Medium,4.9
894,15603134,Card Problem,Medium,7.2
895,15603134,Loan Query,High,31.4
896,15636444,Billing,Low,2.6
897,15773456,Card Problem,Low,Unknown
898,15773456,Card Problem,High,35.6
899,15604119,Fraud Alert,Low,2.1
900,15604119,Loan Query,Low,1.4
901,15626900,Fraud Alert,Low,2.5
902,15605447,Login Issue,Low,1.7
903,15589030,Login Issue,Medium,6.7
904,15712403,Fraud Alert,Critical,99.3
905,15712403,App Bug,High,49.7
906,15811762,Login Issue,Low,2.1
907,15718673,Login Issue,Low,1.9
908,15718673,App Bug,Low,2.9
909,15718673,Login Issue,Critical,50.7
910,15724282,Loan Query,Medium,6.8
911,15724282,Login Issue,Low,2.2
912,15738181,Login Issue,Low,2.1
913,15738181,Card Problem,Medium,6.3
914,15603323,Loan Query,Low,1.2
915,15603323,Login Issue,Medium,4.7
916,15603323,Card Problem,Low,1.0
917,15603323,Billing,Low,2.1
918,15583725,Loan Query,Medium,6.5
919,15583725,Loan Query,Low,1.0
920,15588350,Card Problem,Low,1.3
921,15588350,Card Problem,Medium,11.1
922,15588350,,High,27.0
923,15798398,Loan Query,Medium,4.1
924,15798398,Card Problem,Critical,50.0
925,15784844,Login Issue,Low,4.4
926,15784844,Fraud Alert,Medium,7.4
927,15784844,Fraud Alert,Low,1.0
928,15784844,App Bug,Low,4.6
929,15580684,App Bug,Medium,6.1
930,15580684,Card Problem,  Medium  ,7.5
931,15580684,Billing,Medium,8.9
932,15809663,Billing,Medium,5.6
933,15809663,Loan Query,High,13.2
934,15698786,Login Issue,Low,2.1
935,15730830,Card Problem,Medium,8.9
936,15805112,Login Issue,Low,1.7
937,15633064,App Bug,High,34.4
938,15633064,Fraud Alert,High,21.5
939,15703119,Card Problem,Medium,8.2
940,15703119,App Bug,High,22.3
941,94528217,Loan Query,Medium,6.2
942,15813850,Card Problem,High,12.8
943,15813850,Card Problem,Medium,9.0
944,15813850,Loan Query,Medium,10.7
945,15711889,Login Issue,Low,2.6
946,15664610,NULL,Low,2.8
947,15664610,App Bug,Low,3.4
948,15664610,Loan Query,Medium,4.5
949,15692926,Billing,Medium,9.2
950,15692926,App Bug,High,14.7
951,15568595,Loan Query,High,31.5
952,15568595,Billing,Medium,10.4
953,15699637,Login Issue,Medium,6.9
954,15667215,App Bug,High,19.4
955,15667215,Login Issue,Low,1.7
956,15725511,Fraud Alert,Low,2.7
957,15725511,Billing,Medium,10.4
958,15725511,Fraud Alert,Low,1.9
959,15575024,App Bug,Medium,5.3
960,15640825,App Bug,Medium,7.1
961,15674991,Fraud Alert,Medium,8.1
962,15674991,Fraud Alert,Medium,6.8
963,15745621,Loan Query,Low,1.7
964,15745621,Login Issue,Medium,4.9
965,15745621,Fraud Alert,Medium,6.0
966,15607040,Billing,Medium,11.9
967,15607040,Card Problem,Medium,7.4
968,15715142,App Bug,Medium,16.1
969,15715142,Fraud Alert,Medium,10.6
970,15715142,App Bug,Medium,4.4
971,15810978,Login Issue,Medium,11.5
972,15810978,Login Issue,Medium,4.9
973,15668886,App Bug,Low,2.0
974,15668886,Card Problem,High,26.7
975,15668886,App Bug,Low,1.9
976,15780804,Billing,Medium,6.0
977,15613880,App Bug,Medium,10.0
978,15613880,Card Problem,High,32.2
979,15747867,Billing,Medium,10.6
980,15600337,Fraud Alert,Medium,5.2
981,15600337,Login Issue,N/A,4.2
982,15600337,Loan Query,Low,4.5
983,15600337,Loan Query,Low,4.0
984,15801277,App Bug,Critical,45.6
985,15579334,Card Problem,Medium,20.0
986,15579334,Card Problem,Low,2.8
987,15579334,Card Problem,Low,2.5
988,15802741,Card Problem,Low,2.5
989,15802741,Card Problem,Medium,15.3
990,15802741,Billing,Low,4.3
991,15720649,Billing,Medium,4.8
992,15589493,App Bug,Medium,8.4
993,15688251,Card Problem,Medium,10.1
994,15665238,Loan Query,Medium,9.9
995,15665238,App Bug,Low,2.8
996,15748625,Login Issue,Medium,10.2
997,15727299,Login Issue,Medium,6.5
998,15727299,Card Problem,Medium,15.4
999,15620204,Fraud Alert,Medium,17.8
1000,15669516,Billing,Medium,5.5
1001,15669516,,Medium,5.1
1002,15669516,Billing,High,27.8
1003,15803457,Fraud Alert,Low,2.9
1004,15803457,Loan Query,Low,2.1
1005,15659098,Fraud Alert,Low,2.3
1006,15566292,Fraud Alert,High,23.1
1007,15566292,Loan Query,High,30.6
1008,15808621,Fraud Alert,Medium,4.2
1009,15776231,Fraud Alert,Low,2.1
1010,15776231,FRAUD ALERT,Medium,6.6
1011,15776231,App Bug,High,19.8
1012,15773809,Card Problem,Medium,4.8
1013,15649423,Card Problem,Medium,11.7
1014,15649423,Card Problem,Critical,39.7
1015,15734886,Card Problem,High,999.0
1016,15734886,App Bug,Medium,6.4
1017,15629448,N/A,High,25.6
1018,15716164,Fraud Alert,Low,1.0
1019,15716164,Loan Query,High,28.9
1020,15578977,App Bug,Medium,8.5
1021,15578977,Billing,High,26.1
1022,15804072,App Bug,Medium,9.4
1023,15696859,Card Problem,Low,2.2
1024,15653780,Card Problem,Low,2.1
1025,15653780,Login Issue,Medium,7.5
1026,15653780,Loan Query,Medium,10.4
1027,15721658,App Bug,Medium,19.2
1028,15721658,Login Issue,Medium,14.8
1029,15721658,Loan Query,Low,4.7
1030,15721658,Billing,Medium,15.1
1031,15578761,Loan Query,Low,1.6
1032,15578761,Fraud Alert,Medium,five
1033,15578761,App Bug,Medium,14.7
1034,15736879,Billing,Low,2.4
1035,15736879,Loan Query,Medium,9.6
1036,15736879,Fraud Alert,Medium,9.5
1037,15571973,App Bug,Medium,7.2
1038,15626742,Fraud Alert,High,27.4
1039,15672692,Fraud Alert,Medium,6.8
1040,15673570,Billing,Low,1.5
1041,15673570,Fraud Alert,Medium,11.0
1042,15767432,Card Problem,Low,2.7
1043,15767432,Billing,Medium,6.3
1044,15654238,Billing,Low,2.8
1045,15654238,Fraud Alert,Medium,10.8
1046,15654238,App Bug,Low,1.7
1047,15654238,Login Issue,Critical,63.2
1048,15612525,Login Issue,Low,2.5
1049,15612525,Card Problem,Medium,6.7
1050,15612525,Login Issue,Medium,one hour
1051,15612525,Loan Query,Low,2.8
1052,15812750,Loan Query,High,35.2
1053,15812750,Fraud Alert,Low,2.6
1054,15812750,Loan Query,Medium,5.8
1055,15812750,Loan Query,  High  ,20.8
1056,15790757,Fraud Alert,Low,1.4
1057,15790757,Fraud Alert,High,30.6
1058,15723873,Login Issue,Low,1.2
1059,15723873,Fraud Alert,High,
1060,15723873,Fraud Alert,High,15.3
1061,15744607,Loan Query,Low,2.2
1062,15744607,Billing,Low,3.0
1063,15744607,Login Issue,Medium,19.7
1064,15612966,Billing,Low,2.7
1065,15612966,Login Issue,low,2.4
1066,15612966,Login Issue,Medium,16.4
1067,15794278,Billing,High,35.7
1068,15766741,App Bug,Low,2.0
1069,15766741,Loan Query,Medium,7.9
1070,15766741,Billing,Medium,9.3
1071,15661036,Loan Query,Medium,6.6
1072,15661036,App Bug,Medium,8.1
1073,15661036,Fraud Alert,High,31.6
1074,15705639,Fraud Alert,  Medium  ,7.9
1075,15716835,Fraud Alert,Low,2.3
1076,15641675,Card Problem,Low,4.4
1077,15641675,Fraud Alert,Low,4.3
1078,15641675,Fraud Alert,Medium,13.2
1079,15641675,Card Problem,Low,2.5
1080,15670755,Card Problem,High,20.1
1081,15670755,Fraud Alert,High,31.1
1082,15670755,Fraud Alert,Critical,25.2
1083,15640059,Loan Query,Medium,8.7
1084,15587535,App Bug,High,27.1
1085,15587535,Billing,Low,1.5
1086,15587535,Login Issue,Low,1.2
1087,15698839,Card Problem,Critical,N/A
1088,15698839,App Bug,Low,2.8
1089,15698839,Login Issue,Medium,10.1
1090,15790314,App Bug,Medium,9.6
1091,15790314,Fraud Alert,High,21.5
1092,15634245,Billing,Medium,10.1
1093,15677305,Login Issue,Medium,11.3
1094,15661526,Fraud Alert,Low,2.3
1095,15661526,Fraud Alert,Medium,7.5
1096,15685997,Billing,High,30.1
1097,15685997,App Bug,Low,1.9
1098,15685997,Card Problem,Low,2.2
1099,15685997,Login Issue,Low,1.8
1100,15660101,Billing,High,15.0
1101,15815364,Fraud Alert,High,32.0
1102,15647099,Card Problem,Low,2.5
1103,15625944,Card Problem,High,17.6
1104,15582741,Loan Query,Low,1.2
1105,15582741,Fraud Alert,Medium,14.5
1106,15637876,Loan Query,Medium,13.6
1107,15622750,Login Issue,Unknown,1.6
1108,15622750,Billing,Medium,9.4
1109,15672056,Login Issue,Medium,19.8
1110,15672056,Card Problem,Low,1.6
1111,15672056,Billing,High,16.3
1112,15812351,Loan Query,Low,1.7
1113,15812351,Loan Query,Low,1.3
1114,15812351,App Bug,Low,1.7
1115,15810864,Fraud Alert,Medium,6.0
1116,15724296,Card Problem,Medium,6.2
1117,15724296,  Login Issue  ,High,31.6
1118,15724296,Card Problem,Critical,61.6
1119,15685329,Login Issue,Medium,10.6
1120,15584091,Loan Query,Low,4.0
1121,15584091,Billing,Low,3.8
1122,15584091,Card Problem,Medium,15.7
1123,15584091,Billing,Low,2.7
1124,15640442,Loan Query,Low,2.0
1125,15640442,Login Issue,Low,2.0
1126,15685320,Login Issue,  Medium  ,8.7
ticket_1127,15685320,Loan Query,Medium,11.2
1128,15789158,Loan Query,Medium,18.9
1129,15789158,Card Problem,High,37.1
1130,15789158,Loan Query,Medium,13.0
1131,15712551,App Bug,High,17.0
1132,15712551,Card Problem,Low,2.4
1133,15712551,Billing,Critical,44.6
1134,15628936,Card Problem,High,45.6
1135,15628936,Loan Query,Medium,12.5
1136,15628936,App Bug,High,49.9
1137,15628936,Fraud Alert,Low,2.7
1138,15769974,Loan Query,Medium,6.8
1139,15769974,Fraud Alert,Low,2.0
1140,15769974,Billing,Low,2.2
1141,15769974,Login Issue,Low,2.4
1142,15737051,App Bug,High,23.5
ticket_1143,15737051,Billing,High,15.8
1144,15571221,Fraud Alert,Medium,17.5
1145,15571221,Fraud Alert,Low,1.6
1146,15660155,Card Problem,High,18.6
1147,15660155,Login Issue,Low,2.4
1148,15605284,App Bug,Medium,4.3
1149,15605284,Card Problem,Low,1.5
1150,15694366,Fraud Alert,Critical,51.0
1151,15694366,Loan Query,High,17.4
1152,15653253,Billing,Critical,55.8
1153,15763431,Login Issue,Low,2.4
1154,90432178,Billing,High,26.7
1155,15643696,Card Problem,High,35.1
1156,15707473,Fraud Alert,Medium,9.4
1157,15668747,Loan Query,Low,2.8
1158,15766908,Card Problem,Low,2.8
1159,15567367,App Bug,Medium,11.7
1160,15747542,Login Issue,Low,1.9
1161,15747542,Fraud Alert,Low,1.6
1162,39222949,App Bug,Medium,9.4
1163,15762238,Fraud Alert,Low,1.9
1164,15712825,Fraud Alert,  Medium  ,10.8
1165,15712825,Fraud Alert,Low,2.5
1166,15756026,App Bug,Medium,12.2
1167,15756026,Card Problem,High,22.3
1168,15756026,Card Problem,Medium,17.3
1169,15613319,Billing,Critical,43.0
1170,15613319,Fraud Alert,Low,2.7
1171,15613319,Fraud Alert,Medium,2500.0
1172,15613319,Card Problem,High,2500.0
1173,15798906,Fraud Alert,Critical,33.2
1174,15798906,Billing,Medium,5.0
1175,15699430,Fraud Alert,Medium,8.0
1176,15699430,Billing,High,15.1
1177,15699430,Fraud Alert,High,29.4
1178,15649992,Fraud Alert,Low,1.0
1179,15775306,App Bug,Low,1.9
1180,15775306,Billing,High,58.8
1181,15619708,Fraud Alert,High,22.1
1182,15619708,Card Problem,Low,1.8
1183,15619708,Login Issue,Low,1.1
1184,15734565,Login Issue,High,19.5
1185,15734565,Fraud Alert,Medium,7.2
1186,15734565,Card Problem,Medium,6.2
1187,15806438,Fraud Alert,High,18.3
1188,15806438,App Bug,low,1.4
1189,15591969,Loan Query,High,17.4
1190,15591969,Loan Query,High,34.3
1191,15747807,Fraud Alert,Low,2.7
1192,15765311,App Bug,High,30.2
1193,15765311,Fraud Alert,Low,1.8
1194,15757811,App Bug,Low,1.8
1195,15757811,Loan Query,High,19.4
1196,15603830,Login Issue,Low,1.8
1197,15603830,App Bug,Low,1.1
1198,15660535,Loan Query,Low,3.0
1199,15660535,Loan Query,high,33.5
1200,15639788,Loan Query,High,31.0
1201,15695846,Loan Query,NULL,21.5
1202,15695846,Fraud Alert,Medium,N/A
1203,15726234,Login Issue,Low,1.2
1204,15726234,Loan Query,Medium,8.0
1205,15797964,Billing,High,27.8
1206,15797964,App Bug,Medium,9.1
1207,15797964,Login Issue,High,22.4
1208,15797964,Billing,Medium,6.6
1209,15625881,Card Problem,Medium,4.2
1210,15589488,  Billing  ,Medium,6.0
1211,15585888,Loan Query,Critical,9999.0
1212,15585888,Login Issue,High,9999.0
1213,15585888,Login Issue,High,16.9
1214,15585888,Card Problem,Low,1.4
1215,15727915,Billing,Low,2.4
1216,15727915,Login Issue,Critical,60.8
1217,15707567,Billing,Medium,8.4
1218,15707567,Login Issue,Low,2.9
1219,15599433,App Bug,Medium,5.7
1220,15672012,  Login Issue  ,Low,1.5
1221,15672012,Login Issue,Low,3.9
1222,15672012,Loan Query,Low,3.4
1223,15592222,Login Issue,Low,1.2
1224,15608968,Card Problem,Medium,10.2
1225,15608968,Card Problem,Medium,5.4
1226,15586959,Loan Query,High,21.5
1227,15646558,App Bug,Low,1.0
1228,15794048,Loan Query,Low,4.7
1229,15794048,App Bug,Low,4.4
1230,15794048,App Bug,Low,3.1
1231,15677610,Loan Query,High,28.2
1232,15677610,App Bug,Medium,five
1233,15677610,Loan Query,Low,1.4
1234,15686436,Billing,Low,2.4
1235,15693864,Loan Query,Medium,9.5
1236,15693864,Loan Query,High,34.1
1237,15693864,Loan Query,Medium,5.7
1238,15760550,Card Problem,Low,1.6
1239,15809087,Fraud Alert,Low,2.0
1240,15809087,App Bug,Low,4.3
1241,15809087,Billing,Critical,78.3
1242,15807663,Login Issue,High,30.4
1243,15807663,Billing,Medium,10.2
1244,15809100,Card Problem,Medium,6.2
1245,15809100,Card Problem,High,58.9
1246,15794916,Fraud Alert,High,35.9
1247,15614215,Billing,low,2.0
1248,15805449,App Bug,Medium,9.5
1249,15686983,App Bug,Low,2.5
1250,15686983,,Medium,9.5
1251,15756804,Card Problem,Medium,19.9
1252,15756804,Loan Query,Medium,7.0
1253,15756804,App Bug,High,26.8
1254,15646810,Login Issue,Low,1.9
1255,15646810,Card Problem,Medium,8.5
1256,15646810,Card Problem,Low,4.1
1257,15710424,Fraud Alert,Critical,9999.0
1258,15710424,Card Problem,Low,1.6
1259,15692750,Fraud Alert,Medium,8.0
1260,15692750,Card Problem,Medium,6.5
1261,15794549,Card Problem,Medium,9.8
1262,15794549,Loan Query,High,35.9
1263,15803764,App Bug,Medium,6.9
1264,15803764,Billing,Medium,9.9
1265,15674840,Loan Query,High,19.3
1266,15674840,Billing,Medium,7.2
1267,15674840,Loan Query,Medium,6.5
1268,15674840,Login Issue,Critical,36.0
1269,15653762,Fraud Alert,Critical,42.1
ticket_1270,15581229,Card Problem,Low,1.3
1271,15800228,Fraud Alert,Critical,45.7
1272,15800228,Fraud Alert,Critical,65.9
1273,15656333,App Bug,Medium,7.1
1274,15656333,Fraud Alert,Medium,9.2
1275,15656333,Fraud Alert,Medium,7.3
1276,15585362,App Bug,Low,2.0
1277,15571928,Loan Query,High,26.3
1278,15785519,Card Problem,Low,2.5
1279,15743007,Login Issue,Low,1.2
1280,15743007,App Bug,High,39.7
1281,15743007,Loan Query,Low,2.2
1282,15721935,Loan Query,High,21.5
1283,15591711,Loan Query,Medium,11.0
1284,15591711,Fraud Alert,Medium,8.2
1285,15591711,Loan Query,High,26.1
1286,15600462,Login Issue,High,20.6
1287,15600462,Billing,Low,2.9
1288,15780140,Loan Query,Low,1.8
1289,15780140,App Bug,Low,1.8
1290,15780140,Fraud Alert,Medium,12.0
1291,15780140,App Bug,Medium,7.9
1292,15585255,Fraud Alert,Medium,6.7
1293,15585255,Billing,Low,2.6
1294,15772781,App Bug,Low,3.4
1295,15772781,Card Problem,Low,1.5
1296,15669987,Loan Query,High,55.5
1297,15669987,Loan Query,Low,4.3
1298,15782390,Fraud Alert,Low,1.4
1299,15654700,Card Problem,Medium,4.2
1300,93947466,Loan Query,Critical,75.9
1301,15632210,Login Issue,Low,2.0
1302,15642041,Login Issue,Low,3.4
1303,15792388,App Bug,Medium,7.0
1304,15792388,Login Issue,Low,1.3
1305,15794580,App Bug,Low,2.6
1306,15794580,Login Issue,Critical,108.8
1307,15675964,App Bug,Medium,5.0
1308,15814275,Billing,Medium,12.0
1309,15724848,Fraud Alert,Critical,28.7
1310,15724848,Billing,High,55.3
1311,15754713,Fraud Alert,Low,2.9
1312,15693814,Billing,Medium,11.5
1313,15566091,Card Problem,Low,1.7
1314,15655961,Fraud Alert,Medium,4.4
1315,15655961,Login Issue,Low,one hour
1316,15710404,Card Problem,Low,1.1
1317,15710404,Loan Query,High,21.9
1318,15775625,Card Problem,Low,3.0
1319,15792328,Fraud Alert,Medium,19.4
1320,15792328,Loan Query,Medium,6.7
1321,15792328,Login Issue,Low,4.2
1322,15792328,Loan Query,Medium,5.8
1323,15797748,Fraud Alert,Critical,35.6
1324,15797748,Billing,Critical,59.1
1325,15743411,Fraud Alert,Medium,13.8
1326,15743411,Loan Query,Low,4.2
1327,15743411,Card Problem,Medium,13.3
1328,15753337,App Bug,Low,1.7
1329,15753337,Card Problem,Medium,6.2
1330,15601026,Loan Query,Medium,8.9
1331,15658485,Loan Query,Low,2.4
1332,15658485,Fraud Alert,Critical,24.5
1333,15658485,Billing,High,33.8
1334,15658485,Card Problem,Medium,6.8
1335,15636731,Fraud Alert,Medium,7.3
1336,15636731,Billing,Critical,9999.0
1337,15628303,,Low,1.6
1338,15628303,Card Problem,Low,2.5
1339,15633461,Fraud Alert,High,25.5
1340,15590876,App Bug,MEDIUM,5.6
1341,15590876,App Bug,MEDIUM,5.1
1342,15790782,Login Issue,Low,2.4
1343,15790782,Fraud Alert,Low,1.0
1344,15790782,Fraud Alert,high,17.8
1345,15634141,N/A,Critical,32.4
1346,15675316,Card Problem,Low,1.3
1347,15675316,App Bug,High,16.7
1348,15613630,Login Issue,  Low  ,3.4
1349,15613630,Billing,Medium,16.9
1350,15662100,Card Problem,High,25.7
1351,15662100,Login Issue,Low,1.4
1352,15599289,Billing,Medium,7.4
1353,15804586,Loan Query,Medium,7.4
1354,15729362,Billing,Medium,7.1
1355,15745324,Billing,Low,2.3
1356,15741336,Login Issue,Medium,13.0
1357,15741336,Loan Query,High,51.2
1358,15741336,Billing,Critical,93.1
1359,15741336,Fraud Alert,High,14.4
1360,15620981,Login Issue,Low,4.6
1361,15630328,Login Issue,Medium,9.4
1362,15630328,Login Issue,High,13.0
1363,15630328,App Bug,Medium,11.5
1364,15785899,Billing,Low,2.6
1365,15785899,Billing,Low,1.7
1366,15785899,Login Issue,Low,2.9
1367,15606149,Login Issue,Low,2.0
1368,15660429,Fraud Alert,Low,3.5
1369,15571002,Billing,Low,1.4
1370,15631681,Fraud Alert,High,33.5
1371,15619529,Billing,Low,1.7
1372,15619529,Card Problem,High,9999
1373,15619529,Loan Query,Low,1.6
1374,15619529,App Bug,Medium,8.4
1375,15628034,Billing,High,30.4
1376,15628034,Fraud Alert,High,14.3
1377,15628034,Billing,Medium,6.7
1378,15686164,  Fraud Alert  ,Low,1.5
1379,15686164,Fraud Alert,Low,2.6
1380,15753831,Fraud Alert,Low,2.4
1381,15731815,Fraud Alert,High,25.9
1382,15731815,Billing,High,18.3
1383,15731815,Fraud Alert,Medium,5.3
1384,15731815,Fraud Alert,Low,4.5
1385,15580956,Fraud Alert,High,58.1
1386,15580956,Card Problem,Low,1.8
1387,15602084,Loan Query,Medium,5.5
1388,15602084,Billing,MEDIUM,6.5
1389,15589805,Loan Query,High,31.9
1390,15720893,App Bug,Medium,7.8
1391,15720893,Loan Query,High,15.4
1392,15720893,Login Issue,Medium,4.9
1393,15605918,Fraud Alert,Low,2.4
1394,15605918,App Bug,Critical,38.3
1395,15605918,Billing,Low,1.0
1396,15570060,App Bug,Low,1.7
1397,15570060,Billing,Low,1.5
1398,15799515,Fraud Alert,Low,1.1
1399,15799515,Loan Query,High,24.7
1400,15799515,Card Problem,Medium,10.3
1401,15799515,Billing,High,
1402,15792360,Billing,Medium,10.0
1403,15792360,Loan Query,Critical,44.9
1404,15792360,App Bug,Low,1.8
1405,15807008,Billing,Medium,7.5
1406,15704770,login issue,Medium,6.3
1407,15664521,Loan Query,High,22.3
1408,15664521,Card Problem,Medium,9999
1409,15681206,Loan Query,Medium,7.8
1410,15681206,Login Issue,High,17.2
1411,15681206,Billing,Low,1.8
1412,15745527,App Bug,High,20.2
1413,15806926,Login Issue,High,33.1
1414,15806926,Login Issue,High,12.2
1415,15724563,Login Issue,Low,2.6
1416,59037851,Billing,High,18.0
1417,15782899,Login Issue,High,21.6
1418,15782899,Fraud Alert,Low,2.4
1419,15782899,Login Issue,High,19.8
1420,15810218,Fraud Alert,Low,2.7
1421,15810218,Billing,Critical,69.7
1422,15787772,Fraud Alert,Low,1.8
1423,15691111,Card Problem,Critical,62.8
1424,15701301,Billing,Low,2.2
1425,15701301,Fraud Alert,Low,3.7
1426,15701301,Card Problem,High,46.5
1427,15701301,Login Issue,Low,1.1
1428,15701602,Card Problem,Medium,5.2
1429,15701602,Loan Query,Medium,15.8
1430,15701602,Login Issue,Medium,11.7
1431,15739189,Card Problem,High,34.4
1432,15569050,Loan Query,Critical,82.2
1433,15569050,Loan Query,Low,2.5
1434,15569050,Card Problem,High,33.4
1435,15750765,Loan Query,Low,1.9
1436,15750765,Loan Query,High,29.7
1437,15799811,Card Problem,Low,2.6
1438,15799811,Login Issue,Low,2.7
1439,15799811,Card Problem,Low,2.0
1440,15698442,Card Problem,Low,1.4
1441,15655274,Billing,Low,2.5
1442,15655274,Fraud Alert,Medium,9.0
1443,15655274,Card Problem,Medium,10.1
1444,15686936,Login Issue,High,54.6
1445,15686936,App Bug,High,51.4
1446,15686936,Login Issue,Low,3.5
1447,15686936,Loan Query,Low,3.4
1448,15770424,Card Problem,Low,1.9
1449,15602010,Billing,Medium,13.6
1450,15600583,Fraud Alert,High,
1451,15654673,Login Issue,Medium,10.1
1452,15654673,Loan Query,High,28.5
1453,15765014,app bug,Low,1.1
1454,14172736,Billing,Low,1.2
1455,15769948,Fraud Alert,Low,2.0
1456,15769948,Billing,High,20.2
1457,15769948,Login Issue,Low,2.9
1458,15686345,Login Issue,Medium,11.1
1459,15686345,Loan Query,Medium,5.6
1460,15688071,Billing,Low,1.7
1461,15688071,Card Problem,Low,1.0
1462,15688071,Card Problem,Medium,8.8
1463,15750243,Login Issue,Low,2.7
1464,15695475,Loan Query,Medium,6.7
1465,15695475,Card Problem,Medium,10.6
1466,15695475,Billing,Low,2.8
1467,15652955,Billing,Low,2.5
1468,15668958,App Bug,Low,2.6
1469,15668958,Loan Query,Medium,6.7
1470,15631054,Billing,High,21.5
1471,15631054,Login Issue,Low,1.1
1472,15581479,Loan Query,Medium,9.0
1473,15780870,Billing,Medium,5.6
1474,15780870,Card Problem,Medium,7.9
1475,15692317,Fraud Alert,Medium,11.7
1476,15692317,Login Issue,High,19.2
1477,15692317,Fraud Alert,Medium,9.7
1478,15692317,loan query,Medium,5.0
1479,15593969,App Bug,Low,2500.0
1480,15593969,Loan Query,Medium,17.4
1481,15570417,Loan Query,High,34.5
1482,15570417,Fraud Alert,Medium,10.8
1483,15779059,Fraud Alert,Low,2.3
1484,15785980,Loan Query,Low,1.2
1485,15644200,Card Problem,Medium,10.3
1486,15644200,Card Problem,Low,4.5
1487,15644200,App Bug,Low,2.4
1488,15793949,App Bug,Medium,6.6
1489,15645103,Billing,Medium,5.6
1490,15705860,Fraud Alert,Medium,17.4
1491,15705860,Card Problem,High,44.0
1492,15623471,Login Issue,Low,1.2
1493,15623471,Billing,Low,2.5
1494,15798348,Loan Query,High,23.6
1495,15798348,App Bug,Low,2.4
1496,15743016,Login Issue,Critical,58.9
1497,15798521,Card Problem,Low,1.7
1498,15798521,Billing,Medium,8.8
1499,15706534,Loan Query,Low,1.5
1500,15706534,Loan Query,Low,4.2
1501,15812197,App Bug,Medium,7.5
1502,15650933,Loan Query,Low,1.1
1503,15650933,Billing,High,24.1
1504,15692991,Fraud Alert,High,32.7
1505,15692991,Login Issue,Low,2.8
1506,15762198,App Bug,Low,1.6
1507,15699598,Billing,Medium,5.9
1508,65333708,Loan Query,Low,1.4
1509,15692744,Fraud Alert,Low,1.8
1510,15688963,Billing,Low,4.9
1511,15688963,Loan Query,Low,1.1
1512,15688963,Billing,Medium,10.1
1513,15599131,Login Issue,Low,1.8
1514,15599131,App Bug,Medium,10.9
1515,15680303,,Low,2.3
1516,15680303,Loan Query,High,23.1
1517,15628674,Billing,High,39.1
1518,15628674,Loan Query,Medium,five
1519,15628674,Fraud Alert,High,44.9
1520,15628674,Fraud Alert,Medium,16.1
1521,15648075,Billing,Low,2.7
1522,15586970,Fraud Alert,High,26.6
1523,15762937,Login Issue,Low,2.5
1524,15729832,Login Issue,Low,2.2
1525,15729832,Login Issue,Low,1.8
1526,15729832,Fraud Alert,Medium,5.0
ticket_1527,15729832,App Bug,High,21.8
1528,15633650,Billing,Low,2.4
1529,15663438,Loan Query,High,44.5
1530,15663438,Card Problem,High,34.8
1531,15663438,App Bug,Medium,19.1
1532,15663438,Billing,Medium,8.0
1533,15692583,Fraud Alert,Low,1.3
1534,15692583,App Bug,High,22.2
1535,15692583,Login Issue,Low,1.0
1536,15692583,Loan Query,High,33.2
1537,15591257,Loan Query,Medium,9.1
1538,15646513,App Bug,Low,4.7
1539,15646513,Login Issue,Medium,11.8
1540,15646513,Loan Query,Low,4.8
1541,15708063,App Bug,Low,3.5
1542,15708063,Billing,High,21.8
1543,15708063,App Bug,Low,2.2
1544,15696098,Loan Query,Low,one hour
1545,15645517,Loan Query,Low,1.7
1546,15645517,Billing,Low,2.3
1547,15645517,Card Problem,High,16.3
1548,15649744,Fraud Alert,Medium,6.2
1549,15604304,Loan Query,Medium,7.6
1550,15621687,Card Problem,Low,1.7
1551,15813168,Billing,High,19.3
1552,15813168,Loan Query,Low,4.2
1553,15604295,Login Issue,Medium,8.0
1554,15604295,Fraud Alert,Critical,30.3
1555,15673055,Login Issue,Critical,44.2
1556,15768201,Billing,Medium,6.9
1557,15768201,Loan Query,High,32.7
1558,15768201,Fraud Alert,Critical,38.2
1559,15782219,Billing,Medium,4.7
1560,15782219,Loan Query,Critical,44.5
1561,15782219,Loan Query,Medium,7.3
1562,15782219,App Bug,Low,2.7
1563,15780144,Billing,Low,1.8
1564,15780144,Fraud Alert,Medium,10.9
1565,15590476,Loan Query,Low,2.0
1566,15624293,Loan Query,Medium,5.8
1567,15624293,Login Issue,Low,1.8
1568,15660316,App Bug,Medium,6.9
1569,76670176,Card Problem,Medium,8.1
1570,15660316,Billing,Critical,28.8
1571,15660316,app bug,Medium,8.5
1572,15678886,Login Issue,Low,1.1
1573,15678886,App Bug,Low,1.9
1574,15616330,Login Issue,Medium,6.3
1575,15616330,Billing,Low,2.5
1576,15616330,Loan Query,Medium,10.3
1577,15592229,Billing,Low,4.5
1578,15592229,Loan Query,High,35.4
1579,15798424,Loan Query,Critical,72.9
1580,15798424,App Bug,Medium,18.2
1581,15798424,Fraud Alert,Low,3.3
1582,15798424,Billing,Critical,103.1
1583,15714750,Billing,Low,2.2
1584,15714750,App Bug,Medium,9.8
1585,15714750,Loan Query,Medium,6.1
1586,15714750,Fraud Alert,Low,2.7
1587,15648800,Billing,Medium,18.6
1588,15648800,Fraud Alert,Medium,19.0
1589,15626147,Billing,Critical,75.6
1590,15723250,App Bug,Medium,10.0
1591,15592583,Billing,Low,3.2
1592,15592583,Loan Query,High,-1
1593,15592583,Loan Query,Critical,105.9
1594,15592583,Loan Query,High,14.8
1595,15759381,Billing,Medium,8.1
1596,15585241,Card Problem,Low,2.7
1597,15585241,Loan Query,Low,1.8
1598,15789955,App Bug,Medium,16.7
1599,15789955,Billing,High,23.4
1600,15596800,Fraud Alert,Low,1.6
1601,15596800,Fraud Alert,Low,3.1
1602,15596800,Card Problem,Low,3.8
1603,15627305,Fraud Alert,Medium,17.9
1604,87656004,Loan Query,Medium,7.1
1605,15645316,Card Problem,Medium,7.2
1606,15645316,Card Problem,Medium,5.0
1607,15593973,Loan Query,Low,1.7
1608,15593973,Loan Query,High,19.8
1609,15593973,Fraud Alert,Low,2.1
1610,15593973,App Bug,Low,1.2
1611,15685309,Loan Query,Low,2.3
1612,15685309,Login Issue,Critical,92.3
1613,15733974,Fraud Alert,Medium,7.6
1614,15733974,Fraud Alert,Medium,10.3
1615,15733974,Card Problem,Low,2.7
1616,15733974,Fraud Alert,Low,2.4
1617,15762110,Login Issue,Critical,37.4
1618,15706899,Login Issue,Low,2.7
1619,15706899,Fraud Alert,Low,2.9
1620,15732660,Billing,Low,1.4
1621,15732660,Loan Query,Medium,8.4
1622,15732660,Loan Query,Low,2.4
1623,15732660,Login Issue,Low,1.8
1624,15614220,Card Problem,Low,2.7
1625,15645269,Fraud Alert,Medium,6.4
1626,15698510,App Bug,Low,1.9
1627,15569247,Billing,High,20.6
1628,15569247,Billing,Low,1.5
1629,15569247,Loan Query,Medium,4.1
1630,15566251,Fraud Alert,Low,4.5
1631,15763625,App Bug,Low,2500.0
1632,15763625,Billing,Medium,11.9
1633,15694821,Billing,Medium,11.3
1634,15694821,App Bug,High,39.3
1635,15671209,Login Issue,Medium,one hour
1636,15616529,Card Problem,Medium,4.4
1637,15773906,Loan Query,Low,2.9
1638,15589754,  Card Problem  ,Low,2.9
1639,15669899,Fraud Alert,Low,3.5
1640,15766887,Loan Query,High,14.7
1641,15766887,Billing,Low,2.0
1642,15768006,Login Issue,Medium,8.2
1643,15741295,Login Issue,Low,1.9
1644,15690007,Fraud Alert,Critical,45.2
1645,15690007,Login Issue,Medium,11.8
1646,37346078,Loan Query,Medium,4.9
1647,15719348,Card Problem,High,42.1
1648,15719348,Login Issue,Low,3.5
1649,15719348,App Bug,Low,1.5
1650,15719348,Loan Query,Low,2.5
1651,15781802,Card Problem,High,46.1
1652,15781802,App Bug,Medium,8.4
1653,15781802,Fraud Alert,Low,2.7
1654,15750776,Card Problem,Low,2.4
1655,15750776,Fraud Alert,Low,1.8
1656,15750776,Card Problem,Critical,27.1
1657,15723907,Card Problem,High,24.3
1658,15723907,Billing,Medium,11.9
1659,15633419,Login Issue,Medium,5.7
1660,94288837,Login Issue,High,28.8
1661,15710456,Login Issue,Medium,11.4
1662,15590820,Billing,Critical,40.2
1663,15640454,App Bug,Medium,17.1
1664,15640454,Loan Query,Medium,15.4
1665,15640454,Card Problem,Low,2.4
1666,15640454,Card Problem,Low,1.0
1667,15697789,Card Problem,High,22.8
1668,15697789,Fraud Alert,Low,2.3
1669,15697789,NULL,Medium,8.6
1670,15808182,App Bug,High,17.8
1671,15808182,Card Problem,Medium,6.7
1672,15588670,login issue,Low,3.9
1673,15588670,App Bug,Medium,14.1
1674,15588670,Login Issue,Medium,5.5
1675,15721292,App Bug,Medium,11.0
1676,15721292,Billing,Low,1.1
1677,15604217,Fraud Alert,Low,1.1
1678,15604217,Billing,Low,3.0
1679,15782454,Card Problem,Low,1.1
1680,15782454,App Bug,Low,4.4
1681,15814032,Card Problem,Low,1.7
1682,15814032,Billing,Medium,6.4
1683,15570326,Loan Query,Critical,54.2
1684,15570326,Fraud Alert,Low,1.7
1685,15570326,Login Issue,Medium,8.9
1686,15755638,Loan Query,High,44.3
1687,15755638,Billing,High,25.7
1688,15755638,App Bug,Low,2.7
1689,15755649,Card Problem,Low,2.4
1690,15589257,Login Issue,Low,2.0
1691,15719302,Card Problem,Medium,18.6
1692,15719302,Billing,Medium,7.7
1693,15719302,Login Issue,Low,4.3
1694,15791279,Login Issue,Medium,19.7
1695,15791279,Login Issue,Critical,111.0
1696,15636935,Billing,Low,2.8
1697,15686909,Billing,Low,2.3
1698,15686909,Loan Query,Medium,5.8
1699,15686909,Loan Query,MEDIUM,11.6
1700,15589572,Fraud Alert,Medium,5.1
1701,15589572,Billing,Low,1.6
1702,15779947,Card Problem,Medium,5.7
1703,15779947,loan query,Low,3.6
1704,15573769,Loan Query,Medium,4.7
1705,15573769,Billing,High,20.5
1706,15578866,Loan Query,Low,1.4
1707,15739131,App Bug,Low,1.1
1708,15813444,Fraud Alert,Medium,5.1
1709,15651052,Login Issue,Unknown,7.6
1710,15651052,Card Problem,Low,4.2
1711,15569451,App Bug,High,22.8
1712,15569451,Card Problem,Medium,7.5
1713,15569451,Login Issue,Medium,4.8
1714,15650098,Billing,Critical,35.5
1715,15650098,Billing,Low,1.1
1716,15650098,Login Issue,Low,1.0
1717,15724307,App Bug,Low,2.4
1718,15724307,Login Issue,Medium,6.4
1719,15594864,Card Problem,Low,2.3
1720,15594864,Fraud Alert,High,16.2
1721,15715667,Billing,Low,2.6
1722,15715667,Fraud Alert,High,13.8
1723,15715667,Loan Query,Medium,5.9
1724,15658969,App Bug,Medium,19.8
1725,15658969,Fraud Alert,Critical,39.7
1726,15658969,App Bug,Medium,7.4
1727,15738174,Login Issue,Low,1.2
1728,15738174,Loan Query,Low,1.8
1729,15813590,Billing,Low,4.9
1730,15813590,Loan Query,Low,1.6
1731,15674148,Fraud Alert,High,35.8
1732,15674148,Login Issue,Medium,5.0
1733,15625080,App Bug,Low,2.4
1734,15625080,Fraud Alert,Medium,6.0
1735,15625080,Login Issue,Medium,19.9
1736,15682528,Loan Query,High,20.3
1737,15696900,login issue,High,21.9
1738,15730038,Loan Query,High,19.4
1739,15697625,App Bug,Low,1.4
1740,15697625,Billing,Low,2.0
1741,15697625,Billing,Critical,33.2
1742,15616280,Card Problem,Low,1.0
1743,15616280,Login Issue,Low,1.0
1744,15654229,App Bug,Medium,5.6
1745,15628298,Card Problem,Medium,7.5
1746,15775572,App Bug,Low,1.4
1747,15775572,Billing,Medium,4.6
1748,15775572,App Bug,Medium,6.1
1749,15775572,Billing,Low,2.1
1750,15613844,App Bug,  Low  ,2.3
1751,15578515,Fraud Alert,Medium,7.9
1752,15578515,Login Issue,Low,2.7
1753,15578515,Card Problem,Medium,9.7
1754,15578515,Billing,Medium,8.9
1755,15607598,Fraud Alert,,2.8
1756,15742480,Fraud Alert,Medium,11.5
1757,15749482,Login Issue,Low,1.8
1758,15607537,Card Problem,Medium,6.9
1759,15607537,Billing,Low,2.9
1760,15607537,Login Issue,High,46.1
1761,15607537,Login Issue,Low,2.5
1762,15575410,Billing,Medium,6.3
1763,15575410,Billing,Medium,7.4
1764,15575410,Card Problem,Low,2.3
1765,15575410,Billing,Low,2.0
1766,15684865,App Bug,Medium,11.1
1767,15684865,Card Problem,Medium,4.2
1768,15600700,App Bug,Critical,62.4
1769,15619626,Login Issue,Low,1.0
1770,15617934,Login Issue,Low,1.5
1771,15617934,Login Issue,Medium,10.6
1772,15760774,Billing,Medium,9.9
1773,15760774,Login Issue,Low,2.3
1774,15760774,Billing,Low,2.5
1775,15760774,Card Problem,Low,2.7
1776,15813132,App Bug,High,23.6
1777,15593331,Card Problem,Medium,6.7
1778,15593331,Fraud Alert,High,31.0
1779,15616709,Card Problem,High,18.9
1780,15616709,Login Issue,Low,2.1
1781,15658052,App Bug,Medium,14.3
1782,15658052,Card Problem,Critical,75.5
1783,15770030,App Bug,Critical,56.0
1784,15702789,App Bug,High,29.1
1785,15702789,Login Issue,Low,2.4
1786,15702789,Billing,High,17.0
1787,15702789,Card Problem,Low,2.3
1788,15814930,Billing,Low,3.4
1789,15814930,App Bug,Critical,73.8
1790,15814930,,Medium,8.3
1791,15814930,App Bug,High,51.3
1792,15658306,Billing,Low,2.5
1793,15658306,Loan Query,Low,2.1
1794,15658306,App Bug,High,18.3
1795,15699523,Fraud Alert,High,14.4
1796,15699523,Billing,Low,2.7
1797,15699523,Login Issue,Low,1.0
1798,15610383,Loan Query,Low,-5.0
1799,15610383,,Low,2.1
1800,15610383,Login Issue,High,50.5
1801,15615032,Card Problem,Medium,5.0
1802,15615032,App Bug,Low,2.4
ticket_1803,15615032,Billing,Low,2.0
1804,15647402,App Bug,Low,1.7
1805,15740494,App Bug,High,23.8
1806,15701265,Login Issue,Low,1.1
1807,15701265,Fraud Alert,Medium,11.5
1808,15743532,App Bug,Low,4.2
1809,15743532,Login Issue,Medium,12.9
1810,15747591,App Bug,Low,1.3
1811,15747591,Card Problem,Medium,5.7
1812,15747591,Loan Query,Medium,8.4
1813,15732199,Billing,Low,1.6
1814,15732199,Billing,Medium,6.2
1815,15662291,Card Problem,Medium,4.3
1816,15749050,App Bug,Low,999.0
1817,15617078,Fraud Alert,Low,2.7
1818,15617078,Login Issue,Medium,5.5
1819,15723339,Billing,Low,1.6
1820,15671322,App Bug,Low,1.2
1821,15793854,Loan Query,Medium,6.6
1822,15756539,,Low,2.4
1823,15612064,Fraud Alert,Low,3.9
1824,15612064,Card Problem,Low,1.5
1825,15625916,Loan Query,High,32.8
1826,15683195,Card Problem,Low,2.2
1827,63985141,Login Issue,Low,2.5
1828,15690182,Loan Query,Low,3.5
1829,15721719,Login Issue,Critical,54.6
1830,15641690,App Bug,Medium,11.8
1831,15671590,Login Issue,Low,1.1
1832,15671590,Loan Query,Medium,11.6
1833,15779182,Loan Query,Low,1.3
1834,15779182,Login Issue,Medium,7.2
1835,15778287,Loan Query,Low,2.7
1836,15778287,App Bug,High,12.4
1837,15609510,Billing,Low,1.9
1838,15609510,Login Issue,Critical,26.7
1839,15609510,Billing,Low,1.9
1840,15658532,Card Problem,Medium,8.2
1841,15658532,Login Issue,High,25.7
1842,15565701,Loan Query,Low,1.2
1843,15597239,Fraud Alert,Low,1.0
1844,15688880,App Bug,Low,1.6
1845,15636589,Billing,Low,2.3
1846,15636589,Card Problem,High,-5.0
1847,15636589,App Bug,Low,2.4
1848,15636589,Card Problem,High,27.6
1849,15687752,Fraud Alert,High,23.6
1850,15687752,Login Issue,Medium,4.4
1851,15584363,Loan Query,Medium,5.9
1852,15584363,Fraud Alert,High,31.3
1853,15584363,Login Issue,Medium,8.5
1854,15803365,Fraud Alert,Medium,2500.0
1855,15803365,App Bug,Low,1.1
1856,15572360,Fraud Alert,High,21.4
1857,15572360,Login Issue,High,25.3
1858,49790432,Loan Query,Critical,31.6
1859,15572360,App Bug,Medium,10.9
1860,15800856,Billing,Medium,7.3
1861,15800856,Loan Query,Low,2.6
1862,15683930,Card Problem,High,25.8
1863,15683930,Card Problem,Low,2.6
1864,15800434,Login Issue,Medium,19.9
1865,15800434,App Bug,Medium,12.3
1866,15800434,Login Issue,Critical,104.9
1867,15800434,Card Problem,Low,4.5
1868,15709117,Billing,Medium,9.6
1869,15709117,Login Issue,Medium,11.2
1870,15638806,Loan Query,Medium,6.0
1871,15662294,App Bug,High,25.0
1872,15690079,Billing,High,29.1
1873,15759317,Billing,Low,1.2
1874,15596181,App Bug,,19.4
1875,15596181,Card Problem,Critical,91.0
1876,15576602,Fraud Alert,Low,2.4
1877,15734634,Fraud Alert,Low,2.3
1878,13375033,Card Problem,Low,1.9
1879,15720702,Billing,Medium,17.6
1880,15720702,App Bug,Medium,14.7
ticket_1881,15665077,App Bug,Critical,93.5
1882,15704483,Loan Query,Medium,6.9
1883,15704483,Login Issue,Low,1.2
1884,15598846,,Low,2.4
1885,15598846,Card Problem,Low,1.1
1886,15629244,Fraud Alert,Low,2.7
1887,15629244,Fraud Alert,Medium,6.7
1888,15765537,App Bug,Low,1.5
1889,15729975,Loan Query,Medium,10.4
1890,15729975,Card Problem,Low,1.5
1891,15682773,Loan Query,Low,five
1892,15682773,Login Issue,Low,1.3
1893,15688007,Login Issue,Medium,11.6
1894,15574331,Loan Query,Medium,5.0
1895,15574331,App Bug,Low,2.9
1896,15574331,Billing,Low,4.2
1897,15574331,Billing,High,43.9
1898,15645572,Billing,Medium,14.8
1899,15575417,Card Problem,High,35.2
1900,15575417,Card Problem,Low,1.3
1901,15664772,App Bug,Medium,8.5
ticket_1902,15576683,Billing,High,32.5
1903,15682563,Loan Query,Medium,5.1
1904,15682563,Loan Query,Low,2.0
1905,15650889,App Bug,Medium,11.1
1906,15650889,Card Problem,Medium,11.7
1907,15650889,Fraud Alert,Medium,4.2
1908,15612108,Loan Query,Critical,26.3
1909,15645511,Loan Query,Low,2.2
1910,15609824,Fraud Alert,Medium,16.8
1911,15609824,Card Problem,Critical,68.7
1912,15609824,Billing,Low,3.3
1913,15645778,Login Issue,High,18.4
1914,15645778,Login Issue,Low,2.5
1915,15645778,Loan Query,High,24.4
1916,15691104,Login Issue,Medium,10.1
1917,15691104,Fraud Alert,Low,3.1
ticket_1918,15691104,Loan Query,Medium,8.0
1919,15777826,Billing,Medium,11.8
1920,15576162,Billing,High,35.9
1921,92833063,App Bug,Medium,4.5
1922,15635435,Loan Query,Low,2.4
1923,15635435,Card Problem,Medium,18.1
1924,15596552,Loan Query,High,14.7
1925,15623644,Login Issue,Low,2.9
1926,15683403,Login Issue,High,38.3
1927,15683403,Fraud Alert,High,41.9
1928,15615029,App Bug,Medium,9.0
1929,15615029,Fraud Alert,Medium,4.1
1930,15722364,Billing,High,15.9
1931,15704954,Billing,Low,1.8
1932,15694409,Billing,Medium,11.1
1933,15683841,Login Issue,Critical,53.2
1934,15789095,Loan Query,NULL,2.3
1935,15789095,Card Problem,High,34.0
1936,15719958,Loan Query,Low,2.6
1937,15719958,App Bug,,1.2
1938,15689514,Billing,High,46.9
1939,15627232,App Bug,Low,4.2
1940,15745843,Fraud Alert,Medium,9.9
1941,15745843,Billing,Low,2.7
1942,15745843,App Bug,High,34.2
1943,15722902,Card Problem,High,53.7
1944,15791767,Login Issue,Medium,8.9
1945,15791767,App Bug,Critical,50.8
1946,15791767,Billing,Low,2.0
1947,15792722,Login Issue,Medium,5.9
1948,15792722,App Bug,Medium,6.7
1949,15723006,Billing,Low,1.5
1950,15771942,App Bug,Low,1.2
1951,15771942,Billing,Low,4.5
1952,15771942,Fraud Alert,Low,2500.0
1953,15574004,App Bug,Medium,8.5
1954,15587233,Billing,  Medium  ,12.8
1955,15587233,App Bug,Low,4.5
1956,15808228,App Bug,High,13.4
1957,15808228,Billing,Low,2.1
1958,15808228,Fraud Alert,Medium,11.3
1959,15808228,Fraud Alert,Low,2.3
1960,15571752,Billing,Low,1.5
1961,15571752,Card Problem,Medium,6.4
1962,15743067,Fraud Alert,Medium,6.2
1963,15743067,Card Problem,Low,2.5
1964,15743067,Billing,Medium,8.3
1965,15714466,Login Issue,Low,3.1
1966,15714466,Fraud Alert,Low,1.5
1967,15714466,Card Problem,High,49.5
1968,15714466,Fraud Alert,High,23.9
1969,15617982,Billing,Medium,9.3
1970,15617982,Card Problem,Low,-1
1971,15690647,  Billing  ,Medium,16.5
1972,15690647,Loan Query,High,20.2
1973,15674526,Billing,Medium,10.5
1974,15674526,Billing,High,34.7
1975,15775295,Loan Query,Medium,5.4
1976,15775295,CARD PROBLEM,Medium,7.6
1977,15775295,Card Problem,Medium,18.3
1978,15775295,Login Issue,Medium,18.4
1979,15684196,Login Issue,High,32.7
1980,34696131,Loan Query,Medium,7.4
1981,15787835,Login Issue,Low,2.3
1982,15787835,Billing,Medium,13.0
1983,15730540,  App Bug  ,Low,2.6
1984,15730540,Fraud Alert,High,20.0
1985,15646276,Fraud Alert,High,2500.0
1986,15582180,App Bug,Low,2.7
1987,15582180,Fraud Alert,Medium,8.2
1988,15582180,Fraud Alert,Medium,8.2
1989,15697095,App Bug,High,12.4
1990,15697095,Login Issue,Medium,4.1
1991,15697095,Loan Query,Low,2.1
1992,15748797,Login Issue,High,31.9
1993,15748797,Login Issue,High,39.0
1994,15748797,Login Issue,Medium,9.7
1995,15754796,Loan Query,Low,1.1
1996,15754796,Fraud Alert,Low,2.6
1997,15628947,Loan Query,High,38.2
1998,15628947,Billing,Low,2.4
1999,15628947,Loan Query,Unknown,3.8
2000,15613282,Billing,Low,1.9
2001,15613282,Fraud Alert,High,33.3
2002,15721487,Unknown,Medium,4.7
2003,15612494,Loan Query,High,34.8
2004,15612494,Loan Query,Low,4.7
2005,15629617,App Bug,Medium,5.4
2006,15629617,Billing,Low,2.9
2007,15600821,App Bug,High,27.3
2008,15600821,Billing,Medium,11.1
2009,15814268,Fraud Alert,Medium,6.3
2010,15814268,Loan Query,Medium,8.7
2011,15814268,Login Issue,Medium,10.7
2012,15814268,Billing,Critical,37.8
2013,15710164,Login Issue,Medium,5.0
2014,15710164,Fraud Alert,High,55.5
2015,15693904,Loan Query,Medium,6.1
2016,15797733,Card Problem,Medium,5.3
2017,15797733,App Bug,Low,2.5
2018,15797733,  Login Issue  ,Low,2.2
2019,15620507,NULL,Medium,8.8
2020,15685150,Loan Query,High,34.5
2021,15685150,App Bug,High,25.5
2022,15705657,App Bug,Low,1.5
2023,15705657,App Bug,Low,2.1
2024,15753969,App Bug,Medium,6.9
2025,15742378,Login Issue,High,29.7
2026,15794874,Fraud Alert,Medium,5.4
2027,15794874,Loan Query,Low,1.0
2028,15589221,Loan Query,Medium,4.4
2029,15589221,Billing,Critical,65.3
2030,48119483,Login Issue,High,56.7
2031,15596671,Login Issue,Critical,44.7
2032,15596671,Loan Query,Low,3.1
2033,15583668,App Bug,Low,2.7
2034,15583668,App Bug,Low,2.9
2035,15583668,Card Problem,Low,1.7
2036,15583668,Loan Query,Medium,6.3
2037,15710206,Login Issue,Low,Unknown
2038,15710206,Login Issue,Medium,6.6
2039,15710206,Fraud Alert,Low,2.0
2040,15626485,Billing,High,30.8
2041,15626485,Fraud Alert,Low,2.0
2042,15626485,Login Issue,Critical,54.2
2043,15809772,Loan Query,High,17.6
2044,15809772,Login Issue,Low,1.8
2045,15809772,App Bug,Low,1.3
2046,15687959,Fraud Alert,Low,2.2
2047,15596021,Login Issue,Low,N/A
2048,15742632,Card Problem,Low,1.6
2049,15742632,Fraud Alert,High,12.1
2050,15574068,Login Issue,Low,1.6
2051,15806967,Loan Query,Medium,7.8
2052,15806967,Fraud Alert,Low,2.0
2053,15796334,Login Issue,Low,4.2
2054,15688713,Loan Query,Low,1.4
2055,15796179,Fraud Alert,High,30.4
2056,15598751,Fraud Alert,High,52.9
2057,15703019,Loan Query,Low,1.1
2058,15703019,Card Problem,Low,1.6
2059,15703019,Loan Query,High,28.1
2060,15646302,Card Problem,Medium,11.5
2061,15697311,Billing,Medium,4.6
2062,15697311,Login Issue,Low,2.1
2063,15585367,Card Problem,Low,2.7
2064,15585367,App Bug,Low,2.8
2065,15676242,Login Issue,Medium,9.0
2066,15676242,Loan Query,Medium,12.6
2067,15676242,Fraud Alert,Low,2.2
2068,15774882,Billing,Critical,99.9
2069,15774882,Card Problem,Medium,11.1
2070,15774882,Fraud Alert,Medium,18.2
2071,15714227,Card Problem,Medium,9.6
2072,15608653,Loan Query,Low,4.9
2073,15608653,Fraud Alert,Medium,8.8
2074,15784280,Loan Query,High,32.4
2075,15784280,Fraud Alert,Low,2.2
2076,15789546,Fraud Alert,Medium,7.5
2077,15590320,Login Issue,High,12.9
2078,15590320,Billing,Medium,9.8
2079,15678385,App Bug,High,19.3
2080,15678385,App Bug,Medium,5.3
2081,15571778,Fraud Alert,Low,2.0
2082,15571778,Billing,Low,4.6
2083,15571778,Billing,Medium,N/A
2084,15571778,Billing,Low,1.7
2085,15657085,Card Problem,Medium,7.1
2086,15640627,App Bug,Low,2.4
2087,15640627,Login Issue,Low,2.6
2088,15566211,Billing,Medium,17.9
2089,15669293,Billing,Low,2.8
2090,15669293,Card Problem,Medium,10.5
2091,15669293,App Bug,High,26.5
2092,15753566,Card Problem,Medium,4.0
2093,15753566,Loan Query,Medium,6.3
2094,15650391,Fraud Alert,Medium,one hour
2095,15814846,Loan Query,Medium,14.6
2096,15814846,Billing,Medium,12.1
2097,15670374,Loan Query,Critical,60.8
2098,15762332,Card Problem,  High  ,15.3
2099,15762332,Card Problem,High,24.7
2100,15700223,Billing,Low,1.9
2101,15729956,Billing,  Medium  ,7.2
2102,15594862,Fraud Alert,Medium,9.4
2103,15594862,Card Problem,Medium,7.6
2104,15594862,Login Issue,Low,1.5
2105,15745080,App Bug,Medium,9.0
2106,15703399,Billing,Low,2.1
2107,15732175,Loan Query,Medium,6.7
2108,15630725,App Bug,Medium,14.4
2109,15630725,Login Issue,Medium,13.9
2110,15583748,Loan Query,Medium,5.0
2111,15583748,App Bug,Low,1.6
2112,15583748,Billing,Low,1.5
2113,15605968,Login Issue,Low,3.0
2114,15605968,Login Issue,Low,1.6
2115,15605968,App Bug,Medium,8.2
2116,15605968,Card Problem,Medium,9.8
2117,15790683,Loan Query,Low,2.0
2118,15607713,Loan Query,Low,2.4
2119,15607713,Loan Query,Low,2.5
2120,15700212,Billing,Medium,5.3
2121,15700212,Fraud Alert,Low,2.1
2122,15700212,Login Issue,Low,4.0
2123,15626710,Fraud Alert,Medium,5.3
2124,15716491,Billing,High,42.1
2125,15716491,Billing,Low,4.8
2126,15716491,Login Issue,Medium,13.1
2127,15625824,Fraud Alert,Medium,16.1
2128,15625824,Loan Query,Medium,5.2
2129,15625824,App Bug,Medium,7.8
2130,15625824,Fraud Alert,High,25.0
2131,15617705,Billing,Low,2.5
2132,15761976,Loan Query,Medium,7.3
2133,15634891,App Bug,Medium,13.8
2134,15634891,Loan Query,High,34.0
2135,15744517,Card Problem,High,51.3
2136,97244709,Login Issue,Medium,4.8
2137,15808189,Loan Query,Medium,7.6
2138,15808189,Loan Query,Medium,5.9
2139,15808189,Loan Query,Low,1.6
2140,15808189,Login Issue,Low,2.8
2141,15580845,Card Problem,Medium,8.8
2142,15694296,Card Problem,High,31.4
2143,15694296,Card Problem,Medium,5.0
2144,15677049,Login Issue,Low,2.5
2145,15583595,Card Problem,Low,2.8
2146,15583595,Card Problem,Low,1.5
2147,15583595,Login Issue,Low,2.6
2148,15590146,,Low,3.0
2149,15801548,Billing,Low,1.2
2150,15801548,Billing,Critical,67.8
2151,15660833,Login Issue,Medium,8.3
2152,15660833,Billing,High,N/A
2153,15660833,login issue,Medium,8.6
2154,15660833,Loan Query,Medium,4.6
2155,15762277,Billing,High,29.7
2156,15791302,Login Issue,High,27.9
2157,15798975,Login Issue,High,17.7
2158,15798975,Fraud Alert,Medium,17.2
2159,15798975,Login Issue,Medium,17.8
2160,15701200,Card Problem,High,34.3
2161,15786199,App Bug,Low,1.1
2162,15701765,Fraud Alert,Low,1.4
2163,15586974,App Bug,Low,2.5
2164,15788676,App Bug,Medium,6.8
2165,15786800,Billing,Medium,16.2
2166,15786800,Login Issue,Medium,13.1
2167,15786800,App Bug,Low,4.5
2168,15720662,Billing,Medium,6.3
2169,15653595,  Billing  ,Medium,4.5
2170,15653595,Billing,Low,3.0
2171,15653595,Login Issue,Medium,6.8
2172,15653595,Loan Query,Medium,5.0
2173,15781210,Login Issue,Medium,4.6
2174,15668058,Login Issue,Low,2.6
2175,15668058,  Billing  ,Low,1.9
2176,15697283,Fraud Alert,Low,3.0
2177,15640953,Billing,Low,1.6
2178,15589660,Fraud Alert,Medium,9.6
2179,15769818,Card Problem,Medium,9.3
2180,15769818,Billing,,2.2
2181,15782736,App Bug,Low,1.3
2182,15723411,Loan Query,Medium,11.6
2183,15723411,Billing,High,20.4
2184,15797686,Fraud Alert,Low,1.9
2185,15605950,Fraud Alert,High,N/A
2186,15605950,App Bug,Low,2.0
2187,15690678,Fraud Alert,Critical,69.4
2188,36876890,Loan Query,Medium,5.9
2189,15747677,Billing,Medium,10.8
2190,15618926,Card Problem,Low,2.7
2191,15618926,login issue,Low,2.8
2192,15673908,App Bug,Low,1.8
2193,15618581,Billing,Medium,8.7
2194,15584364,App Bug,Medium,16.4
2195,15584364,Card Problem,Medium,15.0
2196,15584364,Card Problem,Low,4.6
2197,15749177,Fraud Alert,Medium,4.2
2198,15718779,Card Problem,Medium,9.9
2199,15709994,Loan Query,Low,3.5
2200,15709994,App Bug,Medium,10.5
2201,15709994,Card Problem,Medium,999.0
2202,15772777,Login Issue,Low,2.2
2203,15772777,Billing,Medium,6.8
2204,15772777,Login Issue,High,23.6
2205,15772777,Billing,High,19.2
2206,15618018,Login Issue,Low,2.4
ticket_2207,15618018,App Bug,Medium,5.2
2208,15671032,Login Issue,Low,1.6
2209,15634281,App Bug,Low,1.9
2210,15634281,Billing,Medium,10.5
2211,15766374,Billing,Low,1.5
2212,15766374,Login Issue,Low,2.8
2213,15766374,Card Problem,Low,1.3
2214,15600991,Billing,High,52.4
2215,15600991,Card Problem,Low,3.6
2216,15600991,Login Issue,Low,4.6
2217,15600991,Billing,Low,3.4
2218,15649523,Fraud Alert,Critical,39.4
2219,15649523,Billing,Medium,6.9
2220,15649523,  Billing  ,Low,2.8
2221,15649523,Card Problem,Low,2.7
2222,15651063,Fraud Alert,Low,2.6
2223,15683124,Billing,Low,3.3
2224,15683124,Login Issue,Medium,14.7
2225,15618314,Loan Query,Low,1.2
2226,15670823,App Bug,Medium,11.9
2227,15607133,Card Problem,Medium,19.4
2228,15607133,Fraud Alert,High,56.8
2229,15607133,Loan Query,Medium,6.7
2230,15615012,App Bug,Low,1.1
2231,15615012,Loan Query,High,34.9
2232,81258166,Billing,Medium,11.8
2233,15725141,Loan Query,Medium,19.1
2234,15693018,App Bug,Medium,5.5
2235,15693018,Login Issue,Medium,11.7
2236,15693018,Loan Query,Medium,10.6
2237,15636756,Loan Query,Medium,10.3
2238,15647474,Login Issue,Medium,8.5
2239,15576714,Billing,Medium,8.7
2240,15585047,Card Problem,Low,1.2
2241,15743976,App Bug,Low,1.9
2242,15743976,Login Issue,High,20.4
2243,15793881,Card Problem,Low,2.7
2244,15793881,Login Issue,Medium,11.9
2245,15576517,Loan Query,Medium,5.9
2246,15576517,Card Problem,High,N/A
2247,15576517,billing,Medium,8.0
2248,15576517,Billing,Medium,7.6
2249,15631072,Fraud Alert,Low,2.1
2250,15730394,App Bug,Low,3.9
2251,13160091,Billing,High,56.2
2252,15730394,Card Problem,High,13.8
2253,15631460,Fraud Alert,Medium,9.7
2254,15631460,Card Problem,Low,2.9
2255,15631460,Card Problem,High,28.9
2256,15631460,Billing,Low,1.0
2257,15692002,Login Issue,Medium,7.1
2258,15692002,Loan Query,High,26.6
2259,15789548,Login Issue,Medium,11.2
2260,15789548,Card Problem,High,31.5
2261,15617518,Login Issue,Low,1.4
2262,15617518,Login Issue,Medium,11.2
2263,15651802,Fraud Alert,High,30.5
2264,15651802,App Bug,High,26.5
2265,15729668,Loan Query,Low,1.5
2266,15729668,App Bug,Medium,4.4
2267,15729668,App Bug,Critical,45.0
2268,15576676,Loan Query,Low,2.4
2269,15576676,App Bug,Low,1.8
2270,15711378,Login Issue,Medium,8.8
2271,15711378,  Card Problem  ,High,32.1
2272,15647842,Billing,Low,1.1
2273,15647842,App Bug,Critical,28.4
2274,15647842,Fraud Alert,Low,3.8
2275,15594404,Fraud Alert,Low,1.3
2276,15751158,Loan Query,High,50.8
2277,15751158,App Bug,Medium,14.7
2278,15695129,App Bug,Medium,10.7
2279,15695129,Billing,Medium,6.9
2280,15714080,App Bug,High,22.0
2281,15714080,Fraud Alert,High,25.5
2282,15648721,Login Issue,Critical,48.6
2283,15648721,App Bug,Medium,
2284,15648721,Card Problem,Low,2.9
2285,15648721,Card Problem,MEDIUM,8.9
2286,15750248,Fraud Alert,Medium,6.5
2287,15750248,Loan Query,Medium,8.6
2288,15758726,Billing,Low,2.2
2289,15758726,Login Issue,Medium,7.3
2290,15758726,App Bug,High,18.4
2291,15781553,Fraud Alert,High,42.9
2292,15781553,Card Problem,Medium,16.7
2293,15781553,Card Problem,Medium,16.2
2294,15781553,App Bug,Low,1.4
2295,15649121,App Bug,Low,2.8
2296,15649121,login issue,Low,3.8
2297,15674811,Card Problem,Critical,50.6
2298,15665695,Card Problem,High,13.3
2299,15801062,Fraud Alert,Medium,10.5
2300,15801062,Login Issue,  Low  ,1.0
ticket_2301,15770309,Card Problem,Medium,8.1
2302,15770309,Loan Query,Medium,4.6
2303,15770309,Card Problem,Low,2.5
2304,15657386,Loan Query,Medium,5.4
2305,15783955,Loan Query,Low,1.9
2306,15783955,Billing,Low,1.9
2307,15783955,Billing,Medium,9.4
2308,15804516,App Bug,High,16.7
2309,15804516,Billing,Low,2.4
2310,15804516,Fraud Alert,Critical,49.3
2311,15681758,Fraud Alert,Low,2.4
2312,15630321,App Bug,High,19.2
2313,15588248,Fraud Alert,Low,2.4
2314,15588248,Login Issue,N/A,36.9
2315,15591932,Fraud Alert,Low,2.3
2316,15810347,App Bug,High,24.0
2317,35859323,Loan Query,Medium,7.5
2318,15595303,Billing,Medium,18.9
2319,15685372,Fraud Alert,Low,1.9
2320,15685372,App Bug,Low,4.2
2321,15685372,Loan Query,Critical,54.3
2322,15685372,Loan Query,Low,5.0
2323,15745827,Billing,Low,1.0
2324,15745827,Login Issue,Medium,8.9
2325,15745827,App Bug,Medium,5.8
2326,15755868,Card Problem,Medium,9.2
2327,15735222,Login Issue,Low,1.8
2328,15604804,Card Problem,High,34.3
2329,15678626,Login Issue,Low,1.4
2330,15571550,Billing,Low,2.1
2331,15571550,Billing,Low,2.8
2332,15723053,App Bug,Medium,5.9
2333,15754177,Card Problem,High,26.7
2334,15683544,Billing,Low,2.8
2335,15683544,Loan Query,Low,2.4
2336,15683544,Login Issue,Low,2.0
2337,15708048,Card Problem,Medium,9.3
2338,15651533,Fraud Alert,Low,3.5
2339,15777904,Loan Query,Low,1.9
2340,15655574,Card Problem,Low,2.7
2341,15569423,Fraud Alert,Low,2.2
2342,15569423,Fraud Alert,Low,1.9
2343,15718106,Card Problem,Low,1.1
2344,15675501,Unknown,Medium,8.0
2345,15633233,Fraud Alert,Low,2.3
2346,15659105,Fraud Alert,High,unknown
2347,15575409,Loan Query,High,35.6
2348,15752342,Card Problem,High,39.7
2349,15654851,Billing,High,23.5
2350,15654851,Billing,Critical,30.3
2351,15741429,Fraud Alert,Low,2.6
2352,15741429,Billing,Medium,7.5
2353,15682356,App Bug,High,22.7
2354,15800229,Fraud Alert,Medium,9.7
2355,15791991,Card Problem,Low,2.7
2356,15791991,Loan Query,Medium,five
2357,15791991,App Bug,High,30.5
2358,15775082,Card Problem,Low,1.9
2359,15775082,Fraud Alert,Medium,8.7
2360,15775082,Login Issue,High,13.2
2361,15775082,Billing,Medium,5.7
2362,15579706,Fraud Alert,Low,3.5
2363,15579706,Login Issue,High,43.8
2364,15718247,Fraud Alert,Low,2.2
2365,15718247,Login Issue,High,24.7
2366,15718247,Card Problem,High,36.0
2367,15718247,App Bug,Low,2.8
2368,89361408,App Bug,High,15.1
2369,15582259,Card Problem,Medium,8.8
2370,15582259,Card Problem,High,35.6
2371,15582259,Login Issue,Low,1.0
2372,15716994,App Bug,Low,4.7
2373,15716994,Fraud Alert,Low,2.1
2374,15780835,Login Issue,Low,1.9
2375,15780835,App Bug,Low,2.7
2376,15675896,Fraud Alert,High,43.4
2377,15675896,Login Issue,High,41.2
2378,15675896,Card Problem,Low,2.1
2379,15658459,Fraud Alert,High,14.5
2380,15658057,Billing,Low,5.0
2381,15658057,Loan Query,Medium,5.0
2382,15569178,Loan Query,Low,2.7
2383,15569178,Loan Query,High,21.6
2384,15731478,Fraud Alert,High,23.4
2385,15731478,Login Issue,Medium,11.2
2386,15662758,Login Issue,Medium,10.0
2387,15709387,Fraud Alert,,2.0
2388,15709387,Card Problem,Low,2.2
2389,15713826,Login Issue,High,16.8
2390,15589348,Billing,Medium,4.4
2391,15589348,Card Problem,Low,1.1
2392,15804610,Card Problem,Low,2.4
2393,15700854,Card Problem,Medium,11.0
2394,15700854,Loan Query,Low,4.8
2395,15758836,Loan Query,High,20.6
2396,15758836,Loan Query,Medium,6.6
2397,15809006,  Billing  ,Low,2.9
2398,15809006,Billing,Low,1.5
2399,15809006,Card Problem,Low,1.5
2400,15689612,Billing,Medium,9.5
2401,15704250,App Bug,NULL,7.0
2402,15700255,Login Issue,Low,2.6
2403,15700255,Card Problem,Low,2.4
2404,15700255,Login Issue,Critical,59.0
2405,15700255,App Bug,Low,9999.0
ticket_2406,15669410,Card Problem,Medium,11.8
2407,15664523,Billing,Medium,10.0
2408,15664523,Loan Query,Low,2.6
2409,15664523,Loan Query,Low,1.1
2410,15642833,Loan Query,Critical,44.5
2411,15642833,Fraud Alert,Medium,10.2
2412,15642833,Login Issue,Low,2.6
2413,15605279,Billing,Medium,8.5
2414,15605279,Billing,Low,1.7
2415,15605279,App Bug,High,59.5
2416,15750466,App Bug,Low,1.0
2417,15750466,Loan Query,Low,2.7
2418,15612771,App Bug,Medium,11.8
2419,15612771,Card Problem,High,15.2
2420,15788483,Login Issue,Critical,49.9
2421,15732832,Login Issue,Medium,7.2
2422,15732832,Login Issue,Low,2.9
2423,15732832,Card Problem,Low,1.6
2424,15567993,Card Problem,High,14.5
2425,15744983,Card Problem,Low,1.8
2426,15744983,Billing,Critical,30.1
2427,15630419,Card Problem,Low,1.7
2428,15778025,Login Issue,Medium,9.2
2429,15778025,Loan Query,Medium,6.4
2430,15778025,Billing,High,35.6
2431,15778025,Billing,Medium,4.3
2432,15799479,App Bug,Low,1.0
2433,15799479,Billing,Critical,-1.0
2434,15799479,App Bug,Medium,5.6
2435,15684269,Billing,Low,4.5
2436,15684269,Login Issue,Medium,5.9
2437,15762745,App Bug,Low,2.4
2438,15746970,Card Problem,Medium,9.5
2439,15746970,App Bug,Medium,11.5
2440,15725024,Billing,High,22.4
2441,15574879,Billing,Low,2.1
2442,15574879,Card Problem,Low,1.2
2443,15675320,App Bug,High,16.6
2444,15675320,Card Problem,High,20.4
2445,15643824,Card Problem,Critical,60.6
2446,15643438,Billing,Low,1.9
2447,15752508,Fraud Alert,Low,2.8
2448,15808846,Login Issue,Low,2.4
2449,15727251,App Bug,Medium,7.6
2450,15727251,Card Problem,Low,2.3
2451,15663489,Loan Query,High,34.1
2452,15663489,Loan Query,Medium,5.6
2453,15663489,Billing,Medium,10.9
2454,15683677,Fraud Alert,Medium,10.3
2455,15683677,Loan Query,Low,2.5
2456,15683677,Loan Query,Low,2.2
2457,15683677,Loan Query,Low,2.2
2458,15742638,Card Problem,Medium,9.9
2459,15682533,Card Problem,Low,1.5
2460,15765694,Login Issue,High,33.2
2461,15765694,App Bug,Medium,18.4
2462,15659486,App Bug,Medium,4.6
2463,15659486,Login Issue,Medium,10.7
2464,15659486,Login Issue,Medium,9.2
2465,15659486,Login Issue,Low,1.0
2466,15568963,Loan Query,Medium,7.4
2467,15703820,Card Problem,High,59.7
2468,15703820,Login Issue,Medium,11.6
2469,15569410,Loan Query,High,34.7
2470,15724466,Card Problem,Medium,10.9
2471,15724466,Billing,Low,1.4
2472,15724466,Card Problem,Medium,4.5
2473,15777639,Fraud Alert,Medium,8.5
2474,15777639,App Bug,Low,1.9
2475,15802501,Card Problem,High,23.1
2476,15778410,Loan Query,Medium,13.2
2477,15778410,Login Issue,Low,1.1
2478,15670702,Loan Query,High,31.5
2479,15670702,App Bug,High,14.4
2480,15670702,Billing,High,13.2
2481,15670702,Fraud Alert,Medium,10.1
2482,15704763,Card Problem,High,34.6
2483,15704763,Billing,Low,4.3
2484,15645544,Loan Query,Low,2.3
2485,15757646,Fraud Alert,Medium,10.3
2486,15757646,App Bug,Medium,4.5
2487,15701121,Card Problem,Low,4.0
2488,12200855,Card Problem,Medium,8.7
2489,15796313,Login Issue,Medium,9999.0
2490,15602844,Loan Query,Low,2.7
2491,15636238,Loan Query,Medium,6.3
2492,15636238,Fraud Alert,Low,2.2
2493,15770101,Card Problem,Medium,5.4
2494,15770101,App Bug,Medium,
2495,15770101,App Bug,High,35.0
2496,15770101,App Bug,Low,2.7
2497,15645543,App Bug,Medium,5.7
2498,15770525,Card Problem,Low,1.9
2499,15684267,Login Issue,High,30.3
2500,15684267,Card Problem,Low,2.6
2501,15684267,App Bug,High,N/A
2502,15684267,Login Issue,MEDIUM,9.0
2503,15802256,Fraud Alert,Low,1.3
2504,15802256,,Medium,4.5
2505,15802256,Card Problem,Low,1.9
2506,63033589,Card Problem,Medium,4.6
2507,15674851,Fraud Alert,Medium,5.4
2508,15674851,Fraud Alert,low,3.0
2509,15673342,App Bug,Medium,9.8
2510,15673342,Billing,Critical,30.8
2511,15673342,App Bug,Low,2.7
2512,15601008,Fraud Alert,High,18.5
2513,15601008,Card Problem,Critical,2500.0
2514,15601008,Billing,Medium,11.7
2515,15601008,Loan Query,Low,1.1
2516,15642002,Billing,Medium,5.4
2517,15642002,App Bug,High,19.5
2518,15642002,Billing,Low,2.0
2519,15642002,Card Problem,Medium,9.1
2520,15693381,Fraud Alert,Low,2.0
2521,15693381,App Bug,Critical,28.1
2522,15589380,Loan Query,Critical,32.9
2523,15603846,Billing,Medium,6.2
2524,15603846,Fraud Alert,Low,2.7
2525,15753549,Fraud Alert,Medium,15.1
2526,15753549,Fraud Alert,Low,3.4
2527,15753549,Card Problem,Critical,112.6
2528,15753549,Login Issue,Medium,15.4
2529,15625641,App Bug,Medium,6.1
2530,15746451,Login Issue,High,27.9
2531,15777922,App Bug,Medium,8.2
2532,15606841,App Bug,Medium,11.3
2533,15606841,App Bug,Low,1.8
2534,15757648,Loan Query,Low,1.3
2535,15677173,Loan Query,Medium,
2536,52088879,Card Problem,Medium,10.4
2537,63452091,Loan Query,Medium,6.7
2538,15677173,App Bug,High,32.3
2539,15610446,App Bug,Low,3.6
2540,15610446,Login Issue,Low,one hour
2541,15610446,App Bug,Medium,16.4
2542,15610446,Billing,Medium,10.7
2543,15612776,App Bug,High,23.6
2544,15612776,Card Problem,High,33.6
2545,15774931,Login Issue,Medium,5.4
2546,15774931,Fraud Alert,Low,3.0
2547,15774931,App Bug,Medium,9999.0
2548,15774931,Login Issue,NULL,1.4
2549,15779247,Billing,High,17.3
2550,15779247,Login Issue,High,15.3
2551,15707078,Card Problem,Medium,9.4
2552,15707078,App Bug,Low,2.5
2553,15605263,Billing,Medium,8.2
2554,15605263,Login Issue,Low,1.8
ticket_2555,15607381,Loan Query,High,31.8
2556,15683471,Billing,Medium,4.6
2557,15605037,App Bug,Low,2.3
2558,15576085,Fraud Alert,Low,1.5
2559,15576085,Fraud Alert,Critical,28.7
2560,15576085,Card Problem,Low,3.0
2561,15576085,,Medium,11.9
2562,15592994,Card Problem,Low,2.7
2563,15624068,Fraud Alert,Low,2.8
2564,15595221,Card Problem,Low,2.6
2565,15637131,Login Issue,Medium,11.1
2566,15637131,App Bug,High,22.2
2567,15637131,Billing,Medium,8.4
2568,15613471,,Medium,4.7
2569,15583499,Login Issue,Medium,10.1
2570,15804075,Loan Query,Low,1.9
2571,15797389,Card Problem,Medium,7.3
2572,15797389,Fraud Alert,High,34.3
2573,15797389,Login Issue,Medium,9.7
2574,15621432,Loan Query,Critical,30.5
2575,15621432,Login Issue,Medium,4.3
2576,15779390,Loan Query,Low,1.8
2577,15711219,Billing,Critical,108.6
2578,15711219,Loan Query,Low,3.3
2579,15711219,Login Issue,Medium,9.0
2580,15711219,Billing,Medium,4.4
2581,15573893,Loan Query,Medium,11.7
2582,15740104,Billing,Medium,11.4
2583,15740104,Billing,High,27.5
2584,15740104,App Bug,Medium,16.0
2585,15740104,Fraud Alert,Medium,12.1
2586,15605275,App Bug,Medium,15.5
2587,15605275,Billing,Medium,17.5
2588,15605275,Billing,Low,2.0
2589,15572467,Loan Query,Medium,9.6
2590,15572467,Loan Query,Low,2.7
2591,15738219,Login Issue,Medium,5.7
2592,15804394,Loan Query,Medium,8.0
2593,15694188,Billing,Critical,42.8
2594,15802478,Fraud Alert,Low,1.3
2595,15619343,Billing,Low,3.1
2596,15619343,Card Problem,Low,1.4
2597,15758813,Fraud Alert,Medium,16.0
2598,15758813,Fraud Alert,High,51.9
2599,15758813,Billing,High,23.1
2600,15758813,Fraud Alert,Medium,15.8
2601,15761374,Login Issue,Medium,11.2
2602,15761374,App Bug,Medium,4.6
2603,15788539,Card Problem,Low,1.5
2604,15747222,App Bug,Medium,11.6
2605,15589076,Fraud Alert,High,28.9
2606,15812338,Card Problem,Low,2.3
2607,15812338,Login Issue,Medium,4.1
2608,15812338,Login Issue,Medium,4.7
2609,15758845,Loan Query,Low,1.6
2610,15758845,Loan Query,Low,1.1
2611,15758845,App Bug,Medium,6.0
2612,15758845,Fraud Alert,High,35.6
2613,15685844,Loan Query,Critical,57.0
2614,15583090,Loan Query,High,13.0
2615,15587581,Fraud Alert,MEDIUM,4.7
2616,15587581,Loan Query,Low,2.3
2617,50587014,App Bug,Low,1.9
2618,15573741,Fraud Alert,Medium,6.4
2619,15711455,Billing,Low,3.1
2620,15711455,Card Problem,Medium,5.0
2621,15690925,App Bug,,8.9
2622,15690925,Billing,Medium,18.7
2623,15690925,Loan Query,Low,2.2
2624,15780746,Card Problem,Low,2.5
2625,15780746,App Bug,Medium,11.9
2626,15780746,App Bug,Low,2.1
2627,15778190,App Bug,Medium,5.0
2628,15778190,Billing,Low,2.1
2629,15786852,Fraud Alert,Low,2.7
2630,15726494,Card Problem,Low,3.8
2631,15726494,Login Issue,Medium,-5.0
2632,15726494,Login Issue,High,18.4
2633,15805312,Login Issue,Low,1.2
2634,15805312,Fraud Alert,High,16.1
2635,85248871,Billing,Medium,7.5
2636,15636572,Fraud Alert,Medium,6.8
2637,15636572,Loan Query,Low,1.9
2638,15636572,Login Issue,Low,1.5
2639,15740164,Billing,Low,2.2
2640,15740164,App Bug,Low,2.9
2641,15574947,Card Problem,Low,2.8
2642,15574947,Card Problem,Low,1.7
2643,15574947,Loan Query,High,28.5
2644,15597909,Fraud Alert,Critical,59.1
2645,15782574,  Billing  ,Low,2.7
2646,15782574,Billing,Medium,10.6
ticket_2647,15734999,Card Problem,Low,2.7
2648,15734999,Fraud Alert,Medium,10.6
2649,15706593,Billing,Low,2.2
2650,15706593,Loan Query,Low,3.0
2651,15766686,Fraud Alert,Medium,4.9
2652,15590268,App Bug,Medium,4.7
2653,15763055,Loan Query,Low,2.5
2654,15763055,Fraud Alert,Low,2.7
2655,15664754,App Bug,Low,1.9
2656,15664754,Loan Query,Critical,47.6
2657,15664754,Login Issue,Low,2.6
2658,15643630,Login Issue,Low,2.3
2659,15643630,Login Issue,Medium,7.4
2660,15641043,Billing,Low,2.0
2661,15641043,Billing,Medium,11.6
2662,15641043,Fraud Alert,Medium,8.7
2663,15768095,Billing,Medium,9.4
2664,15811314,Loan Query,Low,1.3
2665,15707114,Card Problem,Medium,6.7
2666,15707114,Login Issue,High,30.6
2667,15670602,Fraud Alert,Low,2.4
2668,15713479,Card Problem,Medium,8.1
2669,15713479,App Bug,Low,1.4
2670,15663830,App Bug,Medium,4.8
2671,15680918,App Bug,Low,2.9
2672,15680918,Billing,Low,1.5
2673,15680918,Billing,Medium,9.0
2674,15680918,Billing,Medium,7.2
2675,15663921,Fraud Alert,Medium,6.3
2676,15716324,Fraud Alert,Medium,11.3
2677,15773487,Card Problem,Low,2.3
2678,15773487,Loan Query,High,14.7
2679,15783398,Fraud Alert,Low,2.1
2680,15649418,Loan Query,Low,1.1
2681,15604588,Loan Query,Low,2.7
2682,15604588,Fraud Alert,Medium,7.1
2683,15735428,Fraud Alert,Medium,five
2684,15735428,Login Issue,Low,3.0
2685,15629078,App Bug,Medium,11.8
2686,15629078,Login Issue,Medium,19.2
2687,15806880,Fraud Alert,,1.2
2688,15806880,  Billing  ,Low,2.2
2689,15806880,Fraud Alert,Low,2.9
2690,15781034,Loan Query,Critical,63.0
2691,15622017,Fraud Alert,Low,2.6
2692,15622017,Billing,Medium,4.2
2693,15705885,Card Problem,Low,2.0
2694,15705885,Login Issue,Medium,7.0
2695,15705885,,High,30.3
2696,15608387,Login Issue,Low,2.5
2697,15810786,Loan Query,Medium,10.8
2698,15810786,Loan Query,Low,2.2
2699,15773605,Billing,Medium,8.1
2700,15811261,Fraud Alert,High,31.5
2701,15590606,Card Problem,Medium,10.3
2702,15576644,Billing,Low,2.4
2703,15750264,Loan Query,Medium,7.9
2704,15750264,Card Problem,Critical,49.3
2705,15769051,Card Problem,MEDIUM,7.2
2706,15812198,Fraud Alert,High,54.7
2707,15812198,Billing,Medium,18.1
2708,15812198,Card Problem,High,46.5
2709,15812198,Billing,Medium,19.0
2710,15699772,Loan Query,Medium,12.3
2711,15739858,App Bug,High,34.8
2712,15739858,Login Issue,Low,4.8
2713,15638355,Card Problem,Medium,15.7
2714,15638355,app bug,Medium,12.1
2715,15638355,Billing,Medium,12.7
2716,15638355,Loan Query,Low,3.5
2717,15805637,Login Issue,Low,1.5
2718,15805637,Loan Query,Low,2.3
2719,15629575,Card Problem,High,42.6
2720,15629575,Card Problem,Low,1.9
2721,15586243,Billing,High,16.1
2722,15586243,Fraud Alert,Low,1.5
2723,15757931,App Bug,Low,1.2
2724,15757931,Card Problem,Medium,8.4
2725,15757931,Card Problem,Critical,24.4
2726,15716023,Billing,Medium,4.9
2727,15647782,App Bug,Medium,11.9
2728,15647782,Billing,Low,2.9
2729,32384304,Login Issue,Medium,12.9
2730,15716609,Card Problem,High,52.2
2731,15716609,Card Problem,High,37.8
2732,15623791,Loan Query,Medium,11.0
2733,15627262,App Bug,Medium,11.5
2734,15652693,Card Problem,Medium,18.8
2735,15586993,App Bug,High,34.6
2736,15584930,Card Problem,Medium,6.5
2737,15799031,Fraud Alert,High,15.1
2738,15799031,App Bug,Medium,7.1
2739,15799031,Card Problem,Low,2.8
2740,15810457,Card Problem,Medium,7.6
2741,15697879,Loan Query,Medium,5.0
2742,15697879,Card Problem,Low,1.1
2743,15799710,Loan Query,Low,1.3
2744,15659651,Fraud Alert,,15.2
2745,15659651,Loan Query,Low,1.9
2746,15737265,Loan Query,High,21.6
2747,15607347,Card Problem,High,29.1
2748,15607347,App Bug,High,18.2
2749,15607347,Billing,Unknown,15.0
2750,15615456,Fraud Alert,Low,3.1
2751,15589793,Billing,Low,2.2
2752,15589793,App Bug,Low,1.3
2753,15589793,Fraud Alert,MEDIUM,17.2
2754,15675190,Loan Query,Medium,8.9
2755,15675190,Login Issue,Medium,9.0
2756,15600734,App Bug,Medium,8.3
2757,15779176,Fraud Alert,Medium,14.1
2758,15779176,Loan Query,High,57.3
2759,15674922,App Bug,Low,2.4
2760,15674922,Login Issue,Low,4.1
2761,15674922,Card Problem,Medium,6.6
2762,15623647,App Bug,Medium,11.2
2763,15623647,Card Problem,Medium,10.3
2764,15668472,Login Issue,Low,2.2
2765,15692416,Fraud Alert,Medium,5.2
2766,15692416,Fraud Alert,High,20.6
2767,15692416,Billing,High,2500.0
2768,15692416,Billing,Medium,15.5
2769,15771139,Fraud Alert,Medium,5.4
2770,15738318,App Bug,Medium,14.8
2771,15738318,Card Problem,High,34.7
2772,15638463,App Bug,High,32.7
2773,15638463,Card Problem,Low,1.8
2774,15638463,Billing,Low,2.8
2775,15638463,Billing,Low,2.4
2776,15598088,Billing,Low,2.7
2777,15598088,Billing,Low,1.2
2778,15693468,Card Problem,  Low  ,1.6
2779,15671930,Login Issue,High,17.9
2780,15671930,Login Issue,Medium,10.2
2781,15780954,Card Problem,Low,1.5
2782,15780954,App Bug,Medium,11.4
2783,15780954,Card Problem,Low,1.0
2784,15700174,Loan Query,Medium,8.9
2785,15700174,App Bug,High,one hour
2786,15700174,App Bug,Medium,8.4
2787,44768275,Billing,Medium,9.8
2788,15635728,Card Problem,Low,1.0
2789,15635728,Card Problem,Medium,5.0
2790,15679283,Billing,Low,2.1
2791,15679283,Fraud Alert,Low,1.0
2792,15694192,Billing,Low,2.0
2793,15585901,App Bug,Low,1.2
2794,15585901,Login Issue,High,42.8
2795,15585901,App Bug,Low,3.1
2796,15775880,Billing,Low,3.0
2797,15630913,Login Issue,Low,2.7
2798,15630913,Loan Query,Low,N/A
2799,15587913,App Bug,Low,1.6
2800,15587913,Loan Query,Medium,9.6
2801,15627876,Fraud Alert,Low,1.4
2802,15627876,App Bug,Low,4.9
2803,15627876,Login Issue,Low,4.9
2804,15758606,Fraud Alert,High,54.6
2805,15657107,Loan Query,Low,4.4
2806,15622454,Billing,High,19.3
2807,15622454,App Bug,Low,2.4
2808,15775803,Billing,Medium,7.7
2809,15570859,App Bug,High,33.8
2810,15570859,App Bug,High,19.6
2811,15570859,Loan Query,Medium,11.1
2812,15570859,Card Problem,High,31.6
2813,15787189,Loan Query,Medium,14.7
2814,15787189,Card Problem,Medium,16.9
2815,15666055,Loan Query,Low,1.0
2816,15755678,App Bug,Medium,4.7
2817,15755678,Fraud Alert,Low,4.3
2818,15624781,Fraud Alert,Medium,7.4
2819,15567399,Loan Query,Medium,8.5
2820,15613656,Fraud Alert,Critical,32.6
2821,15734311,Card Problem,Low,1.3
2822,15657214,Billing,Low,2.4
2823,15725835,Loan Query,Low,1.9
2824,15725835,Card Problem,Low,-1.0
2825,15725835,App Bug,Low,2.5
2826,15745543,Billing,Low,3.0
2827,15745543,Loan Query,Medium,11.7
2828,15745543,Billing,Low,2.7
2829,15727384,Card Problem,Medium,16.4
2830,15727384,Loan Query,Low,1.8
2831,15666916,Fraud Alert,Low,1.2
2832,15732917,Billing,High,16.7
2833,15732917,Fraud Alert,Critical,94.4
2834,15612050,Loan Query,Low,2.3
2835,15612050,App Bug,Medium,-1
2836,15612050,Billing,High,32.1
2837,15726267,Loan Query,Medium,7.0
2838,15726267,Loan Query,Low,1.9
2839,15780124,Card Problem,High,21.7
2840,15715297,Billing,Low,2.4
2841,15715297,FRAUD ALERT,Low,1.3
2842,15602929,Login Issue,Low,1.3
2843,15696703,Loan Query,Low,2.0
2844,15756668,Fraud Alert,High,24.2
2845,15565779,Fraud Alert,Low,1.5
2846,15565779,Login Issue,High,13.5
2847,15761477,App Bug,Low,2.5
2848,15633043,Loan Query,Low,4.3
2849,15633043,Login Issue,Medium,7.3
2850,22386447,Card Problem,Medium,7.2
2851,15752953,App Bug,Critical,64.8
2852,15752953,Billing,Medium,11.5
2853,15603088,Card Problem,Medium,6.2
2854,15603088,Card Problem,Low,2.5
2855,15603088,Fraud Alert,Medium,10.4
2856,15606613,App Bug,Critical,115.8
2857,15635939,Login Issue,Low,2.8
2858,15635939,App Bug,Low,2.9
2859,15666043,Billing,High,31.0
2860,15746190,Login Issue,Low,2.0
2861,15746190,Billing,Medium,10.3
2862,15591357,Billing,Low,2.1
2863,15591357,Login Issue,Low,1.5
2864,15591357,Login Issue,Medium,11.4
2865,15591357,Card Problem,High,34.0
2866,15658716,Card Problem,NULL,8.1
2867,15658716,Billing,Low,3.4
2868,15658716,Card Problem,Medium,4.8
2869,15679909,Fraud Alert,Low,2.2
2870,15634262,App Bug,Low,1.3
2871,15634262,Loan Query,Medium,999.0
2872,15756875,Billing,Low,2.0
2873,15710743,Login Issue,Low,4.8
2874,15710743,Card Problem,Low,2.2
2875,15710743,Card Problem,Low,2.1
2876,15710743,Login Issue,Medium,10.3
2877,15595831,Loan Query,Low,2.8
2878,15595831,Billing,Medium,8.3
2879,15709846,Fraud Alert,Medium,11.3
2880,15566494,Login Issue,Low,2.1
2881,15733429,Login Issue,Medium,5.2
2882,15814536,Loan Query,Low,1.5
2883,15771702,Login Issue,High,15.2
2884,15723008,Login Issue,,6.2
2885,15723008,Login Issue,Low,3.2
2886,15723008,Loan Query,Low,1.5
2887,59125501,App Bug,High,27.1
2888,99803018,App Bug,Medium,9.5
2889,15792222,Fraud Alert,Medium,7.2
2890,15610686,Login Issue,Medium,8.2
2891,15610686,App Bug,Low,3.7
2892,15610686,Login Issue,Critical,104.8
2893,15610686,Loan Query,Low,3.0
2894,15730868,Fraud Alert,Critical,35.9
2895,15705991,Billing,Low,2.2
2896,15705991,Billing,Low,2.5
2897,15705991,Fraud Alert,Medium,6.8
2898,15705991,Login Issue,High,18.4
2899,15577078,Card Problem,Low,1.7
2900,15577078,Fraud Alert,Medium,12.2
2901,15577078,Card Problem,Critical,62.3
2902,15787655,Billing,Low,1.9
2903,15787655,Loan Query,Medium,10.1
2904,15787655,Billing,Medium,4.3
2905,15710295,Fraud Alert,Low,1.5
2906,15724443,App Bug,High,34.4
2907,15724443,Fraud Alert,Medium,11.4
2908,15571305,Billing,Critical,68.8
2909,15571305,Login Issue,Medium,16.6
2910,15571305,Billing,Medium,4.3
2911,15581840,Login Issue,Low,2.6
2912,15581840,Billing,High,30.4
2913,15772262,App Bug,Low,1.7
2914,15767794,Card Problem,Medium,5.6
2915,15767794,Login Issue,Critical,66.3
2916,15629338,Loan Query,High,43.7
2917,15629338,app bug,Low,5.0
2918,15750684,Card Problem,High,29.2
2919,15697214,Loan Query,Medium,10.6
2920,15697214,Billing,High,31.6
2921,15711015,Billing,Medium,8.0
2922,15573309,Fraud Alert,Low,2.1
2923,15573309,App Bug,High,23.6
2924,15573309,Billing,Low,1.8
2925,15573309,Loan Query,Medium,11.5
2926,15805303,App Bug,Medium,14.3
2927,15805303,Card Problem,Low,4.6
2928,15805303,Card Problem,Low,3.1
2929,15805303,Loan Query,Medium,6.7
2930,15744843,Billing,Medium,8.4
ticket_2931,15815626,Card Problem,Medium,19.4
2932,15815626,Loan Query,Medium,18.3
2933,15815626,App Bug,Low,3.2
2934,15813412,Loan Query,High,47.9
2935,15813412,Billing,Low,3.9
2936,15813412,App Bug,Low,4.4
2937,15813412,Card Problem,Low,2.5
2938,15809143,Card Problem,High,20.2
2939,15617617,Loan Query,Low,1.3
2940,15617617,Fraud Alert,Low,1.0
2941,15779738,Fraud Alert,Medium,5.2
2942,15779738,Card Problem,Low,1.4
2943,15668669,Billing,low,3.2
2944,15668669,Login Issue,Medium,13.8
2945,15668669,Login Issue,Low,3.3
2946,15668669,Loan Query,Critical,104.2
2947,15687477,Loan Query,Low,1.5
2948,15687477,Fraud Alert,Low,1.2
2949,15578908,Fraud Alert,Low,2.6
2950,15687658,Loan Query,Low,1.0
2951,15687658,App Bug,Low,1.4
2952,15687658,Login Issue,Low,4.7
2953,15687658,Login Issue,Medium,12.2
2954,15615020,Loan Query,Low,2.6
2955,15602551,Card Problem,High,31.0
2956,15602551,Fraud Alert,Medium,8.6
2957,15672945,App Bug,Low,1.7
2958,15672945,App Bug,Medium,4.9
2959,15672945,Login Issue,Low,1.7
2960,15757408,App Bug,Critical,29.8
2961,15757408,Login Issue,high,34.6
2962,15757408,Card Problem,High,57.6
2963,15757408,Loan Query,Low,3.4
2964,15806132,Card Problem,Critical,53.2
2965,15689168,Login Issue,Medium,6.6
2966,15689168,Billing,Medium,11.2
2967,15769216,App Bug,High,57.4
2968,15769216,Loan Query,Low,3.7
2969,15769216,Card Problem,Low,4.7
2970,15769216,Billing,Medium,17.9
2971,15593295,Billing,Low,1.1
2972,15593295,Fraud Alert,High,29.5
2973,15593295,Card Problem,Low,2.0
2974,15804814,Fraud Alert,Medium,7.4
2975,15719561,Billing,Low,2.5
2976,15719561,Fraud Alert,Low,2.2
2977,15719561,Card Problem,Low,2.0
2978,15615096,Loan Query,High,27.8
2979,15615096,Loan Query,Low,1.6
2980,15615096,App Bug,Medium,4.8
2981,15659931,Card Problem,Low,2.2
2982,15659931,Card Problem,Medium,7.7
2983,15659931,Billing,Low,3.6
2984,15659931,App Bug,High,34.1
2985,15714586,Login Issue,Medium,5.1
2986,15634949,Billing,High,24.6
2987,15589224,Login Issue,Medium,5.0
2988,15795990,Fraud Alert,Low,9999
2989,15603216,Card Problem,Medium,11.2
2990,15603216,Fraud Alert,Critical,33.2
2991,15603216,Loan Query,Low,3.0
2992,15631201,Login Issue,Medium,6.1
2993,15686255,Fraud Alert,Medium,9.2
2994,15746594,Loan Query,Low,2.2
2995,15718893,Loan Query,Low,1.9
2996,15718893,Card Problem,Low,2.9
2997,15718893,Login Issue,High,30.4
2998,15774857,App Bug,Medium,13.7
2999,15791836,Loan Query,Low,2.0
3000,15651554,Fraud Alert,Medium,14.1
3001,15651554,Card Problem,Low,1.1
3002,15583576,Fraud Alert,Low,2.3
3003,15732740,Login Issue,Critical,24.5
3004,15732740,Card Problem,Low,2.8
3005,15732740,Login Issue,Low,2.6
3006,15723320,Login Issue,Medium,9.5
3007,15723320,Loan Query,Low,2.2
3008,15603851,Loan Query,Medium,14.0
3009,15777923,App Bug,Low,1.6
3010,15777923,Loan Query,Medium,11.4
3011,15735719,Login Issue,Low,2.8
3012,15703482,Login Issue,High,21.4
3013,15664881,Loan Query,Medium,7.9
3014,15757568,Billing,Low,1.5
3015,15599722,Card Problem,High,51.7
3016,15599722,Billing,Low,4.7
3017,15726354,Fraud Alert,Low,2.0
3018,15610355,App Bug,Low,1.5
3019,15704284,Login Issue,Low,1.3
3020,15621893,Login Issue,Medium,7.5
3021,15621893,Loan Query,Medium,7.8
3022,15688619,Loan Query,Low,1.3
3023,15688619,App Bug,Low,1.8
3024,15688619,Loan Query,Medium,6.4
3025,15765518,Loan Query,Low,2.8
3026,15765518,Card Problem,Medium,16.2
3027,15765518,Card Problem,Low,3.9
3028,15758372,Billing,Low,1.6
3029,15758372,App Bug,Medium,14.3
3030,15782591,Login Issue,Critical,39.9
3031,15612109,App Bug,Critical,57.6
3032,15612109,Login Issue,Low,2.1
3033,15612109,App Bug,Low,1.6
3034,15613712,App Bug,Low,1.0
3035,15613712,Login Issue,Medium,-1
3036,15613712,Loan Query,Low,1.5
3037,15613712,Card Problem,Low,2.2
3038,15639322,App Bug,Critical,28.0
3039,15574167,App Bug,Low,2.1
3040,15574167,Card Problem,Medium,6.7
3041,15648794,App Bug,Low,4.1
3042,15648794,App Bug,High,56.7
3043,15648794,Login Issue,Low,1.2
3044,15648794,Fraud Alert,High,44.0
3045,15771211,Loan Query,High,14.0
3046,15588614,,Medium,15.4
3047,15588614,App Bug,High,14.0
3048,15630698,Loan Query,Low,2.8
3049,15630698,Login Issue,Medium,16.5
3050,15721426,Login Issue,Medium,14.0
3051,15721426,Login Issue,Medium,16.8
3052,15721426,Login Issue,  Critical  ,67.8
3053,15721426,Billing,High,17.2
3054,15725997,Fraud Alert,Low,2.9
3055,15725997,Fraud Alert,Low,2.0
3056,15762138,App Bug,Medium,6.8
3057,15762138,Loan Query,Critical,66.0
3058,15762138,Card Problem,Low,1.5
3059,15750649,Login Issue,Low,3.0
3060,15750649,NULL,Medium,4.0
3061,15641835,Billing,Low,3.0
3062,15641835,App Bug,High,16.6
3063,15641835,Login Issue,Medium,8.3
3064,15586821,App Bug,Low,2.6
3065,15569678,Billing,Low,2.9
3066,15793842,Billing,Critical,26.9
3067,15793842,App Bug,Low,2.0
3068,15794479,Card Problem,Low,1.7
3069,15780650,Loan Query,Low,2500.0
3070,15780650,Login Issue,Low,1.8
3071,15780846,Billing,Low,2.4
3072,15805260,Fraud Alert,Medium,18.8
3073,15805260,Billing,Medium,12.5
3074,15621629,Loan Query,Low,2.6
3075,15621629,Fraud Alert,Low,2.2
3076,15662151,Fraud Alert,Low,2.3
3077,15747174,Billing,Low,2.6
3078,15649738,Fraud Alert,High,20.8
3079,15633108,Fraud Alert,Low,2.9
3080,15633108,Card Problem,Medium,7.7
3081,15769254,Loan Query,Medium,4.4
3082,15704746,Login Issue,High,30.9
3083,15704746,App Bug,Low,2.7
3084,15609562,Loan Query,  Low  ,1.6
3085,15609562,Billing,High,-1.0
3086,15787459,Login Issue,Medium,11.6
3087,15787459,Billing,Medium,8.0
3088,15762902,Billing,Medium,7.2
3089,15762902,Loan Query,Critical,31.3
3090,15762902,Billing,Medium,8.9
3091,15762902,App Bug,High,30.8
3092,15689147,Loan Query,Low,
3093,15730397,Loan Query,Low,1.9
3094,15762169,App Bug,Low,2.2
3095,15762169,Login Issue,Low,4.4
3096,15762169,Card Problem,Low,9999
3097,15799211,Fraud Alert,Medium,11.3
3098,15798310,Loan Query,Low,1.9
3099,15798310,Fraud Alert,Low,2.4
3100,15609998,Fraud Alert,  Low  ,1.6
3101,15609998,Fraud Alert,Medium,10.3
3102,15609998,Login Issue,MEDIUM,19.9
ticket_3103,15583548,Login Issue,Low,4.5
3104,15583548,App Bug,High,34.0
3105,15583548,App Bug,Low,3.3
3106,15761763,  Billing  ,Medium,8.2
3107,15710161,Billing,Medium,11.5
3108,15735246,Fraud Alert,Low,2.7
3109,15791700,Card Problem,High,18.3
3110,15791700,Fraud Alert,Medium,18.6
3111,74115890,Loan Query,Low,2.9
3112,15791700,App Bug,Medium,16.0
ticket_3113,15670753,Login Issue,Low,2.2
3114,15573876,Login Issue,High,24.8
3115,15573876,Loan Query,Low,1.0
3116,15770174,Login Issue,Medium,6.4
3117,15641114,Card Problem,Medium,6.4
3118,15682435,Billing,Low,1.1
3119,15682435,App Bug,Low,2.6
3120,15751788,Billing,Medium,9.7
3121,15672598,Billing,Low,1.9
3122,15762803,Loan Query,Medium,8.4
3123,15597901,Loan Query,Medium,11.9
3124,15597901,Login Issue,Medium,7.3
3125,15597901,Card Problem,High,22.7
3126,15731507,Fraud Alert,Low,2.5
3127,15731507,App Bug,High,21.6
3128,15731507,Billing,Medium,7.4
3129,15764237,loan query,Medium,10.6
3130,15764237,Loan Query,Medium,9.9
3131,15764237,App Bug,Low,1.6
3132,15764237,App Bug,High,-1.0
3133,15769917,Card Problem,Medium,7.7
3134,15641850,Fraud Alert,Low,1.8
3135,15770974,Loan Query,Low,2.9
3136,15770974,Fraud Alert,Low,1.4
3137,15770974,Loan Query,Medium,12.0
3138,15803749,Login Issue,Medium,18.9
3139,15803749,Login Issue,Low,2.8
3140,15803749,Fraud Alert,Low,4.6
3141,15803749,Loan Query,Medium,14.4
3142,15770225,Billing,Medium,11.9
3143,15770225,App Bug,Low,2.4
3144,15752488,Fraud Alert,High,15.3
3145,15752488,Login Issue,Medium,N/A
3146,15752488,Card Problem,Low,2.7
3147,15736069,Login Issue,Low,3.3
3148,15736069,App Bug,Low,3.6
3149,15736069,Card Problem,Low,4.7
3150,15763662,App Bug,High,30.0
3151,15615575,App Bug,Low,2.9
3152,15615575,Loan Query,Low,2.0
3153,15615575,Billing,High,15.2
3154,15691723,Loan Query,Low,1.2
3155,15774098,Fraud Alert,Medium,10.7
3156,15774098,Fraud Alert,Low,2.0
3157,15774098,App Bug,Medium,7.2
3158,15774098,Billing,Medium,10.8
3159,15750808,Card Problem,High,30.0
3160,15744368,Login Issue,High,23.4
3161,15623277,App Bug,High,35.8
3162,15623277,Login Issue,Low,1.7
3163,15623277,App Bug,High,25.7
3164,15795954,Login Issue,Low,2.1
3165,15671969,Billing,High,29.2
3166,15671969,App Bug,High,22.7
3167,15791268,FRAUD ALERT,Medium,6.1
3168,15713655,Card Problem,Low,4.6
3169,15713655,Card Problem,Medium,5.2
3170,15713655,Loan Query,Medium,11.0
3171,15633930,Billing,Critical,81.4
3172,15633930,Fraud Alert,Critical,47.7
3173,15712849,Billing,Low,2.6
3174,78602027,Loan Query,High,26.8
3175,15712849,Login Issue,Medium,5.1
3176,15712849,App Bug,Low,4.2
3177,15639077,Loan Query,Critical,69.9
3178,15639077,Loan Query,Low,1.5
3179,15639077,Fraud Alert,Medium,6.7
3180,15648577,Billing,Medium,12.6
3181,15648577,Card Problem,Low,3.6
3182,15670345,Fraud Alert,Low,2.8
3183,15670345,Loan Query,Low,2.9
3184,15780038,Login Issue,Low,3.0
3185,15780038,App Bug,Low,4.4
3186,15780038,Billing,Low,2.8
3187,15756305,Loan Query,Low,2.7
3188,15578799,App Bug,High,53.1
3189,15800326,App Bug,Medium,5.8
3190,15800326,Billing,Low,2.2
3191,15783958,Loan Query,Medium,8.6
3192,15727546,Fraud Alert,Low,2.0
3193,15727546,Loan Query,Medium,6.6
3194,15739576,App Bug,Low,2.3
3195,15739576,App Bug,Low,2.0
3196,15631333,App Bug,Low,1.8
3197,15631333,Billing,Low,1.5
ticket_3198,15604782,Card Problem,Low,2.0
3199,15589643,Loan Query,Medium,10.2
3200,15589643,App Bug,High,18.5
3201,15589643,Login Issue,Medium,10.4
3202,15589643,App Bug,Medium,6.5
3203,15585533,Login Issue,Medium,9.8
3204,15585533,Card Problem,Medium,5.9
3205,15585533,Billing,Medium,6.8
3206,15630551,Billing,Low,1.3
3207,15630551,Loan Query,Medium,6.0
3208,15698349,Fraud Alert,Low,1.7
3209,15698349,Login Issue,Medium,11.6
3210,15681402,Billing,High,19.7
3211,15586264,Card Problem,High,45.9
3212,15594685,Loan Query,Low,2.4
3213,15812945,Loan Query,Low,1.8
3214,15812945,Fraud Alert,Low,2.4
3215,15734628,Fraud Alert,Low,Unknown
3216,15629323,Card Problem,Low,1.5
3217,15629323,Fraud Alert,Critical,76.7
3218,15777553,Login Issue,Low,4.1
3219,15777553,Billing,Medium,16.8
3220,15622217,Login Issue,High,40.2
3221,15703588,App Bug,Critical,58.2
3222,15703588,App Bug,Low,2.3
3223,15570835,Loan Query,Medium,15.3
3224,15679299,Billing,Medium,11.6
3225,15679299,Login Issue,Low,2.3
3226,15579208,Fraud Alert,Low,2.5
3227,15579208,Login Issue,High,23.3
3228,15579208,Loan Query,Medium,8.7
3229,15579208,Card Problem,Medium,9.9
3230,15684951,Loan Query,Medium,5.6
3231,15684951,Card Problem,Low,2.7
3232,15667620,Loan Query,Medium,8.1
3233,15582960,App Bug,Medium,5.9
3234,15582960,Fraud Alert,Low,2.7
ticket_3235,15590730,Loan Query,High,23.6
3236,15590730,Login Issue,Low,1.1
3237,15642787,Loan Query,Medium,10.3
3238,15624633,App Bug,Low,1.3
3239,15766765,Fraud Alert,Low,1.0
3240,15766765,Fraud Alert,High,19.1
3241,15783615,Loan Query,Low,1.4
3242,15783615,Login Issue,Medium,8.4
3243,15783615,Loan Query,Medium,9.2
3244,15783615,Login Issue,Medium,10.6
3245,15640161,Card Problem,Medium,8.6
3246,15640161,Card Problem,Low,1.1
3247,15579166,App Bug,Medium,5.5
3248,15579166,Loan Query,Medium,10.9
3249,15674880,Login Issue,Medium,6.5
3250,15778157,Card Problem,Critical,63.6
3251,15778157,Card Problem,High,17.3
3252,15778157,Billing,low,1.5
3253,15589204,Login Issue,High,15.9
3254,15589204,Login Issue,Medium,10.8
3255,15589204,login issue,Low,2.5
3256,15664543,Login Issue,High,20.0
3257,15664543,Loan Query,High,16.4
3258,15582714,Card Problem,Low,4.8
3259,15614034,Card Problem,Low,2.8
3260,15614034,Login Issue,Medium,7.7
3261,60218611,App Bug,Low,2.5
ticket_3262,15763171,Loan Query,Low,1.6
3263,15763171,Billing,Low,2.1
3264,15763171,Card Problem,Medium,9.3
3265,15647266,Card Problem,low,2.2
3266,15647266,Fraud Alert,Medium,6.1
3267,15757577,Card Problem,High,25.1
3268,15680141,Card Problem,Medium,11.0
3269,15680141,Login Issue,Critical,28.4
3270,15680141,Login Issue,Medium,11.7
3271,15576945,Login Issue,Medium,5.5
3272,15576945,Loan Query,Low,2.8
3273,15576945,App Bug,High,23.6
3274,15732020,Card Problem,Medium,4.7
3275,15732020,Card Problem,Medium,5.5
3276,15611029,Loan Query,Medium,10.4
3277,15621210,Loan Query,Medium,
3278,15569222,App Bug,Medium,9.6
3279,15569222,Billing,Medium,6.9
3280,15724223,Billing,High,20.1
3281,15724223,Billing,Low,1.5
3282,15644621,Fraud Alert,Low,2.2
3283,15644621,App Bug,Medium,-1.0
3284,15644621,Billing,Low,1.2
3285,15700353,Login Issue,Low,2500.0
3286,15700353,Fraud Alert,Low,1.7
3287,15624388,Loan Query,Medium,9.7
3288,15627212,Loan Query,Low,1.6
3289,15681446,Loan Query,Medium,5.7
3290,15749019,Fraud Alert,Medium,7.0
3291,15709928,Loan Query,High,25.4
3292,15784676,Loan Query,Medium,9.9
3293,15784676,Card Problem,Low,1.7
3294,15748116,App Bug,Critical,52.2
3295,15612193,Loan Query,Critical,37.1
3296,15612193,Fraud Alert,Low,1.7
3297,15613713,Login Issue,Medium,-5.0
3298,15664204,Loan Query,Medium,5.7
3299,15664204,Loan Query,Critical,44.3
3300,15639415,App Bug,High,24.7
3301,15639415,Loan Query,Medium,10.0
3302,15639415,App Bug,Low,2.3
3303,15806332,Loan Query,Medium,9.1
3304,15806332,Fraud Alert,Medium,10.8
3305,15806332,Login Issue,High,29.8
3306,15614929,Login Issue,Medium,5.3
3307,15614929,Login Issue,Low,2.3
3308,15695492,Fraud Alert,Low,1.2
3309,15695492,Billing,High,12.5
3310,15635972,Billing,Low,2.7
3311,80680902,App Bug,Low,2.7
3312,15581440,App Bug,Critical,41.2
3313,15581440,Fraud Alert,Critical,30.9
3314,15654390,Fraud Alert,High,27.8
3315,15654390,Card Problem,Medium,7.6
3316,15654390,Billing,Medium,5.4
3317,15660688,Login Issue,Critical,-1
3318,15660688,Card Problem,Medium,7.0
3319,15806307,Card Problem,Medium,4.2
3320,15806307,Fraud Alert,Low,2.3
3321,15806307,Card Problem,Low,1.7
3322,15806307,Fraud Alert,Low,2.3
3323,15647975,Loan Query,Medium,10.7
3324,15647975,Fraud Alert,Medium,5.0
3325,15595728,Login Issue,Medium,16.5
3326,15595728,Fraud Alert,Low,2.6
3327,15735388,Fraud Alert,Critical,24.4
3328,15735388,Loan Query,High,17.5
3329,15788535,Login Issue,Low,2.4
3330,15642345,App Bug,Low,1.2
3331,15642345,Card Problem,Medium,18.9
3332,15642345,Login Issue,Low,2.6
3333,15641250,Login Issue,Medium,6.2
3334,15706163,Login Issue,Critical,49.6
3335,15706163,App Bug,Low,3.6
3336,15706163,App Bug,Medium,7.0
3337,15746708,Card Problem,High,34.2
3338,15746708,Billing,Low,3.0
3339,15787907,Card Problem,Low,4.1
3340,15787907,Fraud Alert,Critical,57.4
3341,15646764,App Bug,Medium,15.5
3342,15646764,Fraud Alert,Medium,4.0
3343,15646764,Card Problem,Medium,9.9
3344,15646764,Card Problem,High,25.2
3345,15678284,Fraud Alert,Medium,9.4
3346,15678284,Card Problem,Medium,18.3
3347,15678284,Fraud Alert,Low,3.5
3348,15726791,Card Problem,High,48.6
3349,15726791,Loan Query,Low,2.1
3350,15813144,Card Problem,High,18.3
3351,15813144,App Bug,Medium,11.1
3352,15669342,Login Issue,Low,2.9
3353,15669342,Card Problem,Low,2.2
3354,15669342,App Bug,Medium,6.5
3355,15710366,Billing,Low,1.0
3356,15710366,Fraud Alert,High,26.8
3357,15710366,Loan Query,Low,2.7
3358,15614934,Loan Query,Low,1.0
3359,15665438,App Bug,Critical,46.7
3360,15665438,Billing,Medium,11.6
3361,15665438,App Bug,High,26.5
3362,15644896,App Bug,High,32.7
3363,15670205,Card Problem,Low,2.4
3364,15670205,FRAUD ALERT,Medium,4.9
3365,15791053,Loan Query,Low,3.8
3366,15791053,Login Issue,Medium,6.6
3367,15791053,Login Issue,Medium,6.5
3368,15644005,Loan Query,Medium,7.2
3369,15644005,Loan Query,Low,2.7
3370,15644005,Loan Query,Medium,4.9
3371,15623430,Card Problem,Low,1.0
3372,15623430,Card Problem,Medium,4.2
3373,15623430,Fraud Alert,High,30.0
3374,15769312,Card Problem,Low,1.4
3375,15708212,Billing,Medium,10.7
3376,15604345,Login Issue,Critical,35.6
3377,15604345,Loan Query,Medium,5.1
3378,15604345,App Bug,Medium,10.0
3379,15578297,Card Problem,High,30.4
3380,15578297,Card Problem,High,41.0
3381,15578297,App Bug,Medium,9.6
3382,15726186,Card Problem,Critical,43.5
3383,15726186,App Bug,Medium,6.5
3384,15764618,Login Issue,High,18.1
3385,15730738,Billing,Low,2.1
3386,15730738,Billing,Critical,44.4
3387,15637650,App Bug,High,
3388,15606267,Login Issue,High,32.3
3389,15654463,Billing,Low,1.2
3390,15693259,Loan Query,Medium,8.8
3391,15693259,Login Issue,,9.6
3392,15758531,Billing,Medium,4.6
3393,15728352,Fraud Alert,Medium,7.0
3394,15595588,Billing,Critical,46.3
3395,15778395,Loan Query,High,-5.0
3396,15778395,Fraud Alert,High,16.7
3397,15778395,Card Problem,Medium,7.6
3398,15711825,Billing,Medium,9.6
3399,15599251,Login Issue,Low,2.7
3400,15599251,App Bug,Medium,4.2
3401,15570004,Loan Query,Medium,6.9
3402,15657342,Loan Query,High,23.4
3403,15657342,Loan Query,Low,2.6
3404,15657342,App Bug,Medium,4.5
3405,15657342,Card Problem,Medium,7.4
3406,15672374,App Bug,Critical,65.6
3407,15747724,App Bug,Critical,61.6
3408,15633877,Fraud Alert,Medium,7.1
3409,15633877,Loan Query,Low,2.1
3410,15672516,App Bug,Low,1.8
3411,15607827,Billing,Medium,9.5
3412,15607827,Login Issue,Medium,10.3
3413,15607827,Card Problem,Low,2.9
3414,15751336,Billing,Low,3.0
3415,15646539,Fraud Alert,Low,2.0
3416,15646539,Fraud Alert,Low,1.2
3417,15646539,Card Problem,Low,1.7
3418,15646539,Card Problem,Low,2.9
3419,15756901,Loan Query,Low,1.8
3420,15809286,App Bug,Critical,62.7
3421,15809286,Login Issue,Medium,16.9
3422,15809286,Card Problem,Medium,16.1
3423,15759021,Loan Query,Medium,9.5
3424,15759021,App Bug,Low,1.2
3425,15579130,Login Issue,High,999.0
3426,15579130,Login Issue,Medium,15.9
3427,15754112,Loan Query,Low,1.1
3428,15735522,Card Problem,Medium,8.1
3429,15739502,Billing,Medium,9.7
3430,15739502,Billing,High,28.3
3431,15739502,App Bug,Medium,10.9
3432,15670914,Billing,Low,1.7
3433,15806027,Unknown,Medium,16.9
3434,15806027,App Bug,Low,3.4
3435,15806027,Billing,High,37.0
3436,15806027,Card Problem,Low,2.1
3437,15574886,Fraud Alert,Low,2.9
3438,15574886,Loan Query,Medium,10.5
3439,15574886,App Bug,Medium,-5.0
3440,15707120,App Bug,Medium,7.3
3441,15800845,App Bug,Medium,7.8
3442,15800845,App Bug,Low,2.0
3443,15603914,Billing,Unknown,36.7
3444,15603914,App Bug,Medium,8.1
3445,15603914,Card Problem,Low,4.3
3446,15603914,Loan Query,Low,3.8
3447,15722765,Card Problem,Low,1.3
3448,15722765,Loan Query,Low,2.7
3449,15607837,Fraud Alert,Low,2.6
3450,15607837,Billing,Low,2.8
3451,15607837,Login Issue,Low,1.1
3452,15607837,Login Issue,Low,1.1
3453,15714877,Login Issue,Low,1.8
3454,15661821,Billing,Low,4.4
3455,15661821,Billing,Medium,11.7
3456,15661821,Card Problem,Low,4.3
3457,15728006,Login Issue,Unknown,1.8
3458,15728006,Card Problem,Medium,4.1
3459,15728006,App Bug,Low,1.8
3460,15689351,Billing,High,41.2
3461,15782247,Loan Query,Low,2.2
3462,15782247,Login Issue,Medium,18.3
3463,15782247,Login Issue,High,49.5
3464,15782247,Billing,Low,3.8
3465,15769064,Billing,Low,2.3
3466,15769064,Login Issue,Medium,19.9
3467,15769064,Card Problem,Medium,-1
3468,15718153,Login Issue,Medium,5.7
3469,15613189,App Bug,Low,4.0
3470,15613189,Login Issue,Critical,68.5
3471,15613189,Fraud Alert,High,16.7
3472,15613189,App Bug,Medium,8.5
3473,15661734,App Bug,High,18.3
3474,15661734,Card Problem,Medium,11.4
3475,15592645,Fraud Alert,Medium,7.7
3476,15592645,Fraud Alert,Medium,9.3
3477,15592645,Login Issue,Medium,11.6
3478,15592645,Login Issue,Low,N/A
3479,15768387,Card Problem,Low,2.4
3480,47555684,Login Issue,Low,1.8
3481,15768387,Loan Query,Medium,6.0
3482,15792525,Loan Query,High,48.5
3483,15586976,App Bug,Medium,10.6
3484,15586976,Billing,High,39.0
3485,15691446,App Bug,Low,1.6
3486,15691446,App Bug,High,31.3
3487,15772632,Fraud Alert,Medium,9.7
3488,15706587,Fraud Alert,High,26.2
3489,15572461,Fraud Alert,High,16.0
3490,15572461,Billing,High,13.5
3491,15572461,Loan Query,Medium,10.9
3492,15572461,Billing,High,26.0
3493,15654409,Fraud Alert,High,32.1
3494,15568025,Card Problem,Medium,4.6
3495,15568025,Billing,Medium,6.0
3496,15568025,Loan Query,Medium,6.1
3497,15715769,Login Issue,Critical,48.7
3498,15715769,Login Issue,Low,1.4
3499,15715769,App Bug,Low,1.1
3500,15667458,Billing,Medium,6.4
3501,15667458,Loan Query,Critical,57.8
3502,15667458,Billing,Medium,11.0
3503,15567980,Billing,Medium,7.7
3504,15567980,Fraud Alert,High,12.3
3505,15567980,Billing,Medium,13.4
3506,15679294,Login Issue,Low,2.0
3507,15679294,Loan Query,Critical,61.4
3508,15679294,App Bug,Low,1.7
3509,15606507,App Bug,Low,2.5
3510,15606507,Fraud Alert,Medium,9.6
3511,15606507,Loan Query,Critical,69.2
3512,71905108,Login Issue,Low,1.5
3513,15636089,Loan Query,Medium,5.5
3514,15636089,App Bug,Medium,11.0
3515,15636089,Fraud Alert,High,18.3
3516,15727490,Login Issue,Low,2.8
3517,15591766,Fraud Alert,Critical,64.3
3518,15813303,Billing,High,14.2
3519,15726403,Billing,Medium,10.8
3520,15726403,Loan Query,Critical,30.1
3521,15726403,Billing,Low,4.9
3522,15592765,App Bug,Low,2.8
3523,15592765,App Bug,High,25.5
3524,15592765,Card Problem,Medium,8.5
3525,15592765,App Bug,High,30.2
3526,15704442,Billing,  Medium  ,11.7
3527,15704442,Loan Query,High,18.2
3528,15704442,App Bug,High,46.9
3529,15641136,App Bug,Critical,43.1
3530,15725818,Card Problem,Low,1.5
3531,15612071,Billing,Medium,9.1
3532,15612071,Loan Query,Low,2.4
3533,15742210,Loan Query,N/A,1.5
3534,15742210,Card Problem,Medium,9.2
3535,15630617,Billing,Low,1.5
3536,15630617,Card Problem,Low,2.2
3537,15630617,Login Issue,Medium,13.0
3538,15720838,App Bug,Medium,8.2
3539,15720838,Card Problem,Medium,9.6
3540,15595537,Fraud Alert,Medium,5.8
3541,15595537,Card Problem,Medium,10.9
3542,15595537,Login Issue,Low,2.8
3543,15595537,App Bug,Low,1.2
3544,15623196,App Bug,Low,2.7
3545,15623196,Fraud Alert,Medium,6.5
3546,15623196,Login Issue,Critical,38.2
ticket_3547,15623196,Login Issue,Medium,6.6
3548,15679249,App Bug,Medium,5.2
3549,15679249,Loan Query,Low,1.7
3550,15679249,Login Issue,Medium,15.3
3551,15693199,Billing,Low,1.5
3552,70467227,Loan Query,Low,4.0
3553,15661219,Loan Query,Low,1.5
3554,15661219,App Bug,Low,1.3
3555,15760294,Fraud Alert,High,52.6
3556,15652808,Login Issue,Critical,48.5
3557,15652808,Card Problem,Low,1.3
3558,15764105,Billing,Medium,11.0
3559,15672610,Billing,Low,2.4
3560,15766896,Fraud Alert,Low,2.7
3561,15659501,Loan Query,High,27.9
3562,15659501,NULL,Medium,7.2
3563,15745001,Loan Query,Low,1.4
3564,15651140,Login Issue,Low,1.3
3565,15651140,Fraud Alert,Low,3.0
3566,15651140,Fraud Alert,High,19.4
3567,15776824,Billing,High,28.3
3568,15633141,Login Issue,Medium,11.4
3569,15633141,Card Problem,High,22.8
3570,15778155,Billing,High,22.8
3571,15778155,Card Problem,Low,1.8
3572,15778155,Fraud Alert,High,55.9
3573,15778155,App Bug,Medium,13.2
3574,15715920,Loan Query,Medium,4.5
3575,43933539,Fraud Alert,Low,1.8
3576,15715920,Fraud Alert,Low,2.0
3577,15715920,App Bug,Low,2.9
3578,15671917,Card Problem,Medium,5.9
3579,15671917,login issue,High,17.0
3580,15671917,Card Problem,Medium,7.7
3581,15666548,Loan Query,Medium,5.5
3582,15666548,Login Issue,Critical,89.2
3583,15634974,Fraud Alert,High,48.0
3584,15634974,Login Issue,  High  ,33.0
3585,15634974,Fraud Alert,Low,3.3
3586,15713378,Card Problem,Medium,9.2
3587,15713378,Card Problem,Low,2.3
3588,15753370,Login Issue,High,19.8
3589,89949856,Card Problem,Low,1.8
3590,15753370,Loan Query,Medium,11.4
3591,15753370,Billing,Low,2.1
3592,15782659,Billing,Low,2.2
3593,15782659,Login Issue,Low,1.4
3594,15583364,App Bug,Low,1.1
3595,15583364,Billing,Medium,8.4
3596,15625942,Card Problem,High,19.8
3597,15720284,Login Issue,Low,1.4
3598,15679642,Login Issue,Low,1.7
3599,15679642,Login Issue,Low,3.0
3600,15679642,Loan Query,Low,2.7
3601,15628007,Loan Query,Medium,11.7
3602,15628007,Fraud Alert,High,34.4
3603,15661974,Card Problem,Critical,
3604,15661974,Loan Query,Medium,10.7
3605,15689341,Card Problem,Medium,13.5
3606,15689341,Loan Query,Low,3.1
3607,15693267,Login Issue,Medium,7.7
3608,15693267,Login Issue,Medium,6.5
3609,15693267,Card Problem,Low,1.2
3610,15693267,App Bug,Low,1.1
3611,15755825,Login Issue,Medium,11.7
3612,15755825,Card Problem,High,17.0
3613,15755825,Billing,Medium,4.2
3614,15598175,App Bug,Medium,9.5
3615,15598175,Fraud Alert,High,13.8
3616,15744327,Login Issue,Low,1.1
3617,15744327,Login Issue,High,40.0
3618,15798666,App Bug,Medium,5.8
3619,15577064,Loan Query,Low,1.0
3620,15759436,Fraud Alert,Low,2.5
3621,15759436,Card Problem,Medium,17.4
3622,15690231,Billing,Low,2.2
3623,15690231,Fraud Alert,Low,1.6
3624,15751561,Card Problem,Medium,11.0
3625,15751561,Billing,Medium,15.2
3626,15739068,Billing,Low,2.8
3627,15739068,Billing,Low,2.9
3628,15758056,App Bug,High,33.9
3629,15758056,Login Issue,Low,1.6
3630,15758056,App Bug,Critical,48.1
3631,15758056,Billing,Low,2.5
3632,15726490,Loan Query,Medium,9.6
3633,15726490,Login Issue,Medium,8.2
3634,15726490,Billing,Critical,118.4
3635,15726490,NULL,Medium,6.0
3636,15738411,Fraud Alert,Low,1.7
3637,15738411,Billing,Low,1.9
3638,15727919,Loan Query,High,23.7
3639,15654106,Billing,Low,2.2
3640,15598086,Loan Query,Low,1.1
3641,15598086,,High,55.1
3642,15752300,Fraud Alert,Low,2.9
3643,15752300,App Bug,Medium,5.1
3644,15578809,Billing,Critical,88.1
3645,15752026,Billing,Low,1.0
3646,15723706,Loan Query,Low,2.1
3647,15752838,Card Problem,Medium,5.9
3648,15752838,Loan Query,Low,2.6
3649,15752838,Login Issue,Low,1.3
3650,15752838,Login Issue,Medium,8.6
3651,15769703,Fraud Alert,Medium,9.3
3652,15769703,Card Problem,Medium,13.6
3653,15769703,Login Issue,Critical,86.1
3654,15769703,Fraud Alert,Critical,44.5
3655,15679770,Fraud Alert,Low,3.4
3656,15679770,Card Problem,Low,1.3
3657,15679770,App Bug,High,31.4
3658,15679770,Card Problem,Critical,69.1
3659,15791102,Card Problem,Medium,11.9
3660,15791102,Card Problem,Low,2.5
3661,15791102,Card Problem,Medium,9.5
3662,15791102,Card Problem,Medium,19.8
3663,15655192,App Bug,Critical,32.3
3664,15687130,Fraud Alert,High,32.6
3665,15687130,Card Problem,Medium,5.7
3666,15755178,Login Issue,Medium,18.5
3667,15755178,Login Issue,Medium,19.5
3668,15617197,Card Problem,Low,2.1
3669,15617197,App Bug,Low,4.6
3670,15617197,Login Issue,Low,1.4
3671,15631310,Login Issue,High,21.8
3672,15631310,Billing,High,15.6
3673,15732270,Login Issue,Critical,107.0
3674,15732270,Loan Query,High,19.5
3675,15732270,Login Issue,Low,1.2
3676,15739357,Login Issue,High,18.1
3677,15739357,Login Issue,Critical,47.8
3678,15771540,Login Issue,High,15.5
3679,15771540,Loan Query,High,20.1
3680,15727021,Billing,Low,2.6
3681,15711834,App Bug,Low,2.6
3682,15711834,Billing,Medium,6.6
3683,15711834,Card Problem,High,15.1
3684,15729763,Login Issue,Medium,4.1
3685,15729763,Fraud Alert,Medium,8.0
3686,15646566,Billing,Medium,Unknown
3687,15645463,Login Issue,Critical,-1.0
3688,15672144,Billing,Low,4.0
3689,15672144,Billing,High,29.3
3690,77026411,App Bug,Low,2.0
3691,15672144,Card Problem,Medium,14.2
3692,15614878,App Bug,Low,1.1
3693,15614878,Loan Query,Medium,5.0
3694,15614878,Loan Query,Medium,11.0
3695,15614878,Billing,Low,1.8
3696,15775905,App Bug,Medium,16.5
3697,15700657,App Bug,Medium,11.5
3698,15652527,Login Issue,Medium,8.5
3699,15785865,App Bug,Medium,5.5
3700,15785865,Loan Query,High,25.5
3701,15785865,Login Issue,Critical,47.2
3702,15688691,App Bug,Low,
3703,15592736,Billing,Low,1.0
3704,15673529,Loan Query,Low,1.8
3705,15673529,Fraud Alert,High,30.8
3706,15724145,Loan Query,High,25.4
3707,15597896,Card Problem,Medium,8.6
3708,15597896,Fraud Alert,High,59.5
3709,15731790,Billing,Medium,unknown
3710,15731790,Loan Query,NULL,3.2
3711,15731790,App Bug,Medium,7.4
3712,15567333,Fraud Alert,Low,1.4
3713,15567333,Login Issue,Low,1.2
3714,15754537,Loan Query,Low,1.0
3715,15612030,Card Problem,Low,1.8
3716,15612030,Login Issue,High,26.0
3717,15573242,Fraud Alert,Low,1.7
3718,15573242,Billing,Medium,11.3
3719,15601892,Loan Query,Medium,10.1
3720,15601892,Loan Query,Medium,6.5
3721,15701096,Card Problem,Low,3.0
3722,15701096,Card Problem,Critical,33.7
3723,15710450,Card Problem,low,1.5
3724,15790846,App Bug,High,22.4
3725,15755223,App Bug,Medium,11.1
3726,15755223,App Bug,NULL,27.6
3727,15755223,Loan Query,Low,2.8
3728,15763665,billing,Low,1.4
3729,45028295,App Bug,Medium,7.2
3730,15704844,Loan Query,Medium,6.0
3731,15704844,Fraud Alert,High,28.0
3732,15744582,App Bug,Low,2.0
3733,15744582,App Bug,High,26.7
3734,15744582,Loan Query,Medium,17.8
3735,15744582,App Bug,Low,2.2
3736,15616700,App Bug,Low,2.3
3737,15616700,Fraud Alert,Medium,11.1
3738,15616700,App Bug,High,21.2
3739,15616700,Fraud Alert,Medium,10.3
3740,15683521,Fraud Alert,Medium,4.5
3741,15683521,Billing,Low,2.9
3742,15583049,App Bug,Low,2.0
3743,15715707,App Bug,Low,1.2
3744,15733768,Card Problem,High,33.8
3745,15746564,Card Problem,Critical,58.4
3746,15746564,Login Issue,Medium,7.1
3747,15588446,Fraud Alert,Medium,6.2
3748,15665221,Card Problem,Medium,8.5
3749,15640846,Login Issue,Medium,10.2
3750,15640846,Billing,Low,3.1
3751,15700209,Card Problem,High,33.4
3752,15700209,Fraud Alert,Low,1.2
3753,15700209,App Bug,Low,2.8
3754,15658360,Billing,High,25.8
3755,15602735,Card Problem,Medium,13.0
3756,15602735,Billing,Medium,5.5
3757,15602735,App Bug,Medium,13.6
3758,15724834,App Bug,Medium,4.2
3759,15724834,App Bug,Low,1.2
3760,15800062,App Bug,Medium,17.0
3761,15685300,App Bug,Medium,9.4
3762,15685300,App Bug,Low,1.5
3763,15653696,Billing,High,21.5
3764,15653696,Loan Query,Low,1.1
3765,15574324,Loan Query,Low,2.1
3766,15574324,App Bug,Medium,9.8
3767,15707144,App Bug,Medium,6.8
3768,15707144,Billing,High,15.8
3769,15775891,Billing,Medium,12.9
3770,15681196,  App Bug  ,Low,2.5
3771,15681196,Card Problem,Low,1.4
3772,15716000,Billing,Low,five
3773,15716000,Fraud Alert,High,27.4
3774,15766776,Fraud Alert,Low,2.4
3775,15766776,Billing,Medium,8.1
3776,15680278,  App Bug  ,Low,2.0
3777,15680278,Card Problem,High,56.9
3778,15680278,Login Issue,Medium,5.7
3779,15688637,Fraud Alert,Medium,5.1
3780,15688637,Card Problem,Medium,7.8
3781,15591179,Fraud Alert,Low,1.3
3782,15677435,Fraud Alert,Medium,4.7
3783,15622117,Billing,Medium,4.5
3784,15622117,Loan Query,Medium,5.4
3785,15599301,Card Problem,Medium,11.4
3786,15599301,Login Issue,Low,1.4
3787,15599301,Card Problem,Low,1.4
3788,15581548,Login Issue,Medium,11.7
3789,15586870,Card Problem,Low,2.2
3790,15687162,Fraud Alert,High,29.6
3791,15687162,Fraud Alert,Low,1.4
3792,15604544,App Bug,High,31.2
3793,15604544,Loan Query,Medium,10.7
3794,15761348,Billing,Medium,8.1
3795,15761348,App Bug,Low,2.2
3796,15785078,Card Problem,Medium,6.2
3797,15759874,Login Issue,Critical,52.7
3798,15759874,Card Problem,High,40.2
3799,15759874,Card Problem,Low,2.5
3800,15737782,Login Issue,Medium,5.7
3801,15737782,Loan Query,Low,2.3
3802,15679410,Card Problem,Medium,15.1
3803,15679410,Fraud Alert,Medium,9.7
3804,15756241,Billing,Low,2.2
3805,15756241,App Bug,Low,2.5
3806,15756241,Card Problem,Medium,9.4
3807,15756241,Billing,Low,1.9
3808,15688409,Card Problem,Low,4.3
3809,15688409,Fraud Alert,Low,2.3
3810,15688409,App Bug,,16.0
3811,15742272,App Bug,Low,1.2
3812,15742272,Fraud Alert,Critical,41.1
3813,15717898,Fraud Alert,Medium,8.1
3814,15717898,Fraud Alert,Medium,5.7
3815,15717898,Loan Query,Medium,11.5
3816,15717898,Loan Query,Low,1.3
3817,15769582,App Bug,Low,1.7
3818,15576723,Loan Query,Medium,8.5
3819,15591577,Loan Query,Medium,5.5
3820,15591577,Card Problem,Medium,5.9
3821,15591577,Billing,Medium,5.2
3822,15582325,Loan Query,Low,2.9
3823,15582325,Loan Query,Medium,7.6
3824,15582325,Fraud Alert,Low,2.4
3825,15582325,Card Problem,Low,4.2
3826,61883746,App Bug,High,56.7
3827,15760446,Loan Query,Medium,10.4
3828,15760446,App Bug,Low,3.9
3829,15611105,Billing,Medium,one hour
3830,15630920,Card Problem,Low,2.9
3831,15574910,Login Issue,Medium,9.3
3832,15682890,Loan Query,High,25.3
3833,15682890,Login Issue,Critical,27.5
3834,15733297,billing,Low,1.2
3835,15733297,Fraud Alert,Medium,5.3
3836,15767793,Billing,Medium,7.4
3837,15725698,App Bug,High,12.3
3838,15725698,Login Issue,Low,2.7
3839,15725698,App Bug,High,32.7
3840,15813532,Fraud Alert,High,26.0
3841,15813532,Billing,Low,2.1
3842,15813532,Fraud Alert,Critical,29.6
3843,15732102,Fraud Alert,Low,2.1
3844,15732102,Fraud Alert,Medium,11.0
3845,15739046,Loan Query,High,18.0
3846,15739046,Loan Query,Low,1.9
3847,15618765,Loan Query,High,31.0
3848,15728474,Fraud Alert,Medium,8.5
3849,15728474,Fraud Alert,Low,2.1
3850,15636999,Fraud Alert,Medium,4.3
3851,15736274,Card Problem,Medium,8.6
3852,15736274,App Bug,Medium,4.3
3853,15721585,Billing,Low,1.2
3854,15639946,App Bug,Low,5.0
3855,15639946,Login Issue,Low,4.3
3856,15639946,Fraud Alert,NULL,6.2
3857,15639946,Billing,Medium,19.5
3858,15792176,Loan Query,High,31.6
3859,15699450,App Bug,Medium,5.3
3860,15786200,Fraud Alert,Low,2.0
3861,15786200,Fraud Alert,Medium,10.8
3862,15797010,Loan Query,High,14.8
3863,15627352,Card Problem,Medium,5.2
3864,15627352,Card Problem,High,56.9
3865,15627352,  App Bug  ,Medium,17.9
3866,15627352,Login Issue,Medium,13.2
3867,15622494,Fraud Alert,High,16.7
3868,15622494,Card Problem,Medium,-1.0
3869,15585835,App Bug,Critical,59.3
3870,15595071,Billing,Medium,999.0
3871,15595071,Fraud Alert,Medium,10.8
3872,15628203,Login Issue,Critical,51.9
3873,15667190,Card Problem,Medium,9.1
3874,15667190,Login Issue,Low,1.1
3875,15628170,Billing,Medium,4.8
3876,15701318,Billing,Low,2.5
3877,15701318,Billing,Medium,8.3
3878,15710928,Billing,High,22.2
3879,15710928,Login Issue,Low,2.1
3880,15710928,App Bug,Medium,5.2
3881,15710928,Fraud Alert,Medium,12.0
3882,15631170,Card Problem,Medium,7.1
3883,15648702,App Bug,Low,2.6
3884,15648702,Login Issue,Low,2.9
3885,15809178,App Bug,Low,2.5
3886,15809178,Billing,Low,3.1
3887,15809178,Loan Query,Low,3.2
3888,15806688,Card Problem,Critical,50.0
3889,15576824,Card Problem,Critical,50.2
3890,15576824,Fraud Alert,High,54.4
3891,15576824,Card Problem,Low,1.0
3892,15681550,Fraud Alert,Medium,6.2
3893,15681550,Loan Query,Low,1.3
3894,15812628,App Bug,Low,2.5
3895,15812628,Card Problem,Low,1.7
3896,15597951,App Bug,Medium,10.6
3897,15807045,Fraud Alert,Medium,9.1
3898,15807045,App Bug,High,35.3
3899,15712584,Fraud Alert,Medium,8.5
3900,15592816,Login Issue,Critical,43.8
3901,15592816,Billing,Medium,18.6
3902,15641480,Loan Query,Low,2.7
3903,15791131,Login Issue,Low,2.2
3904,15791131,Loan Query,Low,2.4
3905,15618225,App Bug,Low,2.8
3906,15618225,Fraud Alert,Medium,7.8
3907,15618225,Loan Query,Low,1.2
3908,15644724,Billing,Critical,53.3
3909,15644724,Loan Query,High,31.6
3910,15723894,Login Issue,Low,1.1
3911,15787699,Billing,Low,2.3
3912,15687738,Login Issue,Medium,8.3
3913,15576126,Login Issue,High,24.9
3914,15658889,Fraud Alert,Medium,15.1
3915,15667046,Billing,High,29.4
3916,15667046,App Bug,Low,2.5
3917,15669957,Fraud Alert,Medium,11.7
3918,15753332,App Bug,Low,3.0
3919,15767474,  Fraud Alert  ,Low,4.9
3920,15767474,Loan Query,High,29.5
3921,15720671,Login Issue,Low,-1.0
3922,15720671,Billing,Low,unknown
3923,15774491,Login Issue,Unknown,10.6
3924,15625522,Fraud Alert,Low,2.3
3925,15765806,Billing,Medium,5.4
3926,15765806,Login Issue,Medium,4.6
3927,15765806,Card Problem,Medium,6.5
3928,15566708,,High,45.4
3929,15566708,Login Issue,Critical,99.3
3930,15566708,Billing,Low,2.6
3931,15566708,Loan Query,Medium,15.5
3932,15575214,FRAUD ALERT,Medium,5.2
3933,15575214,Billing,Low,2.4
3934,15575214,Loan Query,Low,1.8
3935,15591123,Fraud Alert,Low,1.2
3936,15591123,App Bug,Low,1.8
3937,15591123,Billing,Medium,6.7
3938,15591123,Card Problem,Low,2.0
3939,15713379,Billing,Low,2.3
3940,15713379,Card Problem,Low,1.5
3941,15693347,Loan Query,Critical,65.4
3942,15693347,Login Issue,Medium,11.8
3943,15715465,Loan Query,Critical,52.9
3944,15715465,Card Problem,Medium,10.8
3945,15715465,Loan Query,Low,1.8
3946,15610765,Card Problem,Critical,66.2
3947,15650034,Card Problem,Medium,11.6
3948,15650034,Login Issue,Medium,4.0
3949,15782468,Login Issue,High,2500.0
3950,15782468,Fraud Alert,Low,3.1
3951,15782468,Fraud Alert,Medium,17.4
3952,15685109,Card Problem,Medium,11.4
3953,15781702,Billing,Medium,4.9
3954,15781702,Login Issue,Medium,4.8
3955,15641416,Login Issue,Medium,14.9
3956,15641416,App Bug,Low,3.3
3957,15642202,Fraud Alert,Low,
3958,15771417,Login Issue,Medium,14.4
3959,15771417,Login Issue,High,32.0
3960,15585100,Fraud Alert,High,-1
3961,15585100,Fraud Alert,Low,4.3
3962,15585100,Loan Query,Low,4.2
3963,15585100,Card Problem,Medium,11.0
3964,15700487,Fraud Alert,Low,2.5
3965,15726589,Loan Query,Low,2.7
3966,15726589,Fraud Alert,Low,1.3
3967,15726589,Card Problem,Low,3.0
3968,15747503,Loan Query,Low,2.5
3969,15595883,App Bug,Low,2.8
3970,15595883,App Bug,Medium,4.0
3971,15595883,Login Issue,Medium,8.3
3972,15742820,Billing,Medium,8.5
3973,15597930,Login Issue,Critical,56.2
3974,15597930,Fraud Alert,Low,3.9
3975,15597930,App Bug,Medium,9.8
3976,15665110,App Bug,Low,2.3
3977,15770719,Billing,Low,2500.0
3978,15770719,Billing,Critical,58.8
3979,15731327,Login Issue,Medium,4.4
3980,15576044,Loan Query,Low,2500.0
3981,15775662,Billing,Low,1.7
3982,22269282,App Bug,Low,2.7
3983,15646817,Billing,Medium,10.3
3984,15646817,Login Issue,Low,2.8
3985,15596060,Billing,Medium,9.6
3986,15596060,Loan Query,High,34.4
3987,15723299,Login Issue,Low,3.9
3988,15723299,Login Issue,high,28.6
3989,15723299,,Low,3.7
3990,15751175,Fraud Alert,Low,-1.0
3991,15751175,Login Issue,Low,1.8
3992,15751175,App Bug,Low,2.5
3993,49238032,Fraud Alert,Medium,18.6
3994,15618936,App Bug,Low,one hour
3995,15787529,Loan Query,Medium,16.8
3996,15787529,Card Problem,High,40.6
3997,15787529,Fraud Alert,Low,2.7
3998,15757001,App Bug,Low,3.0
3999,55903366,App Bug,Low,2.5
4000,15757001,Login Issue,Medium,8.6
4001,15757001,Login Issue,Medium,4.4
4002,15595388,Loan Query,Low,2.2
4003,15699550,App Bug,Low,2.0
4004,15600934,Card Problem,Medium,17.8
4005,15600934,Billing,Medium,5.5
4006,81411243,Fraud Alert,Critical,75.0
4007,15721307,Login Issue,Critical,45.3
4008,15768244,Loan Query,Medium,9999.0
4009,15806837,Card Problem,High,-5.0
4010,15806837,Card Problem,Low,2.3
4011,15626385,Fraud Alert,Medium,10.4
4012,15626385,Loan Query,Low,1.4
4013,15626385,App Bug,Critical,59.9
4014,15764351,Billing,Low,2.9
4015,15628813,Login Issue,Low,1.3
4016,15584190,Loan Query,Medium,5.0
4017,15584190,Loan Query,Low,2.1
4018,15716449,Login Issue,Medium,5.0
4019,15716449,Billing,,33.0
4020,15716449,Fraud Alert,Low,2.6
4021,15716449,Fraud Alert,Low,1.1
4022,15759913,Fraud Alert,Low,2.8
4023,15759913,Billing,High,29.2
4024,15759913,App Bug,High,14.4
4025,15701555,Billing,High,17.2
4026,15680346,Login Issue,Medium,4.3
4027,15812917,Card Problem,Medium,8.4
4028,15768455,Loan Query,Critical,35.1
4029,15768455,Card Problem,Critical,43.0
4030,15703059,Loan Query,Low,2.3
4031,15646196,Loan Query,Low,2.0
4032,15646196,App Bug,Medium,9.1
4033,15748473,Login Issue,Low,1.0
4034,15748473,Card Problem,High,15.8
4035,15785782,Fraud Alert,Low,2.7
4036,15812513,App Bug,Medium,13.7
4037,15678572,Billing,Low,1.8
4038,15678572,  Billing  ,High,21.5
4039,15678572,Card Problem,Low,2.5
ticket_4040,15678572,Card Problem,Low,2.2
4041,95961803,App Bug,High,19.8
4042,15579262,Billing,Medium,10.6
4043,15579262,Billing,Low,1.5
4044,15579262,Loan Query,Low,2.7
4045,15579262,Fraud Alert,Medium,7.6
4046,15610426,Fraud Alert,Low,2.8
4047,15776454,Loan Query,Low,4.7
4048,15776454,Login Issue,High,48.1
4049,15648489,Fraud Alert,Medium,5.7
4050,15646609,Loan Query,Medium,9.2
4051,15693203,Billing,Low,2.0
4052,15813067,Login Issue,Medium,7.9
4053,15813067,Loan Query,Low,3.4
4054,15813067,Login Issue,Medium,15.6
4055,15773503,Fraud Alert,Low,2.2
4056,15773503,Loan Query,Low,2.0
4057,15705890,App Bug,Low,2.8
4058,15590228,App Bug,Medium,7.0
4059,15590228,Login Issue,Low,2.8
4060,15590228,Card Problem,Critical,64.8
4061,15590228,Login Issue,Medium,6.4
4062,15654211,Login Issue,Critical,38.0
4063,15707968,Fraud Alert,Medium,9.8
4064,15707968,Fraud Alert,Medium,11.6
4065,15707968,App Bug,High,28.4
4066,15707968,App Bug,Low,4.8
4067,15594084,  Login Issue  ,Medium,8.7
4068,15594084,Billing,Medium,6.0
4069,15594084,Card Problem,Medium,11.5
4070,15798824,Fraud Alert,Low,1.4
4071,15798824,Loan Query,Low,1.4
4072,15671591,App Bug,Low,2.9
4073,15671591,Loan Query,Low,1.9
4074,15707189,Fraud Alert,Medium,5.8
4075,15667751,App Bug,High,29.4
4076,15667751,Fraud Alert,Medium,5.1
4077,15667751,App Bug,Low,2.3
4078,15667751,Login Issue,  Medium  ,9.4
4079,15669411,Loan Query,Medium,17.8
4080,15669411,Login Issue,Low,1.3
4081,15789425,Login Issue,Low,1.8
4082,15685829,App Bug,Low,1.9
4083,15685829,Login Issue,High,34.5
4084,15721917,App Bug,High,23.8
4085,15721917,Loan Query,Medium,4.2
4086,15721917,Loan Query,low,2.1
4087,15721917,Billing,High,18.2
4088,15776047,Loan Query,Critical,43.5
4089,15776047,Card Problem,High,28.7
4090,15776047,Login Issue,Low,1.5
4091,15658339,Card Problem,Low,2.5
4092,15658339,Billing,Low,2.7
4093,15630402,Loan Query,High,33.0
4094,15701291,App Bug,Critical,52.6
4095,15701291,Loan Query,Low,2.9
4096,15719606,app bug,Low,1.8
4097,15719606,Loan Query,  Medium  ,8.2
4098,15644119,Fraud Alert,Low,1.6
4099,15644119,Login Issue,High,19.5
4100,15606836,Fraud Alert,Medium,5.0
4101,15664150,App Bug,Medium,11.5
4102,15624510,Fraud Alert,  Low  ,3.0
4103,15624510,Loan Query,Low,4.6
4104,15810944,Billing,Low,2.4
4105,15668575,Card Problem,Medium,5.8
4106,15668575,Billing,High,34.3
4107,15668575,Billing,Low,4.9
4108,15603246,App Bug,Low,2.5
4109,15804002,Billing,Medium,8.2
4110,15804002,Card Problem,High,31.0
4111,15728773,Billing,Low,1.6
4112,15728773,Login Issue,Low,1.6
4113,15728773,Card Problem,Medium,7.3
4114,15728773,Login Issue,High,33.9
4115,15598044,App Bug,Medium,9.4
4116,15598044,Card Problem,Low,2.8
4117,15598044,App Bug,,2.1
4118,15694829,App Bug,High,21.7
4119,15727311,Card Problem,Low,1.6
4120,15727311,Loan Query,Medium,7.7
4121,15727311,Login Issue,Medium,10.3
4122,15570769,login issue,Medium,4.1
4123,15570769,App Bug,Low,1.9
4124,15570769,Loan Query,High,19.0
4125,15606274,Login Issue,Medium,8.8
4126,15746139,Card Problem,Low,1.5
4127,15746139,App Bug,Medium,9.8
4128,15746139,Login Issue,Medium,7.0
4129,15746139,Login Issue,Medium,9.5
4130,15628972,Loan Query,Low,3.3
4131,15628972,Fraud Alert,Low,3.1
4132,15628972,App Bug,High,47.4
4133,15697686,Login Issue,Low,1.2
4134,15697686,Login Issue,Low,1.3
4135,15697686,App Bug,Medium,11.7
4136,15617482,Billing,Low,3.6
4137,15617482,Login Issue,Low,4.9
4138,15617482,Billing,Low,3.7
4139,15704583,N/A,High,49.5
4140,15621083,App Bug,Low,1.8
4141,15649487,Login Issue,Low,4.8
4142,15649487,Card Problem,MEDIUM,18.4
4143,15649487,Billing,Medium,5.4
4144,15736760,Billing,Critical,57.9
4145,15736760,Billing,Medium,6.7
4146,15714658,Billing,Low,2.2
4147,15599081,Login Issue,Medium,7.6
4148,15599081,Card Problem,Critical,68.7
4149,15599081,Card Problem,Medium,4.2
4150,15599081,Loan Query,Medium,10.1
4151,15705113,Billing,Medium,7.2
4152,15705113,Login Issue,Low,2.5
4153,15631159,Login Issue,Low,2.7
4154,15792818,Fraud Alert,Medium,10.7
4155,15792818,App Bug,Medium,8.6
4156,15633531,Card Problem,Low,1.7
4157,15744529,Login Issue,High,24.0
4158,15581198,Login Issue,Medium,8.3
4159,15581198,Fraud Alert,Medium,16.6
4160,15581198,App Bug,Low,4.8
4161,15581198,App Bug,Medium,19.7
4162,15729054,Billing,Medium,9.6
4163,15729054,Fraud Alert,Low,1.4
4164,15729054,Login Issue,Medium,11.6
4165,15776733,Card Problem,Low,1.7
4166,15776733,Login Issue,Medium,8.0
4167,15724858,Billing,Low,1.3
4168,15724858,Card Problem,Medium,11.8
4169,15724858,Billing,High,23.8
4170,15713144,Login Issue,Low,1.8
4171,15713144,  Login Issue  ,Low,1.9
4172,15690188,Fraud Alert,Medium,5.2
4173,15671766,App Bug,Low,2.3
4174,15671766,App Bug,Low,2.3
4175,15671766,Fraud Alert,,2.1
4176,15782806,Billing,Medium,10.6
4177,15782806,Login Issue,Low,2.7
4178,15764419,App Bug,Medium,7.8
4179,15764419,Billing,High,35.1
4180,15764419,App Bug,Medium,6.0
4181,15764419,App Bug,low,1.7
4182,15772798,Loan Query,Low,1.6
4183,15772798,Billing,Low,2.1
4184,15792008,Login Issue,Critical,34.3
4185,15792008,App Bug,Low,2.4
4186,15798850,Login Issue,Critical,42.8
4187,15776348,Card Problem,Low,2.9
4188,15776348,Billing,Medium,19.6
4189,15727696,Login Issue,Medium,7.0
4190,15764195,Card Problem,Low,2.1
4191,15764195,App Bug,Medium,5.5
4192,39404997,Fraud Alert,Medium,5.5
ticket_4193,15744919,App Bug,Critical,26.1
4194,15671655,Login Issue,Low,4.9
4195,15671655,Card Problem,Low,1.5
4196,15654901,Login Issue,Low,2.3
4197,15649136,Fraud Alert,Low,2.0
4198,15807481,Login Issue,Medium,7.7
4199,15789109,Loan Query,Low,2.0
4200,15789109,Fraud Alert,High,47.1
4201,15814004,Fraud Alert,Medium,8.1
4202,15673619,Billing,Low,2.9
4203,15595135,Login Issue,Low,1.5
4204,15595135,Billing,Low,2.5
4205,15595135,Login Issue,High,26.6
4206,15583681,App Bug,Medium,9.4
4207,15583681,Billing,Medium,4.6
4208,15605000,App Bug,Critical,25.3
4209,15605000,Loan Query,Low,2.4
4210,15679760,N/A,High,34.4
4211,15679760,Billing,Medium,10.6
4212,15654574,Billing,Medium,11.8
4213,15654574,Loan Query,Low,2.1
4214,15654574,App Bug,Medium,11.8
4215,15654574,Billing,High,12.4
4216,15577178,Card Problem,Medium,15.3
4217,15577178,Fraud Alert,Low,1.6
4218,15595324,Billing,Medium,7.6
4219,15756932,Fraud Alert,Critical,35.4
4220,15726358,App Bug,Medium,10.9
4221,15595228,Loan Query,Low,4.8
4222,15595228,Fraud Alert,Low,4.5
4223,15595228,Card Problem,Medium,6.2
4224,15651983,Billing,Medium,19.8
4225,15651983,Billing,Critical,85.9
4226,74453042,Fraud Alert,Medium,9.5
4227,15655123,Billing,Low,4.6
4228,15655123,Login Issue,Critical,114.2
4229,15655123,Loan Query,High,54.4
4230,15595917,Card Problem,High,22.4
4231,15595917,App Bug,Low,1.9
4232,15595917,Billing,High,22.2
4233,15668385,App Bug,High,22.3
4234,15709476,Loan Query,High,34.0
4235,15709476,App Bug,High,18.7
4236,15663939,Card Problem,Medium,9.8
4237,15663939,Card Problem,Low,2.9
4238,15663939,Login Issue,Low,1.9
4239,15694946,Billing,Medium,5.4
4240,15682268,Billing,Medium,16.8
4241,15684801,Billing,Critical,26.7
4242,15636428,Fraud Alert,Medium,15.0
4243,15636428,Billing,Low,4.9
4244,15636428,Fraud Alert,Low,4.1
4245,15699284,Login Issue,Low,1.1
4246,15786993,App Bug,Medium,10.2
4247,15710257,App Bug,Low,1.4
4248,15582492,Login Issue,Low,1.4
4249,15582492,Billing,High,28.3
4250,15575694,Card Problem,Medium,7.5
4251,15756820,Login Issue,Critical,58.3
4252,15756820,Fraud Alert,Low,1.3
4253,15766289,Fraud Alert,Low,2.7
4254,15766289,Fraud Alert,High,21.9
4255,15766289,Login Issue,Medium,8.3
4256,15766289,  Billing  ,Low,1.2
4257,15593014,Fraud Alert,High,30.9
4258,15593014,Login Issue,Critical,41.9
4259,15593014,Card Problem,High,16.6
4260,15584545,Loan Query,Critical,26.2
4261,15584545,App Bug,Medium,7.4
4262,15584545,Fraud Alert,Low,1.3
4263,15801658,Loan Query,Low,2.2
4264,15801658,Billing,  High  ,32.2
4265,15706185,Fraud Alert,Medium,10.9
4266,15706185,Card Problem,Low,1.5
4267,15789863,App Bug,Medium,11.6
4268,15789863,Fraud Alert,Medium,10.1
4269,15720943,Card Problem,High,52.5
4270,15720943,Fraud Alert,Medium,11.9
4271,15720943,NULL,Critical,80.3
4272,15720943,Billing,Low,4.3
4273,15697997,Card Problem,High,25.8
4274,15697997,Loan Query,Low,1.0
4275,15697997,Card Problem,Medium,12.1
4276,15697997,Loan Query,Low,3.4
4277,81039627,Billing,Low,1.1
4278,15665416,Loan Query,High,26.2
4279,15660200,Billing,Low,1.1
4280,15773447,Billing,Medium,9.8
4281,15773447,App Bug,Medium,5.8
4282,15739160,Fraud Alert,Medium,9.0
4283,15689237,App Bug,Medium,5.1
4284,15679297,Loan Query,Medium,5.5
4285,15591433,App Bug,Low,2.1
4286,15591433,Loan Query,Medium,6.7
4287,15701962,Card Problem,Low,1.3
4288,15811613,Login Issue,Medium,6.7
4289,15741049,Login Issue,Low,2.7
4290,15741049,Login Issue,Low,1.8
4291,15741049,,Medium,8.4
4292,15574305,Loan Query,Medium,5.4
4293,15678168,Fraud Alert,Low,1.2
4294,15610801,Fraud Alert,Low,1.1
4295,15610801,App Bug,Low,3.0
4296,15610801,App Bug,High,27.0
4297,15610801,Billing,Medium,5.7
4298,15745232,Loan Query,Low,2.1
4299,15745232,Login Issue,Low,2.0
4300,15722758,App Bug,Low,1.8
4301,15722758,Login Issue,Low,2.1
4302,15675185,Billing,Critical,67.8
4303,15675185,App Bug,High,17.0
4304,15801247,Card Problem,Medium,5.8
4305,15801247,Billing,Medium,6.5
4306,15801247,Login Issue,High,22.7
4307,15725660,Billing,Low,2.0
4308,15725660,,Medium,11.3
4309,15725660,Billing,Critical,39.5
4310,15638963,Login Issue,Low,1.5
4311,15638963,Card Problem,High,17.3
4312,15800061,Fraud Alert,Critical,65.6
4313,15800061,NULL,Medium,8.9
4314,15668504,App Bug,Low,1.8
4315,15687491,App Bug,Medium,15.5
4316,15687491,Billing,Critical,29.8
4317,15610403,App Bug,Medium,5.8
4318,15807909,Fraud Alert,Medium,6.2
4319,15807909,Card Problem,Low,1.8
4320,15807909,Fraud Alert,Medium,8.8
4321,15617134,Billing,High,35.2
4322,15783029,Fraud Alert,Low,1.8
4323,15783029,Billing,Medium,4.9
4324,15783029,Login Issue,Medium,10.8
4325,15622833,Loan Query,Medium,5.2
4326,15622833,Billing,Medium,6.1
4327,15746422,Loan Query,Low,2.9
4328,63559791,Billing,Low,1.9
4329,15750839,App Bug,Low,1.4
4330,15779862,Loan Query,Medium,-5.0
4331,15767871,App Bug,Critical,32.7
4332,15576219,Loan Query,Medium,11.5
4333,15576219,Loan Query,Medium,9.3
4334,15699247,Fraud Alert,Critical,62.1
4335,15699247,billing,Low,2.2
4336,15699247,Card Problem,Low,2.1
4337,15699247,Fraud Alert,Medium,12.2
4338,15619087,Login Issue,Medium,8.2
4339,15619087,Loan Query,High,28.3
4340,15619087,Card Problem,Low,1.7
4341,15619087,Fraud Alert,Critical,27.2
4342,15610140,Card Problem,Medium,5.1
4343,15791174,Billing,Medium,6.7
4344,15762605,App Bug,Low,1.4
4345,76463953,App Bug,Low,2.0
4346,15744279,App Bug,  Medium  ,9.1
4347,15670619,Login Issue,High,26.8
4348,15670619,Login Issue,Critical,58.4
4349,15599533,Billing,Medium,6.4
4350,15757837,App Bug,Medium,7.8
4351,15762228,Billing,Medium,7.5
4352,15614827,Fraud Alert,Low,2.1
4353,15614827,Billing,Medium,5.4
4354,15789815,Login Issue,Medium,999.0
4355,15579781,Login Issue,Low,2.3
4356,15579781,Login Issue,High,13.2
4357,15579781,Login Issue,High,14.8
4358,15570932,Fraud Alert,Low,3.2
4359,15570932,Loan Query,Low,2.4
4360,15570932,Card Problem,Medium,16.6
4361,15581654,App Bug,High,31.4
4362,15609653,Login Issue,Low,3.6
4363,15609653,,Medium,13.3
4364,15594577,Fraud Alert,High,24.1
4365,15673367,Card Problem,High,-1.0
4366,15774727,Fraud Alert,Low,2.1
4367,15694288,App Bug,Low,2.9
4368,15603319,Billing,Low,1.7
4369,15759066,Login Issue,High,39.8
4370,15759066,Login Issue,Low,3.1
4371,15759066,App Bug,Critical,36.0
4372,15759066,Fraud Alert,Medium,6.4
4373,15814816,Fraud Alert,Medium,7.0
4374,15814816,App Bug,Low,9999
4375,15814816,Loan Query,Medium,18.8
4376,15571059,Card Problem,Medium,12.8
4377,41775316,Loan Query,Medium,11.9
4378,15662067,App Bug,High,23.9
4379,15662067,Fraud Alert,Medium,11.1
4380,15779581,Card Problem,Low,4.9
4381,15779581,App Bug,Medium,999.0
4382,15662901,Billing,  Low  ,2.1
4383,15689751,Fraud Alert,Medium,10.7
ticket_4384,15667742,Loan Query,Medium,9.9
4385,15667742,Card Problem,High,33.5
4386,15738448,Login Issue,Low,1.3
4387,15680243,Fraud Alert,Medium,8.3
4388,15680243,Billing,Medium,6.5
4389,15745083,Card Problem,Medium,14.8
4390,15745083,Billing,Medium,7.6
4391,15628523,Fraud Alert,  Medium  ,11.7
4392,15708196,App Bug,High,25.6
4393,15809347,Loan Query,Low,1.7
4394,15794566,Login Issue,Low,4.6
4395,15794566,Loan Query,Low,N/A
4396,15794566,App Bug,High,51.2
4397,15794566,Loan Query,Low,2.6
4398,15800890,Billing,Medium,11.1
4399,15697424,Loan Query,Medium,12.3
4400,15697424,Card Problem,Medium,11.0
4401,15697424,Login Issue,Critical,94.8
4402,15735878,App Bug,Low,1.9
4403,15707596,App Bug,High,29.5
4404,15707596,Card Problem,Low,3.4
4405,15707596,App Bug,Medium,15.3
4406,15622478,Fraud Alert,High,36.2
4407,15622478,Billing,Medium,17.8
4408,15636023,Login Issue,Low,3.8
4409,15636023,Billing,Low,4.7
4410,15582066,Billing,Low,1.8
4411,15666675,Billing,Low,2.5
4412,15789432,Loan Query,Medium,9999.0
4413,15789432,Billing,Low,2.6
4414,15663161,Login Issue,Low,4.8
4415,15694879,Card Problem,Medium,4.6
4416,15694879,Fraud Alert,Low,1.6
4417,15694879,  Billing  ,Medium,4.7
4418,15593715,Login Issue,Low,1.7
4419,15593715,Fraud Alert,Low,1.0
ticket_4420,15593715,Fraud Alert,Low,1.1
4421,15795224,Loan Query,High,33.7
4422,15795224,Fraud Alert,Low,3.2
4423,15795224,Login Issue,Low,3.2
4424,15685346,App Bug,Low,1.2
4425,15691808,Loan Query,Low,2.0
4426,15691808,App Bug,Medium,11.3
4427,15694453,Fraud Alert,Low,1.5
4428,15813113,Billing,Medium,6.0
4429,15614187,Card Problem,Low,2.9
4430,15614187,App Bug,Critical,-5.0
4431,15614187,Loan Query,Medium,6.8
4432,15619407,Fraud Alert,Low,1.2
4433,15646227,App Bug,High,24.3
4434,15646227,Loan Query,Medium,6.4
4435,15646227,App Bug,Low,1.9
4436,15753874,Card Problem,Medium,11.1
4437,15617877,Loan Query,Medium,5.9
4438,15617877,Loan Query,High,33.1
4439,15772073,Card Problem,Low,3.0
4440,15772073,App Bug,Low,999.0
4441,15772073,Billing,Low,4.6
4442,15701537,Login Issue,Low,1.2
4443,15736228,Billing,High,20.7
4444,15780572,Fraud Alert,Low,1.7
4445,15780572,Loan Query,Low,2.5
4446,15769596,Billing,Low,4.6
4447,15586996,Billing,Medium,8.4
4448,15722061,Card Problem,High,27.6
4449,15775590,Fraud Alert,Low,1.6
4450,15775590,Loan Query,Medium,13.0
4451,15775590,Card Problem,Medium,15.9
4452,15730688,Billing,Medium,19.3
4453,15810075,Loan Query,Critical,69.0
4454,15795298,Billing,High,27.2
4455,15795298,App Bug,Medium,6.2
4456,15724161,Billing,Low,3.2
4457,15724161,Login Issue,Low,3.6
4458,15724161,App Bug,Low,3.6
4459,15724161,Login Issue,Medium,-1.0
4460,15750056,Billing,  High  ,21.2
4461,15609637,Card Problem,Critical,38.5
4462,15609637,Fraud Alert,Low,2.3
4463,15609637,Login Issue,Medium,4.5
4464,15794493,Loan Query,Low,2.0
4465,15569641,Loan Query,  Low  ,4.6
4466,15569641,Card Problem,Low,1.1
4467,15569641,Login Issue,High,19.2
4468,15600379,  Billing  ,Low,2.2
4469,15600379,Loan Query,Low,1.8
4470,15801336,Login Issue,Medium,4.4
4471,15721592,Billing,Low,1.7
4472,15581282,Loan Query,Medium,7.8
4473,15746203,Loan Query,Low,1.4
4474,15583137,Card Problem,Medium,9.5
4475,15688172,Card Problem,Medium,5.1
4476,15688172,Fraud Alert,Low,2.1
4477,15791373,Login Issue,Low,1.7
4478,15791373,App Bug,High,22.8
4479,15692819,Fraud Alert,Medium,5.2
4480,15734312,App Bug,Medium,6.1
4481,15764604,App Bug,Medium,18.3
4482,15764604,Login Issue,Low,1.7
4483,15764604,Fraud Alert,Low,3.1
4484,15613014,Login Issue,Low,2.3
4485,15759684,Billing,High,20.2
4486,15609669,Login Issue,High,12.7
4487,15609669,Card Problem,Medium,9.3
4488,15609669,Login Issue,Low,2.6
4489,15609669,Fraud Alert,Low,1.2
4490,15685536,App Bug,  Medium  ,12.0
4491,15638646,Login Issue,Low,2.2
4492,15734161,Fraud Alert,Low,2.0
4493,15734161,App Bug,Low,2.2
4494,15734161,Fraud Alert,Critical,56.7
4495,15734161,Login Issue,Medium,7.6
4496,15631070,Card Problem,Medium,16.0
4497,15761950,Billing,Medium,16.6
4498,15649668,Login Issue,Medium,10.4
4499,15649668,App Bug,Medium,6.6
4500,15649668,Billing,Medium,4.6
4501,15649668,Loan Query,Low,2.5
4502,15760570,App Bug,Medium,4.4
4503,15760570,Fraud Alert,Low,1.6
4504,15566689,App Bug,High,33.4
4505,15566689,Fraud Alert,Low,2.1
4506,15725794,Card Problem,Medium,7.1
4507,15725794,App Bug,Low,3.5
4508,15705298,Loan Query,Low,2.9
4509,72378309,Login Issue,Low,2.1
4510,15675791,Login Issue,Low,1.5
4511,15675791,Billing,High,27.3
4512,15747043,Loan Query,Critical,24.3
4513,74161607,App Bug,Low,2.8
4514,15747043,Card Problem,Medium,7.4
4515,15747043,Card Problem,Medium,11.3
4516,15736397,App Bug,Critical,70.2
4517,15736397,App Bug,Medium,7.5
4518,15736397,Fraud Alert,High,22.0
4519,15736397,  Fraud Alert  ,Medium,11.6
4520,15678201,Billing,Low,4.2
4521,15678201,Card Problem,Low,1.6
4522,15720745,App Bug,  Low  ,2.5
4523,15637593,Login Issue,Medium,6.9
4524,15637593,App Bug,High,27.4
4525,15637593,  Login Issue  ,High,25.8
4526,15637593,Billing,Critical,39.2
4527,15787550,Login Issue,Low,1.2
4528,15603942,  Login Issue  ,Critical,112.0
4529,15603942,Loan Query,Low,2.9
ticket_4530,15733973,App Bug,Low,1.7
4531,15596761,Card Problem,High,56.2
4532,15596761,Fraud Alert,Medium,5.4
4533,15596761,Billing,Medium,18.3
4534,15596761,Fraud Alert,Critical,57.5
4535,15652400,Loan Query,High,32.3
4536,15717893,Card Problem,Low,2.9
4537,15717893,Billing,Critical,47.0
4538,15622585,Loan Query,High,15.8
4539,15622585,Login Issue,Medium,11.4
4540,15622585,Card Problem,Low,3.0
4541,15622585,Billing,Low,1.0
4542,15753861,Card Problem,Low,1.8
4543,15753861,Loan Query,Medium,10.3
4544,15747097,Billing,Low,4.5
4545,15747097,Billing,Medium,14.3
4546,15742204,Fraud Alert,Low,2.8
4547,15623502,Billing,High,12.8
4548,15774872,Login Issue,Low,1.7
4549,15611191,Fraud Alert,Low,1.0
4550,15674331,login issue,Low,1.3
4551,15674331,Billing,Low,2.2
4552,15674331,Login Issue,Low,2.3
4553,15674331,Fraud Alert,High,21.2
4554,15619465,Billing,Low,2.3
4555,15695679,Fraud Alert,Low,1.3
4556,15695679,Billing,Critical,63.6
4557,15695679,Fraud Alert,High,22.8
4558,15713463,Fraud Alert,Low,2.9
4559,15713463,Billing,Medium,4.6
4560,15713463,Login Issue,Low,2.7
4561,15785170,Loan Query,Low,2.8
4562,15785170,Billing,High,29.1
4563,15796351,Loan Query,Medium,5.9
4564,15796351,App Bug,low,1.7
4565,15796351,App Bug,Low,2.7
4566,15693264,Login Issue,Low,1.5
4567,15589715,Card Problem,Medium,15.0
4568,15589715,Login Issue,Low,4.4
4569,15589715,Login Issue,Medium,7.7
4570,15769902,Card Problem,Low,1.6
4571,15769902,Login Issue,Low,1.2
4572,15587177,Card Problem,Low,2.4
4573,15587177,Fraud Alert,Low,1.1
4574,36992212,Login Issue,Medium,6.8
4575,15814553,Loan Query,Medium,7.6
4576,15814553,Loan Query,Medium,5.3
4577,15664907,Card Problem,Low,3.5
4578,15664907,App Bug,High,15.2
4579,15664907,CARD PROBLEM,Medium,5.0
4580,15664907,Billing,Low,3.8
4581,15612465,Fraud Alert,Medium,-1.0
4582,15810800,Fraud Alert,Medium,6.7
4583,15665760,Card Problem,Critical,24.5
4584,15665760,Billing,  Medium  ,5.9
4585,15665760,Login Issue,Medium,5.3
4586,11784001,Login Issue,High,12.5
4587,15588080,Loan Query,Medium,16.3
4588,15588080,Login Issue,Low,4.3
4589,15588080,Billing,High,42.2
4590,15588080,App Bug,High,999.0
4591,15776844,Fraud Alert,Medium,4.6
4592,15776844,Fraud Alert,low,2.8
4593,15717560,Login Issue,Critical,41.6
4594,15717560,Billing,Low,2.5
4595,15768151,App Bug,High,37.9
4596,15768151,Loan Query,Low,3.2
4597,15579212,App Bug,NULL,7.1
4598,15579212,Billing,Low,1.2
4599,15579212,Card Problem,Low,1.3
4600,15721835,Login Issue,Medium,10.8
4601,15721835,Card Problem,Low,2.1
4602,15721835,Billing,Low,1.6
4603,15800515,Billing,Medium,4.3
4604,15750335,Billing,Medium,13.7
4605,15750335,App Bug,High,46.0
4606,15699619,Loan Query,Medium,5.0
4607,15699619,Loan Query,Low,1.5
4608,15606472,Billing,Low,2.3
4609,15778368,Loan Query,Low,1.8
4610,15778368,Fraud Alert,Medium,18.7
4611,15573926,Card Problem,Medium,999.0
4612,15573926,Fraud Alert,Low,2.9
4613,15778830,Card Problem,Medium,6.5
4614,15778830,Loan Query,Critical,44.5
4615,58087049,Loan Query,High,55.0
4616,15768072,Login Issue,Low,2.2
4617,15768072,Fraud Alert,High,22.3
4618,15768293,Card Problem,Low,1.4
4619,15654456,App Bug,Medium,5.2
4620,15654456,Billing,Medium,14.6
4621,15654456,Loan Query,Low,2.9
4622,15807525,Fraud Alert,High,57.2
4623,15807525,App Bug,Low,3.5
4624,15807525,App Bug,Low,2.2
4625,15574372,Loan Query,Low,1.0
4626,15671249,App Bug,Medium,9.7
4627,15671249,Card Problem,Medium,7.4
4628,15624755,Fraud Alert,Medium,5.6
4629,15624755,App Bug,High,14.7
4630,15774744,App Bug,Medium,5.0
4631,15629885,Billing,Medium,8.5
4632,15629885,Fraud Alert,Low,1.7
4633,15708791,Login Issue,Medium,7.6
4634,15708791,Loan Query,Medium,8.3
4635,15708791,App Bug,High,31.3
4636,15708791,App Bug,High,23.4
4637,15793890,App Bug,High,54.4
4638,15793890,App Bug,Medium,11.4
4639,15793890,Loan Query,Medium,7.1
4640,15646091,Billing,Medium,9999.0
4641,15596984,Billing,MEDIUM,10.9
4642,15596984,Billing,Low,2.7
4643,15596984,Login Issue,Critical,101.7
4644,15800215,Billing,Low,1.8
4645,15749381,Card Problem,Low,2.5
4646,15749381,Loan Query,Low,2.9
4647,15670615,Login Issue,Low,1.2
4648,15715622,Login Issue,High,36.8
4649,15715622,Login Issue,Medium,11.4
4650,15707634,Billing,Medium,5.6
4651,15806901,Billing,Low,3.0
ticket_4652,15724150,Card Problem,Low,1.4
4653,15724150,App Bug,Low,2.5
4654,15724150,Billing,Critical,29.7
4655,15627220,Login Issue,Medium,16.5
4656,15627220,Card Problem,Medium,5.3
4657,15627220,Login Issue,Medium,13.7
4658,15672330,Card Problem,Medium,8.0
ticket_4659,15672330,Login Issue,Medium,4.6
4660,15592570,Card Problem,Medium,4.4
4661,15748589,App Bug,Critical,35.2
4662,15635893,Loan Query,Medium,8.1
4663,15635893,Login Issue,Low,2.5
4664,15757632,Billing,Medium,4.6
4665,15757632,Card Problem,High,24.9
4666,15706071,Loan Query,Medium,10.3
4667,15706071,Card Problem,High,49.6
4668,15654296,App Bug,NULL,8.6
4669,15755018,Fraud Alert,Low,1.9
4670,15755018,Fraud Alert,Low,2.1
4671,15594041,Card Problem,Low,2.7
4672,15801904,Card Problem,High,27.0
4673,15801904,Loan Query,Critical,38.7
4674,15658195,Fraud Alert,Low,1.2
4675,15658195,Billing,Low,2.8
4676,15784320,Fraud Alert,Low,3.5
4677,15676513,Login Issue,Medium,4.7
4678,15676513,Fraud Alert,Low,1.5
4679,15574072,Fraud Alert,Medium,11.3
4680,93382236,Login Issue,Critical,48.6
4681,15574072,NULL,Low,1.8
4682,15574072,  Login Issue  ,Low,2.6
4683,15618566,Login Issue,Medium,6.3
4684,15618566,Card Problem,High,15.8
4685,15618566,Fraud Alert,Medium,11.0
4686,15746076,Fraud Alert,Low,2.1
4687,15608226,NULL,Low,2.4
4688,15608226,Card Problem,High,33.3
4689,15605684,Loan Query,Medium,6.8
4690,15638988,Fraud Alert,Medium,9.7
4691,15638988,Card Problem,Critical,27.1
4692,15638988,Fraud Alert,Low,1.7
4693,15628767,Loan Query,Low,4.3
4694,15628767,Fraud Alert,Low,N/A
4695,15628767,Login Issue,Low,3.9
4696,15628767,App Bug,Medium,7.9
4697,15737977,App Bug,Medium,6.8
4698,15737977,Fraud Alert,High,13.6
4699,15737977,App Bug,Critical,39.5
4700,15575119,Billing,Medium,2500.0
4701,15575119,Billing,Medium,12.9
4702,15625126,Loan Query,Low,2.8
ticket_4703,15625126,Billing,Low,1.2
ticket_4704,15567114,Login Issue,Low,2.0
4705,15672242,Billing,Medium,10.4
4706,15681327,App Bug,Low,2.6
4707,15802585,Fraud Alert,Low,1.7
4708,15802585,Fraud Alert,Medium,5.3
4709,15802585,Loan Query,Medium,11.3
4710,15659325,App Bug,Low,1.4
4711,15651352,Fraud Alert,Medium,10.7
4712,15651352,Card Problem,Low,2.4
4713,15684925,App Bug,High,26.1
4714,15657439,Loan Query,Medium,5.0
4715,15657439,loan query,Low,1.1
4716,15574122,Loan Query,Low,2.3
4717,15574122,Billing,Low,1.3
4718,15574122,Loan Query,Medium,6.0
4719,15574122,Loan Query,Low,2.9
4720,15702300,App Bug,Low,1.1
4721,15660735,Card Problem,Medium,4.3
4722,15647385,Billing,Low,4.5
4723,15647385,Card Problem,High,27.8
4724,15631305,Billing,Medium,6.3
4725,15809263,Loan Query,Low,1.7
4726,15640866,Card Problem,Medium,9.9
4727,15631800,Fraud Alert,Low,1.5
4728,15726747,App Bug,High,13.2
4729,15726747,Billing,Low,1.7
4730,15726747,Login Issue,Low,2.9
4731,15694510,Loan Query,Medium,8.3
4732,15694510,Login Issue,High,29.2
4733,15572291,App Bug,Low,2.3
4734,15603465,Card Problem,Low,2.2
ticket_4735,15603465,Login Issue,Low,3.3
4736,15603465,Login Issue,Critical,73.1
4737,15685628,Fraud Alert,Medium,10.7
4738,15685628,Billing,Medium,10.8
4739,15685628,Billing,High,33.4
4740,15792729,Fraud Alert,Medium,6.4
4741,15792729,Card Problem,Medium,8.2
4742,15568044,Login Issue,High,34.7
4743,15623062,Card Problem,Medium,10.0
4744,15713621,Login Issue,Critical,34.8
4745,15713621,App Bug,Low,2.9
4746,15713621,Card Problem,Low,1.2
4747,15713621,Billing,Medium,7.0
4748,15670668,Fraud Alert,Medium,6.3
4749,15750638,Billing,,19.8
4750,15747878,Login Issue,Low,2.6
4751,15726796,Billing,Low,1.9
4752,15726796,Fraud Alert,Medium,9.3
4753,15763544,Loan Query,low,1.9
4754,15763544,Loan Query,High,25.2
4755,15763544,Loan Query,High,26.0
4756,15763544,App Bug,Low,1.3
4757,15684010,Card Problem,Low,2.3
4758,15684010,loan query,Medium,6.0
4759,15684010,Billing,Critical,62.3
4760,15648881,Card Problem,High,52.4
4761,64068736,Card Problem,Low,1.7
4762,15648881,Billing,Medium,4.4
4763,15733303,Login Issue,High,35.2
4764,15749905,Loan Query,Low,1.8
4765,15749905,Card Problem,Low,2.1
4766,15749905,Card Problem,Low,3.5
4767,15625175,Fraud Alert,Low,2.1
4768,15625175,Loan Query,Medium,18.5
4769,15625175,Fraud Alert,Medium,8.0
4770,15625175,App Bug,High,59.4
4771,15643967,Login Issue,Medium,15.4
4772,15578251,Fraud Alert,Low,2.2
4773,15578251,Card Problem,Low,2.8
4774,15578251,Fraud Alert,Medium,6.3
4775,15772573,Fraud Alert,High,27.5
4776,41527424,Fraud Alert,Low,4.1
4777,15733234,Card Problem,Medium,16.8
4778,15721582,Card Problem,Medium,13.0
4779,15721582,Billing,Low,5.0
4780,15721582,App Bug,Medium,10.1
4781,15628219,  Loan Query  ,Low,1.9
4782,15628219,Card Problem,High,12.7
4783,15571302,Loan Query,Medium,8.2
4784,15637178,Login Issue,Medium,5.7
4785,15601184,Login Issue,Low,2.9
4786,15601184,Login Issue,Low,2.0
4787,15665766,App Bug,Critical,43.7
4788,15693732,Fraud Alert,Critical,47.0
4789,15693732,Billing,High,35.5
4790,15693732,Billing,Low,2.8
4791,15765982,Loan Query,Low,4.7
4792,15582016,Fraud Alert,Medium,6.4
4793,15798024,Loan Query,High,25.3
4794,15588622,Login Issue,Medium,7.1
4795,15724863,Fraud Alert,Medium,7.7
4796,15724863,App Bug,Medium,14.4
4797,15724863,Fraud Alert,Low,2.1
4798,15618213,Loan Query,Critical,37.5
4799,15618213,Loan Query,Critical,36.0
4800,15618213,Loan Query,High,33.8
4801,15780411,App Bug,High,28.5
4802,15780411,Billing,Low,2.8
4803,15725429,App Bug,Medium,4.4
4804,15600626,Billing,,11.2
4805,15600626,Billing,Medium,4.4
4806,15600626,Login Issue,Low,2.2
4807,15600626,Billing,Low,3.0
4808,15576263,Fraud Alert,Low,1.5
4809,15691624,Loan Query,Low,2.0
4810,15691624,Loan Query,Low,2.2
4811,15691624,App Bug,Medium,11.6
4812,15691624,Billing,High,20.6
4813,15633352,Login Issue,Low,N/A
4814,15633352,Login Issue,High,16.0
4815,15750874,Fraud Alert,Critical,53.2
4816,15750874,Loan Query,,2.4
4817,15715745,Card Problem,Medium,11.0
4818,15715745,App Bug,Medium,8.8
4819,15611800,Fraud Alert,High,35.6
4820,15611800,App Bug,Low,2.3
4821,15793693,Billing,Low,1.8
4822,15790564,Card Problem,Medium,4.7
4823,15790564,,Medium,6.5
4824,15001618,Login Issue,Medium,8.8
4825,81261269,App Bug,High,34.9
4826,15595937,Billing,High,20.3
4827,15595937,Fraud Alert,Critical,37.0
4828,15595937,Card Problem,Low,1.4
4829,15815628,Loan Query,Medium,8.9
4830,15815628,Fraud Alert,Medium,9.6
4831,15815628,Billing,Low,2.3
4832,15782802,Fraud Alert,High,29.0
4833,15782802,App Bug,Low,2500.0
4834,15782802,Billing,High,17.5
4835,15782802,Card Problem,Low,1.5
4836,15627412,App Bug,Low,2.4
4837,15627412,Loan Query,Low,1.7
4838,15734609,Login Issue,Low,1.2
4839,15734609,Loan Query,Medium,9.0
4840,15734609,Fraud Alert,High,19.5
4841,15710689,Billing,Low,1.2
4842,15710689,Loan Query,Low,3.4
4843,15710689,Loan Query,High,21.2
4844,15565806,Card Problem,High,17.6
4845,15565806,Fraud Alert,Low,2.4
4846,15684103,Fraud Alert,High,14.4
4847,15767722,Fraud Alert,High,20.9
4848,15767722,Loan Query,Low,2.2
4849,15767722,Login Issue,Low,3.0
4850,15654346,  Billing  ,Low,1.0
4851,15654346,App Bug,Low,2.5
4852,15660147,Fraud Alert,Medium,6.5
4853,15660147,Login Issue,Low,2.2
4854,15660147,Loan Query,Low,2.6
4855,15802207,Login Issue,Low,1.0
4856,15802207,Fraud Alert,Low,2.7
4857,15802207,Loan Query,Low,five
4858,15658668,Login Issue,Medium,7.4
4859,15658668,Card Problem,Low,1.1
4860,15715079,Login Issue,Medium,11.6
4861,15674678,Loan Query,Low,3.1
4862,15674678,Loan Query,Low,1.2
4863,15780925,Login Issue,Medium,8.7
4864,15778219,Fraud Alert,Low,1.8
4865,15696514,Login Issue,Low,2.8
4866,15696514,Fraud Alert,Low,2.4
4867,15696514,Card Problem,Medium,7.6
4868,15696514,App Bug,High,24.7
4869,15719090,App Bug,High,19.7
4870,15619436,Fraud Alert,Low,2.0
4871,15722404,Billing,Medium,9.8
4872,15722404,Billing,Medium,9999.0
4873,15722404,Loan Query,Low,2.4
4874,15722404,Card Problem,Medium,6.2
4875,15662063,App Bug,High,21.8
4876,15745605,App Bug,High,24.5
4877,15745605,Loan Query,Medium,15.1
4878,15745605,Loan Query,Medium,10.3
4879,15784130,Loan Query,High,unknown
4880,15606755,Loan Query,High,53.2
4881,15606755,Billing,Low,4.3
4882,15606755,Loan Query,Low,1.1
4883,15606755,Billing,Medium,6.5
4884,15801699,Card Problem,High,17.9
4885,15801699,App Bug,Low,2.6
4886,15784097,App Bug,Low,2.7
4887,15764654,Fraud Alert,Medium,10.5
4888,15612092,Fraud Alert,Medium,9999.0
4889,15612092,Card Problem,High,20.6
4890,15610903,Fraud Alert,High,23.6
4891,15705777,App Bug,High,12.9
4892,15700864,Card Problem,Medium,5.2
4893,15722965,Login Issue,Low,1.1
4894,15722965,Billing,Low,2.3
4895,15722965,App Bug,Critical,86.4
4896,15722965,Login Issue,Low,2.2
4897,15737521,App Bug,High,23.1
4898,15580988,Loan Query,Medium,6.8
4899,15713370,Card Problem,Medium,7.4
4900,15713370,Fraud Alert,Medium,8.2
4901,15748673,App Bug,Medium,4.9
4902,15748673,Loan Query,Low,1.5
4903,15748673,Loan Query,Medium,9.1
4904,15754919,Login Issue,Critical,68.2
4905,15641662,Fraud Alert,Medium,6.5
4906,15641662,Fraud Alert,High,25.9
4907,15813422,Loan Query,Low,2.2
4908,15791216,Fraud Alert,High,38.2
4909,15791216,Login Issue,Low,3.1
4910,15763704,Billing,Low,1.3
4911,15771509,Login Issue,High,29.4
4912,15771509,Fraud Alert,Medium,8.3
4913,15769586,Loan Query,Low,2.7
4914,15656096,Fraud Alert,Medium,11.2
4915,15656096,Fraud Alert,Medium,11.4
4916,15585280,Fraud Alert,Low,1.6
4917,15585280,Billing,Critical,31.9
4918,15585280,Fraud Alert,Low,3.0
4919,15585280,  Fraud Alert  ,Medium,5.3
4920,15743582,Login Issue,Medium,8.3
4921,15627840,Card Problem,Low,2.9
4922,15627840,Billing,Low,1.2
4923,15627840,Loan Query,Medium,19.2
4924,15778861,Loan Query,Medium,9.2
4925,15778861,App Bug,Low,3.0
ticket_4926,15770554,Fraud Alert,High,21.7
4927,15806956,Card Problem,Critical,44.7
4928,15806956,Loan Query,Medium,7.4
4929,15806956,Fraud Alert,Low,3.1
4930,15701908,Card Problem,Medium,8.6
4931,15736990,Billing,Low,1.4
ticket_4932,15743714,App Bug,Medium,6.0
4933,15743714,Loan Query,High,22.2
4934,15807993,Billing,Medium,6.3
4935,77764904,Loan Query,High,26.1
4936,15677377,Loan Query,Medium,4.8
4937,15626412,Fraud Alert,High,13.8
4938,15643679,App Bug,Medium,6.3
4939,15643679,Card Problem,Medium,9.0
4940,15728456,App Bug,Critical,58.4
4941,15728456,App Bug,Low,4.6
4942,77472661,Card Problem,Low,2.6
4943,15728456,,Medium,13.9
4944,15630661,Card Problem,Medium,8.1
4945,15630661,Card Problem,High,32.1
4946,15734044,Card Problem,Low,1.3
4947,15705001,Loan Query,High,23.2
4948,15809817,Loan Query,Low,3.0
4949,15809137,Login Issue,Medium,13.9
4950,15809137,Billing,High,20.2
4951,15809137,Login Issue,Medium,19.8
4952,15626491,Card Problem,Medium,10.7
4953,15765461,Loan Query,Medium,9.7
4954,15568120,Fraud Alert,Low,2.6
4955,15568120,Fraud Alert,Low,1.1
4956,15588944,Billing,Medium,12.2
4957,15694253,Loan Query,Low,2.8
4958,15694253,Fraud Alert,Medium,8.0
4959,15759566,N/A,Low,2.0
4960,15759566,Card Problem,Low,2.9
4961,15660505,Login Issue,Medium,9.0
4962,15700710,Fraud Alert,High,16.4
4963,15608166,App Bug,Medium,8.6
4964,15608166,Fraud Alert,High,19.7
4965,15614230,App Bug,High,24.0
4966,15614230,Login Issue,Low,2.6
ticket_4967,15614230,Card Problem,Medium,11.2
4968,15674727,App Bug,Medium,4.0
4969,15674727,Fraud Alert,High,16.4
4970,15801395,App Bug,Medium,999.0
4971,15757911,App Bug,Medium,11.2
4972,15665340,Fraud Alert,Medium,10.0
4973,15665340,Billing,Medium,6.8
4974,15757821,Login Issue,Low,2.5
4975,15600688,Billing,Low,2.4
4976,15594878,Fraud Alert,Medium,10.2
4977,15594878,Fraud Alert,Low,2.7
4978,15594878,Billing,Low,2.6
4979,15812706,App Bug,Medium,8.7
4980,15645045,Loan Query,High,34.9
4981,15700383,App Bug,Medium,6.7
4982,15700383,Loan Query,Low,1.6
4983,15700383,Billing,Low,2.0
4984,15700383,Loan Query,Medium,10.6
4985,15632551,Billing,Medium,10.7
4986,15650545,Login Issue,Critical,48.9
4987,15612769,Billing,Low,2.2
4988,15612769,Loan Query,Medium,8.2
4989,15612769,Fraud Alert,Medium,10.5
4990,15623712,Loan Query,Medium,-5.0
4991,15623712,Login Issue,Low,3.3
4992,15623712,Loan Query,Low,3.2
4993,15653251,Billing,High,53.8
4994,15653251,App Bug,Low,3.4
4995,15653251,Card Problem,Low,2.2
4996,15653251,App Bug,High,52.8
4997,15808557,Fraud Alert,,4.1
4998,15808557,Fraud Alert,Medium,9.2
4999,15614687,Billing,Low,1.9
5000,15614687,Billing,High,22.1
5001,15614687,Login Issue,Low,2.4
5002,15748034,Login Issue,High,35.5
5003,15632324,Card Problem,Medium,10.5
5004,15761453,Loan Query,Low,1.5
5005,15637169,Billing,Medium,9.0
5006,15637169,Loan Query,Medium,5.8
5007,15637169,App Bug,Critical,60.6
5008,15636024,Login Issue,Medium,7.4
5009,15801218,Login Issue,High,58.6
5010,15801218,Login Issue,Medium,12.4
5011,15801218,Loan Query,Medium,9.6
5012,15642655,Fraud Alert,Low,1.7
5013,15642655,App Bug,High,16.1
5014,15653753,Fraud Alert,Low,2.4
5015,15641359,App Bug,High,15.8
5016,15641359,Card Problem,Critical,87.8
5017,15647725,App Bug,Low,1.3
5018,15647725,Card Problem,Critical,103.0
5019,15580629,Loan Query,Medium,7.4
5020,15580629,Card Problem,Medium,11.8
5021,15626612,Loan Query,Medium,unknown
5022,15626612,Loan Query,Medium,11.6
5023,15626612,Login Issue,Low,1.8
5024,15662865,Loan Query,Medium,9.8
5025,15662865,Login Issue,Medium,11.6
5026,15662865,Fraud Alert,Low,1.2
5027,15651823,App Bug,Critical,32.0
5028,15651823,Billing,Medium,12.4
5029,15594827,Card Problem,Medium,9.0
5030,15594827,Card Problem,Medium,9.6
5031,15594827,Loan Query,Medium,10.6
5032,15786392,Card Problem,Low,2.2
5033,15786392,Fraud Alert,Critical,26.9
5034,15727353,Card Problem,Critical,39.9
5035,15727353,Fraud Alert,High,35.7
5036,15727353,Login Issue,Low,3.6
5037,15733777,Fraud Alert,Low,1.9
5038,15614302,App Bug,Low,1.3
5039,15614302,Billing,High,35.2
5040,15723263,Loan Query,Medium,5.5
5041,15723263,Login Issue,  High  ,43.3
5042,15687270,Card Problem,Medium,5.1
5043,15687270,Fraud Alert,Medium,11.1
5044,15741875,Login Issue,Medium,10.6
5045,15741875,  Card Problem  ,Medium,11.4
5046,15672970,Fraud Alert,MEDIUM,9.0
5047,15672970,Loan Query,Low,2.4
5048,15672970,App Bug,Low,2.3
5049,15672970,Fraud Alert,Medium,4.2
5050,15761670,App Bug,Medium,16.8
5051,15706005,Loan Query,Low,3.1
5052,15706005,App Bug,Low,4.3
5053,15706005,Login Issue,Medium,17.3
5054,15790336,Billing,Medium,11.0
5055,15754267,App Bug,Medium,5.7
5056,15683375,Fraud Alert,Low,1.2
5057,15683375,Billing,Medium,5.1
5058,15635285,Billing,Medium,7.9
5059,15635285,Billing,Low,1.9
5060,15635285,App Bug,Critical,50.8
5061,15711618,Card Problem,High,13.6
5062,15711618,Billing,Low,3.3
5063,15711618,Loan Query,Critical,95.8
5064,15588461,Loan Query,High,29.4
5065,15588461,Loan Query,Low,1.7
5066,15773221,Login Issue,Medium,5.1
5067,15773221,  Fraud Alert  ,Low,4.6
5068,15664227,Billing,Medium,4.1
5069,15664227,Card Problem,Medium,11.7
5070,15741745,Login Issue,Medium,6.3
5071,15741745,Login Issue,High,34.4
5072,15741745,App Bug,Medium,8.0
5073,15741745,app bug,Low,2.7
5074,15652626,Loan Query,Low,1.2
5075,15599410,Login Issue,Low,1.1
5076,15571958,Card Problem,Medium,9.0
5077,15571958,Card Problem,Low,
5078,15785406,Card Problem,Low,1.6
5079,15621685,Loan Query,Low,3.0
5080,15621685,Loan Query,Medium,8.6
5081,15628886,app bug,Low,3.3
5082,15628886,Billing,Low,3.5
5083,15578369,Login Issue,Medium,999.0
5084,15578369,Card Problem,High,29.3
5085,15578369,Loan Query,High,14.7
5086,15654156,App Bug,High,28.1
5087,15767921,Card Problem,Medium,6.5
5088,15767921,App Bug,Medium,10.3
5089,15767921,Fraud Alert,High,26.8
5090,15767921,Loan Query,Low,2.1
5091,15747208,Login Issue,Medium,6.4
5092,15747208,App Bug,Medium,9.7
5093,15747208,Billing,Low,2.7
5094,15747208,Fraud Alert,Critical,61.5
5095,15772528,Login Issue,Medium,9.0
5096,15772528,Card Problem,Low,2.9
5097,15772528,Fraud Alert,Medium,11.4
5098,15788683,Login Issue,Low,1.4
5099,15788683,App Bug,Low,1.4
5100,15788683,App Bug,Low,1.6
5101,15771855,Login Issue,Low,2.1
5102,15601873,Login Issue,High,17.0
5103,15601873,Card Problem,Medium,7.1
5104,15601873,App Bug,Critical,42.1
5105,15657868,App Bug,Medium,10.7
5106,15711716,Card Problem,Low,1.1
5107,15711716,  Loan Query  ,Low,1.0
5108,15734246,Loan Query,Low,1.5
5109,15792151,Fraud Alert,High,26.3
5110,15770159,Login Issue,Low,2.9
5111,15639357,Billing,Medium,15.7
5112,15639357,Fraud Alert,High,43.8
5113,15738907,Billing,High,9999
5114,15738907,Fraud Alert,Low,1.6
5115,15663446,Card Problem,Medium,13.7
5116,15750867,Login Issue,Medium,18.2
5117,15750867,Fraud Alert,Medium,10.8
5118,15750867,Card Problem,Medium,16.5
5119,15763806,Loan Query,Low,2.0
5120,15637993,App Bug,Medium,9.3
5121,15596710,Card Problem,Low,1.8
5122,15781678,Fraud Alert,Medium,7.0
5123,15781678,App Bug,Low,1.4
5124,15634968,Billing,Medium,11.0
5125,15634968,Fraud Alert,Low,2500.0
5126,15634968,Loan Query,Medium,11.4
5127,15573319,Login Issue,Medium,7.6
5128,15573319,Loan Query,Low,-5.0
5129,15738291,Login Issue,Medium,11.0
5130,15782456,Billing,High,22.4
5131,15794841,App Bug,Medium,
5132,15674442,App Bug,Low,1.6
5133,15674442,Login Issue,Medium,10.2
5134,15571689,Loan Query,Medium,8.0
5135,15809320,Card Problem,Low,1.1
5136,15809320,Fraud Alert,Medium,4.5
5137,15809320,Billing,High,five
5138,15684367,Loan Query,Low,2.5
5139,15684367,Loan Query,Low,2.4
5140,15793049,Card Problem,Medium,6.8
5141,15569572,Billing,Medium,10.3
5142,15569572,Billing,Medium,8.8
5143,15698791,Login Issue,Medium,9.1
5144,15626233,Card Problem,Medium,9.2
5145,15626233,Login Issue,Low,1.8
5146,15607263,App Bug,Medium,15.5
5147,15607263,Fraud Alert,Medium,7.6
5148,15607263,Unknown,Low,1.6
5149,15610900,Login Issue,Medium,19.9
5150,15610900,Login Issue,Medium,8.0
5151,15610900,Fraud Alert,Low,1.0
5152,15610900,App Bug,Low,4.3
5153,15744240,Card Problem,Low,2.5
5154,15632365,Card Problem,Medium,10.2
5155,15759284,Card Problem,Low,3.0
5156,15759284,Login Issue,,19.7
5157,15602124,Loan Query,Low,1.4
5158,15661903,Card Problem,High,15.2
5159,15661903,App Bug,High,44.2
5160,15661903,Loan Query,Low,4.5
5161,11885749,Login Issue,Low,2.4
5162,15664668,Loan Query,Low,3.2
5163,15736431,App Bug,,7.2
5164,15736431,Login Issue,Low,2.3
5165,15736431,Card Problem,Low,1.6
5166,15748639,NULL,Low,2.0
5167,15748639,Login Issue,Low,3.0
5168,15628123,Login Issue,Medium,6.2
5169,15628123,Loan Query,Low,1.2
5170,15602731,Card Problem,High,47.9
5171,15602731,Login Issue,Critical,75.3
5172,15602731,Login Issue,Medium,11.7
5173,15794137,Billing,Medium,7.6
5174,15794137,Loan Query,Low,1.0
5175,15748696,Login Issue,Low,1.6
5176,15725068,Fraud Alert,Low,3.0
5177,15725068,Billing,Low,1.3
5178,15725068,Loan Query,Low,1.3
5179,15807340,Card Problem,Low,2.9
5180,15807340,Login Issue,Critical,33.9
5181,15586133,Card Problem,High,-1.0
5182,15586133,App Bug,Low,Unknown
5183,15576185,Card Problem,Low,2.5
5184,15660809,Billing,Medium,5.2
5185,15660809,Fraud Alert,Critical,41.1
5186,15660809,Fraud Alert,High,14.1
5187,15616666,Fraud Alert,Low,2.8
5188,15616666,Billing,Low,1.8
5189,15616666,Fraud Alert,Medium,7.8
5190,15706904,Fraud Alert,High,32.4
5191,15706904,Login Issue,Low,2.2
5192,15606915,Billing,Medium,5.4
5193,78788954,Loan Query,Medium,6.1
5194,15791743,App Bug,Medium,11.5
5195,15791743,Billing,Medium,4.5
5196,15796480,Fraud Alert,Medium,8.8
5197,15609458,Card Problem,High,16.6
5198,15609458,Login Issue,High,33.2
5199,15593897,Billing,Medium,5.9
5200,15593897,Billing,High,34.3
5201,15604576,Billing,Medium,11.6
5202,15666270,Fraud Alert,Medium,6.1
5203,15572626,Billing,Medium,9.7
5204,15572626,Card Problem,Low,five
5205,15650908,Login Issue,Medium,7.3
5206,15572626,App Bug,Medium,7.1
5207,15727197,Login Issue,Low,2.4
5208,15727197,Loan Query,High,38.0
5209,15727197,App Bug,Medium,13.9
5210,15727197,Loan Query,Critical,76.2
5211,15714006,Billing,Medium,11.2
5212,15642137,Billing,High,35.8
5213,15642137,Login Issue,Medium,5.0
5214,15665327,,Low,1.1
5215,15665327,Card Problem,Medium,8.0
5216,15626806,App Bug,High,29.6
ticket_5217,15626806,Card Problem,Low,2.3
5218,15662578,Loan Query,High,18.0
5219,15662578,Billing,Low,1.3
5220,15662578,App Bug,Medium,5.5
5221,15790829,Billing,High,19.9
5222,15790829,Login Issue,Medium,5.2
5223,15760244,Loan Query,Low,2.0
5224,15715394,Unknown,Medium,6.9
5225,15722246,Card Problem,Low,3.9
5226,15722246,Card Problem,High,23.4
5227,15722246,App Bug,Critical,34.5
5228,15609704,Card Problem,,119.0
5229,15609704,Fraud Alert,Medium,14.3
5230,15609704,App Bug,Medium,11.1
5231,15757628,Login Issue,Medium,9.1
5232,15633586,Fraud Alert,Low,1.1
5233,15565796,Fraud Alert,Low,2.0
5234,15565796,Loan Query,Low,2.9
5235,15577700,Card Problem,Low,1.1
5236,15577700,Fraud Alert,Low,1.5
5237,71726648,Login Issue,High,16.6
5238,15747345,Fraud Alert,Low,1.8
5239,15747345,Fraud Alert,High,23.8
5240,15747345,Billing,Critical,71.5
5241,15747345,Billing,Low,2.0
5242,15698335,Billing,Medium,8.3
5243,15698335,Loan Query,Medium,4.9
5244,15768451,Card Problem,High,22.3
5245,15768451,Card Problem,Low,3.0
5246,15769645,Loan Query,High,34.9
5247,15620323,Login Issue,Medium,10.2
5248,15620323,Fraud Alert,Low,1.0
5249,15620323,Login Issue,Low,1.1
5250,15679983,Loan Query,Critical,55.4
5251,15679983,Fraud Alert,Medium,5.3
5252,15679983,Card Problem,High,22.0
5253,15679983,Billing,Medium,4.1
5254,15812616,Billing,Low,2500.0
5255,15601796,Loan Query,Medium,7.5
5256,15601796,Card Problem,Low,1.7
5257,15729489,Loan Query,Low,1.5
5258,15657937,Loan Query,Medium,11.4
5259,15657937,Card Problem,High,27.4
5260,15815428,Card Problem,Medium,8.8
5261,15640409,Loan Query,Medium,9.5
5262,15640409,Loan Query,Medium,11.2
5263,15640409,Billing,High,42.2
5264,15623536,Loan Query,High,20.5
5265,15623536,Billing,Critical,58.9
5266,15577999,App Bug,Medium,8.7
5267,15577999,App Bug,Low,2.2
5268,15758362,Loan Query,Medium,5.0
5269,15758362,Loan Query,Medium,10.5
5270,15807961,Fraud Alert,Medium,10.2
5271,15807961,Fraud Alert,Critical,33.2
5272,15710978,Card Problem,Medium,10.6
5273,15710978,Billing,Medium,5.8
5274,15703541,Login Issue,High,12.6
5275,15703541,Card Problem,Low,3.1
5276,15703541,Login Issue,Medium,10.9
5277,15626474,Card Problem,High,29.4
5278,15608344,Fraud Alert,Low,4.6
5279,15768367,Billing,Medium,18.6
5280,15768367,Card Problem,Low,3.3
5281,15697702,Fraud Alert,Critical,69.3
5282,15697702,Billing,Low,2.0
5283,15689152,Billing,Low,2.4
5284,15568573,Billing,High,55.6
5285,15568573,App Bug,Low,2.1
5286,15568573,Billing,Low,1.1
5287,15689598,Billing,High,23.0
5288,15689598,Loan Query,Medium,14.6
5289,15689598,Billing,Medium,5.8
5290,15679733,Card Problem,Critical,41.5
5291,15679733,Fraud Alert,Medium,4.2
5292,15679733,Billing,Medium,5.9
5293,15759274,Login Issue,High,29.2
5294,15607748,Card Problem,Medium,12.0
5295,15607577,Loan Query,Low,1.9
5296,15607577,Billing,Medium,11.0
5297,15607577,Login Issue,Low,1.9
ticket_5298,15607577,Fraud Alert,High,17.7
5299,63596558,Login Issue,Low,2.9
5300,15635396,App Bug,High,unknown
5301,15678944,Billing,  Medium  ,4.7
5302,15678944,Loan Query,Medium,5.6
5303,15718507,Billing,Medium,7.8
5304,15718507,Fraud Alert,Low,1.6
5305,52018463,Billing,High,35.1
5306,15804709,Card Problem,Low,4.7
5307,15645835,Card Problem,High,20.5
5308,15645835,Login Issue,Low,2.1
5309,15675360,Loan Query,Low,2.7
5310,15675360,Loan Query,High,26.1
5311,15793042,Login Issue,High,12.5
5312,15810385,Billing,High,34.9
5313,15578211,App Bug,Low,1.0
5314,15679284,Card Problem,Medium,8.1
5315,15679284,Card Problem,Low,1.1
5316,15582910,Billing,Medium,9.9
5317,15582910,Billing,Low,1.2
5318,15688337,Login Issue,High,24.4
5319,15688337,Card Problem,Medium,4.2
5320,15688337,Loan Query,High,27.8
5321,15734970,App Bug,High,27.5
5322,15734970,Loan Query,Low,1.2
5323,15734970,Billing,Low,1.6
5324,15734970,Billing,High,35.8
5325,15643042,Loan Query,Medium,4.5
5326,15643042,Loan Query,High,30.1
5327,15773868,App Bug,  Low  ,4.8
5328,15773868,Billing,Low,1.9
5329,59810937,Fraud Alert,Low,3.2
5330,15773868,Loan Query,Low,2.0
5331,15615820,Card Problem,Low,1.1
5332,15724890,Billing,Low,1.9
5333,15724890,Login Issue,Low,1.9
5334,15663263,Card Problem,Low,-1.0
5335,15663263,Card Problem,Medium,7.6
5336,15699486,,Medium,6.9
5337,15747854,Billing,Medium,9.0
5338,15691785,Loan Query,Low,3.4
5339,15709004,Billing,Medium,7.8
5340,15652218,App Bug,Low,2.9
5341,15652218,Fraud Alert,Critical,51.8
5342,15652218,Fraud Alert,Medium,9.0
5343,15697127,NULL,Medium,5.7
5344,15697127,Loan Query,Low,3.0
5345,15685290,,Low,3.9
5346,15685290,Loan Query,Critical,88.7
5347,15701042,,High,32.2
5348,15680449,Login Issue,Medium,8.2
5349,15680449,Fraud Alert,Low,4.2
5350,15680449,App Bug,Medium,17.8
5351,15599860,Fraud Alert,Low,4.2
5352,15599860,Fraud Alert,Medium,5.0
5353,15723169,Loan Query,Low,1.7
5354,15723169,App Bug,Low,2.9
5355,15723169,Loan Query,Medium,7.8
5356,15803842,App Bug,High,22.2
5357,15803842,Loan Query,Medium,5.1
5358,15728224,Loan Query,High,59.9
5359,15728224,Card Problem,High,21.7
5360,15728224,Fraud Alert,High,59.0
5361,15728224,Fraud Alert,Critical,107.4
5362,15644174,Card Problem,Low,2.1
5363,15644174,Billing,Low,1.2
5364,15644174,Billing,Low,2.1
5365,15644174,Card Problem,High,51.6
5366,15707110,App Bug,Low,2.5
5367,15707110,Loan Query,Low,2.9
5368,15707110,Billing,Low,2.1
5369,15756751,Card Problem,Low,1.1
5370,15756751,Loan Query,Low,3.8
5371,15756751,Loan Query,Low,2.5
5372,15756751,Billing,Low,3.0
5373,15795151,Login Issue,Low,2.0
5374,15584037,Fraud Alert,Low,1.4
5375,15584037,Billing,Low,4.4
5376,15581102,Fraud Alert,Medium,4.0
5377,15578096,App Bug,Medium,5.6
5378,15669887,Card Problem,MEDIUM,11.9
5379,15669887,App Bug,Medium,12.1
ticket_5380,15653997,Fraud Alert,Critical,28.6
5381,15653997,App Bug,Low,2.5
5382,15653997,Billing,Medium,9.0
5383,15629551,Card Problem,Low,2.3
5384,15629551,App Bug,Low,1.9
5385,15651264,Billing,Low,2.3
5386,15651264,Login Issue,Medium,4.2
5387,15760825,App Bug,Medium,10.0
5388,15760825,Login Issue,High,30.8
5389,15597394,App Bug,Critical,70.4
5390,15698117,Fraud Alert,High,
5391,15698117,Loan Query,High,34.0
5392,15694805,Billing,Medium,4.6
5393,15694805,Billing,High,14.6
5394,15746802,App Bug,Medium,8.1
5395,15746802,App Bug,High,15.9
5396,15746802,Billing,Low,2.3
5397,15746802,Card Problem,Medium,11.8
5398,27027079,Loan Query,High,30.2
5399,15790267,Card Problem,Low,1.2
5400,15790267,Billing,Critical,63.3
5401,15790267,App Bug,Low,2.6
5402,15790267,App Bug,Medium,8.4
5403,15642093,Billing,Medium,10.4
5404,15724251,Card Problem,Low,2.4
5405,15740147,App Bug,Medium,10.7
5406,15718289,App Bug,Low,3.7
5407,15718289,App Bug,High,49.7
5408,15685245,Billing,Critical,25.2
5409,15685245,Loan Query,Low,2.4
5410,15762928,Fraud Alert,Low,1.0
5411,15751774,loan query,High,29.9
5412,15751774,Billing,Low,1.4
5413,15751774,Card Problem,Critical,58.7
5414,15654733,App Bug,High,16.7
5415,15654733,Card Problem,Medium,10.9
5416,15744200,App Bug,Low,1.2
5417,15720713,Loan Query,Low,2.1
5418,15695356,App Bug,High,15.7
5419,15695356,Card Problem,Medium,10.2
5420,15695356,Billing,  Medium  ,9.4
ticket_5421,15653315,Login Issue,Low,2.5
5422,15653315,App Bug,Critical,36.7
5423,15602797,Card Problem,High,39.7
5424,15602797,App Bug,Low,4.7
5425,15778154,Login Issue,Medium,18.5
5426,15778154,Card Problem,Low,4.8
5427,15806230,Loan Query,Medium,17.0
5428,15806230,App Bug,Low,4.5
5429,15806230,Login Issue,Low,3.1
5430,15662884,Login Issue,Medium,five
5431,15662884,NULL,High,34.5
5432,15662884,Loan Query,Critical,100.5
5433,15750778,App Bug,High,27.5
5434,15750778,Loan Query,Low,3.8
5435,15750778,Card Problem,,1.8
5436,15717185,Loan Query,Low,1.2
5437,15717185,Loan Query,Medium,10.2
5438,15717185,Billing,Medium,10.0
5439,15677804,Login Issue,CRITICAL,97.7
5440,15677804,App Bug,Low,3.2
5441,15568915,Billing,  High  ,20.2
5442,15568915,Fraud Alert,Medium,10.8
5443,15737354,Login Issue,Medium,7.5
5444,15737354,Login Issue,Low,1.7
5445,15577831,Fraud Alert,Low,2.0
5446,15775293,Billing,Medium,8.0
ticket_5447,15580935,Billing,Low,1.7
5448,15580935,Login Issue,Low,2.2
5449,15580935,Billing,Medium,11.6
5450,15653306,Card Problem,Low,2.5
5451,15653306,Billing,Medium,4.5
5452,15653306,Login Issue,Low,2.3
5453,15805025,App Bug,High,24.6
5454,15694450,App Bug,Low,2.8
5455,15615126,Billing,Low,3.4
5456,15615126,Login Issue,Low,3.8
5457,15645095,Loan Query,Medium,11.9
5458,15645095,Card Problem,High,25.5
5459,15729435,Login Issue,Low,2.7
5460,15656840,Billing,Critical,71.2
5461,15656840,Fraud Alert,High,9999
5462,15656840,Billing,Low,1.4
5463,15656840,Loan Query,Medium,4.7
5464,15585490,Loan Query,Medium,7.0
5465,15674929,Card Problem,Low,2.6
5466,15674929,Login Issue,Low,2.5
5467,15662091,Login Issue,Low,1.9
5468,15620123,Fraud Alert,Medium,5.2
5469,15620123,Loan Query,Medium,11.3
5470,15605036,Fraud Alert,Low,1.9
5471,15753847,App Bug,High,48.1
5472,15753847,Card Problem,Low,1.9
5473,15653222,Loan Query,,2.4
5474,15653222,Card Problem,High,26.8
5475,15653222,Login Issue,low,2.6
5476,15757541,Billing,Low,1.5
5477,15757541,Fraud Alert,Medium,17.5
5478,15757541,Billing,Medium,16.2
5479,15757541,Fraud Alert,Medium,8.2
5480,15726945,App Bug,Medium,9.6
5481,15794276,Login Issue,Medium,8.3
5482,15794276,App Bug,High,19.2
5483,15794276,App Bug,High,22.9
5484,15568328,Fraud Alert,Medium,6.1
5485,15568328,Login Issue,Medium,11.1
5486,15568328,Loan Query,Low,2.3
5487,15568328,Card Problem,Low,2.4
5488,15604355,Billing,Medium,10.9
5489,15604355,Fraud Alert,Medium,
5490,15618255,Fraud Alert,Medium,11.4
5491,15618255,Loan Query,Medium,16.9
5492,15720941,Loan Query,Medium,7.2
5493,15769110,Fraud Alert,Medium,10.8
5494,15576094,Card Problem,Critical,39.0
5495,15756150,Card Problem,High,25.8
5496,15756150,Fraud Alert,Medium,4.4
5497,15748854,Fraud Alert,Critical,33.4
5498,15664802,Fraud Alert,Low,2.5
5499,15664802,Billing,Low,2.1
5500,15664802,Fraud Alert,Low,2.4
5501,15735687,Card Problem,High,13.2
5502,15664734,Card Problem,Medium,7.9
ticket_5503,15664734,Fraud Alert,High,25.4
5504,15664734,Loan Query,Medium,9.5
5505,15767894,App Bug,Medium,4.9
5506,15767894,App Bug,Medium,10.5
5507,15666884,Card Problem,Medium,11.1
5508,15750156,App Bug,Low,1.5
5509,15714610,App Bug,Medium,9.0
5510,15720305,Loan Query,NULL,3.8
5511,15720305,Login Issue,High,48.5
5512,15566633,App Bug,Low,1.1
5513,15658890,Loan Query,High,29.7
5514,15698716,Login Issue,Low,1.6
5515,15698716,Loan Query,Medium,5.6
5516,15698716,Billing,Low,3.0
5517,15655590,Card Problem,Medium,8.6
5518,15732266,Fraud Alert,Medium,10.5
5519,15669326,Login Issue,Medium,11.3
5520,15672246,Fraud Alert,Low,2.4
5521,15620276,Billing,Medium,5.3
5522,15640258,Login Issue,Low,4.9
5523,15740283,Fraud Alert,Low,2.5
5524,15740283,Fraud Alert,Low,1.6
5525,15740283,Fraud Alert,Medium,7.8
5526,15759717,Fraud Alert,Medium,4.2
5527,15759717,Loan Query,Medium,7.1
5528,15620268,Login Issue,Low,1.7
5529,15620268,Fraud Alert,Low,2.4
5530,15620268,Card Problem,Medium,9.9
5531,15743871,App Bug,Medium,17.4
5532,15743871,Card Problem,Medium,6.5
5533,15743871,Login Issue,Critical,62.5
5534,15595047,Fraud Alert,Low,2.1
5535,15732334,Login Issue,Critical,40.7
5536,15732334,Fraud Alert,Low,2.3
5537,15732334,App Bug,Low,2.0
ticket_5538,15732334,App Bug,High,22.6
5539,15701206,Fraud Alert,Low,2.8
5540,15701206,Loan Query,Low,1.2
5541,15609545,Card Problem,High,12.7
5542,15609545,Fraud Alert,Medium,8.1
5543,15658548,Card Problem,Low,1.0
5544,15658548,Fraud Alert,Medium,6.9
5545,15626008,Card Problem,High,37.7
5546,15626008,Billing,Low,2.4
5547,15626008,Card Problem,High,15.4
5548,15774133,App Bug,Medium,-1
5549,15774133,App Bug,Low,2.4
5550,15758013,Fraud Alert,Low,2.5
5551,15705765,Login Issue,Medium,8.6
5552,15705765,Card Problem,Low,1.1
5553,15648362,Fraud Alert,Low,1.0
5554,15648362,Loan Query,High,41.6
5555,15648362,Fraud Alert,Medium,9.3
5556,15761102,Billing,Low,2.8
5557,15610165,Billing,High,34.2
5558,15723717,Card Problem,Low,4.6
5559,15723717,Card Problem,Medium,14.9
5560,15723717,Billing,High,14.4
5561,15723717,Loan Query,Critical,82.8
5562,15654611,App Bug,Low,1.4
5563,15654611,App Bug,Medium,9.3
5564,15659736,Billing,Medium,9.3
5565,15603170,Billing,Low,3.8
5566,15603170,Fraud Alert,Medium,17.5
5567,15603170,Loan Query,High,48.0
5568,15603170,Card Problem,High,15.9
5569,15671915,App Bug,High,31.7
5570,15671915,Card Problem,Low,1.2
5571,15794792,Billing,Medium,5.2
5572,15794792,Loan Query,Low,1.3
5573,15794792,Billing,Medium,10.2
5574,15652789,Login Issue,Low,1.9
5575,15739168,Login Issue,High,33.0
5576,15739168,Fraud Alert,  Medium  ,10.6
5577,15717937,Fraud Alert,Medium,9.8
5578,15717937,Login Issue,Low,2.6
5579,15717937,Loan Query,Medium,8.6
5580,15602841,Fraud Alert,Medium,7.4
5581,15602841,Login Issue,Low,1.4
5582,15602841,Billing,Low,2.9
5583,15619972,App Bug,High,44.5
5584,15619972,Billing,Medium,9.9
5585,15796114,App Bug,Medium,11.1
5586,15796114,App Bug,Medium,9.8
5587,15796114,Billing,Medium,11.2
5588,15633546,Card Problem,Low,1.3
5589,15633546,App Bug,Critical,66.3
5590,15758755,App Bug,Low,2.5
5591,15695168,Card Problem,Critical,56.9
5592,15754342,Card Problem,Low,2.2
5593,15754342,Loan Query,Low,2.4
5594,15756610,Loan Query,Medium,8.4
5595,15756610,Billing,Medium,19.5
5596,15640917,Card Problem,Low,1.5
5597,15640917,Fraud Alert,Low,1.9
5598,15663164,Card Problem,Low,4.1
5599,15663164,Card Problem,High,55.7
5600,15616811,Card Problem,Medium,9.4
5601,15600911,Login Issue,Medium,N/A
5602,15629603,Fraud Alert,Low,1.5
5603,15629603,Login Issue,Critical,28.5
5604,15775892,Fraud Alert,Medium,8.7
5605,15775892,Card Problem,Medium,9.2
5606,15775892,Fraud Alert,High,31.7
5607,15782778,App Bug,Medium,11.4
5608,15743673,Fraud Alert,Low,4.3
5609,15743673,Fraud Alert,Low,2.9
5610,15743673,Fraud Alert,Low,3.9
5611,15743673,Card Problem,Medium,11.9
5612,15790809,Login Issue,Low,1.6
5613,15669281,Card Problem,Low,1.5
5614,15669281,Card Problem,Medium,8.0
5615,82548218,Loan Query,Medium,11.4
5616,15720071,Fraud Alert,High,55.2
5617,15792180,Fraud Alert,Low,1.9
5618,15792180,Billing,Low,1.9
5619,15792180,Card Problem,Critical,44.9
5620,15669490,Login Issue,Medium,5.3
5621,15783030,Loan Query,Low,4.6
5622,15783030,Login Issue,Low,4.6
5623,15783030,Card Problem,Low,4.4
5624,15783030,App Bug,High,45.7
5625,15575676,Card Problem,Low,1.0
5626,15627665,Loan Query,Low,5.0
5627,15627665,Billing,Medium,15.3
5628,15627665,Card Problem,Low,2.0
5629,15627665,Loan Query,Medium,14.7
5630,15814092,Card Problem,High,17.9
5631,15814092,App Bug,Low,2.6
5632,15814092,App Bug,High,18.7
5633,15814092,Login Issue,Low,2.9
5634,15615091,Fraud Alert,High,28.7
5635,15615091,Loan Query,Low,1.5
5636,15615091,Billing,High,21.4
5637,15714256,App Bug,Medium,9.8
5638,15714256,Card Problem,Low,1.1
5639,15778752,Fraud Alert,Medium,7.0
5640,15778752,Login Issue,Low,1.6
5641,15601659,Card Problem,Medium,7.9
5642,15601659,Billing,Low,4.6
5643,15601659,Loan Query,Low,1.8
5644,15779414,Fraud Alert,Medium,6.1
5645,15763097,Fraud Alert,Medium,11.4
5646,15763097,Loan Query,Medium,7.8
5647,15763097,Loan Query,Medium,8.5
5648,15718789,Loan Query,High,35.1
5649,15718789,App Bug,Medium,8.0
5650,15718789,App Bug,Critical,69.4
ticket_5651,15690620,App Bug,Low,1.3
5652,15737071,Loan Query,Critical,70.4
5653,46324586,Card Problem,Medium,15.8
5654,15737071,Loan Query,Low,4.7
5655,15737071,App Bug,Low,3.6
5656,15665062,Card Problem,Low,1.4
5657,15600692,Login Issue,Low,2.3
5658,15792064,Card Problem,Low,4.6
5659,15792064,Loan Query,Medium,19.0
5660,15792064,Fraud Alert,Medium,15.5
5661,15811486,Login Issue,High,17.2
5662,15626141,Fraud Alert,High,24.7
5663,15738546,App Bug,High,30.0
5664,15738546,Billing,Low,2.8
5665,25145049,Loan Query,Low,2.2
5666,15677052,Loan Query,Medium,19.3
5667,15677052,Fraud Alert,Medium,18.8
5668,15656454,Fraud Alert,High,24.1
5669,15612505,Loan Query,Low,3.0
5670,15708513,Card Problem,High,21.8
5671,15708513,Login Issue,Low,N/A
5672,15708513,App Bug,Medium,10.0
5673,15708513,Card Problem,Medium,one hour
5674,46263877,Login Issue,High,28.3
5675,91153326,Billing,High,26.3
5676,15726814,Card Problem,Medium,6.4
5677,15653776,Card Problem,Low,3.5
5678,15653776,App Bug,Medium,12.4
5679,15653776,Fraud Alert,Low,4.6
5680,15597914,Fraud Alert,Critical,85.7
5681,15597914,Loan Query,Low,4.9
5682,15789753,Fraud Alert,Low,2.8
5683,15789753,Billing,Low,2.4
5684,15789753,Card Problem,Medium,10.7
5685,15678034,Billing,Low,1.9
5686,15690209,Card Problem,Medium,5.0
5687,15647453,Billing,Medium,11.6
5688,15647453,Fraud Alert,Medium,11.2
5689,15697100,App Bug,Medium,15.5
5690,15811290,Card Problem,Low,2.4
5691,15629187,Loan Query,Low,1.8
5692,15629187,Login Issue,High,30.7
5693,15629187,Billing,Low,2.4
5694,15758073,Login Issue,Medium,11.9
5695,15758073,App Bug,High,27.5
5696,15640769,Fraud Alert,Low,1.7
5697,15640769,Loan Query,Medium,8.5
5698,15640769,Fraud Alert,Low,2.7
5699,15640769,App Bug,Medium,10.1
5700,15606641,Card Problem,Low,3.2
5701,15606641,App Bug,Low,4.0
5702,15718280,App Bug,High,24.8
5703,15764335,Login Issue,Low,2.3
5704,15764335,App Bug,Medium,4.3
5705,15764335,Loan Query,High,35.1
5706,15808760,Loan Query,Low,2.9
5707,15648461,Login Issue,Low,1.4
5708,15648461,Loan Query,Critical,25.6
5709,15569079,Fraud Alert,High,44.8
5710,15569079,Fraud Alert,Medium,4.4
5711,89412362,Loan Query,Critical,119.6
5712,15569079,App Bug,Medium,15.6
5713,15800736,Billing,High,21.8
5714,15640034,Unknown,Medium,18.2
5715,15640034,Fraud Alert,Low,1.6
5716,15640034,App Bug,Medium,12.9
5717,15807563,Loan Query,Low,4.7
5718,15684461,App Bug,Low,1.4
5719,15684461,Loan Query,High,35.7
5720,15742504,App Bug,Medium,7.4
5721,15742504,Loan Query,Medium,6.6
5722,15567328,Loan Query,Critical,52.8
5723,15607142,Fraud Alert,High,33.7
5724,15738516,Login Issue,Medium,12.0
5725,15738516,Card Problem,Low,2.0
5726,15656707,Billing,Medium,6.6
5727,15653715,Login Issue,Low,1.8
5728,15653715,Loan Query,Low,2.5
5729,15806184,Billing,Critical,-1.0
5730,15806184,App Bug,Medium,10.6
5731,15585734,Card Problem,Critical,61.6
5732,15585734,Loan Query,Critical,24.3
5733,15785385,Card Problem,Medium,5.0
5734,15785385,Billing,Low,1.4
5735,15785385,Billing,Low,2.7
5736,15769272,Billing,Medium,11.2
5737,15769272,Login Issue,Critical,48.5
5738,15769272,Card Problem,Medium,7.9
5739,15771966,App Bug,High,30.9
5740,15691952,Login Issue,Low,2.2
5741,15691952,App Bug,Low,2.2
5742,15800083,Fraud Alert,High,52.5
5743,15800083,App Bug,High,55.7
5744,15809838,Login Issue,N/A,9.6
5745,15809838,Billing,Medium,6.2
5746,15809838,Card Problem,High,31.5
5747,15767391,Card Problem,Low,2.4
5748,15767391,Billing,Medium,7.1
5749,15704910,Fraud Alert,Low,2.5
5750,15611551,Loan Query,,10.9
5751,15611551,Loan Query,Critical,57.7
5752,15611551,Billing,Medium,7.6
5753,15732430,Billing,High,31.7
5754,15732430,Billing,Medium,10.3
5755,15732430,App Bug,Low,1.7
5756,15741865,Unknown,Medium,9.7
5757,15634143,Card Problem,Low,2.8
5758,15609676,App Bug,Low,2.1
5759,15694601,App Bug,High,34.5
5760,15694601,Login Issue,Medium,11.4
5761,15694601,Loan Query,Low,1.3
5762,15812262,Fraud Alert,Medium,4.1
5763,15812262,Card Problem,Low,2.9
5764,15762821,Card Problem,Low,1.7
5765,15762821,Billing,Low,1.7
5766,15762821,  App Bug  ,Low,2.4
5767,15669301,Login Issue,High,36.2
5768,15669301,Loan Query,Low,1.9
5769,15672640,Billing,Low,1.5
5770,15750458,Login Issue,Medium,4.3
5771,15750458,Billing,Medium,5.9
5772,15627251,Login Issue,High,13.4
5773,15627251,Card Problem,Low,2.5
5774,15627251,Login Issue,Medium,8.0
5775,15627251,App Bug,,2.8
5776,15788536,Loan Query,Critical,41.8
ticket_5777,15616929,Login Issue,Low,1.2
5778,15616929,Unknown,Critical,30.7
5779,15616929,Loan Query,Low,2.2
5780,15758775,Billing,Low,2.9
5781,15663386,Login Issue,High,25.7
5782,15720509,Card Problem,High,22.1
5783,15720509,Card Problem,Critical,55.3
5784,15720509,Login Issue,Medium,7.1
5785,15693322,Login Issue,Medium,6.8
5786,15693322,Billing,Medium,8.4
5787,15693322,Billing,Critical,
5788,15589544,App Bug,High,12.2
5789,15589544,Billing,Critical,43.7
5790,15772030,App Bug,Medium,6.9
5791,15772030,App Bug,Low,-5.0
5792,15676571,loan query,Medium,16.6
5793,15676571,Card Problem,Low,4.5
5794,15676571,Card Problem,Low,1.3
5795,15676571,Loan Query,Medium,5.8
5796,15701392,Login Issue,Low,1.4
5797,15643865,Login Issue,Medium,18.2
5798,15643865,App Bug,Medium,6.1
5799,15643865,Fraud Alert,High,43.3
5800,15769389,Card Problem,Medium,4.6
5801,15807768,Login Issue,Low,2.2
5802,15807768,Card Problem,High,23.5
5803,15807768,Card Problem,High,20.8
5804,15807768,App Bug,Medium,11.8
5805,15801630,Loan Query,Critical,64.6
5806,15705034,Login Issue,Medium,6.2
5807,15705034,Login Issue,,1.1
5808,15763107,Billing,Medium,9999
5809,15763107,Loan Query,High,20.0
5810,15647008,  Card Problem  ,Medium,8.0
5811,15647008,Billing,Low,1.3
5812,15584505,Login Issue,Critical,44.7
5813,15663964,App Bug,High,34.5
5814,15782311,Loan Query,High,21.2
5815,15599403,Billing,Critical,38.4
5816,15648225,Loan Query,High,22.1
5817,15608406,  Fraud Alert  ,High,37.2
5818,15608406,Card Problem,High,20.9
5819,80968319,App Bug,Low,3.7
5820,15633378,Card Problem,Medium,4.8
5821,15633378,Billing,Medium,7.4
5822,15664759,,Low,1.3
5823,15625545,App Bug,Low,2.2
5824,15625545,Fraud Alert,High,29.8
5825,15625545,Login Issue,Critical,34.8
5826,15625545,Card Problem,High,32.7
5827,15810829,Loan Query,Medium,7.9
5828,15810829,Card Problem,Low,2.0
5829,15731669,Loan Query,High,23.3
5830,15731669,Login Issue,Unknown,1.7
5831,15731669,Billing,Low,2.2
5832,15738634,Fraud Alert,Low,2.1
5833,15737571,Fraud Alert,High,28.2
5834,15737571,Billing,Low,1.6
5835,15737571,Login Issue,Low,1.1
5836,15684147,Billing,High,18.3
5837,15684147,Fraud Alert,Medium,11.3
5838,15684147,Card Problem,Medium,7.3
5839,15684147,Billing,Critical,69.3
5840,15757952,Loan Query,Medium,7.3
5841,15757952,Fraud Alert,Low,3.6
5842,15714355,Fraud Alert,Low,2.3
5843,15599090,Loan Query,Medium,7.1
5844,15599090,Loan Query,Medium,8.9
5845,15599090,App Bug,Low,1.9
5846,15599090,App Bug,Medium,4.8
5847,15762048,Login Issue,High,17.0
5848,15762048,Card Problem,Medium,6.6
5849,15790596,Card Problem,Low,2.9
5850,15790596,Loan Query,Low,2.5
5851,15790596,Billing,High,29.6
ticket_5852,15609623,Card Problem,Medium,10.3
5853,15609623,Billing,Medium,five
5854,15711901,Loan Query,Low,1.8
5855,15711901,Loan Query,Medium,11.1
5856,15698246,Billing,Low,3.0
5857,15698246,App Bug,Low,1.2
5858,15712409,Unknown,Medium,5.7
5859,15712409,App Bug,Low,1.6
5860,15712409,App Bug,Medium,11.8
5861,15712409,Fraud Alert,Low,1.7
5862,15758306,Login Issue,Low,1.1
5863,15566295,Login Issue,Medium,8.2
5864,15566295,Login Issue,Medium,6.6
5865,15566295,Fraud Alert,Medium,7.6
5866,15566295,Billing,Low,1.0
5867,15569098,Card Problem,Medium,14.4
5868,15662532,Billing,Low,2.0
5869,15664001,App Bug,Medium,14.1
5870,15664001,Card Problem,Medium,7.2
5871,15719793,App Bug,Medium,5.9
5872,15719793,Fraud Alert,High,27.0
5873,15771580,App Bug,Low,3.0
5874,15732268,Card Problem,Low,2.1
5875,15732268,Login Issue,Low,2.7
5876,15732268,Fraud Alert,low,2.6
5877,15611371,Fraud Alert,High,28.3
5878,15673584,Fraud Alert,Low,1.6
5879,15673584,Card Problem,  Medium  ,5.9
5880,15706170,Card Problem,Critical,39.3
5881,15654562,Card Problem,Low,3.5
5882,15690796,App Bug,High,17.4
5883,15716728,App Bug,Medium,11.6
5884,15748481,Card Problem,Low,1.1
5885,15747808,Loan Query,Low,2.7
5886,15747808,Login Issue,Medium,9.9
5887,15810593,Card Problem,High,33.9
5888,15693376,Loan Query,Low,3.2
5889,15693376,App Bug,High,32.5
5890,15693376,Billing,Low,2.7
5891,15737080,Billing,Medium,11.6
5892,15737080,Billing,Low,1.3
5893,15668580,Login Issue,Low,2.7
5894,15668580,Card Problem,Medium,8.6
5895,15668580,Loan Query,Low,1.0
5896,15569438,Loan Query,High,33.4
5897,15569438,App Bug,Low,2.0
5898,15577587,Billing,Low,1.5
5899,15625592,App Bug,Critical,43.0
5900,15625592,Fraud Alert,Low,1.4
5901,15635141,Card Problem,Low,3.8
5902,15635141,App Bug,Low,2.1
5903,15677785,Billing,High,20.1
5904,15677785,Login Issue,Low,1.1
5905,15677785,Loan Query,Low,9999
5906,15786153,App Bug,Medium,10.6
5907,15786153,Billing,Low,2.5
5908,15786153,Fraud Alert,Low,1.6
5909,15659568,Login Issue,high,20.6
5910,15659568,Fraud Alert,Medium,6.3
5911,15715597,Loan Query,High,22.5
5912,15715597,Loan Query,Low,2.4
5913,15715597,Card Problem,Medium,7.7
5914,15715597,Login Issue,Medium,5.1
5915,15802362,Card Problem,High,33.1
5916,15802362,Login Issue,Medium,8.2
5917,15802362,Loan Query,Low,1.1
5918,15802362,Login Issue,Low,1.2
5919,15747168,Loan Query,High,29.4
5920,15796910,Card Problem,Medium,17.9
5921,15796910,Login Issue,Medium,18.9
5922,15796910,Loan Query,Low,1.4
5923,15707674,Loan Query,Medium,16.0
5924,15565706,Loan Query,Medium,15.7
5925,15565706,Loan Query,High,23.4
5926,15565706,Billing,Medium,16.9
5927,15751943,Card Problem,High,33.0
5928,15621227,Loan Query,Medium,4.4
5929,15621227,App Bug,Medium,5.5
5930,15621227,  Billing  ,Low,1.2
5931,15621227,Card Problem,Medium,11.7
5932,15757588,Login Issue,High,17.4
5933,15720929,Fraud Alert,High,47.6
5934,15720929,App Bug,Medium,7.9
5935,15729201,Loan Query,Medium,10.2
5936,15729201,Card Problem,Low,1.6
5937,15729201,Fraud Alert,Low,4.1
5938,15731117,Login Issue,Low,1.1
5939,15731117,Fraud Alert,Medium,5.7
5940,15615207,Fraud Alert,Low,2.1
5941,15615207,Billing,Medium,8.6
5942,15773512,Billing,Low,1.5
5943,15773512,App Bug,Medium,11.3
5944,15572145,Billing,High,35.9
5945,15572145,Card Problem,Medium,11.7
5946,15574213,Card Problem,Medium,11.0
5947,15574213,Loan Query,Low,2.3
5948,15574213,App Bug,High,32.5
5949,15574213,Loan Query,Medium,13.1
5950,15718852,Fraud Alert,Medium,5.2
5951,15583840,Fraud Alert,High,35.7
5952,15583840,Card Problem,Medium,16.6
5953,15583840,App Bug,Low,3.4
5954,15782418,Login Issue,High,16.0
5955,15621064,Login Issue,Medium,9.7
5956,15627847,,Low,3.5
5957,15627847,Billing,Medium,10.7
5958,15627847,Login Issue,Critical,107.0
5959,15627847,Loan Query,High,42.5
5960,15588090,Fraud Alert,Medium,6.1
5961,15735270,Card Problem,Medium,17.2
5962,15735270,Fraud Alert,Low,1.5
5963,15735270,App Bug,Medium,13.1
5964,15671804,Card Problem,Low,2.6
5965,15753215,Fraud Alert,Medium,11.3
5966,15789941,Card Problem,Low,2.1
5967,15789941,Billing,Medium,11.5
5968,15789941,Login Issue,Low,1.1
5969,15808326,Loan Query,High,24.5
5970,15778947,Billing,Low,2.6
5971,15778947,Card Problem,High,27.8
5972,15632977,Login Issue,Medium,11.4
5973,15632977,Billing,Medium,11.1
5974,15567335,Loan Query,Critical,65.4
5975,15669945,Login Issue,Medium,6.0
5976,15736271,App Bug,High,18.8
5977,15736271,Loan Query,High,20.8
5978,15736271,Billing,Medium,7.2
5979,15710390,App Bug,High,35.7
5980,15626040,Fraud Alert,Low,2.7
ticket_5981,15746553,Fraud Alert,High,38.1
5982,15622518,Login Issue,High,58.7
5983,15622518,Login Issue,High,26.8
5984,15622518,App Bug,Low,3.8
5985,15684908,Fraud Alert,Medium,4.2
5986,15684908,Login Issue,Low,1.8
5987,15569446,Card Problem,low,2.6
5988,15777504,Loan Query,Medium,8.2
5989,15777504,Card Problem,Low,2.7
5990,15777504,Loan Query,Medium,5.9
5991,15677906,Loan Query,Low,1.4
5992,78211634,Card Problem,Medium,10.2
5993,15631359,Card Problem,Medium,10.3
5994,15631359,Card Problem,Low,1.0
5995,15720847,Loan Query,High,27.6
5996,15787830,Billing,Low,2.6
5997,15787830,Billing,Critical,59.4
5998,15599869,Login Issue,High,18.8
5999,15599869,App Bug,High,33.1
6000,15592078,Login Issue,Low,1.3
6001,15592078,App Bug,Critical,61.4
6002,15592078,Card Problem,,2.1
6003,15756894,Loan Query,Low,1.4
6004,15756894,Billing,Low,1.9
6005,15756894,Loan Query,Low,2.7
6006,15796167,Login Issue,Medium,10.7
6007,15664808,Login Issue,High,27.1
6008,15664555,App Bug,Low,3.1
6009,15664555,App Bug,Low,2.6
6010,15607278,App Bug,High,18.6
6011,15607278,Card Problem,Low,2.3
6012,15607278,App Bug,Low,1.5
6013,15607278,Billing,Medium,-5.0
6014,15750299,Fraud Alert,High,18.1
6015,15750299,App Bug,High,32.1
6016,15750299,Loan Query,High,24.4
6017,15761294,Card Problem,Medium,18.6
6018,15810454,  App Bug  ,High,13.9
6019,15673984,Card Problem,High,N/A
6020,15673984,Login Issue,MEDIUM,9.9
6021,15673984,Loan Query,Medium,18.7
6022,15673984,Loan Query,Low,2.0
6023,15609319,Fraud Alert,Low,1.0
6024,15609319,Billing,High,18.7
6025,15609319,Loan Query,Critical,53.2
6026,15709941,App Bug,Medium,11.5
6027,15709941,Billing,Low,1.5
6028,15707132,Login Issue,High,29.6
6029,15600708,App Bug,High,20.4
6030,15804787,Fraud Alert,Low,2.1
6031,70205561,Fraud Alert,Critical,37.5
6032,15690021,Login Issue,Medium,5.2
6033,15763895,Card Problem,Low,2.9
6034,15623478,Billing,High,13.9
6035,15623478,Login Issue,Medium,11.4
6036,15623478,Loan Query,High,14.7
6037,15797910,Card Problem,Low,3.0
6038,15577751,Card Problem,High,N/A
6039,15577751,Fraud Alert,high,34.5
6040,15577751,Fraud Alert,Low,1.3
6041,15781777,Login Issue,Low,1.0
6042,15781777,Loan Query,Medium,8.5
6043,15721251,Card Problem,Low,2.9
6044,15750769,Fraud Alert,  Medium  ,5.8
6045,15740175,Card Problem,High,19.5
ticket_6046,15657529,Loan Query,High,13.8
6047,15642579,Login Issue,Medium,10.1
6048,15642579,Fraud Alert,Critical,58.0
6049,15598884,Login Issue,High,25.8
6050,15770185,App Bug,Low,2.4
6051,15800287,,Low,4.2
6052,15800287,App Bug,Low,2.9
6053,15800287,Login Issue,Medium,11.1
6054,15665861,Fraud Alert,Medium,11.4
6055,15662203,Login Issue,MEDIUM,10.8
6056,21390798,Fraud Alert,Medium,7.7
6057,15702788,Loan Query,Low,2.1
6058,15702788,Login Issue,Low,2.7
6059,15778149,Login Issue,Medium,-1
6060,15778149,Billing,Medium,7.5
6061,15778149,Loan Query,Low,2.0
6062,15680001,Loan Query,High,32.6
6063,15765266,Card Problem,High,30.8
6064,15765266,Fraud Alert,Medium,7.1
6065,15765266,App Bug,Medium,5.0
6066,15791867,  Card Problem  ,High,43.6
6067,15791867,Fraud Alert,Low,4.6
6068,15791867,Fraud Alert,  Medium  ,4.3
6069,15791867,Fraud Alert,Low,1.8
6070,15675380,Card Problem,Medium,13.3
6071,15675380,Login Issue,Medium,7.2
6072,15675380,Loan Query,Low,4.1
6073,15770576,Loan Query,Medium,10.7
6074,15770576,Fraud Alert,Low,1.2
6075,15770576,Fraud Alert,High,17.5
6076,15702499,App Bug,Medium,11.7
6077,15611699,Loan Query,Medium,11.2
6078,15611699,Login Issue,Medium,7.9
6079,15654000,Login Issue,Medium,15.4
6080,15654000,Loan Query,Medium,18.1
6081,15719991,Login Issue,Medium,19.9
6082,15720687,Loan Query,Medium,17.7
6083,15720687,Card Problem,Medium,19.6
6084,15720687,Billing,Low,4.1
6085,15720687,Card Problem,High,51.3
6086,15687079,Loan Query,High,24.8
6087,15687079,App Bug,Medium,6.0
6088,15582276,App Bug,Medium,5.4
6089,15763980,Login Issue,Low,1.7
6090,15763980,App Bug,Medium,11.1
6091,15720774,  Login Issue  ,Low,1.0
6092,15720774,Card Problem,High,13.7
6093,15592194,Login Issue,Medium,7.2
6094,15592194,Unknown,Critical,35.9
6095,15803685,  Fraud Alert  ,Medium,9.5
6096,15803685,Login Issue,Critical,58.3
6097,15611544,App Bug,Low,2.8
6098,15794257,Loan Query,Low,1.7
6099,15794257,App Bug,Medium,4.4
6100,20112280,Loan Query,Critical,82.5
6101,15579566,Loan Query,Medium,11.1
6102,15577970,Billing,Low,2.4
6103,15577970,Card Problem,Low,1.9
6104,15577970,Billing,Low,1.7
6105,15577970,Login Issue,Medium,9.9
6106,15727489,App Bug,Low,2.6
6107,15727489,Fraud Alert,Medium,11.3
6108,15581811,Login Issue,Low,2.3
6109,15581811,Card Problem,  Medium  ,7.1
6110,15581811,Fraud Alert,Low,1.5
6111,15622527,Login Issue,MEDIUM,6.9
6112,15622527,Billing,Critical,64.4
6113,15666652,Login Issue,Low,1.5
6114,15771543,App Bug,Low,
6115,15754649,Billing,Critical,69.6
6116,15754649,Card Problem,Medium,4.8
6117,15754649,Card Problem,High,26.4
6118,23109670,Loan Query,Low,2.2
6119,15771742,App Bug,Low,2.3
6120,15771742,Login Issue,Low,1.5
6121,15771742,Fraud Alert,High,15.9
6122,15771742,Fraud Alert,Medium,12.3
6123,15642160,Card Problem,High,30.9
6124,15642160,Login Issue,High,15.3
6125,15692631,Billing,Medium,5.7
6126,15692631,billing,Critical,64.7
6127,15665376,Loan Query,Medium,7.0
6128,15772412,Card Problem,Medium,6.7
6129,15772412,Login Issue,High,19.3
6130,15772412,App Bug,Low,2.6
6131,15584536,Card Problem,Medium,12.7
6132,15584536,Loan Query,Medium,13.3
6133,21101824,Billing,High,38.2
6134,15585853,Loan Query,Critical,105.1
6135,15645271,App Bug,High,14.6
6136,15645271,Card Problem,Medium,19.7
6137,15645271,Card Problem,Low,2.4
6138,15579387,App Bug,High,30.2
6139,72600433,Fraud Alert,Critical,42.7
6140,15623107,App Bug,High,-1
6141,15666163,Fraud Alert,Critical,39.0
6142,15804822,Fraud Alert,High,23.2
6143,15612893,App Bug,Low,2.3
6144,15612893,Fraud Alert,Low,2.7
6145,15612893,Loan Query,Low,3.0
6146,15612893,Loan Query,High,25.3
6147,15593636,Loan Query,Medium,6.7
6148,15693326,Login Issue,Medium,6.3
6149,15759751,Card Problem,Medium,10.1
6150,15759751,Fraud Alert,Medium,11.9
6151,15759751,Billing,Low,1.8
6152,15605425,Billing,Low,2.1
6153,15605425,Loan Query,Medium,8.0
6154,15592000,Billing,Low,2.1
6155,15592000,Loan Query,Low,1.3
6156,15618695,App Bug,Low,1.2
6157,15637110,Login Issue,High,27.3
6158,15637110,Login Issue,Medium,6.6
6159,15637110,App Bug,Medium,4.9
6160,15727408,App Bug,Low,1.9
6161,15727408,Login Issue,Medium,6.4
6162,15727408,Fraud Alert,Low,1.3
6163,15727408,Billing,Medium,10.4
6164,15716328,Fraud Alert,High,17.3
6165,15669060,Card Problem,Low,1.3
6166,15669060,Login Issue,Medium,10.3
6167,15669060,Card Problem,Low,2.8
6168,15675854,Login Issue,Low,unknown
6169,15675854,Billing,High,18.0
6170,15621116,Fraud Alert,Medium,7.8
6171,15621116,Fraud Alert,Low,1.4
6172,15621116,Fraud Alert,Low,1.7
6173,15781495,App Bug,Medium,4.7
6174,15781495,Loan Query,Medium,6.3
6175,15781495,Card Problem,Low,2.7
6176,15740470,App Bug,Medium,11.3
6177,15740470,Billing,Low,2.7
6178,15730137,Billing,Low,1.7
6179,15596455,Fraud Alert,Low,2.4
6180,15596455,Loan Query,Medium,14.5
6181,15717290,Fraud Alert,Low,3.0
6182,15717290,Billing,High,33.8
6183,15717290,Billing,Low,2.1
6184,15616555,Card Problem,Medium,7.3
6185,15616555,Loan Query,Critical,68.1
6186,15616555,Billing,Medium,7.7
6187,15616555,Loan Query,High,20.1
6188,15659820,Fraud Alert,Medium,11.7
6189,15696301,Card Problem,Medium,9999
6190,15771087,Loan Query,Medium,9.3
6191,15771087,Login Issue,Low,1.9
6192,15771087,Loan Query,High,29.7
6193,15812241,Fraud Alert,Low,2.3
6194,15812241,Loan Query,High,36.1
6195,15812241,Loan Query,Low,4.8
6196,15812241,Fraud Alert,Low,4.5
6197,15801152,Fraud Alert,High,33.3
6198,15801152,NULL,Critical,24.3
6199,15756425,Loan Query,High,27.7
6200,15756425,Card Problem,Low,2.4
6201,15756425,Login Issue,Medium,4.8
6202,15674328,App Bug,N/A,15.0
6203,15674328,App Bug,Medium,19.3
6204,15742404,Loan Query,Medium,5.9
6205,15742404,Loan Query,Low,1.7
6206,15742404,Fraud Alert,Medium,4.3
6207,15570051,Login Issue,Medium,9.1
6208,15669175,Loan Query,High,31.9
6209,15669175,App Bug,Low,1.2
6210,15790324,Fraud Alert,Medium,11.9
6211,15790324,Login Issue,Medium,9.9
6212,15790324,App Bug,Critical,32.8
6213,15790324,Login Issue,Medium,10.7
6214,15691119,Login Issue,High,27.1
6215,15691119,Billing,Critical,unknown
6216,15691119,Loan Query,Low,1.2
6217,15691119,Billing,Low,-5.0
6218,15743478,Fraud Alert,Low,2.4
6219,15743478,Billing,Medium,11.7
6220,15743478,Fraud Alert,Low,2.9
6221,15707007,App Bug,Low,2.4
6222,15572547,App Bug,Low,4.7
6223,15567063,Fraud Alert,Low,1.0
6224,15567063,Fraud Alert,Low,4.3
6225,15689633,Billing,Medium,9.6
6226,15689633,App Bug,Medium,8.2
6227,40216233,Card Problem,Low,4.3
6228,15720637,Fraud Alert,Medium,17.7
6229,15616859,App Bug,High,22.2
6230,15616859,App Bug,Low,3.2
6231,15616859,App Bug,Low,five
6232,15617655,Fraud Alert,Low,2.7
6233,15796612,Loan Query,Medium,6.4
6234,15781598,Billing,Low,3.9
6235,15781598,Billing,Low,4.6
6236,15781598,App Bug,High,31.0
6237,15781598,App Bug,High,18.2
6238,15740345,Billing,Low,1.1
6239,15740345,Billing,Low,3.6
6240,15740345,Billing,Low,4.1
6241,15662626,Loan Query,Critical,72.0
6242,15575955,Fraud Alert,High,12.5
6243,15575955,Login Issue,Medium,5.7
6244,15575955,Card Problem,High,25.7
6245,15743893,Billing,High,19.7
6246,15697270,Billing,Low,1.8
6247,15644356,Card Problem,Medium,6.8
6248,15677586,App Bug,Low,1.5
6249,15774630,Card Problem,Low,9999
6250,15774630,Billing,High,34.5
6251,15749557,Loan Query,Low,1.0
6252,15749557,App Bug,Medium,9.3
6253,15681180,Card Problem,Low,1.1
6254,15742028,Card Problem,Low,2.6
6255,15742028,Login Issue,Low,2.5
6256,15742028,Login Issue,Medium,4.5
6257,15686463,Card Problem,Low,1.5
6258,15686463,Login Issue,MEDIUM,13.4
6259,15654379,Loan Query,High,12.4
6260,90084849,Loan Query,Medium,5.4
6261,15751193,Fraud Alert,High,18.8
6262,15751193,Fraud Alert,Low,2.0
6263,15751193,App Bug,High,32.3
6264,15724099,Card Problem,Low,1.4
6265,15568429,Card Problem,Low,1.9
6266,15568429,Card Problem,Low,2.0
6267,15568429,Card Problem,Medium,10.4
6268,15664498,Billing,Low,1.3
6269,15664498,,Low,2.0
6270,15779522,Billing,High,58.8
6271,15779522,Loan Query,Medium,18.9
6272,15583850,Login Issue,Low,2.1
6273,15583850,Billing,Low,1.4
6274,15766163,App Bug,Low,2.2
6275,15766163,Billing,Low,2.0
6276,15566467,Login Issue,Medium,11.6
6277,15566467,App Bug,Low,1.7
6278,15566467,Loan Query,Critical,58.8
6279,15639049,Loan Query,Medium,11.1
6280,15639049,Card Problem,Low,-5.0
6281,15639049,Card Problem,High,18.1
6282,15736413,Card Problem,Low,1.6
6283,15634815,Card Problem,Low,2.9
6284,15634815,Fraud Alert,Medium,10.5
6285,15716381,Card Problem,High,46.7
6286,15716381,Billing,Medium,7.9
6287,15716381,App Bug,High,40.1
6288,15716381,Billing,Low,1.2
6289,15708162,Login Issue,Low,1.1
6290,15708162,Loan Query,Medium,9.6
6291,15569364,Card Problem,Low,1.7
6292,15569364,Login Issue,Critical,45.9
6293,15569364,Login Issue,Low,2.5
6294,30177813,Billing,Low,2.4
6295,15791191,App Bug,Medium,5.0
6296,15621205,Loan Query,Low,1.5
6297,15621205,app bug,Medium,5.6
6298,15641312,Billing,High,30.7
6299,15641312,App Bug,Low,3.0
6300,15782531,Login Issue,Low,1.4
6301,15782531,Card Problem,High,20.1
6302,15782531,Login Issue,Low,2.1
6303,15743617,Loan Query,Low,2.0
6304,15658158,Card Problem,Medium,9.0
6305,15658158,Loan Query,Low,2.4
6306,15658158,Loan Query,High,26.0
6307,15637678,Fraud Alert,Medium,5.5
6308,15676937,Fraud Alert,Low,2.9
6309,15676937,Card Problem,Medium,7.3
6310,15778975,Fraud Alert,Low,1.0
6311,15778975,Login Issue,High,26.2
6312,15778975,Card Problem,Medium,10.3
6313,15692443,Card Problem,Medium,9.1
6314,15692443,App Bug,Medium,10.9
6315,15593795,Loan Query,High,51.3
6316,15593795,Loan Query,Low,1.6
6317,15642824,Loan Query,Low,4.8
6318,15713532,Login Issue,High,23.7
6319,15713532,Fraud Alert,Medium,10.0
6320,15578435,Fraud Alert,Low,1.3
6321,15578435,Loan Query,Critical,52.0
6322,15723028,Billing,High,21.5
6323,15723028,Loan Query,Medium,11.6
6324,15579112,App Bug,Low,2.1
6325,15579112,Card Problem,Low,1.1
6326,15579112,Fraud Alert,Medium,8.4
6327,15648479,Fraud Alert,High,28.5
6328,15659234,Login Issue,High,25.4
6329,15659234,App Bug,Low,1.5
ticket_6330,15659234,App Bug,Low,1.5
6331,15659234,Login Issue,Medium,4.5
6332,15811970,Fraud Alert,Low,1.7
6333,15774192,Fraud Alert,Low,3.2
6334,15774192,Billing,Low,1.4
6335,15595136,Billing,High,one hour
6336,98559343,Fraud Alert,Medium,9.2
6337,15660646,Fraud Alert,Low,2.7
6338,15660646,Fraud Alert,High,14.0
6339,15614365,App Bug,Medium,6.3
6340,15614365,Fraud Alert,Low,2.0
6341,15614365,Fraud Alert,Low,1.9
6342,15776128,Loan Query,High,32.0
6343,15776128,Billing,Low,2.3
6344,15787035,Login Issue,Medium,8.2
6345,15787035,App Bug,Low,2.1
6346,15792646,App Bug,Medium,11.7
6347,15792646,Billing,Low,2.8
6348,15792646,Loan Query,Medium,9.9
6349,15792646,Loan Query,Medium,7.0
6350,15773260,app bug,Low,1.4
6351,15773260,Login Issue,Medium,8.9
6352,15717138,Fraud Alert,Low,2.7
6353,15717138,Fraud Alert,High,33.1
6354,15717138,Card Problem,High,26.3
6355,15717138,Fraud Alert,Medium,10.4
6356,15657317,Fraud Alert,High,16.0
6357,15657317,App Bug,Medium,8.1
6358,15657317,App Bug,Critical,35.1
6359,15626948,Login Issue,Low,1.8
ticket_6360,15758901,Loan Query,Low,4.3
6361,15758901,Billing,Low,1.5
6362,15758901,Billing,Medium,5.1
6363,15777759,Billing,Medium,10.1
6364,15777759,Billing,High,17.9
6365,15697318,App Bug,Medium,7.4
6366,15678916,App Bug,High,35.6
6367,15678916,Card Problem,Medium,8.1
6368,15632118,Loan Query,Low,one hour
6369,15632118,App Bug,Medium,7.2
6370,15632118,Fraud Alert,Medium,14.6
6371,15632118,App Bug,Critical,83.3
6372,15788118,Login Issue,Critical,59.3
6373,15788930,App Bug,,11.6
6374,15788930,App Bug,Low,1.9
6375,15628583,App Bug,Low,2.8
6376,15628583,  Fraud Alert  ,High,12.1
6377,15628583,Loan Query,Medium,7.7
6378,15635177,Card Problem,Medium,6.9
6379,15635177,Loan Query,High,16.1
6380,15627630,Loan Query,Low,1.2
6381,15627630,Billing,Medium,4.8
6382,15627630,Login Issue,Low,2.5
6383,15610930,Fraud Alert,Low,2.2
6384,15568006,Login Issue,Low,1.6
6385,15568006,App Bug,Medium,13.9
6386,15568006,Card Problem,High,Unknown
6387,15751748,  Card Problem  ,High,46.9
6388,74666940,Loan Query,Medium,17.1
6389,15722212,Login Issue,High,20.0
6390,15722212,Billing,High,18.3
6391,15658670,Login Issue,Medium,6.1
6392,15812210,Billing,NULL,4.4
6393,15787051,Card Problem,Low,1.8
6394,15787051,Billing,Low,1.2
6395,15642991,Fraud Alert,High,16.2
6396,15713769,App Bug,Low,3.0
6397,15713769,Loan Query,Medium,999.0
6398,15605826,Fraud Alert,Critical,30.9
6399,15605826,Loan Query,low,3.3
6400,15605826,Login Issue,Medium,17.9
6401,15648898,Loan Query,Medium,5.5
6402,15705309,Login Issue,Low,2.8
6403,15734202,Billing,High,32.4
6404,15734202,Login Issue,Medium,8.3
6405,15658852,Loan Query,Low,1.8
6406,15658852,Login Issue,High,23.8
6407,15612633,app bug,Low,2.0
6408,15604818,App Bug,Low,2.7
6409,15604818,Loan Query,Low,1.0
6410,15604818,Card Problem,Low,1.0
6411,15593900,Billing,Low,2.5
6412,15624995,Billing,Medium,5.5
6413,15570087,Login Issue,Low,3.5
6414,15570087,App Bug,Medium,10.8
6415,15570087,Loan Query,Low,2.1
6416,15802617,Fraud Alert,Low,2.2
6417,15802617,Login Issue,Low,2.9
6418,15802617,App Bug,High,15.8
6419,15802617,App Bug,Low,1.8
6420,15739194,Login Issue,Medium,4.7
6421,15739194,Loan Query,Medium,8.7
6422,15739194,Login Issue,High,14.1
6423,15607275,Card Problem,High,17.0
6424,15607275,Fraud Alert,Low,1.6
6425,15635034,Fraud Alert,High,56.6
6426,15635034,Card Problem,Low,2.4
6427,15635034,Loan Query,Medium,7.5
6428,15635034,Loan Query,Low,4.6
6429,15676835,Fraud Alert,High,18.7
6430,15574206,Billing,Low,1.4
6431,15574206,App Bug,Low,2.9
6432,15815131,Loan Query,Medium,6.3
6433,15815131,App Bug,Medium,6.1
6434,15815131,Billing,Medium,11.2
6435,15692929,Login Issue,Low,1.4
6436,15758081,App Bug,High,30.1
6437,15738248,Login Issue,Medium,9.8
6438,15672152,Fraud Alert,High,14.3
6439,15672152,Card Problem,Critical,108.6
6440,15673372,Card Problem,Medium,12.3
6441,15673372,App Bug,Medium,11.3
6442,15587611,Loan Query,Critical,51.7
6443,15587611,Fraud Alert,Low,2.7
6444,15587611,Loan Query,High,59.5
6445,15803415,App Bug,Low,1.5
6446,15715673,Login Issue,Medium,15.1
6447,15715673,Fraud Alert,Low,2.2
6448,15655648,Billing,High,21.8
6449,15655648,Card Problem,Low,1.9
6450,15655648,Billing,Low,2.0
6451,15763613,Login Issue,High,16.7
6452,15733261,App Bug,High,23.5
6453,15796231,Billing,Critical,42.8
6454,15623730,Billing,Medium,7.8
6455,15623730,Login Issue,High,21.7
6456,15668248,App Bug,Low,3.4
6457,15668248,App Bug,Medium,4.2
6458,15668248,Loan Query,Low,4.0
6459,15795895,Card Problem,High,35.9
6460,15694376,Fraud Alert,Low,4.6
6461,15694376,Fraud Alert,Medium,15.3
6462,15694376,Loan Query,High,17.5
6463,15773779,Fraud Alert,High,24.9
ticket_6464,15773779,App Bug,Medium,8.7
6465,15580682,Loan Query,Medium,7.4
6466,15768530,App Bug,Low,2.3
6467,15768530,Billing,Low,1.6
6468,15693906,Loan Query,Medium,4.8
6469,15770984,App Bug,High,30.8
6470,15770984,Billing,Low,1.6
6471,15801821,  Fraud Alert  ,Medium,11.0
6472,15711028,Card Problem,Critical,98.7
6473,15711028,Loan Query,Low,3.7
6474,15791842,Loan Query,Low,1.4
6475,15791842,App Bug,Medium,6.4
6476,15746127,Fraud Alert,Medium,9.3
6477,15746127,App Bug,Critical,47.4
6478,15746127,Billing,Low,2.2
6479,15663625,Login Issue,Low,2.3
6480,15663625,Loan Query,Low,1.0
6481,15663625,Fraud Alert,Medium,11.2
6482,15604891,App Bug,Low,1.9
6483,15604891,App Bug,Medium,6.1
6484,15604891,Card Problem,High,31.8
6485,15589666,Billing,Low,2.4
6486,15627881,Card Problem,Critical,59.5
6487,15664895,Card Problem,High,27.1
6488,15611961,App Bug,Medium,5.5
6489,15611961,Billing,Critical,26.8
6490,15611961,App Bug,Low,2.5
6491,15611961,Billing,Low,1.1
6492,15680167,Card Problem,Medium,7.7
6493,15680167,Login Issue,Medium,9.2
6494,15658475,App Bug,Medium,18.9
6495,15661532,Billing,Low,1.1
6496,15782360,App Bug,High,48.0
6497,15782360,App Bug,High,57.9
6498,15782360,Billing,Medium,5.2
6499,15767908,Card Problem,High,14.2
6500,15767908,Billing,Critical,34.2
6501,15677105,Fraud Alert,Low,3.8
6502,15677105,Card Problem,Low,3.0
6503,15677105,App Bug,Medium,13.8
6504,15677105,Loan Query,Low,4.3
6505,15624451,Fraud Alert,Low,1.2
6506,15624451,Billing,Medium,9.0
6507,15577985,Billing,Low,1.8
6508,15571666,Login Issue,Medium,5.4
6509,15571666,App Bug,Medium,5.4
6510,15571666,Loan Query,Critical,27.6
6511,15783691,App Bug,Medium,10.1
6512,15783691,Loan Query,Critical,45.8
6513,15783691,Billing,Medium,999.0
6514,15783691,Card Problem,Medium,4.9
6515,15671172,Fraud Alert,Medium,11.1
6516,15671172,Loan Query,Medium,6.1
6517,15671172,Fraud Alert,High,34.2
6518,15671172,Loan Query,Medium,6.3
6519,15731760,Billing,Medium,6.4
6520,15731760,Card Problem,Critical,66.6
6521,15585599,Fraud Alert,Low,1.5
6522,15784958,Fraud Alert,Medium,11.0
6523,15734524,Billing,High,16.2
6524,15734524,Card Problem,High,42.2
6525,15614103,App Bug,Medium,19.4
6526,15614103,Billing,high,59.1
6527,15772381,Login Issue,Medium,9.5
6528,15710553,Billing,Medium,11.7
6529,15710553,Billing,Critical,37.7
6530,15649292,Fraud Alert,High,26.2
6531,15649292,Loan Query,Low,3.2
6532,15792565,Login Issue,Critical,26.7
6533,15792565,Billing,High,23.4
6534,15718245,Billing,Medium,8.2
6535,15718245,App Bug,Low,1.1
6536,15718245,Login Issue,Medium,9.7
6537,15758136,Card Problem,High,20.8
6538,15758136,Loan Query,High,13.8
6539,15799932,Loan Query,Low,1.7
6540,15799932,  Login Issue  ,Medium,7.7
6541,15633516,Fraud Alert,Medium,8.7
6542,15633516,Loan Query,Medium,6.9
6543,15633516,App Bug,Low,2.8
6544,15622532,Fraud Alert,High,56.2
6545,15622532,Fraud Alert,High,26.4
6546,15622532,Login Issue,Low,1.0
6547,15698664,Login Issue,Low,2.7
6548,15699195,Fraud Alert,Unknown,8.2
6549,15699195,Billing,Low,1.3
6550,15699195,Billing,Medium,11.3
6551,15710543,Billing,High,59.9
6552,15710543,Loan Query,Critical,49.1
6553,15695499,App Bug,Medium,8.9
6554,15622321,Card Problem,Low,2.1
6555,15622321,Fraud Alert,Medium,5.2
6556,15715744,Billing,Low,2.0
6557,15788151,Loan Query,Medium,8.9
6558,15687153,Billing,High,58.8
6559,15687153,Billing,Medium,6.2
6560,15687153,Fraud Alert,High,52.2
6561,15684958,Fraud Alert,Low,1.0
6562,15707291,Login Issue,Medium,7.2
6563,15707291,CARD PROBLEM,Low,1.8
6564,15707291,Card Problem,Low,1.6
6565,15707291,Login Issue,Low,1.3
6566,15583353,Login Issue,Medium,8.8
6567,15583353,Billing,Low,2.5
6568,15583353,Fraud Alert,Low,2.2
6569,15583353,Loan Query,Medium,8.4
ticket_6570,15761024,Billing,Medium,11.7
6571,15630709,App Bug,Low,1.6
6572,15639590,Fraud Alert,Medium,9.6
6573,15659399,Fraud Alert,Low,1.2
6574,15696373,App Bug,Low,2.6
6575,15696373,Card Problem,Medium,16.9
6576,15696373,Card Problem,Low,1.2
6577,90719939,App Bug,Medium,11.8
6578,15786617,Login Issue,Low,2.6
6579,15786617,Card Problem,Medium,6.7
6580,15786617,App Bug,Medium,11.2
6581,15657449,App Bug,Medium,6.0
6582,15657449,Billing,Low,1.8
6583,15657449,Loan Query,Medium,4.9
6584,15672594,App Bug,Low,1.3
6585,15672594,Login Issue,Low,3.1
6586,15672594,Card Problem,Medium,5.0
6587,15714240,App Bug,Critical,999.0
6588,15665008,Loan Query,Low,1.9
6589,15665008,Login Issue,Critical,999.0
6590,15581733,Loan Query,Medium,6.0
6591,15581733,Card Problem,Medium,6.8
6592,15785815,Card Problem,Medium,5.8
6593,15785815,App Bug,Low,2.4
6594,15785815,Loan Query,Low,2.3
6595,15579996,Login Issue,Low,2.6
6596,15579996,Fraud Alert,Low,2.8
6597,15579617,Fraud Alert,Medium,11.7
6598,15579617,Card Problem,High,13.4
6599,15579617,Billing,Medium,9.1
6600,15579617,Loan Query,Medium,5.5
6601,15654489,loan query,Medium,11.8
6602,15572762,Billing,Medium,9.2
6603,15572762,App Bug,Medium,5.0
6604,15724632,Loan Query,High,29.2
6605,15724632,Fraud Alert,Critical,51.5
6606,15724632,Loan Query,Low,2.0
6607,15670416,Card Problem,Medium,7.3
6608,15578783,Loan Query,Medium,10.5
6609,15578783,App Bug,Medium,10.8
6610,15578783,Card Problem,Low,1.0
6611,15580719,Card Problem,Low,1.2
6612,15691875,Fraud Alert,Medium,5.4
6613,15691875,Fraud Alert,High,23.7
6614,15780770,Billing,Low,2.6
6615,15751491,App Bug,Medium,10.9
6616,15751491,Billing,Low,4.9
6617,15751491,Login Issue,Critical,46.6
6618,15751491,Card Problem,Medium,16.9
6619,15764661,N/A,Medium,4.7
6620,15991505,App Bug,Medium,8.0
6621,15689492,App Bug,Low,1.7
6622,15689492,Fraud Alert,Medium,10.2
6623,15610271,Login Issue,Medium,9.4
6624,15791780,Login Issue,Medium,-1.0
6625,15791780,Fraud Alert,Medium,8.2
6626,15756975,App Bug,Low,1.3
6627,15756975,Billing,Low,2.8
6628,15756975,Fraud Alert,High,29.8
6629,15729582,Login Issue,Medium,8.8
6630,15742971,Fraud Alert,High,34.1
6631,15694890,Billing,Low,2.0
6632,15694890,Billing,High,25.1
6633,15607314,App Bug,Low,2.5
6634,15737832,Billing,High,34.0
6635,15737832,App Bug,Critical,103.6
6636,15737832,Billing,Low,3.6
6637,15737832,Billing,Critical,25.0
6638,15681990,Fraud Alert,Medium,5.3
6639,15680706,App Bug,High,56.0
6640,15748597,Loan Query,Medium,12.9
6641,15773709,Login Issue,Low,2.5
6642,15773709,Login Issue,High,25.9
6643,15773709,Card Problem,Medium,9.3
6644,15773709,App Bug,Medium,8.5
6645,15629787,App Bug,Low,1.9
6646,15661007,Fraud Alert,Medium,9.4
6647,15686812,Login Issue,Medium,7.8
6648,15686812,Loan Query,Medium,4.2
6649,15686812,Billing,Low,2.8
6650,15749489,Billing,Medium,8.5
6651,15749489,Billing,Medium,5.8
6652,15749489,Fraud Alert,High,14.6
6653,15749489,Login Issue,Low,2.4
6654,15574352,Login Issue,Low,1.8
6655,15574352,Loan Query,High,20.7
6656,15701281,Billing,Low,1.2
6657,15701281,Card Problem,MEDIUM,5.2
6658,15713505,Card Problem,Low,2.5
6659,15713505,App Bug,Low,2.3
6660,15713505,Login Issue,Low,2.9
6661,15713505,Billing,Medium,10.5
6662,15685653,Billing,Medium,10.5
6663,15618774,Login Issue,Low,3.9
6664,15618774,  Loan Query  ,Critical,84.4
6665,15764448,Fraud Alert,High,33.7
6666,15764448,Loan Query,High,27.7
6667,15611024,Loan Query,Medium,9.7
6668,15611024,Fraud Alert,Medium,7.1
6669,15805764,App Bug,Low,1.5
6670,15580487,Loan Query,Low,2.9
6671,15580487,Login Issue,Critical,59.4
6672,15675787,Card Problem,Low,3.0
6673,15583580,Login Issue,Low,2.2
6674,15583580,,High,22.7
6675,15583580,,Low,3.9
6676,15695034,Billing,Medium,4.6
6677,50448305,Fraud Alert,Medium,10.7
6678,15734987,Loan Query,Critical,49.5
6679,15721740,Fraud Alert,High,12.3
6680,15721740,Billing,Medium,11.5
6681,15641822,Loan Query,Medium,6.2
6682,15641822,Card Problem,Medium,7.1
6683,15765650,,Medium,8.3
6684,15765650,Login Issue,High,29.9
6685,15765650,Loan Query,Medium,8.4
6686,15765650,Fraud Alert,Medium,10.5
6687,15788556,Fraud Alert,Low,1.5
6688,15788556,Loan Query,High,13.8
6689,15788556,App Bug,Medium,8.6
6690,15576550,App Bug,Critical,76.1
6691,15653937,Card Problem,Low,3.8
6692,15653937,App Bug,Medium,13.5
6693,15743538,Billing,Low,1.9
6694,15743538,Fraud Alert,Medium,6.6
6695,15591740,Loan Query,Low,3.7
6696,15650086,Billing,Medium,5.8
6697,15650086,Login Issue,High,31.6
6698,15650086,Login Issue,Low,1.4
6699,15650086,App Bug,Critical,37.3
6700,15644361,Loan Query,Medium,4.3
6701,15644361,Login Issue,Low,3.2
ticket_6702,15774536,Card Problem,Low,2.0
6703,15774536,Loan Query,High,23.0
6704,15618661,Fraud Alert,Low,1.1
6705,15618661,Card Problem,Low,1.1
6706,15605020,Billing,Low,1.9
6707,15605020,Card Problem,Low,4.4
6708,15762134,Card Problem,Medium,10.4
6709,15762134,App Bug,Low,2.5
6710,15685279,Card Problem,Low,2.4
6711,15685279,Card Problem,Low,1.1
6712,15685279,Fraud Alert,Low,2.4
6713,15685279,App Bug,Low,2.3
6714,15582849,Fraud Alert,Critical,108.6
6715,15582849,Card Problem,High,47.2
6716,15582849,App Bug,Low,2.2
6717,15582849,Loan Query,Low,1.9
6718,15655410,Loan Query,Medium,14.9
6719,92786676,Login Issue,High,48.8
6720,15649129,Login Issue,Low,1.7
ticket_6721,15649129,Fraud Alert,Medium,9.9
6722,15649129,Card Problem,Low,2.2
6723,15702380,Loan Query,Low,2.3
6724,15759067,Billing,Low,4.4
6725,15759067,Card Problem,Low,2.7
6726,15683027,Login Issue,Medium,8.3
6727,15683027,Login Issue,Critical,61.8
6728,15597487,Login Issue,Medium,10.4
6729,15763256,Billing,Low,4.7
6730,15763256,Fraud Alert,Medium,15.8
6731,32868893,Fraud Alert,Medium,13.5
6732,15763256,Loan Query,Medium,5.9
6733,15595592,Billing,High,55.8
6734,15595592,Fraud Alert,Low,2.0
6735,15740072,Card Problem,Low,2.8
6736,15778005,Fraud Alert,low,3.8
6737,15778005,Billing,High,27.0
6738,15709222,Loan Query,Low,1.9
6739,15713949,App Bug,Low,2.1
6740,15713949,Billing,High,35.9
6741,15717706,Fraud Alert,Medium,6.7
6742,15717706,Billing,Medium,11.1
6743,15696564,Loan Query,Critical,69.5
6744,15696564,Login Issue,N/A,31.1
6745,15696564,Loan Query,High,35.6
6746,15755863,Billing,Low,2.7
6747,15719858,Card Problem,Critical,49.8
6748,15719858,Card Problem,Medium,6.2
6749,15688876,App Bug,Medium,7.2
6750,15770345,App Bug,High,19.5
6751,15761506,App Bug,High,29.0
6752,15716619,NULL,Medium,7.3
6753,15716619,Loan Query,Medium,9.4
6754,15716619,Billing,Critical,56.9
6755,15640421,Card Problem,High,17.8
6756,15640421,Loan Query,Medium,4.1
6757,15619801,Billing,MEDIUM,10.9
6758,15619801,App Bug,High,25.0
6759,15582246,Loan Query,Low,1.7
6760,15711843,App Bug,Low,2.9
6761,15680046,App Bug,  Medium  ,8.8
6762,15680046,Loan Query,Medium,11.3
6763,15680046,Billing,Low,2.6
6764,15804131,Billing,Critical,83.6
6765,15722611,Billing,Medium,4.6
6766,15729224,Fraud Alert,Low,2.3
6767,15811588,Loan Query,Low,2.9
6768,15811588,Card Problem,Medium,5.6
6769,15811588,Login Issue,Medium,7.8
6770,15702138,Fraud Alert,High,18.2
6771,15702138,Fraud Alert,Low,1.8
6772,15743828,Login Issue,High,20.3
6773,15743828,Card Problem,Medium,7.8
6774,15642022,Billing,Low,1.7
6775,15809991,Fraud Alert,Critical,54.4
6776,15809991,Billing,High,15.1
6777,15787322,Card Problem,Medium,9.1
6778,15787322,Billing,Medium,9.2
6779,15575498,Billing,Medium,11.9
6780,15575498,Loan Query,Critical,35.5
6781,15691387,Card Problem,Critical,61.4
6782,15691387,Login Issue,Low,2.0
6783,15691387,Login Issue,Medium,10.2
6784,15666173,Card Problem,Medium,11.6
6785,15666173,Fraud Alert,Medium,6.4
6786,15666173,Billing,Medium,11.6
6787,15627377,Loan Query,High,35.3
6788,15627377,Loan Query,High,26.2
6789,15656683,Login Issue,High,15.5
6790,15656683,Login Issue,Low,1.9
6791,15656683,Fraud Alert,Medium,15.0
6792,15656683,App Bug,Low,1.9
6793,15679810,Card Problem,Medium,
6794,15567802,Login Issue,Low,2.0
6795,15617252,App Bug,Medium,10.9
6796,15753248,Login Issue,Medium,11.1
6797,15753248,Loan Query,High,14.9
6798,15753248,Loan Query,Low,3.0
6799,15610755,Login Issue,Low,1.5
6800,15686941,Billing,Low,2.1
6801,54308660,Loan Query,Low,2.9
6802,15601172,Fraud Alert,Low,1.6
6803,15615896,Card Problem,High,19.1
6804,15615896,Login Issue,High,13.1
6805,15737647,Login Issue,Medium,5.5
6806,15737647,Billing,  Medium  ,4.7
6807,15760090,App Bug,Medium,11.8
6808,16476860,Loan Query,Medium,5.9
6809,15588587,App Bug,High,22.4
6810,15655875,App Bug,Low,1.1
6811,15655875,loan query,Low,1.7
6812,15805704,Loan Query,Low,1.4
6813,15805704,Fraud Alert,Low,1.9
6814,15805704,Billing,High,48.3
6815,15799357,Card Problem,Medium,8.0
6816,15726153,FRAUD ALERT,Low,1.6
6817,15726153,Card Problem,Low,2.5
6818,15713346,Billing,Medium,6.3
6819,15713346,Card Problem,Low,1.5
6820,15713346,Card Problem,Low,2.5
6821,15713346,Fraud Alert,Medium,9.9
6822,15665053,Login Issue,Low,2.5
6823,15665053,Billing,High,46.3
6824,15592379,App Bug,Medium,five
6825,15592379,Billing,Low,1.8
6826,15637428,Card Problem,Low,2.6
6827,15702912,App Bug,Low,1.3
6828,15702912,Card Problem,Medium,12.2
6829,15702912,Fraud Alert,High,54.9
6830,15728078,Login Issue,Medium,5.1
6831,15708256,Loan Query,Critical,66.7
6832,15708256,Billing,Medium,5.8
6833,15649150,App Bug,Low,1.6
6834,15649150,Card Problem,Low,4.9
6835,15649150,Fraud Alert,Low,3.7
6836,15668270,Billing,Unknown,17.9
6837,15624820,App Bug,Medium,16.2
6838,15624820,Loan Query,Low,2.8
6839,15720814,Login Issue,Low,2.3
6840,15642997,Loan Query,Medium,five
6841,15642997,Loan Query,Medium,11.2
6842,15807167,Card Problem,Medium,6.8
6843,15660301,Card Problem,High,25.0
6844,15660301,Card Problem,Low,2.3
6845,15574137,Fraud Alert,Medium,7.7
6846,15614740,Loan Query,High,34.8
6847,15614740,Login Issue,High,23.5
6848,15614740,Login Issue,Medium,10.2
6849,15721921,Loan Query,Medium,9.9
6850,15632050,Billing,High,32.2
6851,15790204,App Bug,Medium,6.9
6852,15790204,Login Issue,Medium,19.0
6853,15790204,Loan Query,Low,2.6
6854,15790204,Login Issue,Medium,5.9
6855,15686780,Fraud Alert,Low,1.8
6856,15640491,Fraud Alert,Low,1.1
6857,15783225,App Bug,Medium,15.2
6858,15783225,App Bug,Critical,28.0
6859,15768124,Card Problem,Low,2.6
6860,15768124,Card Problem,High,20.3
6861,15768124,Fraud Alert,Medium,11.2
6862,15661330,Card Problem,Low,1.3
6863,15661330,Card Problem,Low,1.6
6864,15781272,Loan Query,Medium,15.4
6865,15781272,CARD PROBLEM,Medium,10.7
6866,15781272,Card Problem,Medium,19.7
6867,15781272,Card Problem,Medium,17.6
6868,15575858,Login Issue,Medium,5.3
6869,15702337,Billing,Low,1.7
6870,15573971,Fraud Alert,Low,1.2
6871,15579433,Login Issue,Medium,5.8
6872,15579433,Login Issue,High,16.6
6873,15777045,Fraud Alert,Low,3.9
6874,15777045,Fraud Alert,Low,9999
6875,15777045,Card Problem,Low,3.6
6876,15614778,Billing,Low,1.4
6877,15614778,Login Issue,Low,2.6
6878,15614778,Fraud Alert,Low,1.2
6879,15771750,Login Issue,Medium,10.0
6880,15593280,Card Problem,Low,1.9
6881,15593280,Loan Query,Medium,7.4
6882,15569274,Loan Query,Medium,12.1
6883,15569274,Billing,Low,4.5
6884,15569274,Login Issue,Low,2.9
6885,15654408,Billing,High,15.4
6886,15654408,App Bug,High,22.7
6887,15614213,Card Problem,High,19.0
6888,15614213,Login Issue,Medium,11.8
6889,15614213,Card Problem,Low,1.9
6890,15589869,Billing,Low,1.5
6891,15589869,Card Problem,Medium,8.8
6892,15693205,Login Issue,Low,3.3
6893,15693205,Loan Query,Medium,12.7
6894,15676958,Billing,Medium,8.3
6895,15676958,Fraud Alert,Medium,11.8
6896,15739592,Fraud Alert,Medium,6.0
6897,15739592,Login Issue,Medium,15.9
6898,15739592,Billing,High,24.3
6899,15739592,Loan Query,Low,1.1
6900,15656263,Login Issue,Medium,4.0
6901,15589435,Loan Query,Low,2.4
6902,15640464,Billing,Medium,11.9
6903,15640464,Card Problem,High,27.9
6904,15722122,App Bug,Low,1.3
6905,15722122,Fraud Alert,High,28.4
6906,15696852,Login Issue,Low,3.5
6907,15696852,App Bug,Low,3.8
6908,15575935,Loan Query,High,53.1
6909,15575935,Login Issue,Medium,16.9
6910,15575935,Loan Query,Medium,12.2
6911,15634491,App Bug,Medium,4.9
6912,15634491,Card Problem,Medium,8.1
6913,15628530,Billing,Medium,9.8
6914,15678720,Loan Query,Low,1.7
6915,15678720,Loan Query,Low,1.9
6916,15627999,Billing,Medium,7.5
6917,15806256,Billing,Low,1.8
6918,15806256,Card Problem,Critical,93.8
6919,15787258,App Bug,,2.7
6920,15787258,Card Problem,Medium,5.9
6921,15706463,Card Problem,Medium,4.7
6922,15691004,Billing,Low,3.8
6923,15691004,Login Issue,Medium,18.2
6924,15691004,Card Problem,High,40.1
6925,15691004,App Bug,High,27.7
6926,15792228,Login Issue,High,56.2
6927,15792228,App Bug,High,58.4
6928,15792228,Card Problem,Medium,7.8
6929,15792228,Login Issue,Critical,113.8
6930,15733447,Billing,High,25.2
6931,15733447,Login Issue,Medium,16.0
6932,15733447,Fraud Alert,Low,2.8
6933,15679062,Login Issue,Medium,11.2
6934,15613816,Card Problem,High,19.7
6935,15613816,Fraud Alert,Medium,11.8
6936,15681991,Card Problem,High,25.8
6937,15681991,Billing,Low,2.4
6938,15681991,Login Issue,Medium,8.5
6939,15796074,Login Issue,Low,2.9
6940,15796074,Billing,High,54.8
6941,15796074,App Bug,Low,2.3
6942,15615016,Login Issue,Medium,10.1
6943,15615016,Fraud Alert,Medium,6.6
6944,15615016,Fraud Alert,Low,1.7
6945,15748414,App Bug,Low,4.7
6946,15748414,Card Problem,Critical,105.2
6947,15748414,Billing,Low,4.3
6948,15751203,Billing,Low,2.0
6949,15751203,Loan Query,Critical,24.4
6950,15751203,Card Problem,Low,2.4
6951,44544020,Fraud Alert,High,17.9
6952,15662658,Loan Query,Low,2.1
6953,15771857,Fraud Alert,Low,2.8
6954,15771857,Fraud Alert,Medium,9.1
6955,15700601,Login Issue,Low,2.8
6956,15700601,Loan Query,Low,1.2
6957,15700601,Login Issue,Medium,10.9
6958,15569670,App Bug,Medium,11.4
6959,15772341,Loan Query,Medium,11.2
6960,15772341,Fraud Alert,Medium,9.1
6961,15772341,Billing,Medium,4.6
6962,15661548,Login Issue,Critical,34.4
6963,15787597,Billing,Low,2.6
6964,15787597,Loan Query,High,34.3
6965,15787597,Fraud Alert,High,13.6
6966,15787597,Fraud Alert,High,22.4
6967,15806913,Billing,Low,1.1
6968,15804862,Card Problem,Low,2.8
6969,15804862,Fraud Alert,Medium,8.7
6970,15804862,app bug,Critical,58.2
6971,15792986,Billing,High,56.5
6972,15792986,Login Issue,Medium,12.6
6973,15625632,Billing,Medium,6.6
6974,15727703,Fraud Alert,High,19.1
6975,15727703,Loan Query,High,14.6
6976,15727703,Billing,Medium,8.2
6977,15606273,Fraud Alert,Low,4.9
6978,15606273,Card Problem,Low,4.8
6979,15606273,Loan Query,Medium,
6980,15799652,Fraud Alert,Critical,45.6
6981,15799652,Billing,Low,1.7
6982,15799652,Billing,Low,2.3
6983,15799652,Login Issue,Low,1.8
6984,15715047,Fraud Alert,High,30.6
6985,15715047,Login Issue,High,50.2
6986,15715047,Card Problem,Low,2.6
6987,15715047,Card Problem,Low,2.1
6988,15784687,Card Problem,Medium,11.5
6989,15784687,Billing,Low,1.6
6990,15784687,Fraud Alert,Medium,8.1
6991,15784687,App Bug,High,34.1
6992,15615322,Fraud Alert,Low,2.1
6993,15722072,App Bug,High,20.1
6994,15722072,Card Problem,Medium,5.2
6995,15722072,Fraud Alert,Low,2.0
6996,15646784,Login Issue,Low,2.0
6997,15644692,Fraud Alert,Medium,8.7
6998,15644692,Billing,Low,-5.0
6999,15670354,App Bug,Critical,54.0
7000,15684516,Card Problem,Medium,6.6
7001,15677249,Billing,Medium,10.5
7002,15581525,Loan Query,Medium,999.0
7003,15581525,Loan Query,Low,2.4
7004,15581525,Card Problem,Medium,9.1
7005,15628420,Billing,Medium,5.2
7006,99555846,Login Issue,Medium,4.2
7007,15600478,Card Problem,Critical,50.0
7008,15600478,App Bug,Critical,51.1
7009,15600478,App Bug,High,26.1
7010,15594502,Login Issue,High,14.9
ticket_7011,15594502,Fraud Alert,Medium,6.6
7012,15784361,Billing,High,29.1
7013,15784361,App Bug,High,17.6
7014,15767626,Card Problem,Medium,4.8
7015,15632521,Fraud Alert,High,29.0
7016,15665088,Card Problem,Medium,5.9
7017,15665088,Card Problem,Medium,11.6
7018,15665088,Login Issue,High,28.7
7019,15574761,Loan Query,Medium,
7020,15574761,Loan Query,High,14.0
7021,15729515,Login Issue,High,16.4
7022,15743817,App Bug,Low,2.9
7023,15572158,Loan Query,,8.0
7024,15584477,Card Problem,Critical,57.4
7025,15614893,Billing,Low,2.0
7026,15614893,Card Problem,Low,2.7
7027,15614893,Login Issue,Medium,5.1
7028,15614893,Billing,High,35.1
7029,15665963,App Bug,Low,1.1
7030,15612524,Card Problem,Critical,47.5
7031,15596962,Loan Query,Critical,44.6
7032,15596962,App Bug,Low,1.6
7033,15596962,Card Problem,Medium,5.0
7034,15744942,Loan Query,High,27.7
7035,15717056,Card Problem,Low,2.6
7036,15795881,Fraud Alert,Low,1.8
7037,15795881,App Bug,Medium,7.0
7038,15795881,Billing,High,34.3
7039,15758939,Card Problem,Medium,6.2
7040,15758939,Card Problem,Low,1.3
7041,15792250,Billing,Low,2.1
7042,15792250,Card Problem,Medium,10.7
7043,15792250,App Bug,Low,1.4
7044,15768137,Card Problem,Low,1.2
7045,15742681,Login Issue,Low,1.5
7046,15742681,Billing,High,21.3
7047,15742681,Login Issue,Low,1.4
7048,15742681,App Bug,Low,2.2
7049,15582090,Login Issue,Low,2.4
7050,15582090,Card Problem,Medium,4.8
7051,15711254,Card Problem,Low,2.7
7052,15711254,Card Problem,Low,2.9
7053,15775067,App Bug,High,47.2
7054,15775067,Card Problem,Low,2.7
7055,15775067,App Bug,Low,2.4
7056,15602851,Login Issue,Low,1.9
7057,15602851,Billing,Critical,71.9
7058,15701175,Login Issue,Medium,5.0
7059,15783019,Fraud Alert,Low,2.2
7060,15783019,Login Issue,Low,3.1
7061,15585580,App Bug,Medium,16.2
7062,15585580,Billing,Low,1.2
7063,15583480,App Bug,Low,1.4
7064,15613886,Loan Query,High,44.1
7065,15613886,Login Issue,Low,2.5
7066,15613886,Fraud Alert,Medium,15.7
7067,15792916,Card Problem,Low,2.4
7068,15598695,Card Problem,Medium,11.8
7069,15649354,Card Problem,Low,1.6
7070,15649354,Fraud Alert,Low,2.2
7071,15737556,Login Issue,Medium,6.2
7072,15737556,App Bug,Low,3.1
7073,15625092,Card Problem,Low,3.7
7074,15625092,Card Problem,Medium,14.3
7075,44252247,Loan Query,High,13.5
7076,15750014,App Bug,Low,1.5
7077,15784761,Loan Query,Low,unknown
7078,15784761,Fraud Alert,Medium,13.1
7079,15784761,Billing,Low,3.4
7080,15768359,App Bug,Medium,7.1
7081,15805769,Loan Query,Low,2.4
7082,15719508,Billing,Medium,11.7
7083,15719508,Card Problem,High,21.9
7084,15609011,Login Issue,Low,3.4
7085,15703106,Card Problem,Critical,57.2
7086,15703106,Loan Query,Low,1.1
7087,15626795,,Medium,12.3
7088,15687903,N/A,Low,2.9
7089,15584113,Fraud Alert,Low,3.0
7090,15584113,Billing,Medium,4.3
7091,15669589,Login Issue,Medium,11.0
7092,15669589,App Bug,MEDIUM,16.2
7093,15669589,App Bug,High,16.2
7094,15711130,App Bug,Low,1.6
7095,15711130,Fraud Alert,Medium,6.3
7096,15720583,App Bug,Low,3.9
7097,15780432,Billing,Medium,11.6
7098,15780432,Card Problem,Low,2.4
7099,15780432,Login Issue,High,34.8
7100,15673223,Login Issue,Medium,7.4
7101,15761168,Loan Query,Medium,13.9
7102,15761168,Fraud Alert,Critical,92.3
7103,15761168,App Bug,High,35.4
7104,15651272,App Bug,Medium,6.3
7105,15812832,Login Issue,Medium,6.3
7106,15812832,Fraud Alert,High,31.8
7107,15812832,Login Issue,Medium,6.7
7108,15812832,Card Problem,High,13.7
7109,15680517,Billing,Low,1.1
7110,15680517,Billing,Low,2.1
7111,15750569,App Bug,High,16.6
7112,15690743,Card Problem,Low,4.9
7113,15690743,Fraud Alert,Low,4.3
7114,15627741,Login Issue,Low,2.3
7115,15712121,App Bug,Low,2.9
7116,15712121,Card Problem,Critical,44.7
7117,15814923,Fraud Alert,Medium,9.7
7118,15775490,Billing,High,17.2
7119,15749727,Fraud Alert,Low,1.5
7120,15749727,Login Issue,Low,1.8
7121,15619238,Billing,Medium,6.6
7122,15619238,Loan Query,Low,2.3
7123,15593468,App Bug,Critical,32.5
7124,15593468,Card Problem,Medium,4.2
7125,15593468,Card Problem,Low,2.9
7126,15593468,Login Issue,Medium,11.7
7127,15718454,Login Issue,Low,3.0
7128,15718454,Card Problem,Low,1.8
7129,15718454,App Bug,Medium,7.5
7130,15789498,Card Problem,Medium,10.5
7131,15790412,Card Problem,Medium,4.5
7132,15790412,Fraud Alert,High,12.8
7133,15790412,Card Problem,Medium,9.9
7134,15598894,Card Problem,Medium,9999.0
7135,15663294,Loan Query,Critical,28.3
7136,15572728,Login Issue,Medium,8.7
7137,15572728,Loan Query,Low,1.5
7138,15706729,Card Problem,Low,2.3
7139,15641170,App Bug,Critical,29.3
7140,15806284,App Bug,Medium,6.7
7141,15606386,Card Problem,Low,2.8
7142,15606386,App Bug,Low,4.7
7143,15682322,Fraud Alert,Low,1.5
7144,15682322,Fraud Alert,Medium,6.8
7145,15682322,Login Issue,Medium,6.6
7146,92332244,Fraud Alert,Medium,4.0
7147,15579915,Fraud Alert,Low,2.8
7148,15681928,Card Problem,Low,1.5
7149,15650432,Unknown,Critical,53.2
7150,15671243,Card Problem,Medium,8.0
7151,15671243,Fraud Alert,Low,2.0
7152,15775709,Fraud Alert,Critical,40.8
7153,15702631,Card Problem,Low,1.9
7154,15602282,Fraud Alert,Medium,16.4
7155,15602282,Login Issue,Medium,18.6
7156,15794468,  Login Issue  ,Medium,4.3
7157,15572657,App Bug,Low,1.3
7158,15720676,Billing,High,20.5
7159,15731829,App Bug,Low,2.8
7160,15731829,Card Problem,MEDIUM,4.7
7161,15692406,Loan Query,Low,2.5
7162,15692406,Login Issue,Medium,7.1
7163,15764405,Card Problem,Low,1.5
7164,15764405,Card Problem,High,32.7
7165,15764405,,Critical,63.9
7166,15764405,Card Problem,Low,1.2
7167,15793307,Billing,N/A,43.1
7168,15793307,Login Issue,Low,2.1
7169,15793307,Billing,Critical,65.5
7170,15660679,Card Problem,Medium,8.0
7171,15666856,Loan Query,Medium,11.0
7172,15666856,Fraud Alert,High,35.0
7173,15687372,Card Problem,Low,3.2
7174,15687372,App Bug,Medium,4.3
7175,15624641,CARD PROBLEM,Medium,13.7
7176,15624641,Loan Query,Medium,7.0
7177,15624641,Card Problem,High,57.2
7178,15624641,Loan Query,Low,2.3
7179,15734610,Fraud Alert,Medium,14.9
7180,65911358,Loan Query,Low,1.3
7181,15596303,Fraud Alert,Critical,97.4
7182,15596303,Fraud Alert,CRITICAL,32.2
7183,15787255,Card Problem,Medium,10.6
7184,15787255,Login Issue,Medium,12.4
7185,15758692,Loan Query,Low,2.8
7186,15758692,Login Issue,Low,1.4
7187,15758692,Loan Query,Medium,4.7
7188,15568238,Loan Query,Medium,4.3
7189,15568238,Loan Query,Medium,8.9
7190,15731555,App Bug,High,38.0
7191,15731555,Login Issue,Low,3.9
7192,15731555,App Bug,Medium,4.4
7193,15582404,Billing,Medium,7.7
7194,15721462,Loan Query,High,999.0
7195,15632899,Billing,Low,1.8
7196,15718465,Login Issue,Low,2.6
7197,15718465,Fraud Alert,Low,4.1
7198,15718465,Fraud Alert,Low,3.9
7199,15584776,Fraud Alert,Medium,6.7
7200,15777772,Fraud Alert,High,12.0
7201,15576156,Loan Query,Low,2.2
7202,15576156,NULL,Medium,7.3
7203,15576156,Fraud Alert,Low,2.2
7204,15576156,Loan Query,Low,1.8
7205,15646756,Fraud Alert,Medium,11.9
7206,15646756,Fraud Alert,Medium,8.4
7207,15742886,Billing,Medium,4.8
7208,15586135,Fraud Alert,Medium,4.5
7209,15586135,Loan Query,Low,1.6
7210,15586135,Card Problem,Low,2.6
7211,15616152,Login Issue,Medium,5.9
7212,38471165,App Bug,Low,4.7
7213,15727317,Loan Query,High,33.1
7214,15727317,Card Problem,Low,4.2
7215,15754929,Loan Query,Medium,5.4
7216,15754929,Card Problem,Medium,5.9
7217,38211517,Login Issue,Medium,6.0
7218,15668142,Loan Query,High,22.8
7219,15668142,Billing,High,31.0
7220,15668142,App Bug,Medium,4.3
7221,15655632,Billing,Low,2.8
7222,15655632,App Bug,Low,2.4
7223,15744606,Loan Query,Medium,5.8
7224,15744606,Fraud Alert,Low,1.2
7225,15612140,Billing,Medium,8.2
7226,15612140,Loan Query,Low,1.6
7227,15612140,App Bug,Critical,71.2
7228,15655298,App Bug,High,25.6
7229,15655298,Billing,Low,1.0
7230,15644796,Loan Query,Medium,18.7
7231,15644796,Card Problem,Low,1.6
7232,15726250,Card Problem,High,15.3
7233,15764432,Fraud Alert,Low,2.5
7234,15631721,Card Problem,Low,2.5
7235,15631721,Card Problem,Medium,4.4
7236,15707479,Billing,Low,2.9
7237,15707479,Fraud Alert,Medium,10.3
7238,15707479,Login Issue,Medium,5.5
7239,15579826,Loan Query,Low,2.2
7240,15579826,Fraud Alert,High,2500.0
7241,15587240,Card Problem,Medium,4.4
7242,15601594,Fraud Alert,Medium,18.5
7243,15601594,Fraud Alert,Low,4.2
7244,15589969,Card Problem,Medium,4.2
7245,15589969,Billing,High,-5.0
7246,15703728,Loan Query,Medium,12.8
7247,15703728,Login Issue,Medium,10.3
7248,15662500,Login Issue,Medium,11.5
7249,15662500,Login Issue,Low,2.4
ticket_7250,15662500,App Bug,Medium,5.7
7251,15778526,Card Problem,Low,2.8
7252,15778526,App Bug,Low,2.7
7253,15670584,Card Problem,Medium,17.0
7254,15670584,Login Issue,Medium,12.7
7255,15628992,Billing,High,34.5
7256,15719624,N/A,Medium,8.7
7257,15719624,Login Issue,Medium,4.1
7258,15812767,NULL,Low,2.3
7259,15689201,Card Problem,Medium,9.5
7260,15689201,Login Issue,Low,1.5
7261,15689201,Loan Query,Critical,59.8
7262,15689201,Loan Query,Low,2.6
7263,15614716,Loan Query,Medium,6.4
7264,15683618,Loan Query,Medium,6.7
7265,15683618,Fraud Alert,Medium,4.2
7266,15683618,Fraud Alert,High,34.1
7267,15683618,Fraud Alert,Medium,5.7
7268,15692259,Fraud Alert,Medium,10.8
7269,15692259,Loan Query,Medium,9.4
7270,15692259,Login Issue,Medium,6.8
7271,15692259,Billing,Medium,9.8
7272,15656426,App Bug,Low,2.6
7273,15656426,Fraud Alert,Critical,70.5
7274,15789582,Card Problem,N/A,6.3
7275,30157554,Fraud Alert,Low,2.5
7276,15651103,Login Issue,High,23.5
7277,15772250,Loan Query,Critical,66.7
7278,15772250,Fraud Alert,Low,1.7
7279,15763922,Card Problem,High,N/A
7280,15624323,App Bug,Medium,9.0
7281,15688612,App Bug,Low,1.8
ticket_7282,15694644,Login Issue,Low,1.8
7283,15587174,Login Issue,Medium,13.0
7284,15587174,Fraud Alert,Low,3.2
7285,15579559,App Bug,High,33.5
7286,15579559,Fraud Alert,High,16.7
7287,15775430,App Bug,Medium,8.0
7288,15705281,Login Issue,Medium,6.7
7289,15812594,Fraud Alert,Medium,8.2
7290,15588449,Card Problem,Low,2.0
7291,15588449,Card Problem,Medium,6.8
7292,15794849,Login Issue,High,2500.0
7293,15620000,Loan Query,Low,2.8
ticket_7294,15620000,Loan Query,High,25.5
7295,15711287,Card Problem,Low,1.8
7296,15711287,Billing,Low,1.6
7297,15711287,,Low,2.0
7298,15613102,Billing,Low,3.3
7299,15613102,Login Issue,Low,1.6
7300,15613102,Billing,Critical,57.1
7301,15621440,Login Issue,Low,2.2
7302,15621440,Fraud Alert,Low,1.6
7303,15677146,Billing,Medium,5.4
7304,15801169,Login Issue,High,44.8
7305,15722425,App Bug,Critical,51.5
7306,15682421,Loan Query,Low,3.8
7307,15682421,Fraud Alert,Medium,9.9
7308,15682421,Billing,Medium,19.0
7309,15721779,Login Issue,High,23.3
7310,15721779,Login Issue,Medium,10.2
7311,15579548,Billing,  Low  ,1.9
7312,15681075,Login Issue,Critical,62.3
7313,15607884,Card Problem,High,32.4
7314,15607884,App Bug,Low,2.9
7315,15607884,Login Issue,Low,2.4
7316,15767757,Login Issue,Medium,-1.0
7317,15658589,Fraud Alert,Critical,64.9
7318,15658589,Billing,High,23.2
7319,15670822,Billing,Medium,9.9
7320,15670822,Billing,Medium,5.0
7321,15660768,Billing,Low,1.8
7322,15726310,Fraud Alert,Low,1.9
7323,15726310,Fraud Alert,Critical,70.7
ticket_7324,15726310,Login Issue,Critical,26.0
7325,15641298,Billing,Low,1.9
7326,15641298,Fraud Alert,Low,1.1
7327,15713354,Card Problem,Low,3.1
7328,15713354,Billing,Critical,86.9
7329,15713354,Loan Query,Low,2.1
7330,15633866,App Bug,Medium,4.3
7331,15633866,Loan Query,Low,1.5
7332,15704231,Login Issue,Low,1.8
7333,15735400,Card Problem,Low,1.5
7334,15735400,Card Problem,Low,1.2
7335,15735400,App Bug,Low,2.1
7336,15735400,Billing,Medium,9.7
7337,15632826,app bug,Low,1.5
7338,15632826,Login Issue,Critical,38.3
7339,15632826,Card Problem,Medium,5.2
7340,15632826,Fraud Alert,Medium,9.9
7341,15751022,Billing,Medium,9.0
7342,15751022,Billing,  Medium  ,9.1
7343,15681126,Card Problem,Medium,10.2
7344,15662263,Loan Query,Low,2.6
7345,15662263,App Bug,Medium,9.7
7346,15621611,Fraud Alert,Low,1.6
7347,15621611,Card Problem,High,36.4
7348,15621611,App Bug,Medium,15.9
7349,15621611,Billing,High,38.1
7350,15783752,Card Problem,Low,2.2
7351,15783752,Card Problem,Medium,7.0
7352,15709474,Card Problem,Medium,-5.0
7353,15709474,Loan Query,Low,2.9
7354,15709474,Card Problem,Low,1.4
7355,15709474,Billing,High,13.9
7356,15701280,App Bug,Medium,4.8
7357,15701280,Card Problem,Medium,9.6
7358,15671104,Fraud Alert,High,999.0
7359,15796434,Login Issue,Low,1.7
7360,15796434,Billing,High,18.6
7361,15781505,App Bug,Medium,4.0
7362,15781505,Login Issue,Low,2.6
7363,15781505,Loan Query,High,33.6
7364,15625819,Billing,High,35.0
7365,15625819,Card Problem,High,14.6
7366,15753174,Billing,Low,3.1
7367,15753174,Fraud Alert,Low,2.2
7368,15753174,Login Issue,Low,2.4
7369,15724719,Loan Query,Medium,10.6
7370,15724719,Login Issue,Low,1.0
7371,15724719,Billing,Low,3.0
7372,15724719,Card Problem,Low,1.3
7373,15624695,Loan Query,Low,1.3
7374,15718216,Loan Query,Low,1.5
7375,15718216,Card Problem,Critical,52.4
7376,15586300,App Bug,Low,2.2
7377,15586300,Fraud Alert,Medium,5.9
7378,15783349,Login Issue,Low,1.1
7379,15793585,Billing,Medium,8.1
7380,15576641,Login Issue,Low,2.8
7381,15576641,Billing,Medium,4.9
7382,15749519,Loan Query,Medium,6.1
7383,15749519,Fraud Alert,Medium,18.1
7384,15684960,Loan Query,Critical,67.8
7385,15684960,Fraud Alert,High,53.5
7386,15668323,Billing,Medium,5.6
7387,15608528,Fraud Alert,High,24.8
7388,15608528,Login Issue,Medium,17.3
7389,15645184,Login Issue,High,16.1
7390,15645184,Login Issue,Low,1.3
7391,15702566,Login Issue,Low,3.0
7392,15750811,App Bug,Low,2.8
7393,15750811,App Bug,High,31.8
7394,15750811,Login Issue,Low,2.4
7395,15733842,Billing,High,22.6
7396,15733842,Card Problem,Medium,7.6
7397,15581526,Card Problem,High,23.9
7398,15662751,Login Issue,Low,2.2
7399,15702190,Fraud Alert,Medium,7.1
7400,15702190,Fraud Alert,Low,1.1
7401,15702190,Loan Query,Low,2.7
7402,15588517,Fraud Alert,Low,2.3
7403,15801863,App Bug,Medium,9.7
7404,15584271,Card Problem,  Low  ,2.0
7405,15584271,Fraud Alert,Low,2.8
7406,15804038,Card Problem,Medium,18.8
7407,15804038,Billing,Critical,32.9
7408,15720820,Billing,Critical,48.1
7409,15743759,Login Issue,Medium,9.8
7410,15670496,App Bug,Medium,9.4
7411,15670496,Login Issue,Medium,5.1
7412,15670496,App Bug,High,24.7
7413,15746664,App Bug,Low,2.6
7414,15746664,Login Issue,Medium,7.5
7415,15746664,Loan Query,Medium,4.2
7416,15745533,Loan Query,Low,2.1
7417,15745533,Login Issue,Low,4.1
7418,15745533,App Bug,Critical,100.4
7419,15745533,Fraud Alert,Low,1.5
7420,15761497,Fraud Alert,high,58.1
7421,15761497,Fraud Alert,Medium,4.3
7422,15761497,N/A,Low,3.2
7423,15628600,Card Problem,Medium,8.8
7424,15627002,Card Problem,Low,2.9
7425,15627002,App Bug,Critical,38.9
7426,15614635,Fraud Alert,Low,2.4
7427,15614635,App Bug,Medium,6.2
7428,15814022,Fraud Alert,Low,1.6
7429,15745030,Loan Query,Low,2.6
7430,15745030,Card Problem,Low,1.6
7431,15745030,Login Issue,Medium,11.6
7432,15745030,Billing,Low,1.4
7433,15707488,App Bug,High,16.5
7434,15784700,App Bug,Medium,11.1
7435,15710397,App Bug,High,29.6
7436,15710397,Billing,Medium,11.2
7437,15710397,Loan Query,Low,1.1
7438,15710397,Card Problem,Medium,4.3
7439,15687648,App Bug,High,34.5
7440,25499100,App Bug,Low,1.9
7441,15732281,Billing,Low,3.5
7442,15732281,Card Problem,High,12.2
7443,85294172,App Bug,High,33.0
7444,15567630,App Bug,Critical,107.9
7445,15587507,App Bug,High,15.9
7446,15587507,Loan Query,Low,1.4
7447,15587507,Fraud Alert,Low,3.7
7448,15587507,Fraud Alert,Medium,5.8
7449,15709511,Card Problem,Low,2.8
7450,15709511,Fraud Alert,Low,2.2
7451,15709511,Billing,High,12.1
7452,15579616,App Bug,Critical,25.0
7453,15579616,Fraud Alert,Medium,8.2
7454,15589924,App Bug,Medium,5.7
7455,15731330,Billing,Medium,6.1
7456,15694129,Unknown,Low,3.9
7457,15694129,Login Issue,Critical,41.7
7458,15620372,Loan Query,Low,1.7
7459,15620372,  Login Issue  ,Medium,11.4
7460,15620372,Card Problem,Low,1.4
7461,15620372,Login Issue,Medium,9.8
7462,15799815,App Bug,Medium,12.0
7463,15799815,Card Problem,Medium,9.4
7464,15732643,Billing,Low,3.0
7465,15732643,Billing,Low,1.8
7466,15803078,Login Issue,Low,1.4
7467,15803078,Billing,High,23.9
7468,15803078,App Bug,Medium,6.3
7469,15803078,Fraud Alert,Medium,4.1
7470,15741195,Login Issue,Medium,7.0
7471,15741195,Fraud Alert,Low,1.7
7472,15732610,Login Issue,High,19.7
7473,15734058,Fraud Alert,Medium,9.9
7474,15734058,Login Issue,Low,1.8
7475,15801788,App Bug,High,23.9
7476,15801788,Card Problem,Medium,10.2
7477,15702462,Login Issue,,14.2
7478,15702462,Fraud Alert,Medium,4.6
7479,15702462,Login Issue,Medium,19.6
7480,15702462,Login Issue,Low,5.0
7481,15683416,Unknown,Low,3.2
7482,15792989,App Bug,Medium,11.0
7483,15613734,Loan Query,Low,2.9
7484,15613734,Loan Query,Critical,59.9
7485,15606177,Billing,Medium,6.3
7486,15636700,Billing,Low,2.6
7487,15645766,Billing,Low,1.3
7488,15671345,Billing,High,17.1
7489,15671345,Fraud Alert,Medium,7.8
7490,15671345,Card Problem,Low,2.5
7491,15671345,Fraud Alert,High,16.9
7492,15749638,Billing,Low,1.0
7493,15749638,Loan Query,Medium,16.3
7494,15728706,Loan Query,Low,1.0
7495,15735439,Login Issue,Medium,5.6
7496,15735439,Loan Query,High,17.0
7497,15778696,Billing,Medium,7.7
7498,15778696,Card Problem,Low,1.5
7499,15624744,Loan Query,High,999.0
7500,15624744,Card Problem,High,18.5
7501,15624744,Card Problem,High,39.7
7502,15726178,Billing,High,32.6
7503,15726178,Loan Query,Low,1.9
7504,15726178,Loan Query,,1.2
7505,15780386,Loan Query,Low,
7506,15791114,Billing,Medium,7.6
7507,15791114,Loan Query,Critical,44.7
7508,15791114,Card Problem,Critical,44.3
7509,15708046,App Bug,Medium,9.5
7510,15591550,App Bug,Low,1.5
7511,15591550,Loan Query,Medium,11.5
7512,15639368,Card Problem,High,25.0
7513,15639368,App Bug,Low,2.3
7514,15595158,Billing,Medium,7.1
7515,15599126,Loan Query,Medium,19.8
7516,15599126,Card Problem,N/A,30.3
7517,15599126,Loan Query,High,27.8
7518,15650575,Loan Query,Low,4.9
7519,15650575,App Bug,Critical,87.4
7520,15641490,Fraud Alert,low,1.8
7521,15641490,Fraud Alert,Low,2.1
7522,15680234,Loan Query,Low,2.1
7523,15592230,Login Issue,Low,
7524,15592230,App Bug,Medium,4.8
7525,15592230,Fraud Alert,Low,2.3
7526,15626212,Fraud Alert,Critical,62.3
7527,15782641,Billing,Medium,6.9
7528,15782641,Card Problem,Medium,4.3
7529,15784445,Login Issue,Low,1.8
7530,15784445,App Bug,High,16.8
7531,15596649,App Bug,High,25.6
7532,15700460,App Bug,Critical,88.2
7533,15784000,  App Bug  ,Low,1.2
7534,15784000,Fraud Alert,Low,3.5
7535,15784000,Billing,Medium,4.4
7536,15784000,App Bug,Medium,16.1
7537,15733966,Loan Query,High,31.5
7538,15733966,Login Issue,Medium,11.5
7539,15733966,Fraud Alert,Low,2.5
7540,15733966,Card Problem,Low,2.5
7541,15612667,Loan Query,High,28.4
7542,15612667,App Bug,Low,1.3
7543,15612667,Fraud Alert,Low,2.7
7544,15612667,App Bug,Low,2.6
7545,15654025,,Medium,7.9
7546,15654025,Login Issue,High,32.1
7547,15654025,Billing,Medium,9.1
7548,15578238,Billing,Low,1.4
7549,15566269,Loan Query,High,14.1
7550,15662426,Loan Query,Low,1.4
7551,15720511,Billing,Medium,7.6
7552,15567246,Billing,Medium,9.5
7553,15647965,App Bug,High,32.6
7554,15782181,Login Issue,Low,1.6
7555,15782181,Loan Query,Medium,2500.0
7556,15773751,Card Problem,Low,2.5
7557,15773751,Fraud Alert,Low,2.6
7558,15655436,Fraud Alert,High,18.7
7559,15655436,Billing,Low,1.7
7560,15655436,Login Issue,Medium,11.8
7561,15655436,Fraud Alert,High,37.2
7562,15796958,Billing,High,13.5
7563,15801832,Card Problem,Low,3.5
7564,15801832,Loan Query,Medium,10.1
7565,15801832,Card Problem,Medium,14.9
7566,15801832,Card Problem,Low,1.2
7567,15661349,  Login Issue  ,Medium,9.5
7568,15663410,Billing,Low,4.5
7569,15663410,Login Issue,High,38.5
7570,15742848,Card Problem,Low,2.3
7571,15745326,Card Problem,Medium,13.8
7572,15745326,Fraud Alert,High,50.4
7573,15674541,Loan Query,High,53.9
7574,15728564,Card Problem,low,3.9
7575,15728564,App Bug,Medium,7.4
7576,15705352,Login Issue,Critical,28.8
7577,15672437,App Bug,Medium,11.2
7578,15672437,Fraud Alert,Low,2.1
7579,15720968,Card Problem,High,30.8
7580,15768219,Fraud Alert,Low,1.1
7581,26322065,Billing,High,18.7
7582,15586425,Card Problem,High,14.1
7583,15586425,Billing,High,26.0
7584,15586425,Login Issue,Low,3.0
7585,15681410,App Bug,Low,2.2
7586,15681410,Loan Query,Medium,8.5
7587,15668283,Login Issue,Medium,17.3
7588,15668283,App Bug,  Low  ,2.9
7589,15669664,Billing,High,34.3
7590,15682728,Loan Query,Medium,4.8
7591,15682728,Card Problem,Medium,7.4
7592,15573851,Billing,High,55.4
7593,15573851,Loan Query,Medium,8.9
7594,15573851,Card Problem,Medium,14.3
7595,15573851,App Bug,Medium,4.4
7596,15710012,Login Issue,Medium,11.3
7597,15710012,App Bug,Critical,72.8
7598,15710012,Fraud Alert,Medium,18.0
7599,15710012,Fraud Alert,Low,3.8
7600,15668853,App Bug,Medium,7.9
7601,15639303,Card Problem,Low,2.0
7602,15639303,App Bug,Medium,10.4
7603,15638513,Loan Query,Medium,10.3
7604,15638513,App Bug,Low,1.1
7605,15648933,App Bug,Critical,38.6
7606,15648933,Login Issue,Low,2.1
7607,15628904,Login Issue,Medium,6.2
7608,15644788,Card Problem,Low,1.2
7609,15598161,Loan Query,Medium,6.2
7610,15598161,Card Problem,Medium,12.0
7611,15598161,Fraud Alert,Critical,24.8
7612,15598161,App Bug,Low,2.6
7613,15745624,Loan Query,Low,1.3
7614,15801417,Login Issue,Low,1.7
7615,15592707,Card Problem,High,22.3
7616,15592707,Fraud Alert,High,16.9
7617,15592707,Billing,Low,2.6
7618,15593954,App Bug,Low,1.5
7619,15593954,App Bug,Medium,5.1
7620,15593954,App Bug,Low,N/A
7621,15714431,Billing,Medium,9.0
7622,15714431,Card Problem,High,23.0
7623,15690939,Login Issue,Low,2.2
7624,15690939,Card Problem,High,31.6
7625,15707322,Card Problem,Medium,5.5
7626,15707322,Fraud Alert,Low,1.0
7627,15707322,Fraud Alert,High,38.7
7628,15747014,App Bug,Low,-5.0
7629,15747014,Billing,Low,1.4
7630,15747014,Loan Query,Low,2.2
7631,15809830,Fraud Alert,High,20.1
7632,15662245,Login Issue,Medium,9.5
7633,15594456,Card Problem,Low,3.5
7634,15594456,Fraud Alert,High,13.4
7635,42196856,Billing,Medium,14.5
7636,15594456,Billing,Low,3.9
7637,15757661,Fraud Alert,Low,2.6
7638,15757661,Fraud Alert,Medium,11.7
7639,15757661,N/A,Low,2.7
7640,15729117,Fraud Alert,Medium,6.7
7641,15749671,Loan Query,Low,1.4
7642,15749671,Billing,Low,1.7
7643,15566253,Billing,Medium,12.1
7644,15566253,App Bug,High,22.8
7645,15595153,Billing,High,28.5
7646,15698572,Login Issue,Low,1.6
7647,15698572,Login Issue,Low,2.4
7648,15674149,Loan Query,High,32.7
7649,15623082,Fraud Alert,Medium,4.1
7650,15746028,Billing,Critical,70.9
7651,15746028,Loan Query,Low,1.9
7652,15582951,Loan Query,Medium,4.1
7653,15641575,Login Issue,Medium,9.7
7654,15641575,App Bug,Medium,10.8
ticket_7655,15638803,Login Issue,Low,2.0
7656,15638803,Billing,Medium,4.2
7657,15638803,Loan Query,Low,1.5
7658,15808283,Billing,Medium,10.1
7659,15811200,Loan Query,Low,2.0
7660,15811200,Card Problem,High,32.4
7661,15733476,Login Issue,Critical,27.2
7662,15733476,Card Problem,Low,1.3
7663,15582168,Loan Query,High,25.1
7664,15582168,Billing,Medium,11.8
7665,15582168,Login Issue,High,12.9
7666,15582168,Login Issue,High,20.3
7667,15807269,Fraud Alert,Critical,109.1
7668,15807269,App Bug,Medium,5.3
7669,15807269,Billing,Medium,8.7
7670,15807269,Billing,Low,2.7
7671,15660417,Billing,Medium,4.2
7672,15660417,Billing,High,38.5
7673,15795124,,Low,2.3
7674,15795124,Fraud Alert,High,30.7
7675,15718912,Loan Query,Low,4.2
7676,15718912,Loan Query,Low,3.5
7677,15592028,Billing,Low,1.0
7678,15592028,Fraud Alert,Critical,50.3
7679,15592028,Fraud Alert,Low,2.0
7680,15592028,Login Issue,High,13.8
7681,15580227,Login Issue,Medium,11.9
7682,15657830,Billing,Medium,4.4
7683,15657830,Loan Query,Medium,7.9
7684,15798256,Loan Query,High,43.9
7685,15798256,,High,31.4
7686,15643819,Card Problem,High,29.7
7687,15643819,Loan Query,Medium,5.1
7688,15754301,App Bug,Medium,5.4
7689,15754301,Loan Query,Low,2.3
7690,15726855,Loan Query,Medium,17.7
7691,15726855,App Bug,Medium,4.8
7692,15789055,Loan Query,Low,2.5
7693,15789055,Loan Query,Medium,11.4
7694,15789055,Billing,High,18.8
7695,15617507,Loan Query,Critical,48.8
7696,15668894,Card Problem,Medium,4.4
ticket_7697,15668894,Login Issue,Low,1.4
7698,15668894,App Bug,High,34.1
7699,15589563,Fraud Alert,High,26.7
7700,15589563,Loan Query,High,20.5
7701,15693162,Billing,Critical,51.7
7702,15693162,App Bug,Medium,10.0
7703,15750099,Loan Query,Critical,47.0
7704,15795540,Fraud Alert,Medium,10.3
7705,15794941,Fraud Alert,Low,1.1
7706,15794941,Loan Query,high,15.5
7707,15611848,Fraud Alert,Critical,34.3
7708,15581237,Login Issue,Medium,5.3
7709,15581237,Login Issue,Medium,4.2
7710,15581237,Fraud Alert,Low,1.6
7711,15678571,Card Problem,Low,2.8
7712,15804201,Loan Query,Low,2.6
7713,12792823,Fraud Alert,Medium,6.0
7714,15596863,  Fraud Alert  ,Low,1.3
7715,15723864,Fraud Alert,Low,4.4
7716,15723864,Loan Query,Low,3.1
7717,15723864,App Bug,High,20.3
7718,15606397,App Bug,Critical,58.0
7719,15606397,Card Problem,Low,4.1
7720,15642619,Login Issue,High,34.8
7721,15642619,Billing,Medium,4.4
7722,15642619,Fraud Alert,Medium,11.8
7723,15595842,Billing,Critical,63.9
7724,15595842,Login Issue,Low,3.8
7725,15595842,App Bug,Medium,5.4
7726,15595842,Card Problem,Medium,10.6
7727,15783882,Card Problem,Medium,5.1
7728,15783882,Login Issue,Medium,5.3
7729,15783882,Card Problem,Critical,47.1
7730,15783882,App Bug,Low,1.2
7731,15799790,Fraud Alert,Low,1.7
7732,15628155,Login Issue,Low,2.1
7733,15703778,Billing,Medium,10.1
7734,15722322,CARD PROBLEM,High,34.2
7735,15722322,login issue,High,21.2
7736,15682084,Fraud Alert,Low,1.6
7737,15642821,Billing,Medium,10.6
7738,15642821,Loan Query,Medium,18.7
7739,15601387,Billing,High,26.4
7740,15601387,Loan Query,Low,2.6
7741,15601387,Card Problem,Low,1.1
7742,15642515,Billing,Medium,9999.0
7743,15710421,Login Issue,Medium,9.5
7744,15710421,Fraud Alert,Medium,one hour
7745,15641877,Login Issue,  Low  ,2.0
7746,15802466,Loan Query,low,3.0
7747,15802466,Loan Query,Medium,6.9
7748,15575759,App Bug,Low,1.6
7749,15575759,Billing,Low,2.7
7750,15575759,Login Issue,Low,2.7
7751,15575759,Fraud Alert,Low,3.8
7752,15567442,Loan Query,Medium,6.6
7753,15567442,Card Problem,Medium,9.9
7754,15567442,app bug,High,23.5
7755,15567442,App Bug,Medium,6.2
7756,15746805,Card Problem,High,30.0
7757,15746805,Billing,High,33.5
7758,15636330,App Bug,Low,1.6
7759,15636330,App Bug,Medium,18.7
7760,15653784,Loan Query,Critical,63.8
7761,15653784,Billing,Medium,7.6
7762,15693543,Loan Query,Low,2.4
7763,15693543,Loan Query,Medium,6.2
7764,15773283,Login Issue,Low,2.4
7765,15773283,Loan Query,Medium,15.2
7766,15773283,Fraud Alert,High,20.2
7767,15729454,Billing,Medium,9.2
7768,15729454,Card Problem,High,25.7
7769,15729454,App Bug,High,35.4
7770,15578375,Fraud Alert,Low,2.3
7771,15649414,Card Problem,Low,2.2
7772,15649414,Fraud Alert,Medium,9999.0
7773,15649414,Card Problem,Low,1.4
7774,15774382,App Bug,Critical,46.8
7775,15774382,Loan Query,Low,2.1
7776,15774382,Card Problem,  High  ,32.8
7777,15689602,Billing,Medium,8.2
7778,15812647,Card Problem,Low,2.6
7779,15674765,Loan Query,Low,2.4
7780,15678725,Fraud Alert,Low,2.6
7781,15694444,App Bug,Medium,10.7
7782,15694444,App Bug,Low,4.1
7783,15795878,App Bug,Low,2.6
7784,15605742,Billing,Low,2.2
7785,15605742,App Bug,Low,3.7
7786,15664897,Card Problem,Medium,one hour
7787,15806709,Login Issue,Low,2.3
7788,15806709,Billing,Low,2.0
7789,15806709,Login Issue,Low,2.7
7790,15806709,Fraud Alert,Low,2.2
7791,15633818,App Bug,Low,1.9
7792,15633818,Card Problem,Low,2.6
7793,15713845,Login Issue,low,3.4
7794,15713845,App Bug,Low,3.1
7795,15639662,Billing,Low,1.8
7796,15639662,Fraud Alert,High,32.4
7797,15800251,App Bug,Medium,10.4
7798,15800251,Billing,High,24.1
7799,15651450,Billing,Critical,26.5
7800,15651450,Card Problem,Medium,-5.0
7801,15651450,Billing,Medium,5.0
7802,15707962,Loan Query,Low,1.9
7803,15705663,App Bug,Medium,7.1
7804,15705663,billing,High,32.4
7805,15645355,Loan Query,Medium,6.1
7806,15729557,Login Issue,Low,1.7
7807,15729557,Billing,Low,3.5
7808,15631436,Loan Query,Low,1.4
7809,15631436,Billing,Low,1.2
7810,15631436,N/A,Low,1.6
7811,15631436,App Bug,Low,2.9
7812,15583073,Billing,Low,1.3
7813,15583073,Login Issue,Medium,N/A
7814,15614361,Loan Query,Medium,8.5
7815,15724684,App Bug,Medium,7.5
7816,15700083,App Bug,Medium,11.1
7817,15636541,Card Problem,Medium,9.1
7818,15636541,Loan Query,Critical,51.3
7819,15787222,Billing,Low,-1.0
7820,15594270,Loan Query,Medium,5.9
7821,15645847,Fraud Alert,Low,2.7
7822,15708867,Fraud Alert,Critical,35.2
7823,15708867,Billing,Medium,5.6
7824,15628893,NULL,Low,2.5
7825,15628893,Billing,Medium,five
7826,15628893,Loan Query,High,14.2
7827,15764073,Card Problem,Medium,5.5
7828,15782879,App Bug,Low,1.2
7829,15635964,Card Problem,Medium,-1
7830,15635964,App Bug,Low,1.1
7831,15786249,Login Issue,Medium,4.0
7832,15656597,Login Issue,Low,1.8
7833,15656597,Loan Query,Low,1.7
7834,15656597,Billing,High,30.0
7835,15656597,Card Problem,Low,1.6
7836,15615004,App Bug,Low,-1
7837,15615004,Card Problem,Low,2.2
7838,15615004,Login Issue,Medium,5.3
7839,15588372,Login Issue,High,33.1
7840,15588372,Loan Query,Medium,-1.0
7841,15588372,Fraud Alert,Low,1.5
7842,15588372,App Bug,Medium,12.4
7843,15681439,Billing,Medium,8.0
7844,15681439,Billing,Low,2.3
7845,15597968,App Bug,Low,3.4
7846,15597968,Card Problem,Low,4.4
7847,15597968,Login Issue,Medium,8.7
7848,15658432,Billing,Low,1.1
7849,15658432,Card Problem,Low,2.2
7850,15658432,Card Problem,Low,2.2
7851,15616431,Login Issue,Medium,10.8
7852,15616431,Card Problem,Low,2.9
7853,15796957,Login Issue,Low,2.5
7854,15796957,App Bug,Low,3.6
7855,15815552,App Bug,Medium,11.3
7856,15815552,App Bug,High,25.2
7857,15631871,Fraud Alert,High,32.0
7858,15631871,Card Problem,Low,1.1
7859,15631871,Fraud Alert,Low,1.1
7860,15635870,Billing,Medium,18.1
7861,15635870,Billing,High,41.0
7862,15596713,Login Issue,Medium,11.0
7863,15760521,Billing,Low,1.7
7864,15760521,Loan Query,Medium,4.2
7865,15760521,Fraud Alert,Low,2.8
7866,15804721,Fraud Alert,Medium,7.0
7867,15730272,Loan Query,Medium,5.2
7868,15741988,,Low,3.3
7869,15741988,Loan Query,Medium,17.1
7870,15771728,Card Problem,  Low  ,1.9
7871,15771728,Login Issue,High,22.4
7872,15661945,Loan Query,Medium,11.3
7873,15721207,App Bug,Low,2.6
7874,15689412,Loan Query,Low,1.6
7875,15797329,Login Issue,high,44.4
7876,15780220,Loan Query,Low,2.2
7877,15780220,App Bug,High,14.2
7878,15780220,Login Issue,Medium,5.6
7879,15780220,App Bug,Low,1.2
7880,15807524,Loan Query,Medium,11.5
7881,15766649,Fraud Alert,High,30.1
7882,15696812,Billing,Medium,8.8
7883,15581295,Loan Query,Critical,62.9
7884,15741417,App Bug,Critical,52.0
7885,15695174,Fraud Alert,Low,2.8
7886,15665168,Loan Query,Medium,7.3
ticket_7887,15665168,Loan Query,High,25.1
7888,15665168,Card Problem,Medium,7.4
7889,15601503,Login Issue,Low,1.1
7890,15601503,Login Issue,Medium,7.1
7891,15601503,App Bug,Critical,60.7
7892,15601503,App Bug,Low,2.8
7893,15782758,Login Issue,Low,1.2
7894,15782758,Loan Query,Medium,6.8
7895,15591091,App Bug,Medium,19.9
7896,15591091,Card Problem,Low,4.2
7897,15591091,Billing,Medium,4.6
7898,15715877,Loan Query,Low,2.2
7899,15793343,Loan Query,Low,1.3
7900,15576774,Login Issue,High,25.9
7901,15800514,Card Problem,Medium,14.7
7902,15800514,Card Problem,Critical,-1.0
7903,15662232,Login Issue,Medium,6.9
7904,15737778,Card Problem,Medium,9.3
7905,15782096,Fraud Alert,Medium,10.4
7906,15782096,Loan Query,Low,
7907,15782096,App Bug,Medium,18.8
7908,15782096,Card Problem,Low,2500.0
7909,15783522,Fraud Alert,Critical,2500.0
7910,15756272,Login Issue,Critical,40.9
7911,15756272,Billing,Medium,12.0
7912,15756272,Billing,Medium,9.2
7913,15752956,Loan Query,Medium,6.8
7914,15644882,App Bug,Medium,4.6
7915,15644882,Card Problem,High,21.0
7916,15569764,App Bug,Medium,6.2
7917,15573171,Billing,Medium,14.5
7918,15573171,Billing,Critical,50.7
7919,15736769,Fraud Alert,Low,2.2
7920,15736769,Billing,Low,2.3
7921,15763381,Login Issue,Low,2.7
7922,15763381,Loan Query,Low,2.1
7923,15638607,Login Issue,Low,2.4
7924,15638607,Loan Query,Medium,14.4
7925,15638607,Loan Query,Medium,9.1
7926,15737133,Billing,Low,3.0
7927,15613945,Loan Query,High,35.9
7928,15613945,Fraud Alert,Low,2.1
7929,15765287,Card Problem,High,26.6
7930,15661723,App Bug,High,13.8
7931,15766064,Login Issue,Medium,10.8
7932,15766064,Billing,Low,2.4
7933,15649616,App Bug,Medium,8.7
7934,15719017,Fraud Alert,Low,1.3
7935,15719017,,Critical,32.6
7936,15720919,Billing,Medium,18.8
7937,15720919,Fraud Alert,Critical,100.3
7938,15706706,Fraud Alert,High,30.7
7939,15709653,Login Issue,Medium,11.4
7940,15709653,App Bug,Medium,4.4
7941,15709653,  Billing  ,Low,1.3
7942,15622442,Fraud Alert,Medium,6.8
7943,15767598,App Bug,High,27.5
7944,15568104,Billing,Medium,8.4
7945,15732265,Login Issue,High,Unknown
7946,15732265,Login Issue,Medium,10.6
7947,15621974,Login Issue,Medium,10.0
7948,15720706,Loan Query,Medium,8.8
7949,15651664,Loan Query,Low,2.7
7950,15651664,Loan Query,Low,3.5
7951,15811565,App Bug,Medium,8.2
7952,15811565,Fraud Alert,Critical,88.4
7953,37873383,App Bug,Low,1.3
7954,15713774,Unknown,High,18.3
7955,15713774,Card Problem,Low,4.0
7956,15691840,Fraud Alert,Medium,5.9
7957,15682021,Card Problem,Low,2.6
7958,15612931,Billing,High,32.8
7959,15612931,App Bug,Medium,10.7
7960,15612931,Fraud Alert,High,25.2
7961,15676707,Card Problem,Medium,8.5
7962,15676707,Loan Query,Low,1.6
7963,15590683,Fraud Alert,High,21.5
7964,15723620,Card Problem,Low,1.2
7965,15672966,Billing,Medium,5.9
7966,15672966,Loan Query,Low,1.5
7967,15624667,Card Problem,Low,2.7
7968,15624667,App Bug,Medium,4.6
7969,15724154,Loan Query,Medium,7.4
7970,15724154,Billing,Medium,16.3
7971,15724154,App Bug,Medium,11.2
7972,15749540,Loan Query,Low,2.6
7973,15621063,Billing,Low,1.4
7974,15661626,Billing,Low,3.1
7975,15661626,App Bug,High,22.0
7976,15698703,App Bug,Critical,59.1
7977,15698703,Billing,Medium,11.7
7978,15801431,Billing,Medium,7.1
7979,15801431,Login Issue,Low,2.3
7980,15649451,Fraud Alert,High,29.8
7981,15589496,Card Problem,High,26.4
7982,15730345,Billing,Low,2.0
7983,15572038,App Bug,Medium,9.7
7984,15572038,Loan Query,High,26.7
7985,15572038,Card Problem,Low,4.0
7986,15572038,App Bug,Medium,18.8
7987,15657396,App Bug,Medium,11.4
7988,15709478,Card Problem,Critical,31.3
7989,15709478,Card Problem,High,34.2
7990,15794414,Login Issue,High,14.3
7991,15794414,Card Problem,Medium,10.6
7992,15794414,Fraud Alert,Low,N/A
7993,15794414,Login Issue,Low,2.0
7994,15643671,App Bug,  Low  ,4.9
7995,15680224,Loan Query,Medium,9.8
7996,15693996,Fraud Alert,High,33.7
7997,15764343,Billing,Low,2.8
7998,15704168,App Bug,High,50.2
7999,15680197,App Bug,Medium,7.7
8000,15633729,Card Problem,Medium,5.1
8001,15577683,Login Issue,Medium,9.9
8002,15577683,Card Problem,Medium,10.4
8003,15577683,Billing,High,31.9
8004,15800746,Card Problem,Low,3.5
8005,15596647,Loan Query,Low,1.6
8006,15596647,App Bug,Medium,4.5
8007,15596647,Fraud Alert,Medium,5.1
8008,15775116,Card Problem,High,30.8
8009,15775116,Card Problem,Low,-1.0
8010,15775116,Fraud Alert,Medium,7.6
8011,15575428,Login Issue,High,17.2
8012,15575428,App Bug,Low,1.5
8013,15575428,App Bug,Medium,11.1
8014,15695872,Card Problem,High,27.7
8015,15725036,Fraud Alert,Low,2.5
8016,15725036,Loan Query,High,33.7
8017,15725036,Billing,Medium,9.5
8018,15632665,Fraud Alert,High,23.2
8019,15632665,Fraud Alert,High,46.4
8020,15571476,Fraud Alert,Medium,10.3
8021,15571476,App Bug,High,24.1
8022,15571476,Billing,Low,2.9
8023,15776850,Loan Query,Low,1.5
8024,15623649,Fraud Alert,Low,1.9
8025,15751131,Card Problem,NULL,5.2
8026,15751131,Loan Query,Medium,11.1
8027,15688128,billing,Low,1.3
8028,15678412,Fraud Alert,Low,1.2
8029,15678412,Login Issue,High,35.3
8030,15583392,Fraud Alert,Low,3.7
8031,15583392,App Bug,High,59.1
8032,15583392,Fraud Alert,Medium,11.1
8033,15690731,Loan Query,Low,1.8
8034,15690731,App Bug,High,28.3
8035,15690731,Loan Query,Low,1.2
8036,15690731,App Bug,High,36.0
8037,15697948,  Login Issue  ,Medium,5.0
8038,15608328,Billing,Low,2.8
8039,15706217,Unknown,High,26.2
8040,15706217,Card Problem,Medium,7.1
8041,15601417,App Bug,Low,2.6
8042,15610972,Login Issue,Low,3.8
8043,15610972,App Bug,Low,3.5
8044,15674620,Fraud Alert,Medium,5.3
8045,15674620,Fraud Alert,Low,9999.0
8046,15674620,Loan Query,High,15.9
8047,15785350,Loan Query,Low,
8048,15785350,Loan Query,Critical,45.8
8049,15749119,Loan Query,Low,1.1
8050,15791851,,Critical,26.9
8051,15791851,Card Problem,Medium,4.7
8052,31787105,App Bug,Critical,43.0
8053,15573284,Fraud Alert,Medium,4.3
8054,15573284,Fraud Alert,Low,-5.0
8055,15729083,Billing,Medium,9.3
8056,15611612,Fraud Alert,Medium,10.4
8057,15611612,Billing,Low,Unknown
8058,15694381,Fraud Alert,Medium,7.8
8059,15651737,Billing,Low,2.5
8060,15793478,Billing,Medium,18.8
8061,15793478,App Bug,Critical,25.3
8062,15793478,Login Issue,Medium,9.1
8063,15793478,Billing,Medium,18.7
8064,15642248,Billing,Critical,71.3
8065,15640377,NULL,Low,1.1
8066,15640377,Billing,Medium,11.0
8067,15640377,Card Problem,Low,1.3
8068,15723950,Login Issue,Medium,8.5
8069,15723950,App Bug,Low,2.1
8070,15723950,App Bug,High,16.2
8071,15723950,Login Issue,Low,4.7
8072,15590327,Loan Query,Critical,69.0
8073,15706199,Fraud Alert,High,31.7
8074,15706199,Loan Query,High,18.6
8075,15706199,Billing,Low,1.0
8076,15727041,Card Problem,Low,2.0
8077,15738063,Fraud Alert,Low,2.8
8078,15711733,Loan Query,Low,2.0
8079,15711733,App Bug,Medium,5.9
8080,15634180,Loan Query,High,34.7
8081,15694566,Billing,Low,4.4
8082,15694566,Fraud Alert,Medium,16.7
8083,15694566,App Bug,Low,2.5
8084,15726103,Card Problem,Medium,15.5
8085,15726103,Login Issue,Critical,30.5
8086,15726103,Card Problem,Medium,8.5
8087,15726103,Fraud Alert,Medium,15.8
8088,15646351,Fraud Alert,Medium,one hour
8089,15795186,Card Problem,Low,1.3
8090,15565891,Fraud Alert,Low,2.3
8091,15565891,Fraud Alert,Medium,9.8
8092,15674254,Loan Query,High,30.0
8093,15674254,Billing,Low,1.4
8094,15674254,Billing,Low,2.7
8095,15775206,Card Problem,Medium,8.1
8096,15775206,Loan Query,High,13.3
8097,15649853,,Low,3.4
8098,15649853,Loan Query,High,52.2
8099,15649853,Login Issue,Medium,18.2
8100,15649853,App Bug,Low,4.8
8101,15610379,Login Issue,High,22.0
8102,15610379,Fraud Alert,Medium,5.4
8103,15672053,NULL,High,29.8
8104,15663933,Billing,Low,3.4
8105,15663933,Loan Query,High,13.4
8106,15814236,Loan Query,Medium,5.6
8107,15607395,Login Issue,Low,2.1
8108,15694556,App Bug,Medium,9.1
8109,15694556,Card Problem,High,16.4
8110,15744109,Fraud Alert,Medium,10.4
8111,15744109,Billing,Low,1.7
8112,15810878,Loan Query,Low,3.0
8113,15810878,Billing,Medium,11.8
8114,15725882,App Bug,Low,2.9
8115,15725882,App Bug,Low,1.2
8116,15788022,Fraud Alert,Low,2.6
8117,15788022,Card Problem,High,35.1
8118,15800366,App Bug,Medium,5.5
8119,15800366,App Bug,Medium,8.8
8120,15717231,Billing,High,35.5
8121,15643188,Card Problem,Low,3.9
8122,15643188,App Bug,Low,3.1
8123,15671351,Fraud Alert,Low,1.1
8124,15671351,Loan Query,Medium,4.5
8125,15573628,Billing,Medium,16.8
8126,15573628,Login Issue,Low,1.5
8127,15698953,Card Problem,Low,one hour
8128,15698953,Loan Query,Medium,12.9
8129,15698953,Fraud Alert,Low,4.9
8130,15698953,App Bug,Critical,37.7
8131,15753888,Fraud Alert,Medium,14.0
8132,15753888,App Bug,Medium,17.1
8133,15753888,  Card Problem  ,Medium,15.6
8134,15753888,Billing,High,14.3
8135,15801701,Billing,Low,1.8
8136,15801701,App Bug,Medium,6.3
8137,15801701,Fraud Alert,Medium,5.1
8138,15684419,App Bug,MEDIUM,7.9
8139,15684419,Billing,Low,2.2
ticket_8140,15684419,Loan Query,Medium,7.3
8141,15810711,App Bug,Low,1.8
8142,15810711,Billing,Low,1.1
8143,15810711,Card Problem,Medium,8.2
8144,15771270,Card Problem,High,38.5
8145,15771270,Billing,Medium,15.4
8146,15607786,Billing,Low,2.1
8147,15799910,Fraud Alert,High,36.2
8148,15799910,Fraud Alert,Medium,4.6
8149,15602479,Loan Query,Low,1.3
8150,15617419,Login Issue,Medium,7.4
8151,15657603,App Bug,Low,1.4
8152,15570379,Billing,Critical,108.9
8153,15570379,Loan Query,low,3.1
8154,15570379,Billing,High,49.9
8155,15772996,Card Problem,Low,2.4
8156,15772996,Login Issue,Medium,9.0
8157,15772996,Billing,High,35.9
8158,15737267,Loan Query,Medium,12.6
8159,15737267,Loan Query,Low,1.9
8160,15737267,Card Problem,Medium,7.6
8161,15813327,Fraud Alert,High,14.2
8162,15813327,Loan Query,Low,2.9
8163,15711921,Login Issue,Medium,10.7
8164,15654300,Loan Query,High,31.6
8165,15654300,Login Issue,Low,1.7
8166,15654300,Billing,Medium,9.2
8167,15569945,Billing,Low,2.4
8168,15569945,Loan Query,Medium,9.7
8169,15569666,Loan Query,Low,1.5
8170,15681887,Loan Query,Medium,9.9
8171,15762091,Login Issue,Low,2.3
8172,15762091,Billing,Low,2.5
8173,15762091,Card Problem,Medium,8.3
8174,15722053,Loan Query,Low,2.0
8175,15782100,Billing,Low,1.9
8176,15765300,Billing,High,52.0
8177,15765300,Card Problem,Low,4.7
8178,15765300,Login Issue,Medium,8.9
8179,15765300,  App Bug  ,Low,1.5
8180,15743570,Billing,Low,1.5
8181,15608541,Billing,Medium,
8182,15750671,  App Bug  ,Low,2.3
8183,15750671,Card Problem,Low,N/A
8184,15813659,Fraud Alert,Low,2.2
8185,15813659,,High,30.8
8186,15757867,Login Issue,Low,1.1
8187,15757867,Billing,Low,3.9
8188,15757867,Loan Query,Medium,8.7
8189,15757867,Billing,Low,1.5
8190,15656484,Login Issue,Medium,5.2
8191,15803840,Card Problem,Medium,5.5
8192,15803840,Fraud Alert,Medium,4.2
8193,15735339,Fraud Alert,Low,1.7
8194,15600392,Card Problem,High,13.3
8195,15663817,App Bug,Medium,10.5
8196,15663817,App Bug,High,21.3
8197,15663817,Card Problem,High,14.8
8198,15663817,Card Problem,Low,1.4
8199,15709920,Fraud Alert,High,9999.0
8200,15643158,Loan Query,Medium,16.1
8201,15643158,Login Issue,High,51.5
8202,15643158,Login Issue,Medium,18.0
8203,15693902,Fraud Alert,Medium,8.0
8204,15585379,Login Issue,High,16.8
8205,15585379,Fraud Alert,Low,1.1
8206,15692918,Billing,Medium,5.5
8207,15718231,Fraud Alert,Medium,6.9
8208,15718231,App Bug,  Critical  ,40.7
8209,15567991,Billing,Critical,35.2
8210,15772650,App Bug,Low,1.6
8211,15772650,Fraud Alert,Medium,5.5
8212,15574795,Billing,Medium,7.7
8213,15574795,Card Problem,Low,1.8
8214,15706036,Login Issue,High,23.9
8215,15723856,Billing,Low,2.0
8216,15812920,Card Problem,High,32.4
ticket_8217,15812920,Card Problem,High,28.8
8218,15691287,Card Problem,Low,1.1
8219,15804797,Login Issue,Low,2.3
8220,15804797,Fraud Alert,High,24.9
8221,15708650,Billing,High,32.7
8222,15786469,Login Issue,High,26.7
8223,15786469,Login Issue,Medium,9.2
8224,15786469,Card Problem,Low,1.5
8225,15669219,Fraud Alert,Low,2.8
8226,15669219,Billing,Low,1.1
8227,15669219,Fraud Alert,High,24.7
8228,15641004,Fraud Alert,High,32.9
8229,15648067,Billing,Low,2.9
8230,15645136,Loan Query,High,20.5
8231,15645136,Login Issue,Low,2.9
8232,15793901,App Bug,Medium,9.1
8233,15793901,App Bug,Medium,4.6
8234,15569759,App Bug,High,28.7
8235,15569759,Fraud Alert,High,17.9
8236,15569759,App Bug,High,31.3
8237,15712930,App Bug,Medium,4.9
8238,15712930,Fraud Alert,Medium,7.9
8239,15712930,Loan Query,Low,2.3
8240,15712930,App Bug,Critical,65.4
8241,15586504,App Bug,Low,3.0
8242,15677317,Card Problem,Low,3.5
8243,15677317,Login Issue,Medium,15.8
8244,15664270,App Bug,Low,2.6
8245,15731519,Card Problem,High,13.4
8246,15731519,Fraud Alert,Low,2.6
8247,15745623,,Critical,71.0
8248,15745623,Login Issue,Medium,10.0
8249,15813862,Loan Query,Critical,27.3
8250,15813862,Loan Query,High,14.5
8251,15641934,Login Issue,High,30.3
8252,15641934,Login Issue,Medium,16.1
8253,15641934,Login Issue,Medium,13.1
8254,15641934,Loan Query,Medium,4.3
8255,15700749,Card Problem,High,21.8
8256,15700749,Billing,High,13.1
8257,15697567,Card Problem,Critical,37.7
ticket_8258,15639530,App Bug,High,19.3
8259,15726058,Billing,Low,1.4
8260,15726058,Fraud Alert,Low,1.4
8261,15725665,App Bug,Low,3.4
8262,15725665,Billing,Medium,8.3
8263,15725665,Fraud Alert,Low,2.4
8264,15812184,Fraud Alert,Low,2.4
8265,15742609,Login Issue,Low,1.9
8266,15815043,Billing,High,35.8
8267,15815043,Loan Query,Medium,5.5
8268,15640648,Fraud Alert,Medium,7.9
8269,15627203,Fraud Alert,High,30.1
8270,15786196,Login Issue,High,27.9
8271,15786196,Billing,Low,2.3
8272,15786196,Login Issue,Medium,10.1
8273,15612095,Fraud Alert,Low,2.6
8274,15612095,Login Issue,Medium,unknown
8275,15612095,Card Problem,High,26.9
8276,15674368,App Bug,Medium,10.4
8277,15674368,Loan Query,Low,2.6
8278,15674368,Fraud Alert,Low,2.6
8279,15783477,App Bug,Low,1.3
8280,15783477,Card Problem,Medium,8.2
8281,15783477,,Low,1.4
8282,15757559,App Bug,Medium,18.8
8283,15757559,Loan Query,Low,2.8
8284,15757559,Loan Query,High,32.6
8285,15591036,Billing,High,29.2
8286,15591036,Loan Query,Low,4.2
8287,15645744,Fraud Alert,High,36.0
8288,15566988,Billing,Critical,95.6
8289,15566988,Login Issue,Low,3.5
8290,15566988,Billing,Low,1.7
8291,15566988,Card Problem,High,16.8
8292,15749300,Card Problem,Medium,4.1
8293,15749300,App Bug,Medium,6.1
8294,15594340,Login Issue,High,15.8
8295,15594340,Fraud Alert,Medium,15.5
8296,15773723,Card Problem,,6.6
8297,15773723,Login Issue,Medium,4.3
8298,15773723,Fraud Alert,Low,1.4
8299,15709861,Loan Query,high,24.3
8300,15709861,Loan Query,Medium,10.1
8301,15658813,Card Problem,Low,2.3
8302,15658813,Loan Query,Medium,10.8
8303,15658813,App Bug,High,14.7
8304,15658813,Login Issue,High,15.2
8305,15722533,Login Issue,Low,1.3
8306,15722533,Billing,Low,1.4
8307,15722533,Card Problem,Medium,4.2
8308,15683118,  Billing  ,Low,2.5
8309,15680112,NULL,Medium,6.4
8310,15806808,Loan Query,Low,3.7
8311,15806808,App Bug,Medium,10.4
8312,15806808,Billing,Medium,15.2
8313,15590637,Fraud Alert,Medium,10.8
8314,15590637,Fraud Alert,Medium,6.8
8315,15657535,App Bug,Medium,4.9
8316,15696141,Loan Query,Low,1.7
8317,15649024,Login Issue,High,58.8
8318,15649024,Billing,Low,1.4
8319,15649024,Fraud Alert,Low,3.5
8320,15594928,Billing,Low,2.6
8321,15765532,App Bug,Medium,4.2
8322,15765532,App Bug,Critical,34.3
8323,15765532,Card Problem,Low,2.5
8324,15741719,Loan Query,High,29.6
8325,15741719,Fraud Alert,Low,1.3
8326,15665629,Loan Query,Low,2.5
8327,15728917,Billing,Low,3.5
8328,15728917,  Login Issue  ,High,26.2
8329,15728917,App Bug,Low,1.6
8330,15762993,Billing,Critical,39.0
8331,15762993,Loan Query,High,17.6
8332,15571193,Card Problem,Low,5.0
8333,15571193,Fraud Alert,High,18.1
8334,15653521,Fraud Alert,Medium,11.0
8335,15802220,Card Problem,Medium,4.8
8336,15644132,Login Issue,High,33.4
8337,15644132,Login Issue,Low,2.1
8338,15797919,Card Problem,Critical,47.6
8339,15603743,Billing,High,24.7
8340,15603743,Billing,Low,1.0
8341,15603743,Loan Query,,29.1
8342,15691823,Fraud Alert,Low,2.0
8343,15809279,Login Issue,Medium,6.1
8344,24674312,Fraud Alert,Low,1.5
8345,15781710,Fraud Alert,Low,2.7
8346,15781710,Card Problem,High,14.3
8347,15801296,Card Problem,Low,1.1
8348,86747230,Login Issue,Low,1.7
8349,15704378,Fraud Alert,High,17.2
8350,15704378,Fraud Alert,Low,2.3
8351,15767891,App Bug,Low,2.9
8352,15767891,Fraud Alert,Medium,5.0
8353,15640667,Login Issue,High,18.7
8354,15640667,App Bug,Medium,5.3
8355,15640667,Login Issue,Low,2.8
8356,15640667,App Bug,High,24.0
8357,15679738,Loan Query,Low,3.3
8358,15679738,Loan Query,High,21.5
8359,15679738,Fraud Alert,Medium,5.5
8360,15679738,Loan Query,Medium,10.1
8361,15636634,Login Issue,Medium,5.7
8362,15809227,Fraud Alert,Low,2.9
8363,15601811,Billing,Low,4.4
8364,15601811,Loan Query,Medium,8.4
8365,15625494,Fraud Alert,Critical,49.9
8366,15682955,Billing,Low,1.7
8367,15758856,App Bug,High,21.7
8368,15758856,App Bug,High,33.4
8369,15783865,Unknown,High,27.3
8370,15745455,Login Issue,Medium,7.0
8371,15644212,Login Issue,Medium,9.9
8372,15644212,App Bug,Medium,9.9
8373,15735688,Fraud Alert,  Low  ,1.9
8374,15735688,Fraud Alert,Medium,11.6
8375,15658577,Fraud Alert,High,54.3
8376,15606887,Login Issue,Medium,7.4
8377,15606887,Fraud Alert,Medium,15.1
8378,15783026,Billing,Low,2.6
8379,15579892,Fraud Alert,NULL,27.4
8380,15802088,App Bug,Critical,33.1
8381,15802088,Fraud Alert,Low,2.9
8382,15636395,Billing,Medium,10.2
8383,15814033,Fraud Alert,Medium,9.1
8384,15814033,Loan Query,High,12.8
8385,15814033,Fraud Alert,Medium,8.1
8386,15814033,Loan Query,Medium,6.9
8387,15783007,  Billing  ,Low,1.9
8388,15654183,Card Problem,Low,1.3
8389,15654183,Loan Query,Critical,51.6
8390,15654183,Loan Query,Medium,11.5
8391,15609899,App Bug,Medium,9.4
8392,15609899,Loan Query,Medium,5.6
8393,15609899,Fraud Alert,Low,1.1
8394,15747323,Billing,Low,1.3
8395,15747323,Fraud Alert,Critical,100.1
8396,15747323,  Login Issue  ,Low,1.4
8397,15747323,Fraud Alert,Low,1.0
8398,15738835,Unknown,Low,2.8
8399,15697480,Login Issue,Low,2.5
8400,15697480,Loan Query,Critical,57.3
8401,15697480,App Bug,Medium,4.8
8402,15579891,Fraud Alert,High,20.7
8403,15805690,Billing,  High  ,21.5
8404,15805690,Fraud Alert,Low,1.2
8405,15612139,Fraud Alert,Low,2.0
8406,15612139,Card Problem,Medium,9.6
8407,15612139,Fraud Alert,Critical,33.9
8408,15568834,App Bug,Low,1.7
8409,15709917,Card Problem,Medium,9.1
8410,40968267,Billing,Low,2.7
8411,15718843,App Bug,Medium,7.0
8412,15799494,Billing,Low,1.9
8413,15673439,Billing,Medium,18.8
8414,15581388,App Bug,Medium,6.7
8415,15743153,Fraud Alert,Low,1.9
8416,15743153,Billing,Low,1.7
8417,15743153,Loan Query,Medium,9.6
8418,15579787,Fraud Alert,Medium,11.0
8419,15579787,Billing,Medium,8.9
8420,15759966,Billing,Low,1.1
8421,15759966,Card Problem,High,15.1
8422,15764021,Login Issue,N/A,8.9
8423,15764021,Loan Query,Low,2.3
8424,15687218,Fraud Alert,High,28.6
8425,15626452,Loan Query,Low,1.2
8426,15700964,Card Problem,Low,2.8
8427,15700964,Fraud Alert,Low,1.6
8428,15749472,App Bug,Medium,five
8429,15749472,Billing,Medium,10.2
8430,15734588,Card Problem,Low,2.0
8431,15784594,Login Issue,Critical,68.3
8432,15784594,Billing,Low,2.1
8433,15784594,Loan Query,MEDIUM,5.3
8434,15790247,Billing,Low,3.0
8435,15790247,Loan Query,Low,1.2
8436,15676433,Login Issue,Low,1.2
8437,15625905,Loan Query,Low,2.9
8438,15752857,Fraud Alert,Medium,10.2
8439,15752857,App Bug,Medium,7.8
8440,15752857,Login Issue,Critical,34.6
8441,15677908,Loan Query,Medium,8.0
8442,15623972,Card Problem,Medium,6.9
8443,15738627,Loan Query,Medium,11.9
8444,15738627,Card Problem,Low,2.6
8445,15684868,Fraud Alert,Medium,14.0
8446,15684868,Card Problem,Medium,8.3
8447,15627854,Fraud Alert,Medium,7.0
8448,15627854,Billing,Low,2.8
8449,15669253,App Bug,Medium,14.1
8450,15669253,Fraud Alert,Medium,14.3
8451,15669253,  App Bug  ,High,45.7
8452,15669253,Loan Query,Low,3.6
8453,15758023,Billing,Low,4.8
8454,15758023,Card Problem,High,43.5
8455,15758023,Login Issue,High,22.1
8456,15574558,Card Problem,Critical,35.6
8457,15574558,Fraud Alert,Medium,7.7
8458,15574558,Card Problem,Medium,10.4
8459,15635256,Fraud Alert,Low,1.1
8460,15674720,Card Problem,Medium,16.8
8461,15674720,Fraud Alert,Medium,18.4
8462,15674720,Fraud Alert,Medium,16.8
8463,15580249,Loan Query,Medium,11.2
8464,15675431,App Bug,Medium,7.1
8465,15698285,Loan Query,Medium,9.3
8466,15698285,Fraud Alert,  Low  ,2.7
8467,15698285,Billing,Medium,10.9
8468,15810775,Login Issue,MEDIUM,7.4
8469,15678173,Billing,Low,1.8
8470,15665222,Loan Query,Medium,8.9
8471,15803908,Loan Query,High,17.3
8472,15803908,Loan Query,High,35.1
8473,15803908,Billing,High,14.4
8474,15586039,Billing,Medium,6.5
8475,15586039,Login Issue,High,16.4
8476,15802570,loan query,Low,1.0
8477,15802570,App Bug,Low,3.0
8478,15781451,,High,14.4
8479,15781451,,Medium,7.2
8480,15738588,Loan Query,Critical,40.4
8481,15738588,Billing,High,22.6
8482,15730657,Loan Query,Medium,8.5
8483,15739292,Loan Query,Medium,4.6
8484,15725945,Login Issue,Critical,103.6
8485,15725945,App Bug,Low,3.8
8486,15725945,Fraud Alert,Low,1.8
8487,15725945,Fraud Alert,Medium,6.2
8488,15813159,Card Problem,High,51.2
8489,15813159,Loan Query,High,44.8
8490,15813159,Billing,Medium,6.0
8491,45127606,Login Issue,Medium,11.8
8492,15636820,  Login Issue  ,Low,1.2
8493,15603880,Billing,Medium,11.8
8494,15603880,Card Problem,High,33.2
8495,15603880,Card Problem,High,-5.0
8496,15619494,Login Issue,Critical,-1
8497,15596992,App Bug,High,21.2
8498,15596992,Login Issue,Medium,13.9
8499,15596992,Loan Query,Critical,65.8
8500,15735025,Fraud Alert,Low,1.2
8501,15730759,App Bug,Medium,12.2
8502,15730759,Fraud Alert,Low,3.5
8503,15730759,Fraud Alert,Low,1.6
8504,15752912,Login Issue,High,17.2
8505,15711316,Fraud Alert,Medium,11.0
8506,15711316,Login Issue,High,19.5
8507,15711316,Loan Query,Low,2.8
8508,15742126,App Bug,Medium,5.8
8509,15742126,App Bug,Low,1.7
8510,15575623,Loan Query,Medium,8.0
8511,15575623,Loan Query,Low,2.1
8512,15741652,Billing,Low,2.3
8513,15741652,Login Issue,Medium,
8514,15738884,Billing,Low,1.3
8515,15615050,Billing,Low,3.4
8516,15803005,Fraud Alert,High,29.9
8517,15743498,Fraud Alert,Low,2.7
8518,15743498,Fraud Alert,Critical,31.7
8519,15665802,Loan Query,High,29.9
8520,76240162,App Bug,Low,1.9
8521,15571144,App Bug,Low,2.8
8522,15750731,Login Issue,Low,3.7
8523,15750731,App Bug,High,16.9
8524,15750731,Billing,High,29.7
8525,15750731,Card Problem,Low,4.5
8526,15737910,Billing,Medium,4.3
8527,15737910,Fraud Alert,Low,2.4
8528,15761076,Loan Query,Medium,7.8
8529,15761076,Login Issue,Medium,6.4
8530,15710105,Billing,Medium,13.3
8531,15710105,Login Issue,Low,2.2
8532,15710105,Login Issue,High,23.5
8533,15710105,App Bug,Medium,19.6
8534,73143635,Login Issue,High,21.5
8535,15662488,,Low,3.2
8536,15662488,App Bug,Medium,13.6
8537,15604813,Fraud Alert,High,30.1
8538,15611644,App Bug,Medium,8.2
8539,15611644,Billing,Low,1.9
8540,15674928,Card Problem,High,12.3
8541,15674928,Fraud Alert,Low,1.6
8542,15656100,Card Problem,Low,2.1
8543,15764293,Loan Query,Low,2.3
8544,15636423,App Bug,High,34.2
8545,15636423,Card Problem,Medium,10.9
8546,15636423,Card Problem,Medium,11.7
8547,15607629,Loan Query,Medium,10.3
8548,15607629,App Bug,Low,2.7
8549,15607629,Login Issue,High,32.5
8550,15577313,Login Issue,Low,3.5
8551,15643359,Fraud Alert,Low,2.1
8552,15643359,Loan Query,High,24.0
8553,15687913,Billing,Medium,9.8
8554,15687913,Login Issue,High,17.2
8555,15687913,Fraud Alert,Medium,8.5
8556,15687913,Loan Query,Low,2.9
8557,15727605,Billing,MEDIUM,7.8
8558,15727605,Billing,Medium,11.0
8559,15651144,Login Issue,Medium,9.6
8560,15651144,App Bug,Low,2.4
8561,15651144,App Bug,Low,2.6
8562,15749401,App Bug,Low,1.3
8563,15749401,Loan Query,Medium,12.9
8564,15749401,Loan Query,Critical,86.9
8565,15749401,Card Problem,High,53.6
8566,15691874,Fraud Alert,Medium,10.5
8567,15691874,App Bug,Low,1.4
8568,15769781,App Bug,  Low  ,2.1
8569,15773071,Billing,High,36.0
8570,15773071,Login Issue,Medium,4.8
8571,15720371,Card Problem,Critical,33.9
8572,15720371,Card Problem,Medium,13.7
8573,15717984,Billing,High,18.2
8574,15785042,Card Problem,Medium,4.4
8575,15785042,Unknown,Medium,9.5
8576,15785042,Card Problem,High,16.2
8577,15809302,Card Problem,Medium,11.0
8578,15677550,Billing,Medium,5.5
8579,15653065,Loan Query,High,15.6
8580,15690526,  Billing  ,Medium,6.2
8581,15690526,Loan Query,Low,1.9
8582,15806945,Loan Query,Medium,5.7
8583,15670066,Card Problem,Medium,8.9
8584,15670066,Card Problem,Medium,10.9
8585,15625761,Login Issue,High,43.4
8586,15625761,App Bug,Medium,14.2
8587,15598162,Login Issue,Low,1.4
8588,15694300,Fraud Alert,Low,2.2
8589,15694300,App Bug,Low,2.1
8590,15612444,Loan Query,Medium,8.4
8591,15626457,Loan Query,Low,1.8
8592,15627995,Loan Query,Medium,15.7
8593,15627995,Login Issue,Medium,7.4
8594,15706128,Fraud Alert,Low,2.2
8595,15627385,App Bug,Medium,11.7
8596,15581323,Billing,Low,1.2
8597,15801942,Fraud Alert,High,19.7
8598,15567431,Card Problem,High,17.2
8599,15567431,Billing,Medium,11.5
8600,15810167,Loan Query,Low,1.6
8601,15810167,Login Issue,Low,2.0
8602,15810167,App Bug,High,32.7
8603,15644501,Fraud Alert,Low,2.7
8604,15611157,Card Problem,Low,2.7
8605,15656822,Login Issue,Low,1.1
8606,15604146,Login Issue,Medium,6.6
8607,15604146,Fraud Alert,High,18.4
8608,15813974,Login Issue,Low,1.3
8609,15759741,Fraud Alert,Medium,N/A
8610,15734892,App Bug,High,17.0
8611,15734892,Loan Query,Medium,11.0
8612,15797194,Billing,Low,2.9
8613,15797194,Login Issue,High,24.5
8614,15797194,Card Problem,High,21.8
8615,15797194,Loan Query,Low,1.6
8616,15723786,Login Issue,Low,2.9
8617,15642726,Card Problem,High,16.3
8618,15664339,Loan Query,Medium,8.5
8619,15664339,Fraud Alert,Critical,97.0
8620,15664339,Fraud Alert,Low,3.7
8621,15754526,Login Issue,High,22.7
8622,15754526,App Bug,Low,1.3
8623,15754526,Fraud Alert,High,18.4
8624,15751412,Loan Query,Medium,5.1
8625,15751412,Fraud Alert,Low,1.9
8626,15751412,Billing,High,28.2
8627,15609558,Loan Query,Medium,11.4
8628,15609558,Billing,Low,1.6
8629,15609558,Card Problem,Low,4.7
8630,15613923,Fraud Alert,Low,2.7
8631,15731781,Billing,Low,2.4
8632,15794273,Login Issue,High,22.1
8633,15804950,App Bug,Medium,4.4
8634,15804950,Billing,Low,1.9
8635,15804950,Login Issue,Low,1.1
8636,15804950,Card Problem,Low,1.2
8637,15576304,Billing,Medium,10.0
8638,15750755,Login Issue,Medium,7.7
8639,15569654,Fraud Alert,Low,2.0
8640,15790763,Loan Query,Medium,999.0
8641,15616221,Billing,Medium,9.1
8642,15616221,Billing,Low,3.7
8643,15616221,Card Problem,High,13.7
8644,15616221,Billing,Critical,116.6
8645,15776124,Billing,Critical,64.5
8646,15638231,App Bug,Low,2.0
8647,15638231,Loan Query,Low,2.8
8648,15800412,App Bug,Low,2.5
8649,15597610,NULL,Medium,9.5
8650,15597610,Billing,Low,1.5
8651,15726634,Fraud Alert,Low,1.9
8652,15670866,Loan Query,Low,2.3
8653,15670866,Loan Query,Low,2.2
8654,15667462,Fraud Alert,Medium,5.7
8655,15667462,App Bug,Medium,4.1
8656,15667462,Fraud Alert,Low,2.7
8657,15716926,Loan Query,Medium,6.9
8658,15603554,App Bug,Low,4.5
8659,15603554,Loan Query,Low,3.0
8660,15603554,Billing,Medium,9.9
8661,15603554,App Bug,Medium,14.0
8662,15679429,Billing,Low,1.5
8663,15616122,Login Issue,Low,1.5
8664,15636016,Card Problem,Medium,7.4
8665,15636016,Loan Query,Low,2.4
8666,15669741,Fraud Alert,Low,2.9
8667,15729238,Loan Query,Low,1.2
8668,15729238,Fraud Alert,Medium,15.9
8669,15729238,Login Issue,Medium,13.6
8670,15729238,Loan Query,Low,4.3
8671,15718242,Fraud Alert,Medium,13.3
8672,15682914,Card Problem,Low,2.7
8673,15682914,Billing,Low,2.1
8674,15654274,App Bug,Low,1.3
8675,15691457,App Bug,Low,2.5
8676,15719649,App Bug,High,23.8
8677,15778897,Billing,Low,1.5
8678,15589437,App Bug,Low,2.8
8679,15589437,App Bug,Medium,11.5
8680,15589437,Billing,Medium,8.0
8681,15589437,Billing,Medium,9.9
8682,15682369,Fraud Alert,Medium,9.6
8683,15682369,Billing,Low,1.9
8684,15571995,Fraud Alert,High,24.5
8685,15571995,App Bug,Medium,11.7
8686,15673333,Billing,High,35.8
8687,15748752,Card Problem,Low,1.9
8688,15748752,Fraud Alert,Low,1.1
8689,15748752,Card Problem,Medium,6.1
8690,15748752,Loan Query,High,27.2
8691,15722083,App Bug,High,17.6
8692,15722083,Login Issue,Medium,11.0
8693,15771442,App Bug,Low,1.6
8694,15803633,App Bug,Low,2.1
8695,15803633,Login Issue,Medium,4.9
8696,15672185,Login Issue,Low,2.8
8697,15806486,Loan Query,Medium,8.4
8698,15570895,Login Issue,Low,1.0
8699,15570895,App Bug,Low,2.3
8700,15570895,App Bug,Low,2.4
8701,15687492,Billing,Medium,5.9
8702,15687492,Login Issue,Medium,6.9
8703,15675337,Loan Query,Low,2.4
8704,15589017,Fraud Alert,Low,3.1
8705,15589017,App Bug,High,12.1
8706,15589017,Card Problem,Medium,13.1
8707,15611186,Login Issue,Medium,8.0
8708,15611186,App Bug,Low,1.9
8709,15611186,App Bug,Low,1.2
8710,15617301,Fraud Alert,  Low  ,2.0
8711,15617301,Loan Query,High,29.5
8712,15617301,Fraud Alert,Medium,7.4
8713,15726046,Login Issue,Low,1.7
8714,15585748,Billing,Medium,6.9
8715,15585748,Card Problem,Medium,10.0
8716,15672826,Billing,Low,1.2
8717,15650026,Loan Query,Medium,12.6
8718,15650026,Card Problem,Critical,79.2
8719,15745826,Card Problem,Medium,10.3
8720,15745826,App Bug,Medium,8.6
8721,15745826,Billing,High,13.9
8722,15624471,Card Problem,Critical,50.6
8723,15590097,Billing,Medium,5.2
8724,15689328,Loan Query,Medium,16.8
8725,15689328,Loan Query,High,48.9
8726,15689328,Fraud Alert,Medium,9.2
8727,15582154,Loan Query,Low,2.6
8728,15582154,Card Problem,Low,1.4
8729,15734626,Login Issue,Medium,10.3
8730,15620756,Card Problem,Medium,8.8
8731,15620756,App Bug,High,46.3
8732,15611331,Loan Query,Low,2.2
8733,15576935,Card Problem,Critical,110.5
8734,15576935,Fraud Alert,Low,2.1
8735,15576935,Card Problem,Low,1.4
8736,15661275,App Bug,Medium,13.9
8737,15661275,Billing,Critical,111.9
8738,15661275,App Bug,Medium,5.0
8739,15661275,Fraud Alert,Low,2.5
8740,15814940,NULL,Low,1.3
8741,15768471,Fraud Alert,Medium,18.8
8742,15768471,Fraud Alert,Critical,32.1
8743,15697391,Billing,Low,N/A
8744,15608338,Fraud Alert,Low,4.0
8745,38534022,Login Issue,Low,2.7
8746,15591135,Login Issue,Medium,9.1
8747,15623219,Billing,Medium,12.6
8748,15623219,Login Issue,Medium,9.5
8749,15623219,Billing,Low,2.6
8750,15623219,App Bug,Low,3.2
8751,15655229,Loan Query,High,27.0
8752,15655229,App Bug,Medium,7.1
8753,15655229,Fraud Alert,High,20.6
8754,15805884,App Bug,High,27.6
8755,15805884,Login Issue,Critical,37.6
8756,15805884,Fraud Alert,Low,2.5
8757,15773276,App Bug,Medium,5.6
8758,15773276,Login Issue,Low,3.0
8759,15622801,Loan Query,Medium,4.0
8760,15713673,Fraud Alert,Low,2.8
8761,15621550,Fraud Alert,Medium,6.3
8762,15621550,Billing,High,25.6
8763,15621550,Fraud Alert,Low,1.2
8764,15799480,Billing,Low,2.6
8765,15799480,App Bug,Low,1.8
8766,15799480,Card Problem,Low,1.7
8767,15625247,Fraud Alert,Medium,5.8
8768,15755241,Fraud Alert,Medium,4.1
8769,15755241,Card Problem,Medium,17.0
8770,15755241,Login Issue,High,36.5
8771,15575679,Billing,Medium,5.0
8772,15575679,Billing,Low,2.2
8773,15668235,Login Issue,High,14.0
8774,15683183,Billing,Medium,7.2
8775,15684592,Card Problem,Critical,52.3
8776,15591169,Fraud Alert,Critical,38.1
8777,15591169,Billing,Medium,18.6
8778,15591169,App Bug,Medium,19.0
8779,15653455,Fraud Alert,High,16.6
8780,15653455,Card Problem,Medium,5.3
8781,15732563,,Medium,4.2
8782,15732563,Loan Query,High,30.8
8783,15656471,Loan Query,Low,2.2
8784,15656471,Login Issue,Low,1.7
8785,15598510,Loan Query,Medium,11.6
8786,15766427,Fraud Alert,Medium,12.8
8787,15785342,Fraud Alert,Medium,8.9
8788,15785342,,Critical,45.2
8789,15641595,Card Problem,Low,2.9
8790,15641595,Card Problem,High,12.1
8791,15798429,App Bug,Low,3.0
8792,15798429,Login Issue,Low,1.1
8793,15790810,Fraud Alert,MEDIUM,19.3
8794,15790810,Loan Query,Medium,15.4
8795,15790810,App Bug,Medium,12.3
8796,15765643,App Bug,Medium,8.9
8797,15654878,Login Issue,Medium,8.5
8798,15686835,App Bug,Critical,35.9
8799,15686835,Billing,Medium,4.6
8800,15686835,Fraud Alert,Medium,17.5
8801,15768340,Card Problem,Low,2.4
8802,15689096,Login Issue,Low,2.1
8803,15689096,billing,Low,2.3
8804,57918047,Card Problem,High,34.1
8805,15689096,Card Problem,Low,1.5
8806,15684294,App Bug,Critical,66.2
8807,15684294,App Bug,Low,1.6
8808,15684294,Login Issue,Low,2.7
8809,15615828,Login Issue,Medium,5.5
8810,15746012,Billing,Medium,17.3
8811,15615797,App Bug,Low,2.0
8812,15615797,Loan Query,Low,3.7
8813,15615797,App Bug,  Low  ,3.8
8814,15793856,Fraud Alert,Medium,9.3
8815,15629545,Billing,Low,1.4
8816,15793046,Billing,Low,1.4
8817,15740428,Loan Query,Low,1.2
8818,15618243,Login Issue,High,35.5
8819,15618243,Login Issue,Low,1.1
8820,15784161,App Bug,Medium,7.6
8821,15784161,Fraud Alert,Low,1.3
8822,15784161,Fraud Alert,Low,9999
8823,15700325,Fraud Alert,Low,2.5
8824,15700325,Fraud Alert,Low,1.2
8825,15659064,Card Problem,Medium,8.4
8826,15704340,Fraud Alert,High,33.0
8827,15704340,Card Problem,Medium,11.9
8828,15704340,Billing,Low,1.3
8829,15704340,Fraud Alert,Medium,11.7
8830,98084551,Login Issue,Medium,16.6
8831,15793455,Card Problem,Medium,15.5
8832,15632345,Login Issue,High,25.9
8833,15814468,App Bug,Low,4.9
8834,15754820,Fraud Alert,Low,1.3
8835,15794472,App Bug,Medium,9.2
8836,15794472,Billing,Medium,7.7
8837,15646632,Card Problem,Low,2.1
8838,15676353,App Bug,Low,9999.0
8839,15566312,Billing,Low,4.7
8840,15730418,Card Problem,Medium,7.7
8841,15739972,Billing,High,21.0
8842,15739972,Card Problem,High,39.7
8843,15739972,Fraud Alert,Low,2.5
8844,15739972,Login Issue,Low,1.6
8845,15661591,Login Issue,High,27.9
8846,15661591,Fraud Alert,Low,1.7
8847,15814750,Card Problem,Medium,6.8
8848,15663421,Card Problem,Medium,10.6
8849,15576196,Fraud Alert,Medium,4.8
8850,15576196,Fraud Alert,Low,999.0
8851,15568742,App Bug,High,18.1
8852,15693764,Billing,Medium,18.9
8853,15693764,Billing,High,44.7
8854,15693764,Card Problem,Low,2.6
8855,15166710,Card Problem,Medium,6.9
8856,15714260,Billing,Medium,8.9
8857,15798200,Billing,Critical,50.5
8858,15791111,App Bug,Medium,4.2
8859,15791111,Card Problem,High,34.7
8860,15791111,App Bug,Medium,11.7
8861,15791111,App Bug,Low,2.1
8862,15638269,Login Issue,Medium,9.5
8863,15638269,Billing,Medium,9.7
8864,15807473,Login Issue,Medium,7.0
8865,15807473,Login Issue,Low,1.2
8866,15807473,Billing,Low,2.9
8867,15708534,Billing,Low,3.1
8868,15708534,Fraud Alert,Low,2.1
8869,15708534,Fraud Alert,Medium,5.4
8870,15640686,Fraud Alert,Low,4.5
8871,15588904,Login Issue,Low,1.2
8872,15588904,Billing,Medium,19.3
8873,15588904,App Bug,Medium,9.2
8874,15588904,App Bug,Medium,-1.0
8875,15768763,Billing,High,29.5
8876,15768763,Card Problem,Medium,19.6
8877,15770543,Loan Query,Low,five
8878,15642162,Fraud Alert,High,38.9
8879,15642162,Card Problem,Medium,5.0
8880,15714046,Card Problem,Low,1.6
8881,15714046,Card Problem,Medium,11.8
8882,15575060,Billing,Low,2.1
8883,15812040,App Bug,Low,2.1
8884,15812073,Loan Query,Low,1.9
8885,15812073,App Bug,High,30.2
8886,15706810,Billing,High,12.8
8887,15706810,Login Issue,Medium,11.2
8888,15706810,Loan Query,High,35.7
8889,15706810,Billing,Low,2.3
8890,15584090,Loan Query,Medium,17.4
8891,15584090,Login Issue,Low,1.6
8892,15584090,Login Issue,Low,1.2
8893,15584090,Loan Query,Low,1.1
8894,15810807,App Bug,Low,1.1
8895,15582033,Card Problem,High,36.1
8896,15582033,Loan Query,Low,1.8
8897,15582033,App Bug,Medium,14.0
8898,15687607,Fraud Alert,Medium,4.7
8899,15687607,Loan Query,High,30.4
8900,15687607,Loan Query,Medium,9.3
8901,15701352,Login Issue,Low,2.8
8902,15701352,App Bug,High,999.0
8903,15701352,Billing,Medium,10.9
8904,15789371,Login Issue,Medium,4.4
8905,15707918,Loan Query,Low,one hour
8906,15707918,Loan Query,Low,1.5
8907,39574124,Login Issue,Low,1.1
8908,15602812,Billing,Medium,5.9
8909,15602812,  Card Problem  ,Low,2.7
8910,15675888,Fraud Alert,Low,unknown
8911,15675888,Card Problem,Medium,7.7
8912,15675888,Fraud Alert,High,19.4
8913,15675888,Card Problem,Medium,5.7
8914,15591822,Card Problem,Medium,6.7
8915,15738501,Loan Query,Medium,17.6
8916,15738501,Billing,Low,4.2
8917,15738501,Billing,Low,1.7
8918,15585907,Login Issue,High,21.6
8919,15585907,Card Problem,Low,1.4
8920,15579040,App Bug,Critical,66.3
8921,15579040,Card Problem,Medium,2500.0
8922,15736126,Billing,Medium,17.5
8923,15736126,Billing,Low,3.5
8924,15736126,App Bug,Low,3.0
8925,15745399,Login Issue,High,25.8
8926,15745399,Billing,Medium,7.7
8927,15745399,Loan Query,Low,1.4
8928,15760749,Billing,Medium,4.2
8929,15637118,App Bug,Low,2.0
8930,15637118,Login Issue,Medium,999.0
8931,15657829,Login Issue,  Low  ,3.9
8932,15657829,App Bug,Medium,4.8
8933,15657829,Loan Query,Low,1.1
8934,15657829,Billing,Critical,57.2
8935,15738497,App Bug,Critical,49.3
8936,15738497,Card Problem,Low,1.3
8937,15738497,App Bug,Medium,8.5
8938,15738497,Card Problem,Medium,8.5
8939,15690695,App Bug,Critical,35.4
8940,15762351,Loan Query,Critical,30.6
8941,15598982,Billing,Low,5.0
8942,15769516,Login Issue,Medium,5.9
8943,15769516,App Bug,Low,1.9
8944,15769516,Loan Query,Medium,4.3
8945,15801924,Billing,Low,1.6
8946,15801924,App Bug,Low,2.1
8947,15767804,Fraud Alert,Medium,10.6
8948,15767804,Card Problem,Low,1.3
8949,15718039,Fraud Alert,High,25.3
8950,15579994,Fraud Alert,Low,1.6
8951,15782608,Billing,High,29.9
8952,15782608,Loan Query,  Critical  ,60.8
8953,15566894,Card Problem,Critical,37.4
8954,13783229,App Bug,Low,2.1
8955,15668943,Loan Query,Critical,26.1
8956,25202822,Fraud Alert,Medium,11.5
8957,15577423,App Bug,Medium,16.5
8958,15577423,Login Issue,Medium,19.7
8959,15577423,Fraud Alert,Low,4.8
8960,15683363,Login Issue,Medium,999.0
8961,15699335,Card Problem,Medium,8.5
8962,15699335,Card Problem,Medium,5.8
8963,15574369,Fraud Alert,Medium,6.3
8964,15574369,Login Issue,Medium,8.1
8965,15574369,Billing,Medium,9.5
8966,15703167,Login Issue,Medium,7.9
8967,15703167,Fraud Alert,Medium,4.9
8968,15723216,Card Problem,Low,1.1
8969,15647974,Billing,Low,1.4
8970,15583371,FRAUD ALERT,Medium,12.3
8971,15583371,Billing,Medium,17.9
8972,15583371,App Bug,Medium,17.4
8973,15772559,Billing,High,32.6
8974,15719212,Card Problem,Medium,4.1
8975,15719212,,Low,1.6
8976,15719212,Card Problem,High,32.5
8977,15719212,Loan Query,High,28.0
8978,15764927,Billing,Critical,66.1
8979,15764927,Fraud Alert,High,32.1
8980,15764927,Fraud Alert,Medium,9.1
8981,15731412,App Bug,High,26.4
8982,15731412,App Bug,High,14.0
8983,15596011,Login Issue,Low,1.0
8984,15600510,Loan Query,Critical,26.5
8985,15600510,App Bug,Low,2.1
8986,15625706,Card Problem,N/A,18.2
8987,15625706,CARD PROBLEM,High,15.5
8988,15625706,App Bug,Critical,91.3
8989,15781409,,Medium,4.5
8990,15781409,Card Problem,Medium,11.2
8991,15677243,Login Issue,High,17.2
8992,15677243,Loan Query,Low,2.2
8993,15677243,Billing,High,12.2
8994,15815070,Fraud Alert,Low,2.7
8995,15815070,Login Issue,Medium,4.6
8996,15815070,Fraud Alert,High,23.6
8997,15701522,Billing,Medium,6.4
8998,15701522,Card Problem,Critical,49.4
8999,15701522,Loan Query,Medium,5.3
9000,15701522,Card Problem,Low,2.6
9001,15755978,Billing,Low,1.2
9002,15755978,Fraud Alert,Medium,9.3
9003,15688395,Billing,High,35.2
9004,15682211,Loan Query,High,13.7
9005,15682211,App Bug,Medium,11.7
9006,15637411,Fraud Alert,Medium,9.4
9007,15591512,Fraud Alert,Low,5.0
9008,15591512,Fraud Alert,Medium,12.7
9009,15763683,App Bug,High,47.4
9010,15763683,App Bug,NULL,4.9
9011,15641782,Card Problem,Low,2.4
9012,15800233,Card Problem,Medium,6.2
9013,15566030,Billing,Medium,14.1
9014,15566030,Billing,Low,1.0
9015,15701412,App Bug,Medium,8.6
9016,15702464,Login Issue,Low,1.1
9017,15702464,App Bug,Medium,5.3
9018,15704160,Login Issue,Medium,4.8
9019,15704160,Fraud Alert,Medium,12.7
9020,15704160,App Bug,Medium,N/A
9021,15704160,Login Issue,High,40.0
9022,15664752,App Bug,Low,1.5
9023,15664752,Loan Query,Low,1.6
9024,15621195,Login Issue,Medium,7.6
9025,15621195,Login Issue,Medium,Unknown
9026,15635197,Login Issue,Low,1.2
9027,15635197,Login Issue,Medium,5.6
9028,15592761,Fraud Alert,Critical,25.5
9029,15574283,Billing,Low,2.1
9030,15574283,Login Issue,Medium,4.5
9031,15598097,Fraud Alert,Low,
9032,15598097,Fraud Alert,Low,1.7
9033,15711352,Loan Query,Medium,8.8
9034,15620751,Card Problem,,28.1
9035,15656717,Billing,Low,1.5
9036,15656717,Loan Query,Medium,11.9
9037,15643121,Card Problem,Medium,10.6
9038,15723671,Billing,Medium,7.9
9039,15723671,App Bug,High,20.8
9040,15723671,Card Problem,Medium,10.7
9041,15752846,App Bug,Low,2.8
9042,15640852,Loan Query,Low,4.4
9043,15640852,Fraud Alert,Medium,9.1
9044,15789313,Billing,High,29.7
9045,15789313,Billing,High,21.0
9046,15789313,Login Issue,Medium,12.8
9047,15789313,App Bug,Low,4.5
9048,15793688,Fraud Alert,Medium,5.9
9049,15793688,Card Problem,Low,4.0
9050,15793688,Billing,Low,1.3
9051,15761364,Login Issue,High,30.7
9052,15587978,Billing,low,1.1
9053,15761053,Card Problem,Low,1.8
9054,15761053,Fraud Alert,Low,2.6
9055,15702095,Billing,High,25.1
9056,15702095,Billing,Low,4.8
9057,15702095,Card Problem,High,24.0
9058,15700801,Loan Query,Low,2.0
9059,15730590,Card Problem,Low,2.8
9060,15730590,Loan Query,Medium,11.9
ticket_9061,15643916,Card Problem,Low,4.1
9062,15643916,Card Problem,Low,9999.0
9063,15720636,Loan Query,Medium,15.3
9064,15720636,Fraud Alert,Low,4.0
9065,15720636,Card Problem,Low,1.6
9066,15795429,Login Issue,High,35.7
9067,15795429,Billing,Low,1.1
9068,15625141,  Billing  ,High,12.5
9069,15810898,Card Problem,High,15.9
9070,15810898,App Bug,Medium,7.5
9071,15810898,Fraud Alert,High,17.1
9072,15810898,Card Problem,Low,2.6
9073,15775797,Card Problem,Critical,60.6
9074,15795246,Billing,Low,2.0
9075,15795275,Fraud Alert,Low,3.6
9076,15795275,Login Issue,High,20.0
9077,15795275,Card Problem,Low,1.3
9078,15571869,Card Problem,High,43.9
9079,15571869,Login Issue,High,55.1
9080,15694143,Login Issue,Low,2.6
9081,15632185,Billing,High,17.8
9082,15632185,App Bug,Low,2.7
9083,15632185,Card Problem,Medium,8.9
9084,15632185,Billing,Medium,8.6
9085,15806249,Card Problem,Low,1.0
9086,15743293,Billing,Medium,18.9
9087,15743293,App Bug,Low,4.0
9088,15598157,Card Problem,Medium,10.9
9089,15722692,Card Problem,High,24.6
9090,15722692,Billing,Medium,8.3
9091,15728823,Billing,Medium,6.4
9092,15728823,App Bug,High,16.4
9093,15808851,App Bug,Low,1.8
9094,15808851,App Bug,Critical,38.0
9095,15808851,App Bug,High,32.3
9096,15675231,Login Issue,Low,2.5
9097,15706269,App Bug,Medium,10.0
9098,15706269,Fraud Alert,Low,2.0
9099,15590078,Login Issue,Critical,-1.0
9100,15776985,App Bug,High,29.5
9101,15756743,Login Issue,High,15.5
9102,15756743,Billing,Low,2.9
9103,15782364,Billing,Medium,9.5
9104,15782364,Login Issue,Low,1.4
9105,28291091,Billing,Medium,11.9
9106,15749328,Login Issue,High,16.6
9107,15656322,Billing,Critical,55.4
9108,15685564,Card Problem,Low,2.6
9109,15685564,Card Problem,High,32.5
9110,15796218,Loan Query,Low,2.4
ticket_9111,15572735,Billing,Low,2.2
9112,15572735,Billing,Medium,11.4
9113,15572735,Card Problem,Medium,4.0
9114,15633840,Login Issue,Medium,5.9
9115,15608760,App Bug,Low,2.2
9116,15792029,Loan Query,Low,1.2
9117,15617331,App Bug,Medium,9.1
9118,15607526,Fraud Alert,Low,4.1
9119,15607526,App Bug,Medium,8.4
9120,15581505,Billing,High,23.8
9121,15581505,Loan Query,Low,2.7
9122,15581505,Loan Query,Low,2.1
9123,15612207,Fraud Alert,Medium,5.8
9124,15612207,App Bug,Medium,16.2
9125,15612207,App Bug,Low,3.2
9126,15707242,Login Issue,High,12.5
9127,15707242,Loan Query,High,32.0
9128,15707242,Fraud Alert,Low,1.5
9129,15773852,Login Issue,Low,1.4
9130,15719778,Loan Query,Low,2.3
9131,15719778,Card Problem,High,28.7
9132,15719778,Fraud Alert,Medium,7.1
9133,15650538,Loan Query,Medium,7.2
9134,15797475,Loan Query,High,48.1
9135,15797475,App Bug,Medium,17.4
9136,15780359,App Bug,High,21.0
9137,15780359,App Bug,Medium,11.6
9138,15737104,Card Problem,Low,3.7
9139,15709523,Card Problem,Low,2.3
9140,15709523,Loan Query,Medium,11.9
9141,15604706,Loan Query,Low,five
9142,15604706,App Bug,Medium,8.8
9143,15790958,Billing,Critical,54.0
9144,15747534,Billing,High,9999
9145,15747534,Billing,Medium,five
9146,15747534,Login Issue,Low,4.4
9147,15574237,Loan Query,Low,1.4
9148,15690332,Login Issue,Low,2.9
9149,15661290,Loan Query,Medium,6.9
9150,15661290,Card Problem,High,-1.0
9151,15651883,Card Problem,Medium,5.1
9152,15651883,Billing,Low,1.5
9153,15651883,Login Issue,Medium,14.8
9154,15715532,Card Problem,High,-1
9155,15715532,Billing,Medium,4.9
9156,15715532,Fraud Alert,Medium,8.1
9157,15715532,Fraud Alert,Low,1.1
9158,15786078,App Bug,Medium,10.5
9159,15786078,App Bug,Low,1.6
9160,15652401,Login Issue,Low,2.7
9161,15652401,Card Problem,Low,1.7
9162,15652401,,Low,1.4
9163,15598744,App Bug,Low,2.4
9164,15598744,Fraud Alert,Medium,15.5
9165,15598744,Card Problem,High,15.0
9166,15598744,Billing,Medium,9.3
9167,15613180,Card Problem,Medium,9.1
9168,15613180,Login Issue,Medium,9.8
9169,15613180,Billing,Low,2.6
9170,15584229,Login Issue,Low,2.9
9171,15773804,App Bug,Low,2.5
9172,15773804,Card Problem,Low,2.1
9173,15699515,Login Issue,Low,1.8
9174,15673790,Fraud Alert,Low,2.4
9175,15673790,Loan Query,Medium,5.5
9176,15673790,Loan Query,Critical,44.8
9177,15673790,Loan Query,Critical,999.0
9178,15674868,App Bug,Low,2.4
9179,15692110,Loan Query,Medium,5.3
9180,15581332,Fraud Alert,Medium,10.4
9181,15581332,Login Issue,Medium,11.3
9182,15808544,Loan Query,Medium,19.8
9183,15808544,Billing,High,58.4
9184,15808544,Card Problem,Medium,15.8
9185,15654531,Login Issue,Medium,5.0
9186,15654531,Login Issue,Medium,9.1
9187,15654531,Login Issue,Low,3.5
9188,15677141,Fraud Alert,Low,2.1
9189,15677141,Login Issue,Medium,11.4
9190,15739578,Card Problem,Medium,6.2
9191,15697360,Billing,High,40.4
9192,15655213,App Bug,Medium,5.5
9193,15655213,App Bug,Medium,8.4
9194,15655213,Fraud Alert,High,50.4
9195,15580872,Fraud Alert,,8.9
9196,15683213,Card Problem,Medium,10.9
9197,15683213,Fraud Alert,N/A,11.7
9198,15801188,Card Problem,Medium,9.6
9199,15801188,Billing,Low,2.8
9200,15598259,Billing,Medium,8.3
9201,15598259,Fraud Alert,Medium,unknown
9202,15576000,Loan Query,Low,2.7
9203,15766047,Card Problem,Low,2.0
9204,15766047,Login Issue,Medium,7.2
9205,15615938,Loan Query,Medium,5.9
9206,15679991,,Low,1.6
9207,15626135,Fraud Alert,Low,1.8
9208,15626135,Login Issue,High,32.5
9209,15792934,App Bug,Medium,7.0
9210,15792934,Card Problem,Low,2.4
9211,15792934,Loan Query,,29.4
9212,15792934,Login Issue,Critical,65.8
9213,15744046,App Bug,High,21.6
9214,15700826,Login Issue,Low,2.9
9215,15700826,Billing,Low,1.7
9216,15756301,Loan Query,Medium,10.3
9217,15756301,App Bug,High,18.4
9218,15586517,App Bug,Low,2.9
9219,15751297,Card Problem,Medium,10.7
9220,15751297,Login Issue,Low,-1.0
9221,15751297,Loan Query,Low,1.1
9222,15751297,App Bug,Medium,4.9
9223,15710365,Billing,Medium,9.1
9224,15710365,Billing,Medium,9.2
9225,15679307,Fraud Alert,High,17.4
9226,15811036,Loan Query,Critical,40.1
9227,15811036,Loan Query,Medium,9.5
9228,15811036,App Bug,Medium,6.3
9229,15610912,Login Issue,High,29.4
9230,15746199,Loan Query,Low,3.5
9231,15746199,App Bug,Low,4.6
9232,15746199,Loan Query,Medium,15.5
9233,15584967,App Bug,Medium,4.3
9234,15584967,Billing,Low,2.3
9235,15734365,App Bug,Critical,35.7
9236,15665177,Loan Query,Medium,9.9
9237,15665177,Login Issue,Medium,9.4
9238,15729110,Loan Query,Low,3.0
9239,15729110,Billing,Low,2.2
9240,15729110,App Bug,Low,2.5
9241,15575399,App Bug,Low,2.7
9242,15575399,Fraud Alert,Critical,
9243,15575399,App Bug,Low,2.2
9244,15575399,Card Problem,Low,2.1
9245,15678374,Login Issue,Medium,5.7
9246,15678374,Loan Query,High,35.2
9247,15792679,Billing,Low,1.1
9248,15792679,Login Issue,Low,1.8
9249,15792679,Login Issue,Medium,11.1
9250,15668767,Loan Query,High,20.9
9251,15815615,Fraud Alert,Low,1.9
9252,15815615,Billing,High,23.3
9253,15762123,Loan Query,Low,2.5
9254,15762123,Card Problem,Low,1.2
9255,15567893,Card Problem,Low,2.0
9256,15648989,App Bug,Low,2.2
9257,15662021,Fraud Alert,Medium,11.0
9258,15731751,Billing,Low,1.4
9259,15731751,Loan Query,Low,1.5
9260,15635277,Fraud Alert,Low,1.2
9261,15635277,Card Problem,Critical,59.4
9262,15635277,Billing,Low,1.6
9263,15655252,Billing,Low,1.1
9264,15655252,Billing,Medium,9.6
9265,15655252,Billing,High,17.7
9266,15803941,App Bug,Low,2.8
9267,15803941,Login Issue,Low,2.9
9268,15799998,Billing,Medium,8.0
9269,15703763,Card Problem,High,16.4
9270,15780056,Loan Query,Low,1.2
9271,15777873,Card Problem,Medium,17.2
9272,15584749,Fraud Alert,Critical,41.3
9273,15765258,Login Issue,Critical,52.9
9274,42632581,Fraud Alert,Critical,45.6
9275,15765258,Loan Query,Medium,5.8
9276,15765258,Fraud Alert,Medium,9999
9277,15766185,Login Issue,Medium,4.1
9278,15766185,Loan Query,High,31.9
9279,15766185,Loan Query,Medium,4.8
9280,15766185,Card Problem,Medium,12.0
9281,15667632,Fraud Alert,Low,2.1
9282,15599024,App Bug,Medium,7.6
9283,15599024,Billing,Medium,5.5
9284,15599024,Card Problem,Medium,8.2
9285,15798709,  Fraud Alert  ,Medium,4.7
9286,15793671,Fraud Alert,Low,1.3
9287,15793671,Card Problem,Low,1.1
9288,15793671,Loan Query,Low,2.6
9289,15797900,Fraud Alert,  Medium  ,10.3
9290,15667932,Billing,Low,1.4
9291,15667932,Fraud Alert,Low,1.3
9292,15667932,Card Problem,High,14.1
9293,15667932,Login Issue,High,34.2
9294,15795933,Login Issue,Low,1.6
9295,15795933,App Bug,Low,1.8
9296,15660403,Billing,High,24.2
9297,15736299,Loan Query,High,25.3
9298,15759034,Billing,Low,2.8
9299,15724663,Loan Query,Medium,8.0
9300,15632472,Fraud Alert,Low,1.9
9301,15632472,App Bug,Medium,11.6
9302,15722813,Fraud Alert,Medium,5.1
9303,15722813,Billing,Low,1.7
9304,15680683,App Bug,Medium,4.2
9305,15710316,Loan Query,Critical,37.0
9306,15710316,Fraud Alert,Medium,6.0
9307,15710316,Login Issue,High,27.7
9308,15710316,Billing,Low,2.9
9309,15746333,Login Issue,Medium,17.8
9310,15606861,Loan Query,,2.7
9311,15641285,App Bug,Medium,4.2
9312,15662908,Loan Query,Low,1.2
9313,15814267,Card Problem,Medium,9.9
9314,15814267,Fraud Alert,Critical,65.3
9315,15614923,Loan Query,Medium,6.5
9316,15614923,Billing,Low,2.1
9317,15614923,Fraud Alert,Medium,8.2
9318,15651389,Card Problem,High,17.9
9319,15677087,App Bug,Low,2.2
9320,15665784,Card Problem,Medium,6.6
9321,15576706,Loan Query,Low,2.8
9322,15576706,Login Issue,Low,2.3
9323,15576706,Loan Query,Low,2.2
9324,15655389,Loan Query,Low,1.1
9325,15784491,Loan Query,High,15.7
9326,15784491,Login Issue,Low,-1.0
9327,15809999,Login Issue,Medium,11.7
9328,15809999,Loan Query,Low,-1.0
9329,15809999,App Bug,Critical,46.0
9330,15681115,Fraud Alert,Low,2.1
9331,15681115,Login Issue,Medium,10.3
9332,15629390,Fraud Alert,Low,1.5
9333,15792668,Card Problem,Medium,16.5
9334,15792668,Card Problem,Medium,19.4
9335,15792668,App Bug,Medium,5.9
9336,15792668,Fraud Alert,Low,3.2
9337,15583863,N/A,Low,2.2
9338,15583863,FRAUD ALERT,High,45.7
9339,15681878,Fraud Alert,Low,2.6
9340,15681878,Fraud Alert,Low,1.2
9341,15732235,Fraud Alert,Low,1.1
9342,15735909,App Bug,Low,4.0
9343,15653448,Card Problem,Critical,50.3
9344,15587647,Loan Query,Medium,9999.0
9345,36667724,App Bug,Medium,4.0
9346,15666711,Login Issue,Critical,119.0
9347,15666711,Billing,Medium,10.3
9348,15666711,Login Issue,Low,4.6
9349,15666711,App Bug,Low,3.3
9350,15805676,Login Issue,Medium,9.2
9351,15586674,Card Problem,Low,4.8
9352,15586674,App Bug,Medium,14.2
9353,15586674,Fraud Alert,Low,1.2
9354,13995128,Loan Query,Medium,6.8
9355,15744553,Loan Query,Low,2.6
9356,15776629,App Bug,Low,2.6
9357,15776629,Login Issue,Low,1.4
9358,15776629,Fraud Alert,High,23.9
9359,15647207,Login Issue,Low,2.0
9360,15715638,Fraud Alert,Low,2.4
9361,15715638,Login Issue,Medium,9.4
9362,15715638,App Bug,Low,1.0
9363,15715638,Fraud Alert,Low,1.1
9364,15766810,Card Problem,Low,1.8
9365,15766810,Fraud Alert,Medium,4.8
9366,15756625,Fraud Alert,,14.7
9367,15756625,Login Issue,High,20.0
9368,15633213,App Bug,Low,4.4
9369,15633213,,Low,2.8
9370,15610416,Billing,Low,4.2
9371,15610416,Billing,Low,4.1
9372,15715208,Billing,Medium,9.8
9373,15718588,Loan Query,Low,2.5
9374,15718588,Login Issue,High,20.6
9375,15723318,Fraud Alert,Low,3.3
9376,15723318,Login Issue,Medium,10.2
9377,15723318,Card Problem,High,51.8
9378,15723318,Login Issue,Medium,5.6
9379,15717328,Card Problem,Low,4.2
9380,15771299,Billing,Low,4.4
9381,15771299,Fraud Alert,Low,1.1
9382,15771299,App Bug,Low,2.2
9383,15771299,Fraud Alert,Medium,17.0
9384,15612358,Card Problem,Medium,6.6
9385,15612358,Card Problem,,8.6
9386,15618816,Loan Query,Medium,5.2
9387,15618816,Loan Query,Medium,8.9
9388,15618816,Card Problem,Medium,10.3
9389,15730810,App Bug,Medium,11.0
9390,15730810,Login Issue,Medium,9.9
9391,15783463,Billing,Medium,9.9
9392,15783463,Fraud Alert,Medium,4.1
9393,15616213,Card Problem,Low,3.8
9394,15611287,App Bug,Low,2.4
9395,15611287,Billing,Critical,59.0
9396,15611287,App Bug,Low,2.7
9397,15611287,Billing,Medium,4.8
9398,15786454,Fraud Alert,Medium,7.3
9399,15637646,Billing,Medium,6.5
9400,15637646,App Bug,Medium,9.4
9401,15637646,Billing,Low,1.4
9402,15653404,Billing,Low,2.8
9403,15653404,Login Issue,Medium,5.5
9404,15653404,App Bug,Low,N/A
9405,15690546,App Bug,Low,5.0
9406,15690546,Billing,Low,2.3
9407,15735636,Login Issue,Medium,11.9
9408,15735636,Loan Query,Low,3.9
9409,15735636,Fraud Alert,Medium,9.0
9410,15568449,Billing,Low,1.2
9411,15568449,Billing,Low,1.6
9412,15568449,App Bug,Medium,5.0
9413,15568449,App Bug,High,35.3
9414,15688085,Billing,Low,2.8
9415,15688085,Fraud Alert,Low,1.0
9416,15683483,Card Problem,Medium,4.8
9417,15683483,Loan Query,Low,1.8
9418,15683483,Billing,Medium,7.9
9419,15766667,Card Problem,Medium,10.6
9420,15766667,App Bug,Low,2.5
9421,15624975,Billing,High,14.6
9422,15624975,Login Issue,Low,2.3
9423,15624975,Loan Query,Medium,4.8
9424,15586557,Billing,Medium,6.6
9425,15746183,Card Problem,Medium,5.4
9426,15631457,Login Issue,Critical,68.9
9427,15754053,Fraud Alert,High,31.9
9428,15689955,Billing,Medium,10.1
9429,15689955,Fraud Alert,Low,1.4
9430,15593510,Login Issue,Medium,5.4
9431,15593510,Fraud Alert,High,52.6
9432,15654964,Login Issue,High,17.1
9433,15654964,Billing,Low,1.8
9434,15594039,Fraud Alert,Low,1.8
9435,15594039,Loan Query,Medium,4.6
9436,15594039,Fraud Alert,High,16.8
9437,15594039,Billing,Medium,9.3
9438,15625929,App Bug,Low,1.9
9439,15625929,Login Issue,Low,2.3
9440,15815295,Card Problem,Medium,6.9
ticket_9441,15569432,Card Problem,High,36.6
9442,15569432,Fraud Alert,Low,4.3
9443,15569432,Card Problem,Medium,11.1
9444,15751455,App Bug,Medium,11.9
9445,15751455,Billing,Medium,12.0
9446,15800583,Loan Query,High,30.1
9447,15800583,Loan Query,Low,1.5
9448,15800583,Loan Query,Medium,11.0
9449,15613463,Card Problem,Critical,28.8
9450,15587066,Loan Query,Medium,2500.0
9451,15587066,Loan Query,High,54.3
9452,15693752,Card Problem,Medium,7.0
9453,15693752,Card Problem,Medium,6.8
9454,15693752,Card Problem,Medium,11.9
9455,15714874,Fraud Alert,Low,1.7
9456,15714874,Billing,Medium,-5.0
9457,15657809,Login Issue,Medium,8.6
9458,15657809,Fraud Alert,Medium,9.6
9459,15657809,Loan Query,Low,1.0
9460,15657809,Loan Query,High,55.4
9461,15651955,Login Issue,Low,1.2
9462,15651955,Loan Query,Medium,4.2
9463,15651955,Card Problem,low,2.2
9464,15651955,Card Problem,Medium,5.5
9465,15570912,Loan Query,Critical,24.0
9466,15640266,Loan Query,Low,2.7
9467,15640266,Fraud Alert,Low,2.5
9468,15640266,Fraud Alert,Low,1.5
9469,15652069,Billing,Critical,one hour
9470,15596074,Loan Query,Medium,11.9
9471,15800268,Loan Query,Low,1.3
9472,15800268,Billing,High,28.2
9473,15599074,Fraud Alert,High,21.3
9474,15599074,Fraud Alert,High,24.3
9475,15599074,App Bug,Low,2.4
9476,15599074,Fraud Alert,Low,1.9
9477,15776096,Card Problem,High,12.6
9478,15611669,Billing,Low,4.4
9479,15611669,Loan Query,Low,3.1
9480,15694098,Fraud Alert,Medium,10.9
9481,15811978,Billing,Critical,37.8
9482,15799925,Card Problem,High,22.4
9483,15799925,Loan Query,Medium,9.1
9484,15692575,Card Problem,Low,2.6
9485,15692575,Card Problem,Medium,15.8
9486,15692575,Billing,Medium,14.9
9487,15743149,Loan Query,High,28.9
9488,15743149,Fraud Alert,Low,1.5
9489,15743149,Card Problem,Low,2.0
9490,15776947,App Bug,Low,2.7
9491,15776947,Billing,Low,1.2
9492,15594515,Loan Query,Medium,11.5
9493,15594515,Loan Query,Low,2.6
9494,15594515,Fraud Alert,High,50.4
9495,15594515,Card Problem,Medium,4.5
9496,15787884,Loan Query,Low,1.8
9497,15787884,Loan Query,High,29.0
9498,15677739,Loan Query,Low,1.1
9499,15688868,Loan Query,High,14.6
9500,15688868,Billing,Medium,4.2
9501,15688868,Login Issue,Low,2.4
9502,15771222,Card Problem,High,17.8
9503,15771222,Billing,Medium,4.1
9504,15605059,Billing,Low,3.8
9505,15605059,Loan Query,Low,1.1
9506,15605059,Billing,Medium,18.4
9507,15568088,billing,Medium,8.5
9508,15662243,Billing,Medium,5.5
9509,15662243,Billing,Low,4.3
9510,15662243,app bug,Low,3.0
9511,15593128,Billing,Low,4.5
9512,15593128,Fraud Alert,Low,3.9
9513,15593128,Loan Query,Low,2.3
9514,15787602,Login Issue,Low,1.9
9515,15787602,Loan Query,Medium,7.6
9516,15685019,App Bug,Low,1.9
9517,15704209,Card Problem,Low,3.9
9518,15704209,Login Issue,Low,2.2
9519,15704209,Card Problem,High,16.9
9520,15605264,App Bug,Low,1.4
9521,15605264,Billing,Low,2.7
9522,15605264,Fraud Alert,Low,1.2
9523,15708265,App Bug,Medium,11.3
9524,15708265,Card Problem,Low,3.8
9525,15708265,Fraud Alert,Critical,85.0
9526,15740264,  Login Issue  ,Medium,4.1
9527,15740264,Card Problem,Medium,8.0
9528,15727361,Billing,Low,1.9
9529,15760216,loan query,Medium,5.4
9530,15760216,Billing,Critical,52.6
9531,15601351,Billing,Medium,9.3
9532,15686964,App Bug,Medium,6.6
9533,15686964,CARD PROBLEM,Low,1.6
9534,15625035,Billing,High,16.2
9535,15625035,Card Problem,Low,2.6
9536,15618391,Card Problem,Medium,9.5
9537,15591344,Billing,Low,1.2
9538,15605455,Billing,Low,2.4
9539,15605455,Card Problem,Medium,8.8
9540,15605455,App Bug,Low,1.2
9541,15605455,Fraud Alert,Low,2.5
9542,15768282,Card Problem,Medium,4.9
9543,15768282,Login Issue,Medium,8.0
9544,15685826,Card Problem,Low,2.0
9545,15797787,App Bug,Medium,12.0
9546,15797787,Billing,Medium,10.4
9547,15611171,Fraud Alert,High,26.8
9548,15611171,App Bug,Low,1.4
9549,15734085,Card Problem,Medium,9.5
9550,15734085,Card Problem,Medium,8.5
9551,15734085,Fraud Alert,Low,2.4
9552,15809309,Loan Query,High,33.7
9553,15809309,Fraud Alert,Low,1.3
9554,15809309,Fraud Alert,Low,1.8
9555,15809462,Billing,Low,2.7
9556,15809462,Loan Query,Medium,11.2
9557,15634628,Loan Query,Low,1.5
9558,15634628,Fraud Alert,High,32.8
9559,15579526,Billing,Low,2.5
9560,15579526,Fraud Alert,Low,1.7
9561,15579526,Card Problem,High,29.3
9562,15738715,Loan Query,Low,3.1
9563,15754574,Fraud Alert,Low,2.0
9564,15754574,Loan Query,High,16.0
9565,15737814,Fraud Alert,Medium,9.6
9566,15737814,App Bug,Low,4.5
9567,15737814,Loan Query,High,44.1
9568,15737814,Fraud Alert,High,31.1
9569,15670889,Card Problem,High,27.6
9570,15629299,Fraud Alert,Medium,19.8
9571,15629299,Card Problem,High,25.7
9572,15629299,Loan Query,Medium,13.8
9573,15811927,Billing,Low,2.4
9574,15811927,App Bug,,2.4
9575,15785654,Billing,Low,4.9
9576,15785654,Login Issue,Critical,89.6
9577,15785654,Login Issue,High,50.4
9578,15785654,App Bug,High,22.3
9579,15736287,Billing,Medium,999.0
9580,15765732,Billing,Medium,9.5
9581,15765732,App Bug,Low,2.4
9582,15765732,App Bug,Medium,7.3
9583,15765732,Billing,Critical,27.7
9584,15797381,Loan Query,High,37.6
9585,15797381,Login Issue,Low,4.6
9586,15664506,Card Problem,N/A,11.0
9587,15664506,Login Issue,Medium,6.3
9588,15664506,Loan Query,Low,2.3
9589,15664506,Fraud Alert,MEDIUM,9.4
9590,15654457,Billing,Critical,115.6
9591,15654457,Loan Query,Medium,18.7
9592,15654457,Login Issue,Low,4.3
9593,15762793,Loan Query,Low,1.7
9594,15762793,Loan Query,Medium,4.5
9595,15658067,Login Issue,Medium,8.1
9596,15658067,Fraud Alert,High,26.0
9597,15658067,Fraud Alert,High,48.9
9598,15793883,Fraud Alert,Low,2.6
9599,15665283,App Bug,Medium,6.5
9600,15665283,Billing,Medium,15.4
9601,15665283,Loan Query,Medium,7.9
9602,15680421,Login Issue,Low,1.3
9603,15680421,Fraud Alert,Medium,8.1
9604,15680421,App Bug,Medium,5.4
9605,15695148,Fraud Alert,Low,9999.0
9606,15695148,Billing,Medium,11.6
9607,15695148,Loan Query,Low,2.6
9608,15636592,Loan Query,Low,4.5
9609,15636592,Card Problem,Low,1.2
9610,15772618,Loan Query,Low,1.2
9611,15724453,Fraud Alert,Medium,4.8
9612,15609160,Billing,Medium,6.5
9613,15609160,Loan Query,Low,2.3
9614,15678460,Loan Query,Low,1.0
9615,15670738,Fraud Alert,Medium,9.4
9616,15670738,Login Issue,High,17.9
9617,15670738,App Bug,Low,1.1
9618,15662641,Card Problem,Low,2.8
ticket_9619,15662641,App Bug,Medium,11.9
9620,15662641,Fraud Alert,High,12.7
9621,15727539,App Bug,High,29.9
9622,15727539,Fraud Alert,Low,1.4
9623,15727539,App Bug,Medium,5.7
9624,15651020,Fraud Alert,Low,2.5
9625,15760865,Card Problem,High,17.0
9626,15760865,Card Problem,Critical,82.8
9627,15760865,,Medium,10.1
9628,15705009,Loan Query,Critical,115.3
9629,15657540,App Bug,Low,1.0
9630,15707441,Login Issue,Medium,
9631,15707441,Login Issue,High,30.4
9632,15707441,Login Issue,Low,1.0
9633,15694765,Fraud Alert,High,52.4
9634,15694765,App Bug,Low,1.6
9635,15649086,Billing,Low,2.1
9636,15649086,Loan Query,Low,2.0
9637,15649086,App Bug,Medium,4.7
9638,15650488,App Bug,High,58.3
9639,15650488,Login Issue,Critical,91.0
9640,15650488,Fraud Alert,Medium,6.9
9641,15650488,Fraud Alert,Medium,6.1
9642,15700263,Card Problem,Critical,34.9
9643,15700263,Billing,Low,3.1
9644,15636548,Card Problem,High,28.0
9645,15636548,Fraud Alert,High,15.2
9646,15627185,Loan Query,Low,2.9
9647,15627185,App Bug,Low,2.7
9648,15661433,Fraud Alert,Medium,6.6
9649,15667002,Loan Query,Low,2.2
9650,15667002,Billing,Medium,9.2
9651,15667002,Card Problem,High,18.8
9652,15709199,Login Issue,Medium,8.2
9653,15710087,Billing,Low,3.7
9654,15710087,Loan Query,Medium,13.5
9655,15679884,Loan Query,Medium,4.5
9656,15679884,App Bug,Medium,10.8
9657,15784180,Billing,Low,999.0
9658,15784180,App Bug,Medium,15.6
9659,15784180,Loan Query,Medium,17.8
9660,15784180,Billing,Low,
9661,15808849,Billing,Low,1.8
9662,15588235,Fraud Alert,Medium,-1
9663,15721116,App Bug,Medium,9.7
9664,15773394,App Bug,Low,1.9
9665,15625713,Loan Query,High,28.0
9666,15625713,Billing,Low,2.1
9667,15625713,Loan Query,Medium,8.0
9668,15625713,,Medium,10.0
9669,15622578,Login Issue,High,35.3
9670,15622578,Fraud Alert,Low,1.8
9671,15781665,Login Issue,Medium,4.6
9672,15804853,Fraud Alert,High,31.0
9673,15804853,Login Issue,Medium,5.1
9674,15808930,Card Problem,Low,1.4
9675,15808930,Loan Query,Low,1.5
9676,15679961,Fraud Alert,High,36.0
9677,15679961,App Bug,Medium,5.1
9678,15750396,Loan Query,Low,2.8
9679,15679928,Billing,Medium,4.2
9680,15679928,App Bug,Low,2.3
9681,15679928,Card Problem,Low,1.2
9682,15711181,Billing,High,14.4
9683,15711181,Billing,Medium,7.3
9684,15698324,Billing,Medium,10.7
9685,15807433,Billing,Medium,5.2
9686,15807433,Billing,Low,1.3
9687,15628950,Login Issue,Medium,10.8
9688,15617206,Loan Query,Medium,11.4
9689,15617206,Loan Query,Low,1.2
9690,15617206,App Bug,Medium,9.1
9691,15603741,Fraud Alert,Low,1.3
9692,15603741,Loan Query,Medium,6.4
9693,15742607,Login Issue,Low,1.6
9694,15742607,Loan Query,Low,2.8
9695,15809558,Loan Query,Low,1.8
9696,15803750,Loan Query,Medium,8.8
9697,15803750,App Bug,Low,3.9
9698,15667392,App Bug,Low,1.7
9699,15667392,Loan Query,Medium,7.4
9700,15738889,App Bug,High,25.7
9701,15738889,Login Issue,Low,1.4
9702,15738889,Fraud Alert,Low,2.7
9703,15738889,,Low,4.7
9704,15598838,Loan Query,Medium,7.7
9705,15579109,App Bug,High,27.4
9706,15579109,Fraud Alert,High,15.6
9707,15579109,Billing,High,33.1
9708,15799042,Fraud Alert,Low,1.1
9709,15799042,App Bug,Low,2.8
9710,15697042,loan query,Medium,9.7
9711,15696605,Billing,  High  ,13.5
9712,15696605,Card Problem,Unknown,2.9
9713,15696605,Login Issue,Critical,71.9
9714,15802274,Loan Query,Medium,5.6
9715,15732903,Billing,Critical,-5.0
9716,15581968,,Low,2.9
9717,15581968,App Bug,Low,1.3
9718,15581968,Billing,Medium,5.5
9719,15683892,App Bug,Medium,7.8
9720,15569249,Login Issue,Low,3.7
9721,15656188,Fraud Alert,High,27.6
9722,15656188,App Bug,High,31.7
9723,15721793,Billing,Medium,5.1
9724,15721793,Login Issue,Low,1.3
9725,15721793,Card Problem,Critical,39.3
9726,15687413,Fraud Alert,Low,2.0
9727,15761286,Fraud Alert,  Low  ,2.3
9728,15761286,,Low,1.2
9729,15658240,login issue,Medium,7.7
9730,15706232,Login Issue,Medium,13.1
9731,15706232,Card Problem,Medium,9.9
9732,15706232,App Bug,High,44.8
9733,15583394,Login Issue,Low,1.2
9734,15583394,Card Problem,Low,2.1
9735,15785488,Loan Query,High,32.4
9736,15711571,  App Bug  ,Medium,10.6
9737,15711571,App Bug,Medium,8.8
9738,15711571,Billing,High,31.8
9739,15778604,Loan Query,Medium,6.4
9740,15778604,Login Issue,Medium,4.3
9741,15778604,App Bug,High,28.4
9742,15778604,login issue,Low,2.2
9743,15748360,Fraud Alert,Low,2.6
9744,15770039,Fraud Alert,Medium,16.3
9745,38340681,App Bug,High,22.6
9746,15770039,Card Problem,Medium,18.9
9747,15685096,Fraud Alert,Medium,8.2
9748,15685096,Card Problem,High,20.7
9749,15669501,Fraud Alert,Low,2.8
9750,15622631,Fraud Alert,Medium,15.5
9751,15622631,Billing,High,27.2
9752,98388021,Billing,Medium,7.1
9753,15586699,Billing,Low,
9754,15702377,App Bug,Medium,5.6
9755,15702377,App Bug,High,24.7
9756,15769451,Loan Query,Low,2.0
9757,15769451,Fraud Alert,Low,2.3
9758,99092209,Card Problem,Critical,39.3
9759,15648725,Billing,Low,1.5
9760,15648725,Login Issue,Medium,9.0
9761,15752801,App Bug,High,50.9
9762,15752801,Fraud Alert,Low,2.8
9763,15752801,Loan Query,Medium,15.7
9764,15808175,Loan Query,Low,3.6
9765,15681342,Billing,Medium,11.6
9766,15589210,Loan Query,Critical,48.2
9767,15696826,Billing,Medium,5.0
9768,15696826,Login Issue,Low,2.8
9769,15614962,Billing,Medium,5.2
9770,15689061,Billing,Low,1.3
9771,15689061,Login Issue,Low,1.7
9772,15640074,Loan Query,Medium,4.8
9773,15640074,Card Problem,Low,five
9774,15640074,Fraud Alert,Low,3.0
9775,15776156,Loan Query,Medium,19.1
9776,15776156,App Bug,Medium,13.8
9777,15776156,Fraud Alert,Medium,13.7
9778,15739548,Card Problem,Low,1.4
9779,15662854,App Bug,CRITICAL,62.0
9780,15687688,Billing,Medium,11.5
9781,15715750,App Bug,MEDIUM,11.6
9782,15715750,Billing,Medium,18.6
9783,15715750,Billing,Medium,19.8
9784,15715750,Loan Query,Low,4.9
9785,15571121,Login Issue,Critical,26.4
9786,15571121,Login Issue,Low,1.5
9787,15571121,Login Issue,Low,2.9
9788,15726466,Fraud Alert,Medium,8.3
9789,15726466,Loan Query,Low,1.4
9790,15726466,Login Issue,High,24.9
9791,15726466,App Bug,Critical,66.0
9792,15638610,Fraud Alert,Medium,Unknown
9793,15644446,Login Issue,  Medium  ,6.7
9794,15644446,Loan Query,Medium,4.8
9795,15644446,Loan Query,High,24.3
9796,15644446,Login Issue,High,18.6
9797,15585892,Loan Query,High,15.6
9798,15585892,Billing,Critical,43.5
9799,15609356,Loan Query,Medium,5.6
9800,15599440,Billing,Medium,8.8
9801,15599440,Fraud Alert,Low,1.9
9802,15683168,Card Problem,Low,1.3
9803,15790254,Fraud Alert,Medium,8.5
9804,15790254,Billing,Low,2.1
9805,15790254,Fraud Alert,Low,2.0
9806,15767729,Billing,High,41.0
9807,15767729,  App Bug  ,Low,1.5
9808,15767729,App Bug,Low,5.0
9809,15768600,Fraud Alert,Medium,12.3
9810,15768600,App Bug,Medium,12.4
9811,15768600,Login Issue,Medium,5.7
9812,15796813,Loan Query,Medium,8.5
9813,15605791,Login Issue,High,27.4
9814,15714087,Fraud Alert,Low,2.5
9815,15711446,Billing,Medium,13.9
9816,15711446,Card Problem,Low,1.0
ticket_9817,15711446,Billing,Medium,10.5
9818,15588123,Billing,Critical,34.3
9819,15618410,App Bug,High,29.0
9820,15618410,Fraud Alert,Low,1.2
9821,15672432,Loan Query,High,56.0
9822,15672432,App Bug,Low,4.9
9823,15672432,Card Problem,Low,2.2
9824,15580914,Card Problem,Medium,9.6
9825,15580914,Login Issue,Medium,14.7
9826,15583680,Loan Query,Low,2.8
9827,15583680,Login Issue,Medium,8.3
9828,15767264,App Bug,Medium,16.8
9829,15767264,Billing,Low,1.6
9830,15678882,Login Issue,Critical,55.3
9831,15789611,Billing,Low,2.6
9832,15631685,Billing,Low,unknown
9833,15655658,App Bug,Critical,25.8
9834,15617348,App Bug,Low,2.5
9835,15617348,Fraud Alert,Medium,11.3
9836,31943806,Card Problem,High,15.4
9837,15704581,Login Issue,Low,2.4
9838,15704581,Card Problem,High,29.9
9839,15648069,Loan Query,Medium,4.4
9840,15737627,Loan Query,Medium,11.0
9841,15737627,Card Problem,High,28.7
9842,15737627,Card Problem,Low,2.2
9843,15737627,Card Problem,High,28.0
9844,15757467,Login Issue,Medium,8.7
9845,15597709,Card Problem,Low,9999.0
9846,15597709,Login Issue,Medium,10.5
9847,15597709,Loan Query,Medium,14.1
9848,15597709,Loan Query,Medium,17.4
9849,15720529,Card Problem,Low,2.4
9850,15720529,Card Problem,Low,1.1
9851,15720529,Billing,Low,1.2
9852,15720529,Fraud Alert,High,13.3
9853,15596797,Billing,Low,1.3
9854,15815271,Fraud Alert,Medium,9.0
9855,15815271,Card Problem,Medium,15.0
9856,15682860,Loan Query,Low,1.4
9857,15682860,Fraud Alert,Low,2.0
9858,15682860,Login Issue,Low,1.6
9859,15621546,Fraud Alert,Low,1.8
9860,15705918,Fraud Alert,MEDIUM,8.3
9861,15671769,Loan Query,Medium,9.2
9862,15671769,Card Problem,Low,999.0
9863,15671769,Login Issue,Low,4.8
9864,15671769,N/A,Medium,4.2
9865,15642934,App Bug,Low,3.0
9866,15642934,Login Issue,Medium,4.2
9867,15642934,App Bug,Medium,8.4
9868,15594305,Login Issue,High,30.1
9869,15706762,Loan Query,Low,1.7
9870,15706762,Card Problem,High,15.9
9871,15766183,Login Issue,Medium,5.0
9872,15777994,Loan Query,Low,2.7
9873,15568162,Login Issue,Medium,Unknown
9874,15680643,Billing,Low,3.0
9875,15680643,Login Issue,High,18.7
9876,15730793,Login Issue,Medium,19.0
9877,63730314,Fraud Alert,Low,2.1
9878,15608595,Loan Query,Unknown,5.8
9879,15608595,Fraud Alert,High,27.8
9880,15709459,Card Problem,Low,2.3
9881,15709459,Card Problem,Medium,11.9
9882,15709459,App Bug,Medium,9.6
9883,15775750,Login Issue,High,13.3
9884,15775750,Loan Query,Medium,7.9
9885,15752139,Billing,Medium,8.1
9886,15752139,Fraud Alert,Medium,9.5
9887,15766906,Card Problem,High,28.5
9888,15725776,Loan Query,Medium,4.9
9889,15725776,Card Problem,Medium,10.4
9890,15682576,NULL,Medium,4.4
9891,15682576,Fraud Alert,High,32.7
9892,15704081,Login Issue,Low,1.9
9893,15719940,Card Problem,High,17.2
9894,15667451,Loan Query,Medium,9.6
9895,15636767,Login Issue,Critical,50.4
9896,15636767,Login Issue,Medium,8.7
9897,15636767,Card Problem,Low,2.3
9898,15571415,Card Problem,Low,4.2
9899,15615832,Login Issue,  Medium  ,7.5
9900,15763108,Billing,High,27.1
9901,15763108,Login Issue,Low,3.8
9902,15723884,Loan Query,Low,1.6
9903,15723884,Card Problem,  Medium  ,11.5
9904,15723884,App Bug,Medium,6.9
9905,15723884,App Bug,High,27.4
9906,15644453,App Bug,High,31.7
9907,15644453,Fraud Alert,Medium,12.5
9908,15787693,App Bug,Medium,5.9
9909,15787693,Fraud Alert,High,28.2
9910,15664793,Login Issue,Critical,46.2
9911,15664793,Card Problem,Medium,9.4
9912,15642391,Card Problem,Low,3.1
9913,15642391,Fraud Alert,Low,3.8
9914,15642391,Login Issue,Low,
9915,15756538,Card Problem,Low,1.4
9916,15796569,Card Problem,Medium,9.0
9917,15677112,Card Problem,  Medium  ,8.2
9918,15677112,Fraud Alert,Medium,8.8
9919,15815040,Fraud Alert,Low,3.0
9920,15815040,Login Issue,Low,4.0
9921,15590434,App Bug,Low,2.0
9922,15597536,Billing,Medium,10.8
9923,15597536,App Bug,Low,2.1
9924,15597536,login issue,Medium,8.0
9925,15723989,Loan Query,Low,1.5
9926,15723989,App Bug,high,12.2
9927,15767358,Card Problem,High,17.1
9928,15767358,App Bug,Critical,40.5
9929,15767358,Loan Query,Medium,6.2
9930,15594812,App Bug,Low,2.0
9931,15594812,Billing,Low,-1.0
9932,15688210,Billing,Low,1.2
9933,15572390,Billing,Critical,31.2
9934,15572390,Login Issue,Medium,5.1
9935,15572390,Billing,High,18.1
9936,15572390,Card Problem,High,31.4
9937,15801441,Loan Query,High,18.2
9938,15575243,App Bug,Medium,6.3
9939,15773421,App Bug,Low,3.0
9940,15788776,Card Problem,Medium,12.2
9941,15788776,Fraud Alert,Low,1.8
9942,15788776,Loan Query,Low,4.0
9943,15788776,Login Issue,Low,4.6
9944,15765257,Fraud Alert,Low,4.2
9945,15765257,App Bug,Low,1.7
9946,15661412,Card Problem,Low,2.3
9947,15661412,App Bug,High,13.4
9948,15603683,N/A,Low,2.5
9949,15603683,Login Issue,Medium,8.4
9950,15651868,Billing,High,27.3
9951,15815443,Billing,Low,1.9
9952,15682686,Login Issue,  High  ,15.4
9953,15697460,Loan Query,Low,2.9
9954,15697460,Loan Query,Medium,10.0
9955,15748432,Login Issue,Low,1.4
9956,15748432,Login Issue,Low,2.3
9957,15698271,Card Problem,Low,1.2
9958,15698271,Loan Query,Low,2.0
9959,15698271,Loan Query,Medium,4.2
9960,15781875,Login Issue,Low,1.3
9961,15801473,Card Problem,Medium,11.9
9962,15704509,Billing,High,unknown
9963,15704509,App Bug,Low,1.1
9964,15694666,Card Problem,High,49.0
9965,15728523,App Bug,Low,2.0
9966,15728523,Billing,Critical,31.8
9967,15689781,Card Problem,High,56.8
9968,15689781,Loan Query,High,
9969,15689781,Loan Query,Medium,13.4
9970,15689781,Loan Query,Medium,10.3
9971,15809837,Billing,Medium,15.9
9972,15809837,Loan Query,High,49.0
9973,15809837,Billing,Low,3.7
9974,15805212,Fraud Alert,Medium,6.3
9975,15716082,Loan Query,Medium,N/A
9976,15716082,Loan Query,Medium,9.9
9977,15716082,Login Issue,Medium,9.4
9978,15654859,Billing,Critical,58.8
9979,15654859,Login Issue,Critical,75.5
9980,15654859,Billing,Medium,4.6
9981,15577515,Fraud Alert,Low,2.7
9982,15577515,Login Issue,Low,2.2
9983,15577515,Loan Query,High,27.0
9984,15577515,App Bug,Medium,15.2
9985,15723827,Billing,Medium,4.6
9986,15646594,Billing,Low,2.2
9987,15646594,Fraud Alert,low,1.5
9988,15712877,Card Problem,Medium,9.8
9989,15699340,App Bug,Critical,27.6
9990,15691150,Card Problem,Medium,12.0
9991,15608688,Fraud Alert,Low,2.6
9992,15608688,Billing,High,18.2
9993,15608688,Fraud Alert,Low,2.6
9994,15608688,Loan Query,Medium,7.9
9995,15737998,Card Problem,Medium,19.7
9996,15737998,Card Problem,Medium,12.1
9997,15659100,Login Issue,Medium,7.4
9998,15659100,Card Problem,High,34.3
9999,15609070,Card Problem,Medium,18.0
10000,15609070,Card Problem,Medium,7.3
10001,15609070,Fraud Alert,Medium,9.7
10002,15591010,Fraud Alert,High,38.7
10003,15591010,App Bug,Low,3.5
10004,15798895,Billing,Medium,5.1
10005,15798895,Loan Query,Medium,12.0
10006,15798895,Billing,High,30.6
10007,15775235,Card Problem,High,18.2
10008,15780088,Fraud Alert,Medium,5.3
10009,15780088,Login Issue,Low,2.4
10010,15649379,Login Issue,Medium,11.9
10011,15649379,  Loan Query  ,Low,1.2
10012,15649379,Loan Query,Low,2.4
10013,15649379,Login Issue,Low,1.5
10014,15709252,App Bug,Low,4.1
10015,15709252,Loan Query,Low,3.3
ticket_10016,15699238,Loan Query,Medium,7.0
10017,15699238,Fraud Alert,Low,2.2
10018,15699238,App Bug,Medium,5.9
10019,15732884,Unknown,Low,1.8
10020,15732884,App Bug,High,27.3
10021,15732884,Loan Query,Critical,68.9
ticket_10022,15587297,Loan Query,Low,1.7
10023,15684722,Billing,Low,2.1
10024,15684722,Card Problem,Medium,6.0
10025,15621244,Card Problem,Low,2.9
10026,15636521,Card Problem,Critical,61.1
10027,15636521,Card Problem,Medium,8.3
10028,15785339,Login Issue,Low,2.1
10029,15638983,,Low,2.8
10030,15678210,Loan Query,High,34.2
10031,15678210,Login Issue,High,13.7
10032,15678210,Login Issue,Medium,9.7
10033,15678210,Card Problem,Medium,11.4
10034,15575438,Login Issue,Medium,9.9
10035,15575438,Fraud Alert,Critical,26.6
10036,15575438,App Bug,Low,1.8
10037,15632789,Fraud Alert,High,22.2
10038,15621423,App Bug,High,24.1
10039,15573520,Loan Query,Low,1.6
10040,15740458,Loan Query,Low,1.5
10041,15740458,Card Problem,Medium,11.9
10042,15565996,Loan Query,Medium,5.5
10043,15711742,App Bug,High,27.0
10044,15701885,App Bug,Low,1.1
10045,15701885,App Bug,Medium,7.9
10046,15701885,App Bug,Low,1.2
10047,15644400,App Bug,Medium,4.7
10048,15644400,Billing,High,35.0
10049,15644400,Loan Query,Medium,11.3
10050,15586183,Login Issue,Low,1.9
10051,15761733,Billing,Medium,11.4
10052,15705343,Fraud Alert,Low,1.5
10053,15705343,Fraud Alert,High,24.8
ticket_10054,15593959,Billing,Low,1.1
10055,15593959,Billing,Medium,11.9
10056,15664615,Fraud Alert,Low,1.4
10057,15664615,Loan Query,Medium,14.6
10058,15664615,Fraud Alert,High,36.3
10059,15657778,App Bug,Low,1.7
10060,15657778,Card Problem,Low,1.6
10061,15657778,Fraud Alert,High,15.1
10062,15592914,App Bug,Medium,11.0
10063,15592914,Login Issue,Low,1.8
10064,15592914,App Bug,Low,1.6
10065,15770995,Loan Query,Low,2.9
10066,15770995,Billing,Low,2.4
10067,15570990,Card Problem,Medium,-1.0
10068,15570990,App Bug,Medium,7.6
10069,15596165,Login Issue,Medium,11.5
10070,15596165,Loan Query,High,15.7
10071,15788131,Card Problem,Low,1.6
10072,15788131,Billing,Medium,18.7
10073,15788131,Card Problem,High,39.9
10074,15788131,Billing,Low,2.7
10075,15800773,App Bug,High,12.7
10076,15638989,Fraud Alert,Low,2.0
10077,15638989,Login Issue,High,20.5
10078,15638989,Card Problem,Medium,10.7
10079,15623210,Login Issue,Critical,63.6
10080,15623210,Card Problem,Medium,10.0
10081,15652658,Loan Query,  Low  ,1.3
10082,15652658,Card Problem,Medium,5.5
10083,15684440,Fraud Alert,Low,2.9
10084,15684440,Card Problem,Low,2.0
10085,15684440,Card Problem,Medium,11.4
10086,15720353,Card Problem,Critical,52.5
10087,15720353,Loan Query,Low,1.8
10088,15720353,Loan Query,High,31.6
10089,15767231,Loan Query,Critical,30.9
10090,15767231,Login Issue,Low,1.4
10091,89892517,Login Issue,High,58.9
10092,15761554,Fraud Alert,Medium,13.9
10093,15761554,App Bug,High,37.3
10094,15706637,Card Problem,Medium,9.0
10095,15690492,Loan Query,Critical,62.2
10096,15729771,Card Problem,Low,1.4
10097,15729771,Fraud Alert,High,23.6
10098,15609823,Login Issue,Low,2.6
10099,15793366,Card Problem,Low,2.2
10100,15614813,Loan Query,Low,2.6
10101,15614813,Loan Query,Low,2.0
10102,15566495,Fraud Alert,Low,2.7
10103,15566495,Card Problem,High,40.4
10104,15707602,Billing,Low,3.8
10105,15635244,Login Issue,Medium,7.7
10106,15805627,Login Issue,Low,2.6
10107,15799785,Billing,Medium,5.8
10108,15699963,Billing,Low,2.2
10109,15651460,Loan Query,Low,2.9
10110,15651460,App Bug,Medium,8.0
10111,15594133,App Bug,Low,4.7
10112,15772329,Card Problem,Low,4.6
10113,15772329,Loan Query,Low,3.9
10114,15772329,Login Issue,Low,4.2
10115,15772329,Loan Query,Medium,15.8
10116,15591552,Billing,High,17.5
10117,15750921,Card Problem,Critical,59.3
10118,15750921,Billing,Low,2.6
10119,15750921,Card Problem,High,25.4
10120,15701687,App Bug,High,28.5
10121,15701687,App Bug,High,33.8
10122,15728906,Fraud Alert,Low,1.6
10123,15670029,App Bug,Medium,7.2
10124,15670029,App Bug,High,31.7
10125,15763579,Login Issue,Low,1.8
10126,15663194,Login Issue,Low,2.1
10127,15663194,Loan Query,Low,4.9
10128,15736510,App Bug,  High  ,55.9
10129,15734649,App Bug,Low,2.6
10130,15734649,Billing,Low,1.1
10131,15632503,Fraud Alert,Medium,5.8
10132,15648681,App Bug,Low,1.1
10133,15648681,App Bug,Low,1.6
10134,15648681,App Bug,Low,1.1
10135,15648681,Card Problem,High,46.4
10136,15747757,Login Issue,Low,1.3
10137,15747757,Loan Query,Low,3.4
10138,15571081,App Bug,Low,1.6
10139,15571081,App Bug,Critical,26.7
10140,15734578,Fraud Alert,Medium,6.8
10141,79822286,Fraud Alert,High,18.6
10142,15579583,Billing,Medium,8.8
10143,15662189,Fraud Alert,Medium,4.6
10144,15692718,app bug,Medium,8.1
10145,15692718,Loan Query,Low,1.9
10146,15762716,App Bug,Medium,6.8
10147,15762716,Billing,Low,1.7
10148,15762716,Login Issue,Medium,4.0
10149,15724851,Loan Query,Low,1.8
10150,15724851,Login Issue,High,-1.0
10151,15587266,Fraud Alert,Medium,11.2
10152,15675926,Loan Query,Medium,11.1
10153,15675926,App Bug,Medium,10.7
10154,15680901,Login Issue,Medium,8.6
10155,15642336,Card Problem,Medium,5.9
10156,15642336,Login Issue,Medium,4.9
10157,15571284,Fraud Alert,Low,2.6
10158,15571284,Card Problem,NULL,6.7
10159,15591360,Billing,High,13.5
10160,15810485,Fraud Alert,Medium,6.1
10161,15810485,Billing,Low,1.8
10162,15735572,Billing,Low,1.9
10163,15735572,Login Issue,Low,3.9
10164,15735572,Fraud Alert,Low,1.4
10165,15706464,App Bug,Medium,12.0
10166,15706464,Login Issue,Low,1.5
10167,15706464,Loan Query,Medium,6.9
10168,15725028,Loan Query,High,14.5
10169,15725028,Login Issue,Low,1.4
10170,15751167,Loan Query,High,12.8
10171,15751167,App Bug,Low,1.1
10172,94189671,Login Issue,Medium,8.7
10173,15751167,Fraud Alert,Medium,7.2
10174,15680895,Login Issue,Medium,5.2
10175,15611318,App Bug,Medium,9.2
10176,15611318,Billing,Medium,10.3
10177,15768474,Fraud Alert,Low,2.4
10178,15768474,Loan Query,Low,2.6
10179,15768474,Loan Query,High,29.7
10180,15716276,Loan Query,Low,1.2
10181,15716276,Card Problem,Medium,7.9
10182,15716276,Fraud Alert,High,15.7
10183,15716276,Fraud Alert,Low,2.8
10184,15623668,Card Problem,Medium,-5.0
10185,15607988,Loan Query,Low,2.7
10186,15637891,App Bug,High,13.8
10187,15788224,Loan Query,Medium,8.8
10188,15788224,Loan Query,Low,1.2
10189,15708236,Card Problem,Medium,7.9
10190,15708236,Card Problem,Medium,10.3
10191,15708236,Unknown,Medium,9.1
10192,15568469,Billing,Medium,11.8
10193,15794204,Login Issue,Low,1.6
10194,15794204,Loan Query,Low,1.4
10195,15807546,Fraud Alert,Medium,5.7
10196,15807546,Login Issue,Medium,8.8
10197,15782159,App Bug,Medium,7.8
10198,15618703,Card Problem,Critical,999.0
10199,15740487,Login Issue,Low,3.4
10200,15688264,Fraud Alert,Medium,11.4
10201,15686670,Card Problem,Medium,11.8
10202,15686670,Card Problem,Low,3.3
10203,15686670,Loan Query,Medium,12.2
10204,15593345,,Medium,7.7
10205,15593345,Fraud Alert,High,29.6
10206,15593345,Billing,Low,2.7
10207,15593345,Card Problem,High,21.6
10208,15811690,Login Issue,High,20.8
10209,15734008,Loan Query,Low,2.2
10210,15734008,Card Problem,Low,3.5
10211,15771856,Card Problem,Low,1.5
10212,15771856,Card Problem,Critical,27.2
ticket_10213,15762045,App Bug,Medium,11.4
10214,15762045,Fraud Alert,Medium,5.7
10215,15762045,Card Problem,Critical,71.0
10216,15721507,Login Issue,Low,3.8
10217,15750476,Fraud Alert,Medium,9.2
10218,15750476,App Bug,Low,2.6
10219,15750476,Login Issue,Low,1.6
10220,15810723,App Bug,Low,1.9
10221,15787229,Login Issue,Low,1.7
10222,15787229,Fraud Alert,Critical,52.3
10223,15570508,Card Problem,Medium,10.8
10224,15689786,Login Issue,High,17.5
10225,15689786,Card Problem,Low,2.1
10226,15689786,Loan Query,High,38.3
10227,15648876,Billing,Low,1.6
10228,15648876,Login Issue,Critical,66.3
10229,15802106,App Bug,High,30.3
10230,15773869,Fraud Alert,Critical,35.8
10231,15795527,App Bug,N/A,11.4
10232,15759133,Login Issue,High,
10233,15759133,App Bug,Medium,10.9
10234,15759133,Loan Query,Medium,7.5
10235,15759133,Card Problem,Critical,44.1
10236,15679394,Login Issue,Medium,11.2
10237,15801072,App Bug,Low,-1.0
10238,15801072,Login Issue,Medium,5.5
10239,15796111,Login Issue,Low,4.9
10240,15796111,Card Problem,High,24.3
10241,15578722,Fraud Alert,Critical,-5.0
10242,15578722,App Bug,Critical,34.5
10243,15815095,Card Problem,High,25.0
10244,15730360,Fraud Alert,Low,1.5
10245,15763194,Fraud Alert,Low,1.5
10246,15720725,Card Problem,High,25.9
10247,15720725,Loan Query,High,16.4
10248,15811742,Billing,Low,2.5
10249,15813363,App Bug,Low,1.1
10250,26771916,App Bug,Medium,5.7
10251,15813363,App Bug,Medium,9.9
10252,15717629,Loan Query,Medium,4.1
10253,15713160,App Bug,High,20.6
10254,15713160,Billing,Low,1.2
10255,15568878,Login Issue,Low,2.9
10256,15568878,App Bug,Low,1.6
10257,15568878,App Bug,Critical,25.0
10258,15736420,Loan Query,High,-1
10259,95845974,Login Issue,High,36.4
10260,15736420,App Bug,High,15.0
10261,15757933,Fraud Alert,Low,1.8
10262,15683993,Billing,Medium,10.7
10263,15683993,Billing,Low,2.5
10264,15570947,Login Issue,Low,1.8
10265,15797767,Billing,Low,3.5
10266,15797767,Loan Query,Critical,76.3
10267,15591035,Fraud Alert,Medium,4.7
10268,15586479,App Bug,Medium,7.8
10269,15605872,Fraud Alert,Low,1.3
10270,15666012,Fraud Alert,Critical,40.1
10271,15666012,Loan Query,Low,2.1
10272,15666012,Fraud Alert,Medium,7.8
10273,15641733,Fraud Alert,Low,2.1
10274,15641733,Card Problem,Medium,6.4
10275,15593178,Loan Query,MEDIUM,16.4
10276,15593178,Fraud Alert,Low,4.2
10277,15736399,Login Issue,Medium,10.6
10278,15736399,Login Issue,Medium,7.4
10279,15751137,Card Problem,Low,1.4
10280,15751137,Fraud Alert,High,19.4
10281,15757188,App Bug,Low,1.4
10282,15726167,Card Problem,Low,2.8
10283,15726167,App Bug,Low,1.2
10284,15726167,Login Issue,Medium,5.0
10285,48212242,Card Problem,Low,1.5
10286,15624850,Billing,Medium,9.5
10287,15624850,Card Problem,,1.9
10288,15624850,Fraud Alert,Low,2.0
10289,15717700,Loan Query,Medium,6.2
10290,15717700,Card Problem,Low,2.2
10291,15696287,Login Issue,Low,1.3
10292,15765093,Card Problem,Low,1.6
10293,15592999,Loan Query,Low,2.7
10294,15592999,Card Problem,Medium,-1.0
10295,15625311,App Bug,Low,1.3
10296,15573077,Fraud Alert,Low,3.4
10297,15573077,Loan Query,Critical,88.9
10298,15735106,App Bug,Medium,11.1
10299,15672912,App Bug,Medium,19.0
10300,15672912,Fraud Alert,Medium,17.6
10301,15660144,login issue,Low,1.8
10302,15660144,Loan Query,Medium,10.5
10303,15690898,App Bug,Low,1.2
10304,15690898,Card Problem,Medium,5.1
10305,15690898,Billing,Medium,11.8
10306,15808023,Card Problem,Medium,11.6
10307,15676909,Billing,Low,2.1
10308,15764922,Card Problem,Low,2.5
10309,15764922,App Bug,Low,2.8
10310,15764922,App Bug,High,13.9
10311,15808386,Loan Query,Critical,102.4
10312,15808386,Card Problem,Medium,15.3
10313,15808386,Billing,Critical,81.7
10314,15808386,Login Issue,Low,3.3
10315,15603565,Loan Query,Medium,14.8
10316,15603565,Loan Query,Medium,8.4
10317,15603565,Card Problem,Medium,9999.0
ticket_10318,15603565,Loan Query,Low,2.3
10319,15744044,Loan Query,Critical,43.0
10320,15744044,Fraud Alert,High,53.6
10321,15744044,App Bug,Medium,10.7
10322,15744044,Fraud Alert,Medium,13.9
10323,15577771,Loan Query,Medium,8.0
10324,15577771,Billing,Critical,51.2
10325,15577771,Fraud Alert,Medium,6.0
10326,15769548,Fraud Alert,Low,1.7
10327,15769548,Login Issue,Low,five
10328,15769548,Billing,High,21.4
10329,15802071,Card Problem,Medium,12.4
10330,15802071,Fraud Alert,High,25.9
10331,15802071,Loan Query,Low,2.3
10332,15677395,App Bug,Medium,5.8
10333,15677395,Card Problem,  Medium  ,9.9
10334,15632010,Card Problem,low,1.0
10335,15632010,Fraud Alert,Medium,9.9
10336,15632010,Loan Query,Low,2.4
10337,15779492,Card Problem,High,20.6
10338,15694677,Loan Query,Medium,7.2
10339,15694677,Billing,Medium,9.6
10340,15694677,Billing,High,34.8
10341,15704315,Fraud Alert,Medium,9.3
10342,15742009,Card Problem,Medium,6.9
10343,15742009,Card Problem,Medium,8.7
10344,15742009,Login Issue,Low,1.8
10345,15766663,App Bug,Low,2.1
10346,15766663,Login Issue,MEDIUM,8.1
10347,15766663,Login Issue,Low,1.7
10348,15766663,Loan Query,High,23.6
10349,15742297,Billing,Critical,67.4
10350,15688059,Loan Query,Low,2.8
10351,15752344,App Bug,Medium,10.8
10352,15752344,Card Problem,Medium,7.7
10353,15698749,Fraud Alert,Low,3.0
ticket_10354,15604536,Card Problem,Low,1.3
10355,15604536,Loan Query,Medium,8.6
10356,15802869,Loan Query,Medium,8.3
10357,15802869,App Bug,Low,2.4
10358,15635598,App Bug,Critical,63.6
10359,15635598,Fraud Alert,Medium,8.0
10360,15635598,Billing,High,13.3
10361,15622507,App Bug,Medium,7.6
10362,15765487,Card Problem,Low,1.5
10363,15765487,App Bug,Low,1.2
10364,15765487,Loan Query,Critical,
10365,15646521,Card Problem,High,34.1
10366,15646521,Login Issue,Low,1.2
10367,15640521,Card Problem,High,54.5
10368,15790630,Login Issue,Medium,8.0
10369,15790630,Loan Query,Low,4.8
10370,15790630,Card Problem,Medium,11.8
10371,15790630,Billing,Medium,8.0
10372,15644878,Card Problem,Low,2.3
10373,15761047,Login Issue,Low,1.7
10374,15761047,App Bug,Low,2.8
10375,15761047,Loan Query,Low,2.5
10376,15761047,Login Issue,Medium,6.9
10377,40208451,Fraud Alert,Low,1.6
10378,15687527,Card Problem,Low,1.9
10379,15647898,App Bug,Medium,19.9
10380,15647898,Fraud Alert,Medium,999.0
10381,15647898,Fraud Alert,Low,1.5
10382,15647898,Billing,Medium,6.7
10383,15671534,Loan Query,Low,2.9
10384,15671534,App Bug,Low,2.1
10385,15671534,Login Issue,Medium,13.7
10386,15591248,Card Problem,Medium,8.6
10387,15591248,Login Issue,Low,1.2
10388,15676156,Loan Query,Medium,11.3
10389,15676156,App Bug,High,18.4
10390,15700549,Fraud Alert,Low,2.7
10391,15700549,Fraud Alert,Low,2.9
10392,15707042,App Bug,Medium,6.7
10393,15707042,Login Issue,Medium,11.2
10394,15707042,Billing,Medium,9.1
10395,15605276,App Bug,Low,1.4
10396,15605276,App Bug,Medium,8.6
10397,15630592,Fraud Alert,Low,3.8
10398,15630592,Billing,Medium,17.7
10399,15630592,App Bug,Medium,18.2
10400,15636626,Billing,Low,1.4
10401,15636626,Fraud Alert,Low,1.6
10402,15636626,Loan Query,Low,2.5
10403,15593834,App Bug,Medium,7.5
10404,15593834,Login Issue,High,38.9
10405,15593834,Loan Query,Medium,6.3
10406,15593834,billing,Medium,11.1
10407,15636562,Billing,Low,2.6
10408,15702571,Card Problem,Medium,14.3
10409,15702571,Card Problem,Critical,57.8
10410,15627365,app bug,Low,1.2
10411,15748499,Loan Query,High,32.4
10412,15748499,Card Problem,High,16.0
10413,15598614,Login Issue,Medium,10.4
10414,15598614,Card Problem,Low,1.3
10415,15598614,Billing,Medium,11.8
10416,15598614,App Bug,High,24.4
10417,15668889,Loan Query,Medium,13.9
10418,15668889,Card Problem,Low,1.8
10419,15668889,Fraud Alert,Low,4.8
10420,15668889,App Bug,Critical,50.1
10421,15583724,App Bug,Medium,5.4
10422,15583724,Fraud Alert,Medium,7.1
10423,15622083,Loan Query,Low,1.3
10424,15622083,Card Problem,Medium,11.1
10425,15622083,Billing,Low,1.8
10426,15598266,Fraud Alert,Medium,5.7
10427,15598266,Billing,Medium,9.0
10428,15667934,Billing,Medium,6.6
10429,15667934,App Bug,Low,1.5
10430,15569682,Login Issue,Medium,13.4
10431,15569682,App Bug,Medium,13.5
10432,15569682,Loan Query,High,32.5
10433,15772941,Billing,High,12.3
10434,15772941,Login Issue,Medium,6.4
10435,15772941,Login Issue,Critical,65.3
10436,15586174,Loan Query,Low,1.5
10437,15803682,Billing,Low,2.5
10438,15627328,Card Problem,Low,3.0
10439,15717065,Loan Query,Low,1.8
10440,15721569,Loan Query,Medium,11.4
10441,15721569,Fraud Alert,Low,2.1
10442,15573798,Billing,Low,2.2
10443,15573798,Billing,Low,2.0
10444,15799859,Card Problem,Low,3.9
10445,15799859,Fraud Alert,Low,1.1
10446,15799859,Fraud Alert,Medium,16.9
10447,15599152,,Low,1.1
10448,15599152,Loan Query,High,17.2
10449,15599152,Loan Query,High,15.0
10450,15599152,Billing,Low,2.7
10451,15737909,App Bug,Medium,5.6
10452,15646190,Billing,High,48.0
10453,15646190,Card Problem,Low,2.3
10454,15711249,Fraud Alert,Medium,6.5
10455,15711249,Login Issue,Medium,9.9
10456,15671987,Login Issue,High,15.2
10457,15671987,Loan Query,Medium,7.5
10458,15778589,Loan Query,High,22.6
10459,15750104,Fraud Alert,Medium,9.2
10460,15750104,Fraud Alert,Low,1.4
10461,15784526,Card Problem,Medium,5.9
10462,15646563,Login Issue,Medium,7.8
10463,15744423,Fraud Alert,Critical,
10464,15785367,Loan Query,Low,1.1
10465,15785367,Fraud Alert,MEDIUM,4.0
10466,15687765,Billing,high,19.2
10467,15687765,Fraud Alert,,34.6
10468,15687765,Billing,Medium,5.8
10469,15789014,Loan Query,Critical,31.8
10470,15660263,App Bug,Low,1.4
10471,15660263,Card Problem,Medium,4.7
10472,15776545,App Bug,Medium,12.3
10473,15776545,Billing,Medium,12.9
10474,15683276,Billing,Medium,4.9
10475,15589541,Loan Query,Medium,9.2
10476,15589541,Login Issue,Medium,5.9
10477,15608804,App Bug,Low,1.1
10478,15645820,Fraud Alert,Medium,11.2
10479,15645820,Loan Query,Medium,6.8
10480,15645820,Loan Query,Medium,11.4
10481,15645820,App Bug,Medium,7.6
10482,15659031,Fraud Alert,Low,2.5
10483,15659031,Card Problem,Critical,44.1
10484,15790113,App Bug,Medium,7.3
10485,15790113,Billing,Low,3.7
10486,15697844,Billing,Medium,9.4
10487,15697844,Login Issue,High,45.8
10488,15697844,Card Problem,Critical,97.3
10489,15652048,Fraud Alert,Medium,5.6
10490,15587038,App Bug,Medium,10.5
10491,15587038,Loan Query,Low,4.2
10492,15700300,Loan Query,High,43.6
10493,15642001,App Bug,Low,3.4
10494,15657228,App Bug,Low,2.1
10495,15657228,Card Problem,Critical,30.5
10496,15657228,Fraud Alert,  Medium  ,4.6
10497,15657228,Login Issue,Medium,11.5
10498,15729377,Billing,Low,2.3
10499,15686913,Card Problem,High,16.5
10500,15686913,Fraud Alert,Low,2.4
10501,15686913,CARD PROBLEM,Low,2.1
10502,15631267,Login Issue,Low,1.6
10503,15631267,Card Problem,Medium,8.0
10504,15715907,Billing,Low,3.6
10505,15715907,Billing,Medium,11.0
10506,15764841,Fraud Alert,Medium,8.6
10507,15748649,Fraud Alert,Medium,7.6
10508,15748649,Billing,Low,1.2
10509,15771409,Login Issue,Low,1.9
10510,15771409,App Bug,Medium,19.4
10511,15771409,App Bug,Low,1.7
10512,15779207,Card Problem,High,26.4
10513,15779207,Card Problem,Medium,7.2
10514,15814116,App Bug,High,19.2
10515,15665087,Fraud Alert,Medium,5.5
10516,15729718,Billing,Medium,4.1
10517,15729718,Card Problem,High,24.0
10518,15729718,Card Problem,High,24.1
10519,15620103,Loan Query,Low,2.9
10520,15620103,App Bug,High,30.9
10521,15620103,Card Problem,Medium,11.8
10522,15800554,Fraud Alert,Critical,38.1
10523,15611409,App Bug,Medium,5.6
10524,15646535,Billing,High,26.7
10525,15646535,Fraud Alert,High,23.0
10526,15646535,Login Issue,Medium,11.4
10527,15575430,Card Problem,Low,1.8
10528,15711299,App Bug,Medium,5.2
10529,15711299,App Bug,Critical,49.7
10530,15642063,App Bug,Medium,11.6
10531,15642063,Loan Query,Medium,6.7
10532,15592773,Loan Query,High,25.6
10533,15592773,App Bug,Medium,5.8
10534,15786539,App Bug,High,19.4
10535,15786539,Login Issue,Medium,7.4
10536,15786539,Loan Query,Medium,11.3
10537,15737542,Billing,Unknown,11.8
10538,15737542,Billing,Low,1.8
10539,15590234,Fraud Alert,Low,3.4
10540,15590234,Fraud Alert,Medium,8.2
10541,15590234,Login Issue,High,19.4
10542,15590234,Fraud Alert,Low,2.9
10543,15735330,login issue,High,18.8
10544,15649430,Loan Query,Low,1.6
10545,15768777,Login Issue,Medium,5.3
10546,15777893,Loan Query,High,21.1
10547,15791326,Login Issue,Low,2.8
10548,15791326,Login Issue,High,22.1
10549,15735221,App Bug,Low,1.8
10550,15617991,Billing,Medium,8.6
10551,15617991,Card Problem,High,32.6
10552,15785705,Billing,Low,1.0
10553,15785705,Billing,  Medium  ,8.0
10554,15752578,Login Issue,Medium,6.8
10555,15792107,Billing,Low,1.9
10556,15569917,Card Problem,High,
10557,15569917,Card Problem,Low,3.5
10558,15569917,Loan Query,High,59.1
10559,15721504,App Bug,High,35.2
10560,15721504,Login Issue,low,1.8
10561,15721504,Card Problem,Medium,7.5
ticket_10562,15757306,Card Problem,Medium,5.1
10563,15757306,Billing,Medium,-5.0
10564,15757306,Fraud Alert,,3.5
10565,15647295,Loan Query,Medium,5.5
10566,15647295,Billing,Medium,11.4
10567,15647295,Login Issue,Low,2.5
10568,15647295,App Bug,Low,1.1
10569,15642098,App Bug,Low,3.3
10570,15642098,Loan Query,High,28.7
10571,15696120,Card Problem,Low,2.7
10572,15675176,Fraud Alert,Critical,50.8
10573,15700046,Billing,Low,1.1
10574,15700046,Billing,Low,2.6
10575,15782089,Login Issue,Medium,10.6
10576,15706394,Loan Query,Medium,7.0
10577,15759387,Loan Query,Low,2.6
10578,15759387,Card Problem,Low,2.3
10579,15623369,Card Problem,Critical,98.8
10580,15750545,Login Issue,Medium,19.4
10581,15750545,Billing,Medium,14.5
10582,15750545,Fraud Alert,High,999.0
10583,15809909,  Loan Query  ,Low,2.4
10584,15809909,Loan Query,Low,unknown
10585,15791944,Fraud Alert,low,3.0
10586,15791944,Login Issue,Low,3.0
10587,15791944,Login Issue,Medium,9.7
10588,15791944,Billing,Low,3.6
10589,15768342,Billing,Medium,11.6
10590,15778345,Login Issue,High,13.6
10591,15687634,Login Issue,Low,2.2
10592,15666096,Loan Query,Medium,8.2
10593,15666096,Card Problem,High,18.4
10594,15666096,App Bug,Medium,7.0
10595,15581700,Card Problem,Low,1.5
10596,85471769,Billing,Critical,40.8
10597,25551943,Fraud Alert,Medium,7.9
10598,15649101,App Bug,Medium,10.5
10599,15649101,Login Issue,High,29.5
10600,15781975,Billing,Low,4.0
10601,15781975,  Card Problem  ,Medium,5.6
10602,15781975,Loan Query,Low,1.1
10603,15781975,Billing,Medium,15.7
10604,15595010,Billing,Critical,70.8
10605,15595010,App Bug,Medium,6.7
10606,15580579,Login Issue,Critical,54.3
10607,15580579,Fraud Alert,Low,1.9
10608,15748532,Login Issue,Low,2.5
10609,15773789,App Bug,Medium,10.9
10610,15773789,App Bug,Medium,6.3
10611,15773789,Billing,Medium,7.7
10612,15600027,Fraud Alert,Medium,7.5
10613,15600027,Billing,High,13.4
10614,15620832,App Bug,Low,2.7
10615,15568819,Login Issue,Medium,4.3
10616,15568819,Card Problem,Low,3.6
10617,15568819,Loan Query,Low,3.0
10618,15583552,Login Issue,Low,2.5
10619,15713250,Loan Query,Low,1.8
10620,15713250,Loan Query,Critical,64.5
10621,15569595,Fraud Alert,High,five
10622,15569595,Loan Query,Medium,6.9
10623,15569595,Billing,Low,1.9
10624,15569595,Billing,Low,1.1
10625,15613699,Fraud Alert,Medium,2500.0
10626,15609758,Login Issue,Low,3.5
10627,15609758,Login Issue,Low,2.5
10628,15609758,Login Issue,Low,3.6
10629,15609758,Login Issue,High,30.4
10630,15762392,Card Problem,Low,2.5
10631,15762392,Billing,Medium,8.2
10632,15693382,Login Issue,Low,2.1
10633,15693382,Fraud Alert,Low,1.6
10634,15712483,Card Problem,Low,4.0
10635,15636454,Fraud Alert,Medium,13.6
10636,15636454,App Bug,Low,3.2
10637,15710138,Login Issue,Medium,12.0
10638,15710138,Card Problem,Low,1.7
10639,15710138,Billing,Critical,32.6
10640,15710138,Loan Query,High,33.9
10641,15598574,Billing,Medium,5.6
10642,15705506,Billing,High,24.7
10643,15705506,App Bug,Low,2.4
10644,15705506,Fraud Alert,High,23.6
10645,15599535,Fraud Alert,NULL,7.3
10646,15599535,Billing,Low,1.7
10647,15599535,Loan Query,Medium,6.8
10648,15599535,Loan Query,Low,2.1
10649,15725002,Loan Query,High,34.8
10650,15678779,Fraud Alert,Medium,8.4
10651,15752601,App Bug,Low,1.9
10652,15758477,Login Issue,Low,1.7
10653,15758477,Loan Query,Low,2.2
10654,15758477,Card Problem,High,14.5
10655,15629133,Loan Query,Medium,4.9
10656,15629133,Card Problem,High,22.0
10657,15604963,Loan Query,Medium,8.5
10658,15604963,Loan Query,Critical,51.1
10659,15604963,Fraud Alert,Low,2.4
10660,15796413,Loan Query,Medium,6.6
10661,15796413,Card Problem,Medium,8.8
10662,15812470,Login Issue,Low,1.2
10663,15587443,App Bug,Low,2.8
10664,15689692,Loan Query,Medium,11.1
10665,15779586,Card Problem,Medium,7.5
10666,15779586,Login Issue,Medium,9.8
10667,15667588,Loan Query,Low,2.4
10668,15667588,App Bug,Medium,10.3
10669,15624423,Loan Query,Medium,10.5
10670,15591107,Loan Query,High,50.5
10671,15793896,Billing,Medium,9.0
10672,15727811,Login Issue,Low,4.1
10673,15727811,Card Problem,Low,3.5
10674,15702030,Card Problem,Low,1.0
10675,15673238,App Bug,Critical,32.6
10676,15572361,Fraud Alert,Low,1.9
10677,15572361,Login Issue,Medium,6.2
10678,15572361,Fraud Alert,Medium,12.0
10679,15572361,App Bug,Critical,57.8
10680,15667460,Loan Query,Low,1.3
10681,15667460,Fraud Alert,Medium,11.3
10682,35792626,Login Issue,Low,2.6
10683,15654760,Loan Query,Medium,9.1
10684,15632669,App Bug,Low,1.3
10685,15632669,App Bug,Low,2.9
10686,15632669,Card Problem,Critical,38.5
10687,15613673,Fraud Alert,High,19.4
10688,15613673,Login Issue,Low,2.8
10689,15613673,Login Issue,Critical,65.1
10690,15674583,App Bug,Medium,4.3
10691,15665374,Fraud Alert,Low,1.4
10692,15665374,Billing,Critical,36.8
10693,15588854,Fraud Alert,Medium,6.1
10694,15588854,Login Issue,Medium,8.1
10695,15810716,App Bug,Low,1.7
10696,15810716,App Bug,Critical,65.5
10697,15569394,Card Problem,Low,1.2
10698,15569394,Loan Query,Low,2.0
10699,15788215,Billing,Low,4.9
10700,15575146,Fraud Alert,Low,2.3
10701,15608916,App Bug,Medium,8.2
10702,15608916,Card Problem,High,35.9
10703,15666297,Loan Query,Low,4.8
ticket_10704,15666297,Loan Query,Low,2.7
10705,15598586,Billing,Low,2.9
10706,15701738,Fraud Alert,Low,1.9
10707,15701738,Fraud Alert,Low,2.6
10708,15701738,Fraud Alert,Low,4.2
10709,15701738,Card Problem,Low,2.0
10710,15650591,Fraud Alert,High,18.6
10711,15650591,Fraud Alert,Low,4.4
10712,15650591,Loan Query,Low,3.3
10713,15679622,Loan Query,Medium,10.6
10714,15730150,App Bug,Low,2.8
10715,15730150,Loan Query,High,29.1
10716,15813192,App Bug,Low,-1.0
10717,15813192,Card Problem,High,18.2
10718,15606554,Login Issue,High,21.2
10719,15611794,Card Problem,Medium,6.8
10720,15611794,Login Issue,Medium,9.5
10721,15611794,Fraud Alert,High,30.3
10722,15672357,App Bug,Low,2.8
10723,15711759,Billing,High,33.3
10724,15615296,Loan Query,Low,3.2
10725,15615296,Loan Query,Critical,103.4
10726,15615296,Fraud Alert,Medium,17.3
10727,15699294,Loan Query,Low,2.0
10728,15788634,Billing,,10.0
10729,15618258,Loan Query,High,29.4
10730,15618258,Fraud Alert,Low,1.5
10731,15722535,App Bug,Low,1.3
10732,15690169,Login Issue,Medium,13.2
10733,15690169,Card Problem,High,26.2
10734,15690169,Card Problem,Low,4.5
10735,15790689,Card Problem,High,20.1
10736,15633608,Billing,Medium,6.4
10737,15633608,Billing,Medium,17.4
10738,15633608,Fraud Alert,Medium,19.4
10739,15805261,Billing,High,27.7
ticket_10740,15805261,App Bug,Low,2.3
10741,15808223,Billing,High,
10742,15808223,App Bug,Low,1.5
10743,15808223,Card Problem,  Medium  ,10.0
10744,15769980,Loan Query,Low,2.6
10745,15769980,Fraud Alert,High,29.2
10746,15769980,App Bug,Critical,55.5
10747,15769980,Card Problem,Medium,7.6
10748,15776494,App Bug,Low,1.1
10749,39099728,Fraud Alert,Low,3.1
10750,15776494,Loan Query,Medium,9.8
10751,15776494,Fraud Alert,Low,3.4
10752,15592412,App Bug,Low,3.9
10753,15692258,Card Problem,Low,1.5
10754,15791045,Card Problem,Low,1.9
10755,15807889,Fraud Alert,High,16.6
10756,15602043,Loan Query,Medium,9.7
10757,15602043,App Bug,Low,2.8
10758,15679453,Loan Query,Low,2.7
10759,15679453,Login Issue,High,42.4
10760,15679453,Loan Query,Medium,9.9
10761,15637315,Loan Query,Low,1.8
10762,15637315,App Bug,Low,1.8
10763,15691513,Card Problem,Low,2.3
10764,15691513,App Bug,Low,3.0
10765,15715184,Login Issue,Low,1.3
10766,15702801,Loan Query,Low,3.0
10767,15702801,Login Issue,Low,3.2
10768,15647306,Login Issue,Low,2.6
10769,15647306,Card Problem,High,39.3
10770,15647306,Card Problem,Low,2.7
10771,15647306,Billing,Low,1.5
10772,15655859,App Bug,Critical,55.7
10773,15675650,App Bug,High,17.1
10774,15675650,Fraud Alert,Medium,11.0
10775,15574119,Card Problem,Medium,11.6
10776,15574119,Login Issue,Medium,11.0
10777,15754168,Card Problem,Medium,10.8
10778,15765048,Login Issue,Low,1.7
10779,15765048,Billing,Low,2.7
10780,96500095,Billing,Medium,7.9
10781,15786215,Fraud Alert,Medium,10.3
10782,15707559,App Bug,Medium,8.5
10783,15707559,Fraud Alert,Medium,6.5
10784,15582129,Loan Query,Medium,5.8
10785,15582129,NULL,High,49.1
10786,15670898,Login Issue,Medium,17.1
10787,15700693,Login Issue,Medium,6.3
10788,15700693,Card Problem,Medium,4.6
10789,15677955,Loan Query,Low,2.9
10790,15677955,Loan Query,Medium,11.4
10791,15677955,App Bug,High,2500.0
10792,15677955,Billing,NULL,12.8
10793,15570086,Fraud Alert,Medium,6.4
10794,15794875,Billing,Medium,5.8
10795,15673591,Fraud Alert,High,45.3
10796,15673591,Card Problem,High,21.2
10797,15757617,Card Problem,Medium,5.6
10798,15612729,Login Issue,Medium,11.5
10799,15612729,Fraud Alert,Low,1.7
10800,15637857,App Bug,Low,2.9
10801,15637857,Login Issue,Medium,7.4
10802,15593622,Fraud Alert,Medium,6.0
10803,15593622,Fraud Alert,Low,1.1
10804,15593622,Fraud Alert,Medium,8.1
10805,15593622,Fraud Alert,High,25.1
10806,15629273,App Bug,High,36.1
10807,15629273,App Bug,Low,2.7
10808,15596013,App Bug,High,18.8
10809,15596013,App Bug,Low,3.1
10810,15596013,App Bug,High,21.7
10811,15722473,Card Problem,Low,2.0
10812,15722473,Fraud Alert,Low,1.5
10813,15774936,App Bug,Low,2.2
10814,15774936,Loan Query,Medium,8.1
10815,15566563,Card Problem,Medium,14.9
10816,15566563,Loan Query,Low,4.6
10817,15566563,Fraud Alert,Medium,N/A
10818,15566563,Loan Query,Low,4.0
10819,15768746,App Bug,Medium,4.4
10820,15689952,Login Issue,Medium,11.6
10821,15634501,Loan Query,Medium,5.6
10822,15634501,Login Issue,Low,2.9
10823,15571940,Billing,Critical,69.3
10824,15806822,Login Issue,Low,2.9
10825,15701166,Billing,Medium,10.2
10826,15701166,Login Issue,Medium,11.8
10827,15718531,App Bug,Medium,11.6
10828,15628308,Billing,High,13.8
10829,15628308,Loan Query,Medium,11.6
10830,15781619,App Bug,Low,3.6
10831,15781619,Loan Query,Low,3.2
10832,15781619,Fraud Alert,Medium,8.2
10833,15805162,Card Problem,Medium,11.1
10834,15588535,Login Issue,Low,1.7
10835,15775307,Fraud Alert,Low,2.4
10836,15775307,Fraud Alert,Medium,9.7
10837,15777616,Billing,Low,2.8
10838,15692291,Card Problem,High,51.2
10839,15692291,Card Problem,Low,4.3
10840,15692291,Loan Query,Low,1.8
10841,15692291,App Bug,Medium,4.5
10842,15606232,Login Issue,Medium,7.2
10843,15641585,Loan Query,Low,2.0
10844,15806389,Fraud Alert,Medium,7.0
10845,15641860,Fraud Alert,Low,2.6
10846,15641860,Card Problem,Medium,12.7
10847,15767064,Card Problem,Low,2.9
10848,15613427,Login Issue,Medium,8.0
10849,15613427,App Bug,Medium,6.3
10850,15613427,Card Problem,Low,2.1
10851,15748660,Billing,Medium,15.6
10852,15757473,Billing,Medium,5.4
10853,15757473,Billing,Low,1.2
10854,15757473,App Bug,High,13.8
10855,15715512,Card Problem,High,17.9
10856,18994341,Loan Query,Medium,15.8
10857,15679818,Login Issue,Low,4.0
10858,15685243,Loan Query,Medium,unknown
10859,15685243,Fraud Alert,Medium,8.5
10860,15638730,Loan Query,Low,2.3
10861,15638730,Billing,Medium,11.0
10862,15697034,Login Issue,Medium,10.3
10863,15699225,App Bug,Low,1.3
10864,15677387,Card Problem,High,18.4
10865,15595991,App Bug,High,21.5
10866,15595991,Loan Query,High,22.6
10867,15595991,Loan Query,Medium,5.8
10868,15595991,Login Issue,High,31.0
10869,15681332,Loan Query,Low,2.4
10870,15681332,Fraud Alert,Medium,8.6
10871,15681332,Login Issue,Low,1.6
10872,15681332,Loan Query,Low,2.7
10873,15750547,Card Problem,Critical,33.7
10874,15750547,Login Issue,Low,1.5
10875,15750547,Loan Query,Low,-5.0
10876,15566380,Login Issue,Low,1.6
10877,15566380,Fraud Alert,Medium,
10878,15566380,App Bug,High,18.4
10879,15675963,Loan Query,High,34.5
10880,15570299,Login Issue,High,24.8
10881,15613197,App Bug,Critical,70.1
10882,15798885,Card Problem,Medium,6.2
10883,15798885,Login Issue,Medium,4.0
10884,15798885,Card Problem,Low,2.4
10885,15714883,Login Issue,Medium,6.2
10886,15714883,Card Problem,Medium,6.7
10887,15714883,Fraud Alert,Low,2.4
10888,15604497,Login Issue,Low,1.9
10889,15604497,Fraud Alert,Low,1.8
10890,15774127,Loan Query,Low,1.3
10891,15619016,Loan Query,Low,2.3
10892,15619016,App Bug,Medium,5.0
10893,15795759,Billing,Medium,7.6
10894,15795759,Billing,Medium,5.2
10895,15795759,Billing,High,58.2
10896,15798844,Fraud Alert,Medium,18.5
10897,86962606,Fraud Alert,Low,2.2
10898,15798844,App Bug,Low,3.1
10899,15798844,Fraud Alert,High,34.8
10900,15717962,Billing,High,32.3
ticket_10901,15717962,Billing,Low,2.0
10902,15717962,Card Problem,Critical,37.7
10903,15717962,Loan Query,Low,1.9
10904,15693893,Login Issue,Medium,8.6
10905,15693893,Card Problem,Low,1.2
10906,15672499,Fraud Alert,Low,1.3
10907,15750410,App Bug,Low,1.3
10908,15750410,Billing,Low,2.6
10909,15568904,Fraud Alert,High,23.1
10910,15649033,Fraud Alert,High,54.8
10911,15649033,Fraud Alert,Low,2.9
10912,15780989,Loan Query,Critical,24.6
10913,15771059,Fraud Alert,,11.0
10914,15687852,Card Problem,High,26.2
10915,15687852,login issue,Low,2.8
10916,15592751,Billing,Critical,85.2
10917,15592751,Card Problem,High,52.9
10918,15592751,Loan Query,Medium,12.7
10919,15735784,Login Issue,Medium,10.0
10920,15735784,Billing,Low,1.8
10921,15642870,Billing,Low,1.1
10922,15637977,App Bug,Medium,7.4
10923,15637977,App Bug,Low,N/A
10924,15686588,Login Issue,High,24.9
ticket_10925,15686588,Billing,Medium,8.7
10926,15686588,Fraud Alert,Low,2.2
10927,15761018,App Bug,Medium,5.8
10928,15802758,Billing,Low,3.2
10929,15802758,Card Problem,Critical,70.5
10930,82349180,Login Issue,High,33.7
10931,15647838,App Bug,Low,2.0
10932,15647838,App Bug,Medium,13.4
10933,15735968,Billing,Low,1.4
10934,15735968,Login Issue,Medium,8.6
10935,15581286,Billing,Low,2.4
10936,15625445,Login Issue,Medium,11.9
ticket_10937,15600173,Login Issue,Low,2.1
10938,15635143,Card Problem,Low,3.0
10939,15635143,Login Issue,High,26.9
10940,15635143,Login Issue,Low,2.9
10941,15797165,Card Problem,Low,N/A
10942,15797165,Login Issue,Low,2.1
10943,15788189,Login Issue,Low,2.6
10944,15788189,Fraud Alert,Low,1.4
10945,15780492,  Loan Query  ,Medium,11.6
10946,15780492,Billing,Low,2.3
10947,15678497,App Bug,Low,five
10948,15678497,Login Issue,Low,1.9
10949,15678497,App Bug,High,38.7
10950,15678497,Loan Query,Medium,18.1
10951,15588560,Card Problem,Low,1.6
10952,15588560,Card Problem,Medium,9.8
10953,15588560,Billing,High,33.0
10954,15588560,Login Issue,Critical,30.0
10955,15611756,Billing,Medium,9.4
10956,15789563,App Bug,High,12.7
10957,15789563,Fraud Alert,High,56.3
10958,15789563,Fraud Alert,High,54.2
10959,15622774,Card Problem,Low,2.7
10960,15755416,Loan Query,High,30.3
10961,15755416,Card Problem,High,20.3
10962,15769915,Login Issue,Low,999.0
10963,15769915,Loan Query,Low,1.1
10964,15769915,  Fraud Alert  ,High,32.7
10965,15769915,Card Problem,Low,2.7
10966,15627395,App Bug,High,14.7
10967,15679663,Login Issue,Medium,4.9
10968,15651581,App Bug,Low,1.3
10969,15651581,App Bug,Low,4.0
10970,15651581,Card Problem,Low,1.7
10971,15596379,App Bug,Medium,8.1
10972,15596379,login issue,Medium,6.9
10973,15596379,Login Issue,Critical,55.7
10974,15596379,Card Problem,Medium,6.1
10975,15746674,Login Issue,High,19.3
10976,15801256,Login Issue,High,13.2
10977,15801256,Billing,Medium,4.8
10978,15801256,App Bug,High,17.2
10979,15598521,Billing,Medium,5.7
10980,15598521,App Bug,Low,2.7
10981,15598521,Card Problem,Medium,7.8
10982,15621457,Login Issue,Medium,11.0
10983,15764726,Fraud Alert,Low,1.1
10984,15716501,Billing,Medium,10.3
10985,15659677,Loan Query,Medium,8.6
10986,15659677,App Bug,Medium,8.3
10987,15659677,Loan Query,Medium,7.8
10988,15748995,App Bug,High,18.9
10989,15748995,App Bug,High,26.0
10990,15677062,Loan Query,Critical,40.9
10991,15697201,Loan Query,Medium,9.9
10992,15666453,Loan Query,  Critical  ,30.7
10993,15666453,Fraud Alert,Medium,10.4
10994,15693771,Fraud Alert,Low,3.8
10995,15693771,Loan Query,Low,4.8
10996,15693771,Fraud Alert,Low,4.2
10997,15569867,App Bug,High,32.7
10998,15711602,Billing,High,24.3
10999,15717736,Fraud Alert,Low,2.1
11000,15750441,Card Problem,Medium,6.7
11001,15732791,Card Problem,Low,1.5
11002,15732791,Loan Query,Low,1.9
11003,15793070,Fraud Alert,Low,3.3
11004,15793070,Billing,Medium,14.3
11005,15665385,Card Problem,Low,1.7
11006,15665385,Loan Query,Low,1.8
11007,15665385,Billing,Medium,4.8
11008,15612418,Billing,High,29.5
11009,15727138,Card Problem,Medium,5.3
11010,15732061,Fraud Alert,Low,4.1
11011,15732061,Loan Query,Medium,14.7
11012,15732061,Billing,Medium,11.3
11013,15732061,Fraud Alert,Critical,55.9
11014,15776051,Login Issue,Medium,8.1
11015,15776051,Card Problem,Critical,62.4
11016,15776051,Fraud Alert,Critical,65.5
11017,15616530,loan query,Low,4.7
11018,15616530,Fraud Alert,Low,1.1
11019,15616530,Loan Query,Low,2.2
11020,15616530,App Bug,Low,4.7
11021,15632344,Loan Query,Medium,11.4
11022,15632344,Login Issue,High,32.2
11023,15744979,Login Issue,Low,1.8
11024,15745433,Loan Query,Medium,10.7
11025,15665783,Billing,Low,1.4
11026,15665783,Fraud Alert,Low,1.3
11027,15652782,Billing,Medium,9.4
11028,15652782,  Login Issue  ,Critical,25.2
11029,15652782,Fraud Alert,Medium,10.3
11030,15707025,Card Problem,Low,1.1
11031,15707025,Loan Query,Critical,66.8
11032,15707025,Login Issue,Medium,6.5
11033,15647807,Loan Query,Low,1.4
11034,15718281,Fraud Alert,Low,3.1
11035,15718281,Loan Query,Low,3.7
ticket_11036,15727857,Login Issue,Medium,11.6
11037,15727857,Loan Query,Medium,5.2
11038,15639252,Fraud Alert,Low,1.9
11039,15628144,App Bug,Medium,6.5
11040,15628144,Loan Query,High,24.9
11041,15628144,Fraud Alert,Medium,5.1
11042,15683560,Card Problem,High,31.0
11043,15683560,Login Issue,high,27.4
11044,15653275,Fraud Alert,Medium,13.3
11045,15653275,Billing,Medium,15.0
11046,15653275,App Bug,Medium,-1.0
11047,15618437,Billing,Low,1.0
11048,15618437,Billing,  Low  ,2.5
11049,15783338,Card Problem,Medium,10.4
11050,15783338,Fraud Alert,High,18.8
11051,15783338,Card Problem,Low,2.0
11052,15764491,Fraud Alert,High,26.3
11053,15764491,Fraud Alert,Medium,8.2
11054,15764491,App Bug,High,18.6
11055,15712960,Fraud Alert,Low,2.9
11056,15712960,Loan Query,  Low  ,2.6
11057,15579287,Billing,High,22.5
11058,15579287,Fraud Alert,Critical,35.6
11059,15652169,Billing,Medium,7.0
11060,15652169,Loan Query,Medium,9.1
ticket_11061,15649450,Billing,Low,1.8
11062,15649450,App Bug,Low,2.1
11063,15803538,Fraud Alert,High,36.3
11064,15590094,Fraud Alert,Low,2.5
11065,15590094,Loan Query,Low,1.4
11066,15634564,Card Problem,Medium,8.6
11067,15634564,Loan Query,low,1.3
11068,15684296,App Bug,Critical,71.5
11069,15702293,Loan Query,Low,five
11070,15702293,Card Problem,Low,
11071,15800482,Loan Query,Low,1.4
11072,15713426,App Bug,Low,3.5
11073,76722809,Card Problem,Low,3.0
11074,15598892,Loan Query,Medium,7.9
11075,15598892,Login Issue,Low,1.4
11076,15598892,Fraud Alert,Medium,11.0
11077,15616088,Login Issue,Low,2.7
11078,15803886,App Bug,High,30.2
11079,15803886,App Bug,Low,2.9
11080,15587311,App Bug,High,25.2
11081,15587311,Login Issue,High,19.8
11082,97835829,App Bug,Medium,4.3
11083,15617401,Fraud Alert,Low,1.1
11084,15775886,App Bug,High,59.4
11085,15775886,Login Issue,Low,3.7
11086,15775886,Login Issue,High,24.0
11087,15775886,Fraud Alert,Medium,16.0
11088,15807305,Billing,Low,1.9
11089,15628008,Card Problem,Low,3.0
11090,15628008,Fraud Alert,Medium,11.7
11091,15661409,NULL,Low,2.5
11092,15661409,Fraud Alert,Medium,8.6
11093,15774250,Loan Query,Low,3.2
11094,15774250,Fraud Alert,Low,4.7
11095,15681476,Card Problem,Low,2.4
11096,15681476,App Bug,High,15.3
11097,15654870,Billing,Medium,6.4
11098,15654870,Billing,High,15.1
11099,15790448,Fraud Alert,Low,1.6
11100,15790448,App Bug,Low,3.0
11101,15785326,Loan Query,Low,2.1
11102,15592854,Billing,Medium,6.0
11103,15617486,Loan Query,High,22.8
11104,15617486,Login Issue,Medium,15.0
11105,15806796,App Bug,Low,1.7
11106,15806796,Billing,Medium,5.2
11107,15806796,Billing,High,33.9
11108,15622305,App Bug,Medium,8.7
11109,15622305,App Bug,Low,2.7
11110,15622305,Billing,Low,1.8
11111,15622305,Billing,Medium,8.4
11112,15608209,Loan Query,Low,1.6
11113,15626898,Loan Query,Low,3.0
11114,15644297,Fraud Alert,Low,1.0
11115,15731569,Loan Query,High,32.2
11116,15582149,Card Problem,High,32.1
11117,15582149,Fraud Alert,Medium,6.0
11118,15582149,Fraud Alert,High,33.4
11119,15802483,Billing,Low,2.9
11120,15802483,Login Issue,Medium,10.1
11121,15772479,Loan Query,,21.7
11122,15778884,Unknown,High,19.1
11123,15778884,App Bug,Low,2.3
11124,15778884,Login Issue,Medium,4.7
11125,15778884,Login Issue,Low,1.9
11126,15774316,Billing,High,15.2
11127,15774316,Loan Query,High,
11128,15695097,Login Issue,High,35.9
11129,15645404,Fraud Alert,Medium,8.2
11130,15645404,Login Issue,Medium,13.4
11131,15645404,Card Problem,High,40.3
11132,15750574,App Bug,Low,2.7
11133,15750574,Card Problem,Low,2.1
11134,15750574,Loan Query,Low,1.9
11135,15750574,Billing,High,32.9
11136,15636812,Billing,Medium,5.8
11137,15652030,Loan Query,Low,3.5
11138,15756848,NULL,Low,2.9
11139,15659656,Fraud Alert,Low,2.9
11140,15588341,Billing,Medium,4.7
11141,15588341,App Bug,Critical,62.5
11142,15627042,Card Problem,Low,2.3
11143,15627042,Fraud Alert,Low,2.3
11144,15627517,Fraud Alert,Low,2.0
11145,15803032,Card Problem,Low,2.9
11146,15665129,Billing,Low,2.6
11147,15665129,Fraud Alert,Medium,7.4
11148,15678206,Fraud Alert,Medium,9.6
11149,15678427,Billing,Low,1.6
11150,15678067,Login Issue,High,17.3
11151,15678067,Card Problem,Medium,6.7
11152,15678067,App Bug,Critical,25.2
11153,15699532,Card Problem,Low,1.1
11154,15699532,Billing,Low,2.4
11155,15605827,Login Issue,High,19.5
11156,15643635,Loan Query,High,29.3
11157,15787710,Billing,Medium,9.6
11158,15614137,Fraud Alert,Medium,5.7
11159,15754494,Login Issue,Critical,58.0
11160,15754494,Fraud Alert,Low,1.9
11161,15754494,Login Issue,Low,2.8
11162,15754494,Loan Query,Medium,7.7
11163,15713440,Login Issue,Low,1.3
11164,61326160,Loan Query,Low,1.2
11165,15713440,Billing,Medium,15.6
11166,15803479,Billing,Medium,7.0
11167,15803479,Billing,Low,2.4
11168,15709639,Billing,High,23.2
11169,15772482,App Bug,Medium,9.5
11170,15591489,Login Issue,Medium,6.7
11171,15629002,Login Issue,High,25.0
11172,15629002,Loan Query,Low,2.7
11173,15595426,Fraud Alert,Low,4.8
11174,15595426,Billing,High,
11175,15645815,Loan Query,High,26.5
11176,15645815,App Bug,Medium,7.9
11177,15791513,Fraud Alert,Low,2.5
11178,15791513,Billing,High,50.3
11179,15587210,App Bug,High,33.0
11180,15587210,Login Issue,Low,1.5
11181,15787756,Login Issue,High,46.6
11182,15787756,Login Issue,Low,2.7
11183,15787756,Login Issue,Low,3.6
11184,15787756,,Low,4.9
11185,15723437,Loan Query,Low,2.0
11186,15809872,Fraud Alert,Low,2.5
11187,15644295,Login Issue,Low,1.9
11188,15778694,Billing,Low,2.4
ticket_11189,15778694,Loan Query,Medium,9.3
11190,15759555,App Bug,Medium,8.7
11191,15759555,Loan Query,Medium,6.6
11192,15616676,Login Issue,Medium,11.9
11193,15616676,Fraud Alert,High,25.7
11194,15771154,Login Issue,Low,N/A
11195,15669491,Card Problem,Medium,10.7
11196,15697691,Login Issue,Low,2.0
11197,15697691,Billing,High,15.2
11198,15665180,Loan Query,High,26.6
11199,15665180,Login Issue,Medium,12.8
11200,15665180,Billing,High,51.8
11201,15769412,Fraud Alert,Low,4.8
11202,15578141,Loan Query,Medium,17.2
11203,15578141,Billing,Low,3.4
11204,15573045,Login Issue,Low,1.2
11205,15573045,Fraud Alert,Medium,10.1
11206,15773520,Fraud Alert,Medium,4.5
11207,15627439,Billing,Low,1.7
11208,15701439,Login Issue,Low,2.6
11209,15785352,Card Problem,High,20.3
11210,15785352,Fraud Alert,Medium,4.7
11211,15785352,Login Issue,Medium,5.4
11212,15785352,Billing,Medium,10.4
11213,15717489,Fraud Alert,Low,2.7
11214,15717489,Loan Query,Medium,15.1
11215,15795737,Card Problem,Medium,4.0
11216,15795737,App Bug,High,16.2
11217,15795737,Loan Query,Medium,9.8
11218,15693877,App Bug,Medium,8.5
11219,15693877,Fraud Alert,Low,1.4
11220,15595713,Card Problem,High,
11221,15808868,Card Problem,Medium,13.6
11222,15808868,Login Issue,Low,3.3
11223,15808868,Fraud Alert,Medium,5.9
11224,15697801,Billing,Medium,4.7
11225,15697801,Loan Query,Low,4.9
11226,15770121,Billing,Low,2.8
11227,15686236,Fraud Alert,Medium,unknown
11228,15659807,Card Problem,Critical,33.6
11229,15736078,Login Issue,High,39.3
11230,15736078,Login Issue,High,45.7
11231,15620836,Card Problem,Medium,7.2
11232,15698184,Billing,Medium,9.8
11233,15717643,Loan Query,Low,1.2
11234,15717643,Login Issue,Low,1.8
11235,15717643,Card Problem,Medium,9.1
11236,15776596,Fraud Alert,Low,3.7
11237,15776596,Billing,Medium,11.6
11238,15776596,Fraud Alert,Medium,7.7
11239,15814757,App Bug,High,16.4
11240,15814757,Loan Query,Low,2.7
11241,15814757,Loan Query,Medium,7.0
11242,15663888,login issue,High,21.5
11243,15663888,Card Problem,Medium,10.7
11244,15748882,App Bug,Low,1.3
11245,15690829,App Bug,Medium,18.1
11246,15690829,Loan Query,Low,4.3
11247,15690829,Billing,High,17.9
11248,15695819,App Bug,Medium,5.7
11249,15695819,Billing,High,13.0
11250,15695819,App Bug,Low,1.2
11251,15696834,Login Issue,Medium,5.9
11252,15797710,Fraud Alert,Critical,48.4
11253,56693128,App Bug,Medium,7.3
11254,15700654,Loan Query,Low,2.4
11255,15601030,Fraud Alert,Low,3.0
11256,15789557,Login Issue,Low,2.1
11257,15745250,Login Issue,Critical,51.8
11258,15745250,Fraud Alert,Medium,one hour
11259,15745250,Loan Query,Low,5.0
11260,15745250,Loan Query,Medium,7.8
11261,15590349,Fraud Alert,Low,2.9
11262,15590349,Fraud Alert,Low,9999.0
11263,15590349,Card Problem,Medium,19.3
11264,15668775,Card Problem,Medium,6.0
11265,15668775,Card Problem,Medium,8.8
11266,15774551,Login Issue,Medium,9.6
11267,15684011,Loan Query,Medium,6.8
11268,15684011,Card Problem,Low,2.6
11269,15736146,Loan Query,High,18.5
11270,15736146,Card Problem,Critical,37.0
11271,15656286,Card Problem,Low,1.7
11272,15774847,Card Problem,Low,2.1
11273,15815656,Billing,Medium,4.1
11274,15815656,App Bug,High,33.4
11275,15815656,Card Problem,Medium,9.5
11276,15623357,Loan Query,High,25.4
11277,15623357,Fraud Alert,Low,2.0
11278,15663770,Fraud Alert,Medium,10.5
11279,15663770,Billing,Medium,5.2
11280,15584620,Fraud Alert,Medium,7.9
11281,15750772,Card Problem,Medium,9.8
11282,15706557,Card Problem,Medium,7.0
11283,15706557,loan query,High,35.5
11284,15594391,Login Issue,Medium,18.0
11285,15631217,Card Problem,Medium,8.7
11286,15631217,Fraud Alert,High,25.4
11287,15588955,Billing,Low,2.8
11288,15588955,App Bug,Medium,16.5
11289,15758252,,High,27.0
11290,15805413,Billing,Low,2.5
11291,15805413,Fraud Alert,Medium,7.0
11292,15635116,Card Problem,Low,1.6
11293,15635116,Loan Query,High,18.7
11294,15635116,Card Problem,Medium,8.3
11295,15635116,Fraud Alert,Medium,9.4
11296,15764892,Login Issue,Medium,11.7
11297,15764892,Login Issue,Medium,8.7
11298,32634885,Billing,Low,3.0
11299,15795936,App Bug,Medium,6.9
11300,15795936,Card Problem,Medium,5.3
11301,15655232,Billing,Low,1.2
11302,15751524,App Bug,Medium,6.8
11303,15751524,Billing,Low,2.2
11304,15670552,Card Problem,Low,2.9
11305,15670552,Card Problem,High,14.5
11306,15752193,Billing,Low,3.0
11307,15607269,App Bug,Low,1.7
11308,15700752,App Bug,Medium,6.8
11309,15777901,App Bug,High,43.4
11310,15639117,Billing,High,58.5
11311,15639117,Fraud Alert,Low,1.6
ticket_11312,15639117,Fraud Alert,High,41.3
11313,15586236,Loan Query,Low,2.9
11314,15586236,Billing,Critical,118.2
11315,15715988,Loan Query,low,1.6
11316,15603749,Fraud Alert,Low,2.3
11317,15603749,Card Problem,Medium,12.0
11318,15603749,Fraud Alert,Low,4.7
11319,15608956,Billing,Low,1.3
11320,15733872,Login Issue,Low,1.5
11321,15733872,App Bug,Low,2.9
11322,15733872,App Bug,High,42.8
11323,15602647,App Bug,Critical,28.8
11324,15602647,Fraud Alert,Low,2.9
11325,15602647,App Bug,Low,3.9
11326,15602647,Billing,,57.0
11327,15623063,Fraud Alert,High,29.4
11328,15623063,Card Problem,Medium,12.0
11329,15682928,Login Issue,Low,2.1
11330,15682928,Billing,Medium,5.8
11331,15682928,Billing,High,22.7
11332,15588928,Loan Query,Medium,4.2
11333,15803352,Billing,Medium,9.3
11334,15803352,Billing,Medium,7.8
11335,15803352,Card Problem,High,20.2
11336,15607485,Login Issue,Critical,67.1
11337,15607485,App Bug,Medium,10.9
11338,15607485,Loan Query,Low,2.9
11339,15761783,Login Issue,Low,2.9
11340,15716605,Card Problem,Low,2.1
11341,15757425,Loan Query,Medium,8.0
11342,15603096,Fraud Alert,,14.8
11343,15603096,login issue,Medium,5.2
11344,15603096,Fraud Alert,Low,1.3
11345,15588580,Loan Query,High,30.9
11346,15572022,Loan Query,High,13.1
11347,15571843,Login Issue,Low,1.4
11348,15571843,Card Problem,Low,1.4
11349,15609058,Loan Query,Medium,4.5
11350,15775108,Fraud Alert,Low,1.7
11351,15708904,Billing,Medium,7.3
11352,15814675,App Bug,Medium,4.2
11353,15814675,App Bug,Medium,13.8
11354,15814675,Login Issue,Low,1.2
11355,15814675,Billing,High,37.2
11356,15572777,Billing,Low,2.6
11357,15572777,App Bug,High,33.2
11358,15585106,Billing,Low,2.6
11359,15738936,App Bug,Medium,4.0
11360,15750970,Fraud Alert,Medium,6.1
11361,15750970,Login Issue,High,34.3
11362,15750970,Card Problem,Critical,66.4
11363,15750970,App Bug,Critical,35.7
11364,15692106,Card Problem,Critical,116.0
11365,15791533,Login Issue,Low,3.0
11366,15791533,Card Problem,Medium,10.8
11367,15791533,Fraud Alert,N/A,7.7
11368,15715715,Card Problem,High,12.6
11369,15576990,Login Issue,Medium,11.4
11370,15576990,Login Issue,Medium,5.3
11371,15576990,App Bug,Low,2.3
11372,15576990,Fraud Alert,Medium,6.1
11373,15615352,Loan Query,Low,2.4
11374,15647333,Billing,Medium,9.5
11375,15647333,App Bug,Medium,6.6
11376,15647333,Fraud Alert,Medium,8.2
11377,15647333,Card Problem,Low,2.6
11378,15572050,Billing,Low,3.8
11379,15572050,App Bug,High,21.5
11380,15581370,Login Issue,Medium,8.8
11381,15813503,Card Problem,Medium,10.7
11382,15813503,Card Problem,Low,1.0
11383,15769783,Billing,Critical,37.1
11384,15769783,Card Problem,Medium,11.4
11385,15793135,App Bug,Medium,
11386,15599182,Login Issue,Medium,4.4
11387,15599182,Loan Query,Medium,11.8
11388,15689517,Billing,Medium,12.0
11389,15641366,Loan Query,Critical,89.8
11390,15641366,App Bug,Medium,15.7
11391,15588859,Fraud Alert,Low,1.3
11392,15568032,Billing,Medium,4.5
11393,15568032,Login Issue,Critical,42.1
11394,15568032,Card Problem,Medium,11.3
11395,15606601,Billing,Low,1.2
11396,15606601,Billing,Critical,68.8
11397,15800811,Loan Query,Low,2.3
11398,15610711,Login Issue,Medium,6.4
11399,15610711,Billing,Low,2.7
11400,15610711,Login Issue,Low,2.4
11401,15809654,Card Problem,Low,2.5
11402,15809654,Loan Query,Low,2.1
11403,15809654,App Bug,Low,2.3
11404,15576077,Login Issue,Critical,30.5
11405,15576077,Loan Query,Medium,8.1
11406,15643378,Login Issue,Medium,5.7
11407,15566790,Login Issue,Low,1.2
11408,15566790,Billing,Low,2.8
11409,15605916,Card Problem,Medium,11.4
11410,15605916,Card Problem,Medium,12.3
11411,15605916,Billing,Low,4.8
11412,15605916,Billing,Low,2.9
11413,15644179,Login Issue,Low,1.6
11414,15771674,Card Problem,Medium,8.5
11415,15623314,App Bug,Critical,56.6
11416,15613292,Card Problem,Low,1.8
11417,15613292,Fraud Alert,Medium,6.4
11418,15613292,Billing,Low,1.3
11419,44268537,Login Issue,High,22.7
11420,15813871,App Bug,Medium,6.1
11421,15813871,Login Issue,Low,1.3
11422,15813871,Billing,Medium,4.1
11423,15759480,App Bug,Medium,10.7
11424,15671165,App Bug,Low,2.5
11425,15671165,Login Issue,Low,2.7
11426,15620746,Loan Query,Low,2.9
11427,15620746,App Bug,Critical,51.5
11428,15620746,Billing,Medium,-1.0
11429,15620746,Login Issue,Medium,8.9
11430,15706537,Billing,Low,2.1
11431,15706537,Billing,Medium,9.1
11432,15589312,Card Problem,High,29.2
11433,15589312,Login Issue,Medium,10.6
11434,15589312,Loan Query,Low,2.8
ticket_11435,15589312,Billing,High,23.0
11436,15741180,Loan Query,Low,2.7
11437,15741180,App Bug,Low,1.1
11438,15733888,Fraud Alert,Medium,12.2
11439,15733888,Login Issue,Low,3.7
11440,15733888,App Bug,Low,4.1
11441,15798532,App Bug,Low,1.4
11442,15577359,Billing,Low,3.9
11443,15577359,Card Problem,Medium,16.9
11444,15577359,Card Problem,Medium,12.9
11445,15577359,Billing,Medium,10.5
11446,15614936,Loan Query,Low,2.3
11447,15614936,Billing,Low,1.7
11448,15614936,Billing,High,16.0
11449,15747647,Card Problem,Medium,8.6
11450,15588566,Login Issue,Low,2.9
11451,15800793,App Bug,Medium,10.5
11452,15800793,Billing,Medium,5.0
11453,15572415,Loan Query,Medium,9.7
11454,15572415,App Bug,Low,1.6
11455,15572415,Login Issue,Critical,28.4
11456,15572415,Fraud Alert,Low,2.3
11457,15635125,Fraud Alert,Medium,7.0
11458,15635125,Billing,Medium,7.6
11459,15636551,Login Issue,Medium,5.6
11460,15600912,App Bug,High,999.0
11461,15650266,Fraud Alert,High,24.4
11462,15621004,Fraud Alert,Low,2.3
11463,15621004,Login Issue,Critical,102.5
11464,15748352,Fraud Alert,High,28.6
11465,15748352,Loan Query,Medium,7.0
11466,15788920,App Bug,Low,1.5
11467,15788920,Card Problem,High,28.3
11468,15743236,Loan Query,Medium,18.6
11469,15743236,Fraud Alert,Medium,15.3
11470,15743236,Loan Query,Low,3.5
11471,15637717,  Billing  ,Medium,7.9
11472,15637717,App Bug,Low,1.4
11473,15634792,Billing,Low,1.9
11474,15607560,App Bug,Medium,6.5
11475,15727177,Login Issue,Low,3.6
11476,15727177,,Low,4.1
11477,15774358,Billing,High,52.7
11478,15791304,App Bug,Low,1.4
11479,15791304,App Bug,Low,2.9
11480,15603328,Billing,Low,-1
11481,15804937,Login Issue,Medium,
11482,15804142,App Bug,High,41.0
11483,15702434,Fraud Alert,Medium,N/A
11484,15589019,Card Problem,High,27.9
11485,15677796,Fraud Alert,Low,2.9
11486,15677796,Billing,High,35.2
11487,15760177,Login Issue,Low,2.7
11488,15760177,Fraud Alert,Medium,8.5
11489,15636595,Card Problem,Critical,unknown
11490,15672905,App Bug,Low,1.8
11491,15753955,Fraud Alert,High,27.2
11492,15708504,Fraud Alert,Low,1.5
11493,15708504,Login Issue,Critical,70.4
11494,15708504,Login Issue,Medium,5.8
11495,15790455,Billing,Medium,11.9
11496,15572174,App Bug,High,24.7
11497,15572174,Loan Query,Critical,44.2
11498,15569626,Loan Query,Low,1.2
11499,15569626,Login Issue,Low,1.7
11500,15569626,App Bug,High,13.0
11501,15608726,App Bug,Medium,4.9
11502,15608726,Login Issue,Low,1.8
11503,15608726,Loan Query,Medium,8.9
11504,15608726,Billing,Low,2.5
11505,15778049,App Bug,Medium,7.9
11506,15778049,Fraud Alert,Medium,9.2
11507,15727421,App Bug,Medium,5.7
11508,15688865,App Bug,Low,1.7
11509,15751032,Card Problem,Low,1.5
11510,15751032,App Bug,Low,2.4
11511,15751032,Fraud Alert,Medium,9.2
11512,15746515,Loan Query,Low,2.7
11513,15746515,Billing,Low,3.9
11514,15664311,App Bug,Low,1.6
11515,15708139,Card Problem,Low,1.7
11516,15708139,App Bug,Medium,11.7
11517,15768574,Login Issue,Low,1.6
11518,15738018,Fraud Alert,Medium,10.4
11519,15699753,Billing,High,15.4
11520,15699753,App Bug,Low,2.8
11521,15699753,Fraud Alert,Low,1.2
11522,15703199,Loan Query,Low,1.6
11523,15703199,Login Issue,MEDIUM,6.6
11524,15627830,Card Problem,Low,1.7
11525,15627830,Fraud Alert,Low,1.8
11526,15627830,Login Issue,High,18.9
11527,15584453,Fraud Alert,Low,1.6
11528,15584453,Loan Query,Low,1.7
11529,15584453,App Bug,Low,1.8
11530,15710111,Billing,Low,2.5
11531,15618562,Loan Query,Low,2.1
11532,15618562,FRAUD ALERT,High,17.9
11533,15618562,Card Problem,Low,4.7
11534,15706764,Fraud Alert,Critical,35.7
11535,15706764,Login Issue,Medium,11.6
11536,15706764,Fraud Alert,High,30.1
11537,15798737,Card Problem,Medium,7.9
11538,15798737,Card Problem,High,14.3
11539,15798737,FRAUD ALERT,Low,1.2
11540,15703544,Login Issue,Medium,4.4
11541,15709643,Login Issue,Medium,11.4
11542,15669805,App Bug,Medium,11.3
11543,15669805,App Bug,Critical,68.7
11544,15628715,App Bug,Medium,5.2
11545,15813283,Fraud Alert,Low,2.8
11546,15598485,Loan Query,Low,2.8
11547,15696552,Card Problem,Medium,11.6
11548,15696552,,High,28.0
11549,15754569,Loan Query,Medium,11.2
11550,15754569,App Bug,Medium,9.8
11551,15754569,Fraud Alert,High,28.3
11552,15701741,App Bug,Critical,43.7
11553,15701741,Loan Query,Medium,4.7
11554,15682467,Loan Query,Medium,4.3
11555,15682467,Loan Query,Medium,4.7
11556,15790744,Login Issue,Medium,4.3
11557,15625023,Fraud Alert,Low,1.5
11558,15731267,App Bug,Medium,9.6
11559,15742879,App Bug,Low,2.4
11560,15742879,App Bug,Critical,one hour
11561,15742879,  Fraud Alert  ,High,13.7
11562,15757015,Loan Query,Medium,11.4
11563,15757015,Login Issue,Critical,28.5
11564,15757015,Fraud Alert,High,24.4
11565,15757015,Login Issue,High,25.1
11566,15617304,Card Problem,High,23.6
11567,15617304,Card Problem,High,27.8
11568,15617304,Loan Query,Medium,7.1
11569,15617304,Billing,Medium,5.2
11570,15704466,Billing,Critical,62.8
11571,15605534,Login Issue,Low,1.9
11572,15605534,Loan Query,Medium,13.5
11573,15605534,Card Problem,Medium,4.4
11574,15605534,Fraud Alert,Medium,13.8
11575,15792473,Fraud Alert,Low,4.2
11576,15766017,Billing,Low,1.1
11577,15766017,Fraud Alert,Medium,11.9
11578,15766017,Billing,Medium,6.1
11579,15777060,Loan Query,Low,1.8
11580,15777060,Billing,Low,2.6
11581,15599976,Card Problem,Critical,27.1
11582,15752809,Fraud Alert,Low,1.8
11583,15589698,Billing,Medium,12.1
11584,15609977,Fraud Alert,Low,2.6
11585,15750121,Card Problem,Low,1.5
11586,15750121,Fraud Alert,Low,2.8
11587,15734177,Loan Query,Medium,5.3
11588,15734177,Fraud Alert,Low,2.3
11589,15781347,App Bug,Low,2.2
11590,15781347,Card Problem,Medium,6.7
11591,15781347,Card Problem,Medium,10.8
11592,15781347,Billing,Low,1.6
11593,15592025,Billing,Critical,42.1
11594,15592025,Login Issue,Medium,7.5
11595,15670163,Fraud Alert,Medium,9.8
11596,15670163,Billing,High,28.6
11597,15765402,Loan Query,High,25.4
11598,15602354,app bug,Low,2.1
11599,15602354,Card Problem,Medium,8.7
11600,15579183,Card Problem,Medium,9.8
11601,15584899,Billing,Medium,11.9
11602,15682489,App Bug,Medium,5.5
11603,15682489,Login Issue,Medium,11.9
11604,15766787,Loan Query,Medium,4.6
11605,15766787,Billing,Medium,10.0
11606,15690744,App Bug,  Medium  ,8.9
11607,15690744,App Bug,Medium,8.5
11608,15690744,Loan Query,Medium,10.8
11609,15673084,Fraud Alert,Medium,-5.0
11610,15743709,Loan Query,High,31.8
11611,15743709,Login Issue,Medium,7.7
11612,29157167,Card Problem,Medium,7.1
11613,15743709,Loan Query,High,
11614,15610343,Loan Query,Low,2.9
11615,15610343,Login Issue,Low,3.4
11616,15610343,App Bug,Medium,18.3
11617,15610343,Card Problem,Critical,115.8
11618,15788480,Loan Query,Low,4.7
11619,15788480,Billing,Low,4.3
11620,15788480,Billing,Medium,16.4
11621,15568519,Billing,Medium,10.1
11622,15792453,Card Problem,Low,1.5
11623,15792453,Billing,Low,2.5
11624,15658100,Loan Query,Medium,6.4
11625,15658100,Loan Query,Low,1.7
11626,15658100,App Bug,Low,2.1
11627,15749807,Card Problem,Medium,4.3
11628,15749807,  App Bug  ,Low,1.8
11629,15773876,App Bug,Medium,11.7
11630,15591698,Login Issue,High,47.4
11631,15591698,Billing,Medium,15.7
11632,15591698,  App Bug  ,Medium,12.3
11633,15712813,Billing,Medium,15.0
11634,15712813,Login Issue,Medium,7.1
11635,15712813,Card Problem,Low,4.0
11636,15763898,Login Issue,High,20.0
11637,15793324,Loan Query,Critical,24.0
11638,15793324,Card Problem,Medium,10.5
11639,15793324,Card Problem,Medium,7.8
11640,15757759,billing,Low,1.3
11641,15757759,Loan Query,Low,2.9
11642,15796230,Fraud Alert,Critical,60.4
11643,15796230,Billing,Low,2.4
11644,15796230,Loan Query,Low,2.4
11645,15611729,Card Problem,Low,4.7
11646,15650751,Fraud Alert,Medium,9.9
11647,15641413,App Bug,Medium,16.8
11648,15641413,App Bug,High,40.9
11649,15753840,Billing,High,38.7
11650,15753840,Login Issue,Medium,15.6
11651,15753840,App Bug,Low,1.9
11652,15669994,Card Problem,Critical,43.6
11653,15695301,Loan Query,Critical,44.6
11654,15695301,Card Problem,Low,2.9
11655,15792004,Fraud Alert,High,28.9
11656,15603035,Card Problem,Low,2.7
11657,15717286,Billing,Low,2.5
11658,15577107,Card Problem,Low,1.1
11659,15705676,Loan Query,Low,1.8
11660,15684395,Billing,Low,1.1
11661,15684395,Billing,Medium,19.6
11662,15684395,App Bug,Low,1.9
11663,15659949,Login Issue,Medium,8.6
11664,15659949,Loan Query,High,22.1
11665,15659949,Login Issue,Medium,7.0
11666,15659949,Loan Query,High,25.7
11667,15812422,Card Problem,Medium,4.7
11668,15806941,Card Problem,Medium,5.4
11669,15637690,Loan Query,Low,3.6
11670,15632882,App Bug,Medium,7.9
11671,15632882,App Bug,Low,2.0
11672,15632882,App Bug,Critical,98.9
11673,15661034,Billing,Medium,10.4
11674,15661034,Login Issue,Medium,13.1
11675,15661034,Billing,Medium,4.6
11676,15661034,App Bug,Low,3.1
11677,15811958,App Bug,Medium,4.4
11678,15811958,App Bug,Low,2.1
11679,15785167,Card Problem,Medium,4.6
11680,15646720,Billing,Low,2.8
11681,15646720,App Bug,High,-5.0
11682,15646720,Card Problem,Low,4.0
11683,15646720,Loan Query,Low,3.3
11684,15658614,Login Issue,Medium,8.6
11685,15704657,Loan Query,Medium,17.5
11686,15704657,Card Problem,Low,1.2
11687,15701319,Fraud Alert,Medium,16.0
11688,15701319,Login Issue,Low,4.0
11689,15701319,Card Problem,Critical,112.5
11690,15745266,Loan Query,Critical,29.8
11691,15745266,Fraud Alert,Critical,26.4
11692,15745266,Card Problem,High,17.7
11693,15764314,Card Problem,Medium,11.9
11694,15764314,Login Issue,Medium,9.7
11695,15764314,Billing,Medium,11.0
11696,15649297,Login Issue,Low,1.7
11697,15649297,App Bug,High,25.9
11698,15649297,Fraud Alert,Low,2.4
11699,15641110,Loan Query,Low,2.3
11700,15660608,Card Problem,Medium,7.0
11701,15660608,App Bug,High,22.2
11702,15660608,Login Issue,Medium,5.9
11703,15660608,Billing,Critical,25.0
11704,15806570,App Bug,Low,2.1
11705,15806570,Loan Query,High,58.1
11706,15806570,Login Issue,Medium,18.7
11707,15806570,Card Problem,Low,3.9
11708,15715345,Fraud Alert,Critical,25.1
11709,15755521,Billing,Low,4.1
11710,15755521,Billing,Low,5.0
11711,15755521,Loan Query,Low,2.1
11712,15579074,App Bug,High,32.3
11713,15641158,App Bug,Low,3.0
11714,15641158,App Bug,Medium,18.4
11715,15752507,Fraud Alert,High,30.1
11716,15752507,App Bug,Low,1.5
11717,15597983,Billing,Low,1.0
11718,15597983,App Bug,Medium,8.3
11719,15586069,App Bug,Low,1.9
11720,15586069,Fraud Alert,Medium,6.0
11721,15586069,Fraud Alert,High,34.4
11722,15655082,Card Problem,Low,2.1
11723,15655082,Billing,High,
11724,27244632,Fraud Alert,Low,1.5
11725,15720155,Billing,Low,4.7
11726,15582116,Billing,Low,3.0
11727,15582116,Billing,Medium,10.9
11728,15632069,Login Issue,High,12.9
11729,15632069,Fraud Alert,Medium,7.7
11730,15632069,Loan Query,Medium,7.0
11731,15663134,Billing,Medium,
11732,15663134,Fraud Alert,High,N/A
11733,15766683,App Bug,Medium,unknown
11734,15709232,Loan Query,Medium,7.0
11735,15709232,Login Issue,Critical,9999.0
11736,15709232,Loan Query,Critical,unknown
11737,15709232,Loan Query,High,16.6
11738,56815258,App Bug,Low,1.6
11739,15578747,App Bug,High,20.0
11740,15675626,Billing,Low,2.6
11741,15675626,Loan Query,High,23.8
11742,15590011,Loan Query,Medium,6.8
11743,15719479,Billing,Medium,6.5
11744,15719479,Billing,Medium,5.7
11745,15575147,App Bug,High,19.3
11746,15575147,Login Issue,Low,2.2
11747,15575147,Fraud Alert,Low,1.4
11748,15648367,Login Issue,High,9999.0
11749,15648367,Card Problem,High,27.1
11750,15758031,Loan Query,Medium,10.3
11751,15758031,Fraud Alert,High,12.0
11752,15751771,Fraud Alert,Low,2.8
11753,15775809,Card Problem,Medium,10.9
11754,15743076,App Bug,Medium,5.2
11755,15756321,Billing,Medium,17.5
11756,15756321,Loan Query,Low,3.8
11757,15706799,Fraud Alert,Unknown,13.6
11758,15706799,Fraud Alert,Medium,9.8
11759,15706799,Fraud Alert,Medium,12.5
11760,15706799,Fraud Alert,High,18.0
11761,15775703,App Bug,High,43.8
11762,15704651,Fraud Alert,Medium,11.6
11763,15806771,App Bug,High,34.4
11764,15806771,Login Issue,Low,3.6
11765,15806771,App Bug,Low,2.6
11766,15806771,Billing,Low,1.6
11767,15566735,Billing,Medium,4.9
11768,15775949,Fraud Alert,Low,2.3
11769,15586752,Login Issue,Medium,4.7
11770,15586752,Fraud Alert,Low,2.5
11771,15755330,Card Problem,Low,3.3
11772,15755330,App Bug,High,43.1
11773,15605072,Loan Query,Critical,49.1
11774,15605072,Login Issue,Low,2.9
11775,15605072,Billing,Low,2.9
11776,15617538,Billing,Low,1.9
11777,15617538,Card Problem,Medium,9.6
11778,15617538,Loan Query,Medium,5.6
11779,15692142,Fraud Alert,Medium,4.4
11780,15677136,Login Issue,Low,2.8
11781,15677136,Billing,Medium,5.9
11782,15677136,Login Issue,High,27.9
11783,15677136,Fraud Alert,High,23.8
11784,15677828,Fraud Alert,Medium,9.2
11785,15567897,Fraud Alert,Medium,5.5
11786,15793641,Card Problem,Low,2.5
11787,15793641,Card Problem,Medium,10.8
11788,15630511,Card Problem,Low,1.8
11789,15630511,App Bug,Critical,63.2
11790,15717191,App Bug,Low,4.7
11791,15717191,Billing,Low,5.0
11792,15717191,Billing,Medium,7.5
11793,15710053,Loan Query,Low,2.9
11794,15710053,Login Issue,Medium,10.9
11795,15710053,Login Issue,Low,2.4
11796,15580043,Login Issue,Medium,10.1
11797,15580043,Card Problem,Low,1.2
11798,15580043,Fraud Alert,Low,1.2
11799,15684669,Card Problem,High,39.3
11800,15684669,Card Problem,Medium,4.3
11801,15684669,Login Issue,High,17.7
11802,15692207,Loan Query,High,20.0
11803,15692207,Card Problem,Medium,9.4
11804,15692207,Billing,High,17.1
11805,15692207,App Bug,Low,2.9
11806,15749688,Login Issue,Medium,6.9
11807,15749688,Login Issue,Medium,8.1
11808,15749688,Fraud Alert,Medium,4.1
11809,15760063,Login Issue,High,32.9
11810,15658982,Login Issue,Critical,113.6
11811,15758769,App Bug,Critical,29.2
11812,87299359,Card Problem,High,55.1
11813,15568164,Fraud Alert,Medium,4.0
11814,15568164,Card Problem,Low,1.3
11815,15568164,Fraud Alert,Critical,61.4
11816,15601569,App Bug,Medium,7.6
11817,15601569,Login Issue,Medium,13.5
11818,15601569,Billing,Low,-1.0
11819,15672983,Fraud Alert,High,-5.0
11820,15672983,Fraud Alert,Low,2.7
11821,15799534,App Bug,High,32.9
11822,15799534,Fraud Alert,Low,1.7
11823,15799534,Loan Query,Medium,10.2
11824,15799534,Card Problem,Low,2.2
11825,15612478,Billing,Low,3.7
11826,15612478,Login Issue,Medium,7.7
11827,15802009,Billing,Critical,31.7
11828,15802009,Loan Query,Medium,7.0
11829,15802009,Fraud Alert,Low,1.2
11830,15802009,Card Problem,Medium,4.4
11831,15685947,Fraud Alert,Low,2.0
11832,15643048,Fraud Alert,Medium,6.5
11833,15597591,Fraud Alert,Low,3.0
11834,15597591,App Bug,Medium,7.5
11835,15597591,App Bug,Low,1.3
11836,15756655,Login Issue,High,25.9
11837,15756655,App Bug,Low,2.3
11838,15756655,Unknown,Low,2.7
11839,15756655,Login Issue,High,32.3
11840,15601012,Card Problem,Medium,10.8
11841,15601012,Card Problem,Low,4.1
11842,15724269,Billing,Medium,9.8
11843,15567506,App Bug,Medium,12.3
11844,15567506,  Billing  ,Medium,17.3
11845,15585985,Card Problem,Medium,7.0
11846,15585985,App Bug,High,17.8
11847,15585985,Login Issue,Low,2.2
11848,15804104,Loan Query,High,33.6
11849,15804104,App Bug,Low,2.1
11850,15727619,Card Problem,High,34.2
11851,15727619,Login Issue,Low,3.5
11852,15727619,App Bug,Low,2.6
11853,15727619,Card Problem,Critical,56.0
11854,15740237,App Bug,Low,2.0
11855,15740237,Card Problem,Medium,7.0
11856,15801436,App Bug,Medium,15.3
11857,15801436,Card Problem,Medium,7.5
11858,15705735,Login Issue,Low,1.0
11859,15624892,Billing,Medium,8.8
11860,15624892,Login Issue,Medium,9.8
11861,15624892,Loan Query,High,33.1
11862,15584785,Login Issue,Critical,41.2
11863,15584785,Login Issue,Low,2.3
11864,15584785,Card Problem,Low,1.1
11865,15574858,Loan Query,Medium,4.7
11866,15574858,Billing,Low,1.2
11867,15574858,App Bug,Low,1.3
11868,15574858,Billing,Low,3.0
11869,15743245,App Bug,High,47.3
11870,15743245,Billing,Critical,28.9
11871,15791535,App Bug,Low,2.6
11872,15791535,Billing,Critical,70.1
11873,15605215,Card Problem,Low,2.5
11874,15771749,Fraud Alert,Critical,53.7
11875,15771749,Fraud Alert,Medium,4.9
11876,15616833,Loan Query,High,9999.0
11877,15616833,Billing,Medium,9.6
11878,15750728,Login Issue,Medium,6.2
11879,15750728,Card Problem,Medium,6.4
11880,15750728,App Bug,Low,1.5
11881,15769353,App Bug,Low,1.8
11882,15769353,Loan Query,NULL,18.6
11883,15769353,Loan Query,Low,2.8
11884,15770091,Fraud Alert,High,24.7
11885,15740602,Fraud Alert,Low,2.9
11886,15796071,App Bug,Medium,7.3
11887,15796071,Loan Query,Medium,5.4
11888,15811389,Billing,Low,1.4
11889,15677288,Card Problem,Low,4.2
11890,15677288,Card Problem,Low,2.5
11891,15633525,App Bug,Low,1.3
11892,15634606,Card Problem,High,20.0
11893,15634606,Card Problem,Medium,11.7
11894,15634606,App Bug,Medium,7.3
11895,15579207,Login Issue,Low,1.2
11896,15567778,Fraud Alert,Medium,18.1
11897,15567778,Card Problem,High,53.6
11898,15567778,App Bug,Medium,9.0
11899,15711750,Card Problem,Low,1.0
11900,15751084,Login Issue,Medium,5.9
11901,15751084,,Medium,11.4
11902,15751084,Card Problem,Medium,6.5
11903,15751084,App Bug,High,33.0
11904,15768945,Loan Query,Medium,4.9
11905,15768945,Billing,Medium,8.9
11906,15586931,Fraud Alert,Low,1.5
ticket_11907,15703354,Login Issue,Low,2.1
11908,15703354,Login Issue,Low,2.7
11909,15663987,Fraud Alert,Low,2.6
11910,15663987,Login Issue,Low,1.6
11911,15663987,Loan Query,Medium,9999
11912,15780805,Loan Query,High,50.7
11913,15780805,Login Issue,High,13.8
11914,15780805,Card Problem,Medium,13.5
11915,15768566,Billing,Low,2.8
11916,15754940,Card Problem,Low,1.0
11917,15754940,Billing,Medium,14.4
11918,15754940,Billing,Low,2.2
11919,15676576,Billing,Medium,10.3
11920,15676576,Billing,Medium,8.9
11921,15648030,Loan Query,Medium,8.1
11922,15648030,Loan Query,High,35.7
11923,15648030,App Bug,Critical,50.0
11924,15728709,Login Issue,Medium,7.5
11925,15724181,Billing,Medium,8.6
11926,15647546,Loan Query,Medium,10.6
11927,15647546,Login Issue,Medium,8.5
11928,15702601,Billing,Low,4.9
11929,15702601,Login Issue,Low,4.8
11930,15674179,Card Problem,Low,1.6
11931,15686957,Fraud Alert,Medium,11.4
11932,15686957,Billing,Low,1.4
11933,15686957,Login Issue,Medium,4.8
11934,15686957,Login Issue,Low,1.6
11935,15806546,Login Issue,Medium,7.9
11936,15806546,Login Issue,Medium,6.8
11937,15709016,Card Problem,Low,2.2
11938,15638068,Billing,Medium,11.3
11939,15749345,Card Problem,Medium,4.0
11940,15749345,Billing,Medium,6.1
11941,15699095,Fraud Alert,Medium,14.4
11942,15699095,Billing,Low,4.4
11943,15699095,Billing,Medium,10.1
11944,15638329,Login Issue,High,24.1
11945,15575445,Login Issue,Low,1.3
11946,15752622,App Bug,Low,2.2
11947,15570857,  Card Problem  ,Low,2.1
11948,15599386,App Bug,Low,2500.0
11949,15599386,Login Issue,High,30.1
11950,15599386,Login Issue,High,35.9
11951,15647292,App Bug,Low,4.0
11952,15647292,Billing,High,39.2
11953,15728838,Fraud Alert,High,24.2
11954,15728838,Loan Query,High,30.2
11955,15728838,Login Issue,Medium,16.9
11956,15622985,Card Problem,Medium,N/A
11957,15622985,Card Problem,Medium,7.8
11958,15587676,Billing,High,12.4
11959,35782532,Card Problem,Medium,8.6
11960,15779496,Card Problem,High,32.2
11961,15779496,Login Issue,Critical,49.0
11962,15711457,Card Problem,Medium,7.0
11963,15711457,App Bug,Medium,6.0
11964,15711457,Loan Query,Medium,7.1
11965,15794159,Fraud Alert,Low,1.9
11966,15794159,Card Problem,Medium,10.6
11967,15794159,Loan Query,Medium,7.4
11968,15780677,Login Issue,Medium,6.3
11969,15690175,Billing,High,15.5
11970,15690175,App Bug,High,-1.0
11971,15690175,Card Problem,Medium,6.9
11972,15569976,Card Problem,Medium,19.4
11973,15569976,Billing,Low,2.0
11974,15707011,Card Problem,Medium,4.2
11975,15702277,Billing,Medium,9.8
11976,15801915,Loan Query,Critical,64.1
11977,15580213,Loan Query,Medium,7.0
11978,15580213,Card Problem,Medium,6.8
11979,15580213,Fraud Alert,High,18.3
11980,15637947,Loan Query,High,13.1
11981,46408776,Login Issue,Medium,7.1
11982,15737047,Card Problem,High,35.6
11983,15737047,App Bug,Medium,9.3
11984,15737047,Billing,High,55.0
11985,36117615,Fraud Alert,Medium,10.4
11986,15637829,Login Issue,Low,1.3
11987,15633194,Login Issue,Medium,13.6
11988,15633194,Loan Query,Low,4.5
11989,15633194,Card Problem,Medium,11.3
11990,15633194,Billing,Low,2.6
11991,15722037,App Bug,Critical,36.2
11992,15722037,Card Problem,Low,2.6
11993,15722037,Fraud Alert,Medium,8.2
11994,15722037,Login Issue,Low,1.2
11995,15672930,Fraud Alert,Low,2.4
11996,15672930,Loan Query,Medium,9999.0
11997,15672930,Fraud Alert,Low,1.5
11998,28880734,App Bug,Medium,4.7
11999,15659694,Fraud Alert,Low,Unknown
12000,15659694,App Bug,Low,3.6
12001,15708713,Billing,Medium,7.6
12002,15755405,Card Problem,Medium,16.7
12003,15755405,Login Issue,Medium,7.8
12004,15702541,Login Issue,Medium,17.0
12005,15748920,App Bug,Low,2.1
12006,15694581,App Bug,Critical,999.0
12007,15694581,Billing,Critical,44.9
12008,15643215,Loan Query,Low,1.0
12009,15774258,Login Issue,High,19.5
12010,15774258,App Bug,Low,2.1
12011,15774258,Card Problem,Low,2.6
12012,73047314,Card Problem,Low,1.7
12013,15809515,Login Issue,High,-1.0
12014,15789924,Card Problem,Low,1.3
12015,15789924,Fraud Alert,High,14.3
12016,15789924,App Bug,High,18.0
12017,15725076,App Bug,Medium,12.0
12018,15725076,Card Problem,Low,2.7
12019,15725076,Login Issue,Medium,5.0
12020,15672481,App Bug,Medium,11.0
12021,15574115,Card Problem,Medium,4.9
12022,15661830,Loan Query,Low,1.8
12023,15665879,Loan Query,Medium,4.7
12024,15666197,App Bug,  High  ,20.8
12025,15773639,Loan Query,Low,2.8
12026,15773639,Login Issue,Medium,11.6
12027,15581893,App Bug,Medium,unknown
12028,15581893,Card Problem,High,31.7
12029,15581893,NULL,Low,4.9
12030,15672447,Billing,Low,2.3
12031,15801414,App Bug,Critical,64.6
12032,15801414,App Bug,  Low  ,1.3
12033,15801414,Login Issue,Low,3.0
12034,15656141,Loan Query,Medium,11.5
12035,15656141,Login Issue,High,15.2
12036,15656141,Loan Query,Low,3.0
12037,15608701,login issue,Low,1.8
12038,15608701,Fraud Alert,Low,3.2
12039,15608701,Login Issue,Low,1.9
12040,15582892,Card Problem,Medium,10.2
12041,15587573,App Bug,Low,2.3
12042,15654891,App Bug,Critical,34.6
12043,15654891,App Bug,Medium,6.6
12044,15813660,Loan Query,Medium,8.6
12045,15813660,Loan Query,Low,1.2
12046,15813660,Fraud Alert,Critical,60.3
12047,15669282,Card Problem,Critical,33.0
12048,15669282,Login Issue,Low,1.9
12049,15669282,App Bug,Medium,7.2
12050,15669282,Billing,High,13.6
12051,15792726,Login Issue,Low,2.8
12052,15792726,Loan Query,Medium,11.2
12053,15792726,Billing,High,28.6
12054,15792726,Login Issue,Medium,8.9
12055,15593241,Fraud Alert,Low,1.8
12056,15593241,Login Issue,High,19.0
12057,15683053,App Bug,High,32.2
12058,15683053,App Bug,Low,4.8
12059,15632736,Fraud Alert,Medium,7.4
12060,15731865,App Bug,Low,1.7
12061,15650454,Billing,Medium,5.2
12062,15573730,Billing,High,29.5
12063,15573730,Fraud Alert,Low,2.5
12064,15705050,Card Problem,Low,2.5
12065,15700540,Fraud Alert,High,31.1
12066,15790594,Login Issue,High,30.8
12067,15790594,Fraud Alert,Low,1.4
12068,15637599,Card Problem,Medium,11.2
12069,15637599,App Bug,High,18.9
12070,15637599,Login Issue,Low,2.7
12071,15736578,Loan Query,Medium,
12072,15736578,Fraud Alert,Low,1.6
12073,15666332,Billing,Low,1.5
12074,15727291,Login Issue,,4.2
12075,15727291,Login Issue,Low,2.6
12076,15727291,Fraud Alert,Low,1.3
ticket_12077,15785920,Card Problem,High,27.7
12078,15687719,App Bug,Low,1.4
12079,15758702,Login Issue,Low,1.4
12080,15758702,  Card Problem  ,Low,1.8
12081,15758702,App Bug,Low,1.2
12082,15689526,Card Problem,Medium,17.6
12083,15689526,Card Problem,Medium,
12084,15689526,Billing,Medium,11.6
12085,15689526,Fraud Alert,High,31.9
12086,15586848,Loan Query,High,13.1
12087,15586848,Card Problem,High,16.1
12088,15707637,Card Problem,Low,1.9
12089,15719426,Card Problem,Medium,11.0
12090,15719426,Billing,Low,2.8
12091,15719426,Login Issue,Low,3.6
12092,15639265,Login Issue,Critical,67.9
12093,15639265,App Bug,Critical,26.8
12094,15639265,Fraud Alert,Low,1.4
12095,15639265,App Bug,Low,1.9
12096,15576124,Fraud Alert,High,23.3
12097,15757829,App Bug,Low,2.1
12098,15633227,Fraud Alert,High,16.4
12099,15633227,Login Issue,High,14.2
12100,15753092,App Bug,Medium,15.0
12101,15753092,Loan Query,High,38.7
12102,15753092,Loan Query,Low,3.4
12103,15753092,Fraud Alert,Low,2.4
12104,15782939,Loan Query,Low,2.7
12105,15782939,Login Issue,Low,4.1
12106,15746338,App Bug,Low,1.7
12107,15746338,Fraud Alert,Critical,45.9
12108,15590676,Card Problem,High,13.8
12109,15590676,Billing,Low,2.1
12110,15599329,Loan Query,Medium,13.9
12111,15599329,Loan Query,Low,4.9
12112,15599329,Loan Query,Medium,9.7
12113,15599329,Card Problem,Medium,18.1
12114,15783097,Billing,Low,1.7
12115,15783097,Fraud Alert,Medium,11.4
12116,15783097,App Bug,Medium,4.9
12117,15783097,Login Issue,Medium,10.8
12118,15597885,Login Issue,Low,1.9
12119,15597885,App Bug,Low,2.7
12120,15724764,Card Problem,Low,9999
12121,15778418,CARD PROBLEM,Medium,9.3
12122,15778418,Loan Query,Low,1.9
12123,15778418,Fraud Alert,Critical,65.0
12124,15778418,Billing,Low,3.0
12125,15684769,Login Issue,Low,1.1
12126,15684769,Billing,Low,2.4
12127,15756167,App Bug,High,27.7
12128,15632439,Billing,High,28.5
12129,15632439,App Bug,High,32.5
12130,15755138,Fraud Alert,Low,2.6
12131,15755138,App Bug,Low,2.1
12132,15755138,Login Issue,High,30.9
12133,15659092,Login Issue,Low,4.9
12134,15659092,Login Issue,Medium,12.0
12135,15659092,Loan Query,High,25.6
12136,15742116,Card Problem,Low,2.9
12137,15801994,App Bug,Critical,24.3
12138,15647572,Login Issue,Medium,8.6
12139,15647572,Card Problem,Medium,9.9
12140,15644551,App Bug,High,12.6
12141,15644551,Login Issue,Critical,69.5
12142,15709135,App Bug,Low,1.6
12143,15627637,Login Issue,High,14.7
12144,15627637,Login Issue,Critical,24.6
12145,15667093,App Bug,NULL,1.6
12146,15667093,Login Issue,High,23.6
12147,15667093,App Bug,Low,2.9
12148,15690589,Login Issue,Low,1.2
12149,15595350,N/A,Low,1.3
12150,15777586,Login Issue,Low,1.4
12151,15777586,Billing,Low,2.2
12152,15777586,Loan Query,Medium,4.7
12153,15717770,Billing,Medium,12.7
12154,29732896,Fraud Alert,Medium,17.8
12155,15754443,App Bug,High,54.8
12156,15754443,Fraud Alert,Medium,12.5
12157,15754443,Billing,Low,2.1
12158,15713517,Fraud Alert,Low,2.9
12159,15673995,Fraud Alert,Low,-5.0
12160,15673995,App Bug,Medium,6.6
12161,15673995,App Bug,Medium,4.8
12162,15771054,Card Problem,High,22.0
12163,15737408,App Bug,Low,1.8
12164,15576022,Billing,Low,2.6
12165,15576022,App Bug,High,27.4
12166,15635502,Loan Query,High,12.2
12167,15627298,Card Problem,Low,1.1
12168,15627298,Fraud Alert,Low,4.2
12169,15811415,Card Problem,High,26.2
12170,15645059,Fraud Alert,  High  ,26.8
12171,15689671,Billing,Low,2.5
12172,15689671,Loan Query,Low,2.8
12173,15718667,Login Issue,,1.5
12174,15803202,App Bug,Low,3.4
12175,15570289,Login Issue,Low,2.8
12176,15769125,Loan Query,Medium,10.9
12177,15769125,Card Problem,Low,1.9
12178,15769125,Login Issue,Low,2.0
12179,15769125,Card Problem,High,29.6
12180,15714241,App Bug,Medium,15.9
12181,15714241,Loan Query,Low,2.9
12182,15714241,Billing,Low,2.7
12183,15642530,  Fraud Alert  ,High,32.2
12184,15642530,Billing,Medium,6.1
12185,15713599,App Bug,Low,2.1
12186,15744770,Loan Query,Medium,6.7
12187,15744770,Login Issue,Low,2.4
12188,15624397,App Bug,Low,1.0
12189,15615219,Billing,  High  ,15.2
12190,15615219,Loan Query,Low,1.4
12191,15615219,App Bug,Low,2.7
12192,15615219,Card Problem,Medium,7.7
12193,15570908,Billing,Low,1.7
12194,15661827,Fraud Alert,Low,1.3
12195,15661827,Fraud Alert,Medium,5.4
12196,15661827,Fraud Alert,Medium,6.4
12197,15746035,App Bug,Critical,61.1
12198,15746035,Billing,Low,2.8
12199,15746035,Loan Query,Low,1.3
12200,15691906,Login Issue,Low,3.8
12201,15691906,  Loan Query  ,High,51.4
12202,15691906,Login Issue,Critical,37.5
12203,15691906,Fraud Alert,Medium,17.4
12204,15793424,Billing,High,30.6
12205,15793424,Card Problem,Medium,7.1
12206,15793424,Loan Query,Low,2.2
12207,15577905,Billing,Medium,11.7
12208,15667216,Login Issue,Medium,10.9
12209,15667216,Fraud Alert,,2.9
12210,15667216,Card Problem,Low,1.4
12211,15673971,App Bug,Medium,20.0
12212,15673971,Login Issue,High,56.6
12213,15673971,Login Issue,Medium,16.2
12214,15701238,Loan Query,High,9999
12215,15720110,App Bug,Medium,999.0
12216,15619045,Login Issue,High,27.3
12217,15697510,Billing,Medium,5.7
12218,15697510,App Bug,High,35.7
12219,15697510,Loan Query,Medium,19.8
12220,15784923,Login Issue,High,36.5
12221,15784923,Billing,Critical,73.8
12222,15567383,Card Problem,Medium,4.5
12223,15567383,Billing,High,13.7
12224,15567383,Loan Query,Low,1.9
12225,15732621,Fraud Alert,Low,2.7
12226,15732621,Billing,Low,1.9
12227,15732621,Login Issue,Critical,57.4
12228,15732621,App Bug,Low,2.9
12229,15757981,Card Problem,High,30.1
12230,15757981,Card Problem,Medium,11.9
12231,15727819,App Bug,Low,2.6
12232,15727819,Fraud Alert,High,14.6
12233,15738088,Billing,Low,2.8
12234,15738088,Card Problem,Critical,52.3
12235,15738088,App Bug,High,45.8
12236,15765173,Billing,Low,2.1
12237,15765173,Loan Query,Low,1.2
12238,15665159,Billing,Medium,16.1
12239,15665159,Loan Query,Medium,19.8
12240,15638159,App Bug,Low,2.0
12241,15585466,App Bug,Medium,6.7
12242,15585466,Login Issue,Low,2.3
12243,15677310,Card Problem,Medium,15.1
12244,15677310,Fraud Alert,Medium,999.0
12245,15656901,Card Problem,Low,1.4
ticket_12246,15656901,Billing,Medium,9.7
12247,15621093,Card Problem,High,22.7
12248,15592123,Card Problem,High,33.7
12249,15589200,Login Issue,Low,2.2
12250,15589200,App Bug,Low,1.1
12251,15812720,Billing,Low,9999.0
12252,15812720,Billing,Low,2.3
12253,15723064,Billing,Low,2.5
12254,15723064,Loan Query,Medium,8.4
12255,15650322,Fraud Alert,Medium,10.1
12256,15650322,Fraud Alert,Low,1.9
12257,15669782,Login Issue,High,49.5
12258,15669782,App Bug,Critical,48.1
12259,15669782,Billing,High,40.0
12260,15669782,Login Issue,Low,3.8
12261,15751628,Loan Query,Critical,70.5
12262,15617052,Loan Query,High,50.6
12263,15617052,  Loan Query  ,Medium,8.5
12264,15617052,Login Issue,Low,4.1
12265,15617052,App Bug,High,30.9
12266,15590810,App Bug,Critical,85.8
12267,15590810,Loan Query,Medium,12.9
12268,15590810,Card Problem,High,26.9
12269,15801293,Fraud Alert,Critical,25.9
12270,15572356,Card Problem,Low,2.9
12271,15572356,Loan Query,High,24.4
12272,15619116,Billing,Low,2.1
12273,15691792,Loan Query,Medium,5.9
12274,15691792,Billing,High,15.5
12275,15691792,Card Problem,Medium,8.8
12276,15783276,App Bug,Medium,7.9
12277,15578671,Card Problem,Medium,10.6
12278,15578671,Fraud Alert,Medium,5.3
12279,15716608,Loan Query,Medium,8.3
12280,15690670,Card Problem,High,29.8
12281,15630466,Billing,Medium,9.8
12282,15630466,App Bug,High,-5.0
12283,15630466,Card Problem,Medium,5.4
12284,15630349,Billing,Low,1.7
12285,15803801,App Bug,High,24.0
12286,15647890,Billing,Critical,68.3
12287,15606115,Card Problem,Low,1.8
12288,15606115,Fraud Alert,Low,Unknown
12289,15606115,Fraud Alert,Low,Unknown
12290,15714642,App Bug,Low,2.1
12291,15741181,Loan Query,Medium,10.2
12292,15773973,App Bug,,2.3
12293,49989011,Fraud Alert,Medium,6.1
12294,15773973,App Bug,Medium,11.4
12295,15758546,Login Issue,Medium,9.2
12296,15598940,Fraud Alert,Low,1.9
12297,15669783,Card Problem,High,29.5
12298,15669783,Loan Query,Low,2.7
12299,15669783,Billing,Low,3.3
12300,15624993,App Bug,Medium,14.5
12301,15760568,Fraud Alert,High,17.6
12302,15760568,Login Issue,Medium,10.3
12303,15699047,App Bug,High,13.9
12304,15616168,Billing,High,20.1
12305,15616168,Billing,Low,999.0
12306,15773146,Billing,High,21.5
12307,15773146,  App Bug  ,Medium,5.8
12308,15589725,Fraud Alert,Low,1.7
12309,15710034,Billing,Critical,34.8
12310,15710034,Fraud Alert,Medium,19.9
12311,15710034,Billing,Critical,106.5
12312,15710034,App Bug,Low,1.9
12313,15800806,App Bug,Low,1.9
12314,15570485,App Bug,Low,2.6
12315,15714832,Fraud Alert,Medium,8.1
12316,15714832,Fraud Alert,Medium,6.1
12317,15619953,App Bug,Low,1.1
12318,15673929,Billing,Low,2.0
12319,15673929,Billing,Low,2.3
12320,15578835,App Bug,Medium,9.1
12321,15578835,Loan Query,Low,2.6
12322,15578835,Card Problem,Low,1.3
12323,15797081,Login Issue,Medium,14.6
12324,15797081,Fraud Alert,Low,3.5
12325,15570194,Billing,Medium,9.0
12326,15580149,Billing,High,24.2
12327,15580149,App Bug,Low,1.6
12328,15769955,Billing,Critical,41.1
12329,15769955,App Bug,Medium,11.1
12330,15769955,Loan Query,Medium,9.9
12331,15810444,Fraud Alert,Low,3.2
12332,15810444,Loan Query,Medium,8.7
12333,15645593,Fraud Alert,Medium,10.3
12334,15589361,App Bug,High,32.9
12335,15589361,App Bug,Low,2.0
12336,15731148,Login Issue,Low,-5.0
12337,15731148,App Bug,Low,4.3
12338,15774328,Card Problem,Low,1.4
12339,15646969,Login Issue,Low,1.1
12340,15646969,App Bug,Medium,6.2
12341,15718769,Billing,Medium,10.3
12342,15790717,Loan Query,Low,2.5
12343,15635703,Loan Query,Medium,6.3
12344,15635703,Billing,Medium,10.5
12345,15635703,Billing,Medium,7.7
12346,15616365,Billing,Medium,4.1
12347,15616365,App Bug,Low,1.1
12348,15616365,Fraud Alert,Medium,6.6
12349,15616365,Loan Query,Medium,6.8
12350,15630244,Login Issue,Medium,9.9
12351,15630244,Loan Query,High,20.1
12352,15721433,Card Problem,Low,1.2
12353,15721433,App Bug,Low,2.3
12354,15590201,Card Problem,Medium,16.4
12355,15752097,Loan Query,Low,2.1
12356,15752097,Loan Query,Critical,47.5
12357,15630857,Login Issue,Medium,6.6
12358,15630857,Loan Query,Medium,6.2
12359,15810826,Fraud Alert,Critical,60.0
12360,15810826,Card Problem,High,13.4
12361,15810826,Card Problem,Medium,4.7
12362,15668009,Login Issue,Medium,5.8
12363,15743456,Fraud Alert,Critical,26.2
12364,15743456,Card Problem,high,23.4
12365,15725762,App Bug,Low,2.7
12366,15761713,Billing,Medium,5.5
12367,15761713,Loan Query,Low,2.2
12368,15761713,Card Problem,High,31.1
12369,15769246,Login Issue,Low,2.2
12370,15769246,App Bug,Low,4.4
12371,15781129,Login Issue,Low,4.7
12372,15781129,Login Issue,Low,1.0
12373,15781129,Loan Query,Low,4.1
12374,15781129,Fraud Alert,Medium,5.1
12375,15639004,Card Problem,Medium,8.6
12376,15639004,Billing,Medium,4.4
12377,15639004,Card Problem,High,13.3
12378,15810995,Loan Query,Critical,38.8
12379,15810995,Loan Query,Low,1.8
12380,15708357,Loan Query,Low,2.1
12381,15708357,App Bug,High,20.7
12382,15733597,Login Issue,High,19.9
12383,15789560,Billing,Medium,4.7
12384,15789560,Fraud Alert,Medium,10.0
12385,15789560,Login Issue,Low,3.0
12386,15789560,App Bug,Medium,8.5
12387,15699524,Fraud Alert,Low,2.8
12388,15626475,Billing,Medium,9.6
12389,15810839,Login Issue,High,21.8
12390,15810839,App Bug,Medium,9.1
12391,15684318,Login Issue,High,17.2
12392,15684318,Billing,High,19.4
12393,15684318,Billing,Low,2.0
12394,15684318,App Bug,Medium,5.6
12395,15768120,Loan Query,Medium,8.9
12396,15768120,Billing,High,12.2
12397,15768120,Billing,High,33.8
12398,15768120,Fraud Alert,High,19.0
12399,15712807,App Bug,Low,2.1
12400,15696371,App Bug,Low,2.7
12401,15696371,App Bug,Medium,5.2
12402,15675794,Login Issue,High,33.9
12403,15675794,Fraud Alert,Medium,5.1
12404,15675794,Card Problem,High,43.0
12405,15774277,Billing,Low,1.1
12406,15603764,App Bug,Critical,61.5
12407,15603764,Card Problem,Medium,9.4
12408,15603764,App Bug,Low,3.5
12409,15618647,App Bug,Medium,11.0
12410,15614643,Fraud Alert,High,30.0
12411,15614643,App Bug,High,26.9
12412,15614643,Card Problem,Low,2.6
12413,15707696,Loan Query,High,33.4
12414,15707696,Login Issue,Medium,one hour
12415,15749583,login issue,Low,1.5
12416,15749583,App Bug,Low,4.1
12417,15815125,App Bug,Low,1.9
12418,15779620,Card Problem,High,17.2
12419,15768233,App Bug,Medium,14.3
12420,15768233,App Bug,High,22.5
12421,15768233,Card Problem,High,14.7
12422,15768233,Billing,Medium,14.5
12423,15637788,Billing,Medium,8.8
12424,15637788,Loan Query,Low,1.3
12425,15788723,Card Problem,Critical,46.7
12426,15790489,App Bug,Low,1.1
12427,15739476,Login Issue,High,19.9
12428,35064598,App Bug,High,18.6
12429,15631222,Fraud Alert,Low,1.2
12430,15740442,Card Problem,High,18.8
12431,15740442,Loan Query,Low,1.5
12432,15740442,App Bug,Low,3.3
12433,15677939,Loan Query,Medium,9.6
12434,15671973,Loan Query,High,20.3
12435,15671973,Loan Query,High,28.5
12436,15790019,Fraud Alert,Low,1.2
12437,15790019,Card Problem,Low,1.2
12438,15790019,Loan Query,High,21.9
12439,15790019,Fraud Alert,Low,3.0
12440,15737735,Fraud Alert,Low,1.4
12441,15661745,Card Problem,Low,2.2
12442,15661745,Loan Query,Medium,8.1
12443,15661745,FRAUD ALERT,Medium,6.0
12444,15797065,Fraud Alert,Low,1.7
12445,15797065,Fraud Alert,Medium,4.4
12446,15710671,Login Issue,Medium,-1.0
12447,15744873,Card Problem,High,54.4
12448,15744873,App Bug,Low,1.1
12449,15744873,Loan Query,Low,4.1
12450,15744873,Fraud Alert,Critical,107.2
12451,15746695,Card Problem,Critical,37.1
12452,15746695,App Bug,Medium,10.8
12453,15804962,Card Problem,Critical,84.2
12454,15804962,App Bug,Medium,13.0
12455,15665378,Fraud Alert,Medium,7.1
12456,15578787,Loan Query,High,50.3
12457,15578787,Card Problem,Critical,999.0
12458,15578787,Billing,Low,999.0
12459,15578787,App Bug,Low,2.5
12460,15697546,Login Issue,Medium,6.1
12461,15697546,Fraud Alert,High,19.2
12462,28777714,Card Problem,Low,2.0
12463,15629519,App Bug,Medium,8.5
12464,15624703,App Bug,Low,2500.0
12465,15624703,App Bug,Critical,41.1
12466,15624703,Loan Query,Low,9999.0
12467,15624703,Billing,High,24.9
12468,15570002,Card Problem,High,
12469,15570002,App Bug,Medium,7.8
12470,15570002,App Bug,Medium,15.6
12471,15570002,Card Problem,High,52.6
12472,15805463,App Bug,Medium,6.6
12473,15805463,Fraud Alert,Critical,44.0
12474,15805463,Billing,Medium,5.9
12475,15801605,Loan Query,Critical,68.8
12476,15801605,App Bug,Low,2.2
12477,15567855,Login Issue,Medium,5.6
12478,15567855,Billing,Low,2.3
12479,15761487,Loan Query,Medium,7.3
12480,15761487,Billing,Low,3.8
12481,15761487,Billing,Medium,4.5
12482,15700394,Loan Query,High,15.5
12483,15700394,Login Issue,Low,1.6
12484,15700394,Loan Query,Low,-1.0
12485,15631162,Fraud Alert,Low,2.4
12486,15630641,Card Problem,Low,2.8
12487,15630641,App Bug,Medium,11.6
12488,15585066,Billing,Medium,19.0
12489,15585066,Billing,Medium,15.7
12490,15722991,App Bug,Critical,59.0
12491,15722991,App Bug,Medium,16.1
12492,15737404,Card Problem,Medium,9.5
12493,15722409,Billing,Medium,6.6
12494,15722409,Login Issue,Low,1.2
12495,73789414,Login Issue,Medium,10.8
12496,15806420,Billing,Low,2.4
12497,15806420,Loan Query,High,25.6
12498,15806420,login issue,Medium,6.2
12499,15658148,Card Problem,,6.5
12500,15658148,Fraud Alert,Medium,5.3
ticket_12501,15810660,Card Problem,Medium,11.8
12502,15727350,Fraud Alert,High,30.9
12503,15727350,Billing,High,26.3
12504,15727350,Card Problem,Low,1.6
12505,15752312,Billing,Low,1.3
12506,15752312,Card Problem,High,31.2
12507,15752312,Fraud Alert,High,27.3
12508,15616745,Login Issue,Medium,10.5
12509,15616745,Billing,Medium,4.2
12510,15572294,Login Issue,Low,1.4
12511,15674110,Billing,Medium,999.0
12512,15662501,App Bug,Low,5.0
12513,15662501,Fraud Alert,High,27.3
12514,15649239,Login Issue,High,22.3
12515,15700424,Loan Query,Medium,10.5
12516,15636388,Loan Query,Medium,8.0
12517,15636388,  Billing  ,Low,1.7
12518,15713975,Login Issue,Low,2.6
12519,15713975,Loan Query,Medium,12.0
12520,15592925,Card Problem,Medium,999.0
12521,15581626,Loan Query,High,46.6
12522,15581626,Fraud Alert,MEDIUM,8.3
12523,15581626,Card Problem,Medium,4.8
12524,15641319,App Bug,High,47.7
12525,15641319,Card Problem,High,55.8
12526,15723481,Billing,Medium,6.8
12527,15723481,Loan Query,Medium,11.2
12528,15627195,Loan Query,Low,1.8
12529,15657957,App Bug,High,50.2
12530,15657957,billing,Medium,14.0
12531,15607874,Card Problem,Low,2.9
12532,15607874,App Bug,Low,2.3
12533,15796993,Fraud Alert,Medium,7.8
12534,15649858,Card Problem,Medium,
12535,15811032,Fraud Alert,Medium,11.2
12536,15679963,Fraud Alert,Low,1.9
12537,15679963,Fraud Alert,Low,2.6
12538,15572428,Loan Query,Medium,10.3
12539,15636105,App Bug,Low,1.3
12540,15636105,Billing,,11.1
12541,15636105,Login Issue,Unknown,32.5
12542,15739271,Loan Query,Medium,8.8
12543,15697129,Login Issue,High,29.6
12544,15763415,Login Issue,High,22.3
12545,15763415,Login Issue,High,15.0
12546,15763415,Card Problem,High,22.2
12547,15765857,Card Problem,Medium,6.3
12548,15685805,Card Problem,Medium,9.3
12549,15627971,App Bug,Critical,67.9
12550,15783025,Card Problem,Critical,42.6
12551,15783025,Loan Query,Low,1.8
12552,15783025,Fraud Alert,Low,1.9
12553,15802118,Loan Query,Low,2.9
12554,15607990,Card Problem,Low,2.2
12555,15607990,Card Problem,Low,1.7
12556,15607990,Fraud Alert,Critical,26.3
12557,15687558,App Bug,Low,2.2
12558,15687558,App Bug,Medium,8.6
12559,15698902,Login Issue,Medium,18.1
12560,15698902,App Bug,High,52.0
12561,15698902,Card Problem,Medium,16.7
12562,15809265,Fraud Alert,low,1.7
12563,15809265,  Login Issue  ,Low,2.3
12564,15809265,Login Issue,Low,1.1
12565,15809265,Card Problem,Medium,9.7
12566,15692577,App Bug,Low,1.5
12567,15692577,  Loan Query  ,Low,2.4
12568,15723217,App Bug,Medium,4.0
12569,15723217,Card Problem,Medium,11.9
12570,15610727,Card Problem,High,15.2
12571,15610727,Card Problem,,2.1
12572,15610727,Card Problem,Medium,6.6
12573,15610727,App Bug,Low,1.8
12574,15792720,Loan Query,Critical,71.3
12575,15792720,Login Issue,High,15.4
12576,15792720,Loan Query,High,31.5
12577,15792720,Billing,Medium,6.1
12578,15723153,Card Problem,High,17.8
12579,15684934,Loan Query,High,25.3
12580,15684934,App Bug,Medium,5.6
12581,15684934,Loan Query,Medium,4.7
12582,15684934,Login Issue,Medium,10.6
12583,15776936,Card Problem,High,49.1
12584,15776936,Fraud Alert,low,3.1
12585,15776936,Fraud Alert,Medium,8.7
12586,15799468,Loan Query,Medium,4.0
12587,15626383,Fraud Alert,Low,1.1
12588,15597385,Loan Query,Medium,6.9
12589,11212325,Login Issue,Medium,7.1
12590,15570271,Card Problem,Medium,8.0
12591,15570271,Login Issue,Low,1.1
12592,15690330,Login Issue,Medium,12.0
12593,15690330,Fraud Alert,N/A,2.5
12594,15680611,Login Issue,Critical,63.7
12595,15680611,Card Problem,Low,2.6
12596,15680611,Fraud Alert,Low,2.1
12597,72676194,Card Problem,Medium,6.5
12598,15810227,Billing,Medium,6.2
12599,15810227,Billing,Critical,43.1
12600,15810227,Billing,Critical,N/A
12601,15807194,Loan Query,Medium,10.8
12602,15807194,Login Issue,Low,1.7
12603,15712199,Card Problem,High,32.1
12604,15654772,App Bug,Medium,9.2
12605,15654772,Loan Query,Medium,18.5
12606,15574743,App Bug,Medium,11.9
12607,15686718,Loan Query,Medium,10.9
12608,15722701,Billing,High,19.8
12609,15799635,Billing,NULL,15.6
12610,15799635,  Loan Query  ,Low,2.6
12611,15742323,App Bug,Low,2.3
12612,15742323,Login Issue,Low,1.7
12613,15658435,App Bug,Medium,8.8
12614,15586029,Login Issue,Low,1.7
12615,15772337,Card Problem,Medium,7.3
12616,15772337,Card Problem,Low,3.2
12617,15772337,Fraud Alert,High,53.1
12618,15603378,App Bug,Low,-1.0
12619,15603378,Card Problem,,4.4
12620,15603378,App Bug,Low,1.5
12621,15792862,App Bug,Medium,7.3
12622,15792862,Loan Query,High,50.8
12623,15657349,App Bug,Medium,15.1
12624,15777614,Billing,Low,1.5
12625,80114821,App Bug,Low,2.9
12626,15653347,Card Problem,Medium,7.8
12627,15749951,Billing,Critical,114.4
12628,15749951,Card Problem,Low,3.2
12629,15648178,App Bug,Medium,7.4
12630,15640855,Loan Query,Medium,11.6
12631,15569624,Fraud Alert,NULL,10.5
12632,15569624,App Bug,High,31.9
12633,15597949,Card Problem,Medium,2500.0
12634,15597949,Billing,Medium,8.4
12635,15597949,Loan Query,Low,4.7
12636,15597949,App Bug,Low,1.4
12637,15645323,Login Issue,Medium,13.3
12638,15645323,Billing,Medium,6.0
12639,15793311,Fraud Alert,Low,2.8
12640,15793311,Card Problem,Medium,6.9
12641,15793311,Billing,High,42.4
12642,15764153,Billing,Medium,11.1
12643,15764153,Loan Query,Low,1.6
12644,15764153,Login Issue,High,unknown
12645,15764153,Fraud Alert,Low,3.0
12646,15728608,App Bug,Medium,5.5
12647,15770474,Fraud Alert,Medium,16.1
12648,15770474,Card Problem,High,37.1
12649,15724444,Loan Query,Low,3.0
12650,15753110,Login Issue,Low,1.1
12651,15753110,App Bug,Low,1.4
12652,15753110,Fraud Alert,MEDIUM,9.1
12653,15632816,Card Problem,High,20.0
12654,15632816,App Bug,Low,2.1
ticket_12655,15693637,Login Issue,High,27.8
12656,15693637,Loan Query,Critical,61.0
12657,15692235,Billing,Medium,7.8
12658,15777459,Login Issue,Medium,19.8
12659,15656937,Login Issue,Low,1.8
12660,15656937,Login Issue,Medium,8.0
12661,15656937,Loan Query,Medium,7.3
12662,15777315,Card Problem,Low,2.9
12663,15777315,Card Problem,Medium,11.1
12664,15777315,Login Issue,Medium,5.2
12665,15777315,Card Problem,Medium,4.6
12666,15611058,Login Issue,High,51.9
12667,15611058,Login Issue,Low,1.5
12668,15611058,Fraud Alert,Low,4.2
12669,15611058,Loan Query,Medium,17.7
12670,15630413,Billing,Low,1.9
12671,15630413,Loan Query,NULL,24.8
12672,15630413,App Bug,Low,1.4
12673,15635942,Fraud Alert,Low,1.6
12674,15635942,Billing,Medium,10.2
12675,15635942,Fraud Alert,Low,1.6
12676,15648858,Fraud Alert,Medium,10.0
12677,15648858,Loan Query,Medium,5.7
12678,15705448,Fraud Alert,Low,1.1
12679,15705448,Billing,  Critical  ,44.9
12680,15705448,Login Issue,Low,1.7
12681,15730488,Loan Query,Low,1.3
12682,15730488,Fraud Alert,Medium,6.7
12683,15620443,Loan Query,Medium,4.6
12684,15620443,App Bug,Low,1.7
12685,15620443,Card Problem,Medium,9.5
12686,15741078,Card Problem,High,16.3
ticket_12687,15711396,Loan Query,Low,2.3
12688,15711396,Login Issue,Low,2.0
12689,15593499,App Bug,Low,4.9
12690,15579189,Fraud Alert,Low,2.8
12691,15743545,App Bug,Low,1.4
12692,15608246,Fraud Alert,Medium,5.3
12693,15608246,Card Problem,Low,2.3
12694,15608246,Card Problem,Medium,4.8
12695,15630195,Billing,Low,1.8
12696,15630195,Login Issue,High,23.5
12697,15736250,App Bug,Low,3.8
12698,15736250,Fraud Alert,High,51.2
12699,15736250,Fraud Alert,Low,3.8
12700,15671334,Login Issue,Medium,8.5
12701,15671334,Card Problem,Low,1.7
12702,15671334,Loan Query,Low,2.5
12703,15671334,  Card Problem  ,Low,2.9
12704,15574169,Billing,Medium,6.4
12705,15574169,Billing,Low,2.8
12706,15718839,Loan Query,High,14.0
12707,15718839,Fraud Alert,Medium,5.9
12708,15762331,Billing,Medium,5.1
12709,15713559,Billing,High,30.3
12710,15713559,Login Issue,High,15.4
12711,15713559,Fraud Alert,Low,1.9
12712,15768881,Fraud Alert,Low,2.3
12713,15743075,Billing,Medium,4.8
12714,15743075,Fraud Alert,Medium,7.6
12715,15660980,Login Issue,Critical,44.7
12716,15660980,Login Issue,Medium,6.5
12717,15728362,Fraud Alert,Low,1.5
12718,15683339,Billing,Critical,56.6
12719,15683339,Billing,MEDIUM,13.2
12720,15683339,Card Problem,Low,4.9
12721,15685476,Login Issue,Medium,11.7
12722,15685476,Fraud Alert,Medium,6.2
12723,15703682,Card Problem,Low,2.2
12724,15727391,Login Issue,Low,1.0
12725,15711062,App Bug,Low,2.8
12726,15711062,App Bug,High,19.4
12727,15692977,Login Issue,Medium,5.9
12728,15692977,Billing,Medium,10.6
12729,15692977,App Bug,High,23.0
12730,15672082,Loan Query,Low,2.1
12731,15672082,App Bug,Medium,11.8
12732,15672082,Fraud Alert,Medium,4.7
12733,15600280,Fraud Alert,High,18.6
12734,15576065,Fraud Alert,Low,4.7
12735,15576065,Login Issue,High,9999.0
12736,15693526,Fraud Alert,Medium,4.1
12737,15748595,Loan Query,High,24.6
12738,15748595,Billing,Medium,5.9
12739,15604138,Fraud Alert,Medium,14.4
12740,15666095,Loan Query,Low,3.5
12741,15666095,Loan Query,Critical,103.6
12742,15643487,Billing,Low,Unknown
12743,15643487,Billing,Medium,19.0
12744,15643487,App Bug,Low,3.4
12745,15764033,App Bug,Low,2.0
12746,15764033,App Bug,Low,4.7
12747,15764033,Billing,Low,2.9
12748,15790599,Billing,High,35.8
12749,15737705,Card Problem,Critical,58.5
12750,15737705,Billing,MEDIUM,11.6
12751,15737705,Billing,Low,2.5
12752,15737194,Loan Query,Low,1.9
12753,15726776,Fraud Alert,Medium,9.5
12754,15804357,Login Issue,Medium,4.7
12755,15804357,Card Problem,Low,2.4
12756,15804357,Login Issue,Medium,7.7
12757,15804357,Login Issue,High,20.0
12758,15664432,Card Problem,Low,2.2
12759,15664432,Fraud Alert,Low,2.8
12760,15664432,Billing,Low,2.3
12761,15664432,Loan Query,High,52.2
12762,15688984,Loan Query,low,1.4
12763,15583026,Loan Query,Low,2.4
12764,15583026,Loan Query,Low,1.5
12765,15771668,Fraud Alert,Medium,12.5
12766,15771668,Card Problem,Medium,6.1
12767,15771668,Loan Query,High,43.7
12768,15784323,App Bug,Medium,5.5
12769,15756277,Login Issue,High,15.7
12770,15663312,Billing,Medium,5.0
12771,15663312,Billing,Low,2.2
12772,15663312,App Bug,Low,1.4
12773,15793197,App Bug,Medium,8.0
12774,15731463,Fraud Alert,Medium,7.4
12775,15731463,Loan Query,Low,2.4
12776,15621768,Billing,Medium,4.9
12777,15621768,Login Issue,Medium,11.6
12778,15621768,Fraud Alert,Low,2.0
12779,15691323,Card Problem,Critical,43.7
12780,15691323,Fraud Alert,Low,1.3
12781,75358079,Fraud Alert,Critical,28.3
12782,15814331,App Bug,Low,3.0
12783,15814331,Card Problem,Low,1.5
12784,15814331,Billing,Low,2.9
12785,15814331,Card Problem,Medium,4.0
12786,15602030,App Bug,Low,2.6
12787,15747974,Login Issue,High,33.1
12788,15747974,Fraud Alert,High,27.6
12789,15611315,Card Problem,High,13.7
12790,15611315,App Bug,High,17.8
12791,15636977,Login Issue,Low,2.4
12792,15690337,Billing,Medium,6.7
12793,15690337,Billing,Low,2.7
12794,15680666,Loan Query,Low,1.4
12795,15680666,Login Issue,Low,1.9
12796,15679551,App Bug,Low,4.5
12797,15778915,App Bug,Low,2.1
12798,11247126,Card Problem,Low,1.8
12799,15747762,Login Issue,Medium,6.7
12800,15747762,Billing,Medium,6.1
12801,15747762,Login Issue,Critical,70.0
12802,15747762,Card Problem,Medium,7.4
12803,15753679,Login Issue,Medium,9.8
12804,15753679,Fraud Alert,Medium,9.8
12805,15750049,Card Problem,High,17.8
12806,15750049,Fraud Alert,High,16.4
12807,15750049,Login Issue,Low,1.9
12808,15606097,Fraud Alert,High,41.0
12809,15606097,Fraud Alert,low,1.3
12810,15606097,Login Issue,Medium,9.6
12811,15606097,Card Problem,Low,1.4
12812,15802368,Fraud Alert,Low,1.1
12813,15802368,Billing,High,25.5
12814,15802368,App Bug,Medium,4.5
12815,15645353,Billing,Medium,11.1
12816,15650018,App Bug,High,28.6
12817,15650018,App Bug,Medium,7.7
12818,15650018,Card Problem,Low,1.7
12819,15659002,Login Issue,Low,2.8
12820,15616028,Fraud Alert,Low,2.0
12821,15652615,Billing,Low,2.6
12822,15652615,Fraud Alert,Medium,11.1
12823,15653572,Card Problem,Medium,16.2
12824,15703413,Billing,Medium,11.2
12825,15610433,Billing,Low,2.9
12826,15610433,Login Issue,Low,1.6
12827,15770548,Login Issue,Medium,7.8
12828,15770548,Billing,Medium,4.9
12829,15590888,Card Problem,High,15.5
12830,15568326,Loan Query,Low,1.9
12831,51218797,Fraud Alert,Medium,6.9
12832,15655368,Billing,Medium,6.8
12833,15655368,Fraud Alert,High,17.9
12834,15655368,App Bug,Low,1.1
12835,15665579,App Bug,High,22.8
12836,15676091,Card Problem,Medium,5.6
12837,15676091,NULL,Low,2.5
12838,15716984,Billing,Medium,7.7
12839,15716984,Card Problem,Low,2.8
12840,15715078,App Bug,Low,1.6
12841,15715078,App Bug,Low,2.6
12842,15628863,Billing,Medium,5.8
12843,15778192,Loan Query,,2.3
12844,15778192,Billing,High,28.1
12845,15798943,Fraud Alert,Medium,4.7
12846,15764708,Fraud Alert,High,33.2
12847,15764708,Loan Query,Low,1.4
12848,15764708,App Bug,Medium,4.3
12849,15791040,Card Problem,Low,2.9
12850,15640106,Fraud Alert,Medium,9.8
12851,15710315,Billing,Critical,35.8
12852,15611947,Card Problem,Critical,37.0
12853,15670266,App Bug,Medium,11.6
12854,15670266,Loan Query,Medium,9.2
12855,15670266,Fraud Alert,Medium,7.0
12856,15609083,Loan Query,Low,2.2
12857,15567923,Loan Query,Low,1.8
12858,15788183,Loan Query,Medium,10.6
12859,15788183,Login Issue,Medium,9.9
12860,15774401,Fraud Alert,Medium,19.6
12861,15774401,Fraud Alert,Medium,19.6
12862,15737971,Login Issue,Low,1.0
12863,15737971,Login Issue,Medium,4.3
12864,15758750,App Bug,Low,1.5
12865,15611767,Loan Query,Low,3.1
12866,15611767,Billing,Low,
12867,15611767,Card Problem,Low,1.8
12868,15643770,App Bug,Medium,15.3
12869,15744717,Login Issue,High,12.0
12870,15744717,Billing,High,22.5
12871,15744717,Fraud Alert,Medium,7.0
12872,15744717,Card Problem,Medium,8.2
12873,15570681,App Bug,Medium,8.3
12874,15792650,Card Problem,Low,4.1
12875,15792650,App Bug,Medium,5.8
12876,15792650,Login Issue,High,49.8
12877,15792650,Card Problem,High,16.4
12878,15605531,Fraud Alert,High,-1.0
12879,15605339,Loan Query,Low,1.2
12880,15605339,App Bug,Low,1.9
12881,15605339,App Bug,High,26.9
12882,15605339,Loan Query,High,13.9
12883,15812893,Loan Query,Medium,7.3
12884,15812893,Login Issue,Low,1.5
12885,15762588,Fraud Alert,Critical,9999.0
12886,15762588,  Login Issue  ,Critical,70.6
12887,15806318,Fraud Alert,Low,2.6
12888,15806318,Loan Query,High,27.9
12889,15712596,Login Issue,Low,1.8
12890,15712596,Fraud Alert,Low,1.7
12891,15600399,Billing,High,35.9
12892,15600399,Login Issue,Medium,16.7
12893,15600399,Login Issue,Low,4.4
ticket_12894,15623489,App Bug,High,19.9
12895,15623489,Loan Query,Low,2.8
ticket_12896,15623489,Loan Query,Medium,4.7
12897,15584928,Card Problem,Medium,4.3
12898,61148594,Fraud Alert,Low,1.6
12899,15584928,Billing,Low,2.5
12900,15779913,Card Problem,Low,2.1
12901,15644977,Card Problem,High,35.3
12902,15749679,Loan Query,Medium,6.6
12903,15629010,Login Issue,High,25.1
12904,28024870,App Bug,Low,3.3
12905,15722004,App Bug,Medium,11.8
12906,15766044,Loan Query,Medium,12.8
12907,15766044,App Bug,Low,4.0
12908,15766044,Billing,Medium,11.4
12909,15766044,Card Problem,Low,4.1
12910,15635388,Loan Query,Low,3.0
12911,15635388,Loan Query,Low,2.0
12912,15635388,Fraud Alert,Low,2.3
12913,15639133,Fraud Alert,High,19.0
12914,15639133,Loan Query,Low,1.2
12915,26078297,Login Issue,High,27.4
12916,15723872,App Bug,Medium,10.5
12917,15775627,Loan Query,High,18.2
12918,15775627,Login Issue,Low,3.0
12919,15775627,Fraud Alert,Low,2.8
12920,15775627,Login Issue,High,26.3
12921,15630704,Billing,Medium,10.1
12922,15630704,Fraud Alert,High,14.3
12923,15815534,Loan Query,Low,1.7
12924,15681316,Billing,Medium,4.0
12925,19396050,Card Problem,Low,2.9
12926,15650244,App Bug,High,35.6
12927,15648638,Login Issue,Low,1.8
12928,15648638,Billing,Medium,8.0
12929,15648638,Billing,Low,1.2
12930,15795747,Fraud Alert,High,33.3
12931,15795747,Card Problem,Low,2.9
12932,15607330,Login Issue,Medium,4.9
12933,15607330,Loan Query,High,31.2
12934,15624013,Card Problem,High,19.8
12935,15624013,Fraud Alert,Low,1.2
12936,15667321,Billing,Low,1.5
12937,15601116,Login Issue,High,18.1
12938,15601116,Loan Query,Low,2.3
12939,15601116,App Bug,High,30.9
12940,15601116,Billing,Low,2.8
12941,15758451,Billing,Low,999.0
12942,15758451,Login Issue,Low,1.7
12943,15758451,Fraud Alert,Low,2.3
12944,15758451,Fraud Alert,Low,2.0
12945,15688689,Billing,Low,1.1
12946,15806327,App Bug,Medium,6.6
12947,15649618,Login Issue,Low,2.4
12948,15677117,Card Problem,Critical,59.0
12949,15749669,Login Issue,Low,1.3
12950,15656351,Fraud Alert,High,29.4
12951,15667438,Fraud Alert,Low,2.7
12952,15667438,Fraud Alert,Medium,18.8
12953,15580912,Login Issue,Low,1.0
12954,15785183,Fraud Alert,High,14.0
12955,15785183,Card Problem,Medium,4.2
12956,15705383,App Bug,Low,1.9
12957,15712903,Loan Query,High,16.3
12958,15712903,Billing,Medium,11.6
12959,15712903,Loan Query,Low,1.8
12960,15774285,Card Problem,Low,2.6
12961,15583138,Card Problem,Medium,9.0
12962,15583138,Card Problem,Low,2.4
12963,15583138,Billing,Low,2.4
12964,15583138,Card Problem,Medium,7.7
12965,15740160,App Bug,Low,1.2
12966,15793425,Fraud Alert,Medium,8.8
12967,15793425,Billing,Medium,9.4
12968,15793425,App Bug,High,15.1
12969,15623989,Card Problem,Low,3.2
12970,15623989,Billing,Medium,15.7
12971,15604832,Card Problem,Medium,7.7
12972,15584580,Fraud Alert,Low,1.9
12973,15573854,Fraud Alert,Medium,8.1
12974,15573854,Login Issue,  Low  ,1.9
12975,15614847,Login Issue,Low,3.0
12976,15752186,App Bug,Low,1.6
12977,15752186,Billing,High,9999.0
12978,15705544,Fraud Alert,Critical,65.0
12979,15705544,Loan Query,High,19.1
12980,15713632,Card Problem,Medium,10.4
12981,15713632,Fraud Alert,Low,3.0
12982,15713632,Loan Query,Critical,37.0
12983,15586523,Billing,High,45.5
12984,15586523,Fraud Alert,Critical,119.9
12985,15676810,Fraud Alert,Medium,7.7
12986,15679804,App Bug,Low,1.6
12987,15677764,App Bug,Critical,44.3
12988,15677764,Login Issue,Medium,4.9
12989,15677764,App Bug,Critical,31.9
12990,15574608,Fraud Alert,Medium,8.5
12991,15574608,App Bug,Low,2.7
12992,15574608,Login Issue,Medium,7.9
12993,15702442,App Bug,Low,1.5
12994,15766826,Billing,Low,2.7
12995,15766826,Card Problem,High,13.9
12996,15766826,Card Problem,Low,2.5
12997,15591628,Billing,High,28.9
12998,15583857,Login Issue,Medium,7.7
12999,15741403,App Bug,Medium,8.9
13000,15741403,Login Issue,Critical,999.0
13001,15741403,Fraud Alert,Medium,8.6
13002,15643330,Loan Query,High,29.3
13003,15728683,Card Problem,High,17.1
13004,15728683,Billing,Medium,4.3
13005,15621644,Fraud Alert,Low,1.1
13006,15733032,Billing,Medium,7.9
13007,15608381,Login Issue,Medium,9.3
13008,15608381,Login Issue,Medium,8.4
13009,15608381,Fraud Alert,Medium,11.6
13010,15658946,Billing,High,12.0
13011,15645371,Card Problem,Low,4.5
13012,15653110,Loan Query,High,32.8
13013,15653110,Loan Query,MEDIUM,11.6
13014,15653110,App Bug,Medium,7.6
13015,15766355,Billing,Low,3.1
13016,15766355,  Login Issue  ,Low,1.8
13017,15585249,Login Issue,  Medium  ,5.2
13018,15585249,Login Issue,Low,2.5
13019,15575486,App Bug,Low,1.3
13020,15575486,Card Problem,Low,1.6
13021,15780215,Fraud Alert,Low,1.9
ticket_13022,15780215,Login Issue,Low,1.7
13023,15780215,Fraud Alert,Low,1.3
13024,15686099,App Bug,High,19.2
13025,15686099,Loan Query,High,25.2
13026,15739042,Fraud Alert,Low,2.9
13027,15815316,Fraud Alert,Low,1.5
13028,15815316,Loan Query,Low,2.1
13029,15778489,Fraud Alert,High,21.5
13030,15778489,N/A,Low,1.3
13031,15786389,Fraud Alert,Medium,9.6
13032,15786389,Loan Query,Medium,10.9
13033,15601787,  Fraud Alert  ,Critical,80.5
13034,15624715,Fraud Alert,High,24.4
13035,15624715,Billing,High,13.5
13036,15763093,App Bug,Low,1.7
13037,15763093,Loan Query,High,13.8
13038,15572073,Card Problem,Medium,9.4
13039,15780256,Card Problem,Low,2.8
13040,15780256,Billing,Medium,8.4
13041,15780256,Card Problem,Low,2.8
13042,15638882,Fraud Alert,Low,4.0
13043,15638882,Loan Query,Low,2.9
13044,15638882,Login Issue,High,57.6
13045,15638882,Fraud Alert,Low,3.3
13046,65485272,Loan Query,Low,2.8
13047,15714680,Loan Query,High,Unknown
13048,15777217,NULL,Low,1.2
13049,15739123,Fraud Alert,Medium,9.9
13050,15594450,Card Problem,High,30.1
13051,15797751,App Bug,Critical,59.9
13052,15797751,Loan Query,High,42.2
13053,15691543,Login Issue,Low,2.3
13054,15691543,Login Issue,Low,2.3
13055,15722845,Loan Query,Low,1.0
13056,15722845,Billing,Low,1.5
13057,15722845,Login Issue,Low,2.7
13058,15605804,Loan Query,Medium,11.1
13059,15605804,App Bug,Medium,7.3
13060,15702061,Loan Query,Medium,7.1
13061,15694321,  Loan Query  ,High,35.7
13062,15720050,Loan Query,Low,2.2
13063,15720050,Billing,Low,1.8
13064,15758048,Loan Query,Low,2.9
13065,15758048,App Bug,Low,2.2
13066,15805681,Loan Query,Medium,11.1
13067,15807239,App Bug,Medium,4.4
13068,15749093,App Bug,High,28.2
13069,15749093,App Bug,Medium,7.6
13070,15749093,Loan Query,Low,2.2
13071,15610090,Login Issue,High,29.4
13072,15610090,Billing,Medium,8.6
13073,15610090,Login Issue,Low,2.8
13074,15693926,Billing,High,13.5
13075,15734711,Card Problem,Critical,117.6
13076,15734711,Card Problem,Medium,6.2
13077,15814405,App Bug,Medium,12.2
13078,47082031,Fraud Alert,High,33.4
13079,15814405,Billing,Low,4.1
13080,15729359,Billing,Low,1.6
13081,15671934,Fraud Alert,High,20.5
13082,15671934,Billing,High,26.9
13083,15671934,Loan Query,High,35.9
13084,15641773,Fraud Alert,Low,1.3
13085,15753229,Login Issue,Medium,7.0
13086,15656009,Card Problem,Low,2.0
13087,15785024,Login Issue,Medium,18.7
13088,15670492,Billing,Medium,7.6
13089,15795458,Loan Query,High,16.9
13090,15795458,Loan Query,Low,2.7
13091,15732438,Loan Query,Medium,12.8
13092,15732438,Card Problem,Medium,10.4
13093,15732438,Loan Query,Low,4.4
13094,15807457,Billing,Medium,4.2
13095,15641389,Billing,Low,2.3
13096,15657306,App Bug,Medium,17.7
13097,15657306,App Bug,High,-5.0
13098,15657306,Login Issue,High,53.6
13099,15709447,Fraud Alert,Medium,5.0
13100,15709447,Fraud Alert,Low,1.6
13101,15762682,App Bug,Low,1.2
13102,15756148,Billing,Low,1.7
13103,15756148,App Bug,Medium,10.9
13104,15686242,Loan Query,High,26.9
13105,15686242,Login Issue,Low,2.6
13106,15686242,Loan Query,Critical,101.8
13107,15686242,App Bug,Medium,Unknown
13108,15759244,App Bug,Low,2.9
13109,15594576,Billing,Low,2.0
13110,15756954,Loan Query,Low,1.3
13111,15756954,App Bug,Medium,4.7
13112,15571065,Fraud Alert,Medium,5.3
13113,15571065,Card Problem,High,28.7
13114,15800961,,Low,2.6
13115,15800961,Billing,Low,2.7
13116,15672467,Loan Query,High,34.6
13117,58408391,App Bug,Medium,4.8
13118,15744695,Card Problem,Low,1.5
13119,15584897,Card Problem,Low,2.2
13120,15584897,Card Problem,High,15.7
13121,15601857,Billing,Low,3.2
13122,15601857,App Bug,Medium,7.8
13123,15674156,Billing,Low,1.2
13124,15807900,Login Issue,Medium,6.6
13125,15807900,Login Issue,Low,1.9
13126,15807900,Fraud Alert,High,55.4
13127,15743760,Card Problem,Low,2.1
13128,15743760,Billing,Medium,5.4
13129,15743760,Card Problem,Low,2.3
13130,15743760,Login Issue,Medium,11.1
13131,15652835,Fraud Alert,Low,2.9
13132,15652835,Loan Query,  Medium  ,6.0
13133,15767818,Card Problem,High,14.5
13134,15767818,App Bug,Low,2.1
13135,15591150,Card Problem,Low,2.0
13136,15591150,Billing,Medium,5.1
13137,15591150,App Bug,Low,2.2
13138,83129217,Login Issue,Critical,48.3
13139,15737732,Fraud Alert,Low,2.5
13140,15737732,NULL,High,26.0
13141,15737732,Card Problem,High,23.4
13142,15632280,App Bug,Medium,11.3
13143,15632280,App Bug,Medium,9.8
13144,15750407,Card Problem,Low,1.9
13145,15750407,Card Problem,Medium,8.2
13146,15643794,Card Problem,Medium,9.7
13147,15798605,Fraud Alert,Medium,6.1
13148,15637324,Card Problem,Low,2.8
13149,15589589,Card Problem,Medium,7.0
13150,15589589,Login Issue,Low,1.2
13151,15778936,Login Issue,High,14.1
13152,15757385,Fraud Alert,Medium,4.7
13153,15675518,Billing,High,16.9
13154,15675518,App Bug,High,59.1
13155,15584812,App Bug,Medium,9.9
13156,15591980,Billing,,2.3
13157,15591980,Fraud Alert,Low,1.3
13158,15591980,Billing,Low,2.8
13159,15574142,Card Problem,Medium,5.3
13160,15582903,Login Issue,Low,2.7
13161,15635752,App Bug,Low,3.0
13162,15804864,Fraud Alert,Medium,5.4
13163,15804864,Login Issue,Medium,4.2
13164,15641175,App Bug,Low,2.6
13165,16042900,Card Problem,Low,3.9
13166,15641175,App Bug,Medium,17.3
13167,15641175,Loan Query,Low,3.5
13168,15584156,Billing,Low,1.6
13169,15584156,Billing,Low,2.0
13170,15584156,App Bug,High,35.2
13171,15702656,Fraud Alert,Medium,5.0
13172,15702656,Card Problem,Low,2.2
13173,15702656,Loan Query,Medium,11.3
13174,15606552,Billing,Low,1.8
13175,15606552,Billing,High,17.6
13176,15606552,Billing,Medium,9.2
13177,15687001,Billing,Medium,17.1
13178,15687001,Loan Query,Low,4.3
13179,15687001,Fraud Alert,Medium,14.9
13180,15781903,Card Problem,High,17.2
13181,15731951,Card Problem,High,
13182,15731951,Card Problem,High,54.6
13183,15731951,Card Problem,High,24.1
13184,15731951,Card Problem,Low,4.5
13185,15580953,App Bug,,7.0
13186,15810390,Card Problem,Medium,10.5
13187,15810390,Fraud Alert,Low,1.1
13188,15628274,Fraud Alert,Low,2.4
13189,15615444,App Bug,Low,1.2
13190,15615444,Login Issue,high,35.2
13191,15784010,Billing,Medium,7.9
13192,15784010,Card Problem,High,14.5
13193,15571586,Card Problem,High,33.4
13194,15571586,Fraud Alert,Low,3.6
13195,15571586,Login Issue,Critical,118.4
13196,15571586,Login Issue,Medium,10.7
13197,15748616,Card Problem,High,13.8
13198,15748616,Login Issue,Low,1.8
13199,15748616,App Bug,Low,1.4
13200,15769402,App Bug,High,25.4
13201,15769402,Login Issue,High,35.2
13202,15769402,Card Problem,Low,1.5
13203,15769402,Loan Query,Critical,38.1
13204,15603481,Billing,Medium,7.9
13205,15603481,Billing,High,29.2
13206,15723604,Fraud Alert,Low,1.9
13207,12190036,App Bug,Low,1.2
13208,15665064,  Login Issue  ,Medium,12.0
13209,15665064,Billing,Medium,11.2
13210,15640580,Card Problem,High,28.6
13211,18216246,Fraud Alert,Low,1.6
13212,15581089,Login Issue,Medium,4.6
13213,15581089,Loan Query,High,14.8
13214,15728605,Loan Query,High,21.2
13215,15728605,billing,Low,1.5
13216,15714789,Card Problem,Low,2.2
13217,15714789,Card Problem,Low,1.0
13218,15714789,Login Issue,Critical,61.4
13219,15714789,Billing,Low,1.2
13220,15786035,Fraud Alert,Medium,9.3
13221,15786035,Billing,Critical,62.6
13222,15786035,Loan Query,High,17.2
13223,15786035,Billing,Medium,6.4
13224,15734850,App Bug,Medium,10.9
13225,15674573,Billing,Low,2.2
13226,15694859,Login Issue,Medium,5.7
13227,15776404,Fraud Alert,Low,1.3
13228,15776404,App Bug,Medium,7.4
13229,15579345,Loan Query,Medium,6.9
13230,15690733,Card Problem,High,35.3
13231,15631481,Card Problem,Low,2.3
13232,15631481,Loan Query,Low,2.4
13233,15631481,Card Problem,High,17.3
13234,15592104,Fraud Alert,High,34.0
13235,15592104,Card Problem,Medium,-5.0
13236,15651900,Billing,Medium,5.0
13237,49861445,Fraud Alert,Low,1.8
13238,15710687,Loan Query,Low,1.0
13239,15599211,Login Issue,Low,3.2
13240,15599211,Fraud Alert,Low,2.9
13241,15599211,Billing,Low,3.2
13242,15675983,Card Problem,Medium,6.3
13243,15675983,Loan Query,Low,2.7
13244,15675983,App Bug,Medium,9.9
13245,15622370,App Bug,High,26.5
13246,15622370,Loan Query,Medium,4.5
13247,15656319,Login Issue,Medium,11.7
13248,15656319,App Bug,Medium,9.6
13249,15672574,Card Problem,Medium,7.0
13250,15672574,Login Issue,Critical,69.7
13251,15659355,Fraud Alert,High,25.1
13252,15659355,Billing,Low,2.6
13253,15659355,App Bug,Critical,62.9
13254,15777907,Loan Query,Medium,11.7
13255,15655171,Card Problem,Low,1.1
13256,15655171,Loan Query,Low,2.2
13257,15619674,App Bug,High,16.5
13258,15619674,Fraud Alert,Low,1.7
13259,15775192,Login Issue,Low,2.7
13260,15775192,Login Issue,Medium,13.4
13261,15775192,Loan Query,Medium,5.0
13262,15775192,Billing,Low,5.0
13263,15617657,Billing,Medium,6.6
13264,15617657,Fraud Alert,High,28.3
13265,15688951,Billing,High,53.6
13266,15688951,App Bug,Low,1.9
13267,15763460,Loan Query,Medium,5.9
13268,15763460,Billing,Low,2.8
13269,15763460,App Bug,Medium,6.3
13270,15763460,Billing,Low,1.8
13271,15756992,App Bug,Low,2.5
13272,15701932,Login Issue,High,16.6
13273,15701932,App Bug,Low,1.7
13274,15634146,App Bug,Low,2.9
13275,15634146,Loan Query,Medium,9.1
13276,15686743,Card Problem,NULL,9.4
13277,15686743,Loan Query,Medium,9.0
13278,15686743,Billing,Critical,45.3
13279,15686743,App Bug,Medium,11.2
13280,15698792,Fraud Alert,Critical,65.3
13281,15698792,Fraud Alert,Low,1.7
13282,15591724,Billing,Low,2.0
13283,15591724,App Bug,Low,1.5
13284,15571281,Fraud Alert,Medium,11.6
13285,15661380,Loan Query,Low,1.3
13286,15661380,App Bug,Medium,4.5
13287,15618950,App Bug,Low,1.5
13288,15618950,Fraud Alert,Low,1.7
13289,15618950,Loan Query,Critical,51.3
13290,15609804,App Bug,High,18.5
13291,15609804,App Bug,Critical,31.3
13292,15735849,Login Issue,High,23.6
13293,15652948,Loan Query,Medium,11.6
13294,15652948,Login Issue,High,33.1
13295,15618155,Fraud Alert,  Medium  ,8.7
13296,15566378,Loan Query,Low,3.7
13297,15565879,App Bug,Low,1.1
13298,15565879,Billing,High,25.0
13299,15565879,Fraud Alert,Low,1.4
13300,15565879,Login Issue,Medium,9.4
13301,15770567,Billing,Low,2.6
13302,15738042,Fraud Alert,Low,1.5
13303,15714920,App Bug,Medium,10.5
13304,15673180,Login Issue,Low,1.5
13305,15673180,Fraud Alert,Medium,6.1
13306,15660636,Billing,High,15.8
13307,15660636,App Bug,Medium,11.9
13308,15660636,Billing,Low,2.8
13309,15660636,Login Issue,Low,1.6
13310,15699415,Login Issue,NULL,32.4
13311,15699415,App Bug,Low,2.1
13312,15699415,Card Problem,High,19.3
13313,15699415,App Bug,Low,3.2
13314,15665521,App Bug,High,19.4
13315,15665521,App Bug,Low,1.6
13316,15665521,Card Problem,Low,1.0
13317,15682868,App Bug,  Low  ,3.0
13318,15584462,Loan Query,Low,1.2
13319,15584462,Fraud Alert,Critical,67.1
13320,15661708,Loan Query,Medium,7.9
13321,15584452,Login Issue,Low,2.5
13322,15717010,Loan Query,Critical,-1
13323,15717010,Card Problem,Medium,8.3
13324,15717010,Billing,Medium,9.0
13325,15643828,Card Problem,Low,
13326,15643828,Card Problem,Medium,5.4
13327,15733361,App Bug,Low,3.9
13328,15733361,App Bug,Low,4.2
13329,15632051,Loan Query,Medium,6.3
13330,15632051,Login Issue,High,31.7
13331,15632051,Loan Query,Low,3.2
13332,15780409,Fraud Alert,High,18.9
13333,15780409,Loan Query,High,28.6
13334,15590337,App Bug,High,48.1
13335,15590337,Login Issue,Medium,6.3
13336,15634551,Login Issue,Medium,6.5
13337,15634551,Loan Query,Low,3.8
13338,15728043,Billing,Low,1.2
13339,15728043,App Bug,Medium,10.3
13340,15728043,App Bug,High,25.5
13341,15682454,Loan Query,High,26.5
13342,15682454,Card Problem,High,25.1
13343,15758513,Login Issue,Low,1.3
13344,15772604,Loan Query,Medium,10.5
13345,15772604,Card Problem,Medium,unknown
13346,15809585,Fraud Alert,Medium,7.6
13347,15809585,Loan Query,Low,2.5
13348,15593778,Loan Query,High,35.7
13349,15593778,Loan Query,Critical,110.5
13350,15655360,App Bug,Low,3.5
13351,15655360,App Bug,Medium,7.2
13352,15655360,Card Problem,Low,4.4
13353,15655360,Billing,Low,3.8
13354,15780909,App Bug,Medium,16.1
13355,15757310,Login Issue,High,24.9
13356,15658409,Card Problem,High,30.4
13357,15658409,Fraud Alert,Low,4.8
13358,15810010,App Bug,Medium,9.2
13359,15810010,Card Problem,Medium,7.0
13360,15810010,Login Issue,High,14.4
13361,15810010,Loan Query,High,17.8
13362,15624374,Login Issue,High,-1
13363,15624374,Billing,Medium,7.4
13364,15624374,Login Issue,Medium,one hour
13365,15624374,App Bug,Medium,9.9
13366,15720083,Fraud Alert,Low,2.6
13367,15720083,Fraud Alert,Low,1.7
13368,15752294,Fraud Alert,High,35.2
13369,15752294,Card Problem,Medium,12.8
13370,15752294,Card Problem,Medium,7.3
13371,15743193,Login Issue,High,59.8
13372,15743193,Fraud Alert,  High  ,59.6
13373,15743193,App Bug,Low,4.9
13374,15696733,CARD PROBLEM,Critical,32.7
13375,15643523,  Card Problem  ,Low,2.3
13376,15643523,Loan Query,High,21.3
13377,15643523,Loan Query,Medium,8.8
13378,15716085,App Bug,Low,4.0
13379,15716085,Card Problem,High,44.7
13380,15716085,Loan Query,High,49.9
13381,15641688,Fraud Alert,Low,2.9
13382,15641688,Card Problem,Critical,80.2
13383,15641688,Billing,Low,1.2
13384,15641688,Fraud Alert,High,31.9
13385,15720123,App Bug,High,33.1
13386,15604732,Billing,Low,1.9
13387,15604732,Billing,Medium,8.6
13388,15604732,Loan Query,Low,2.1
13389,15807120,Billing,High,49.2
13390,15810891,Login Issue,Medium,-5.0
13391,15640407,Loan Query,Medium,6.5
13392,15778838,Billing,Medium,5.5
13393,15778838,Login Issue,Medium,4.4
13394,15778838,Card Problem,Medium,5.7
13395,15709256,Loan Query,Critical,30.1
ticket_13396,15709256,Loan Query,Low,1.6
13397,15729019,Login Issue,Medium,9.0
13398,15608588,Billing,Medium,8.9
13399,15608588,Loan Query,High,59.1
13400,15608588,Fraud Alert,Medium,15.7
13401,15608588,Fraud Alert,Low,2.4
13402,15610557,App Bug,High,22.5
13403,15610557,Card Problem,Medium,5.0
13404,15610557,Card Problem,Medium,5.9
13405,15744914,Loan Query,Medium,8.4
13406,15744914,Loan Query,Low,1.2
13407,15744914,Card Problem,Medium,4.5
13408,15594786,App Bug,Medium,11.5
13409,15649211,Card Problem,Medium,11.9
13410,15649211,App Bug,High,12.6
13411,89526732,App Bug,Low,1.3
13412,15766066,Login Issue,Low,2.2
13413,15724543,Login Issue,Medium,6.1
13414,15755084,Billing,Low,2.0
13415,15755084,Fraud Alert,High,35.9
13416,15730441,Loan Query,Low,unknown
13417,15690456,App Bug,  Medium  ,8.9
13418,15690456,Card Problem,Medium,6.2
13419,15570533,Fraud Alert,Medium,14.4
13420,15570533,Card Problem,Medium,12.8
13421,15570533,Login Issue,Medium,5.0
13422,15797692,Billing,High,28.0
13423,15698927,Loan Query,Critical,62.8
13424,15698927,Login Issue,Medium,6.0
13425,15698927,Loan Query,High,13.4
13426,15733444,Login Issue,Medium,10.3
13427,15733444,Card Problem,High,30.2
13428,15678057,  Card Problem  ,Medium,9.0
13429,15678057,Billing,Medium,4.8
13430,15678057,Fraud Alert,Low,1.8
13431,15678057,App Bug,High,21.0
13432,15638247,Login Issue,Low,1.8
13433,15674833,Card Problem,High,32.1
13434,15674833,Loan Query,Low,2.1
13435,15674833,App Bug,High,35.9
13436,15794297,Card Problem,Medium,11.8
13437,15737025,Loan Query,Low,2.0
13438,15615931,App Bug,  Medium  ,7.9
13439,15664860,Login Issue,Low,1.5
13440,15664860,Card Problem,Medium,999.0
13441,15664860,Loan Query,Critical,93.4
13442,15664539,Login Issue,Low,3.0
13443,15664539,Login Issue,Low,2.7
13444,15664539,Card Problem,Low,1.0
13445,15664539,Loan Query,Low,2.9
13446,15583692,Card Problem,High,22.0
13447,15693131,App Bug,Medium,9.1
13448,15796790,Card Problem,Low,1.6
13449,15796790,Loan Query,Medium,11.4
13450,15732437,App Bug,Low,4.7
13451,15732437,,Medium,10.5
13452,15732437,Fraud Alert,High,41.6
13453,15732437,Login Issue,Low,4.2
13454,15689322,Loan Query,N/A,16.8
13455,15596624,Fraud Alert,Critical,36.7
13456,15596624,App Bug,Low,1.9
13457,15601977,App Bug,Medium,4.3
13458,15601977,Fraud Alert,Medium,
13459,15601977,Login Issue,High,26.7
13460,15791006,App Bug,Low,1.5
13461,15791006,Loan Query,High,26.0
13462,15658768,Login Issue,High,37.9
13463,15658768,Card Problem,Low,4.1
13464,15658768,Fraud Alert,Low,1.2
13465,15613048,Loan Query,,20.6
13466,15613048,Fraud Alert,Medium,5.4
13467,15613048,App Bug,Low,4.3
13468,15662337,Fraud Alert,Low,2.5
13469,15662337,App Bug,Medium,9.1
13470,15682778,login issue,Medium,5.3
13471,15682778,Card Problem,Low,2.1
13472,15709354,App Bug,Medium,4.1
13473,15641091,Login Issue,Medium,11.8
13474,15603111,Loan Query,Medium,18.4
13475,15679693,Billing,Medium,8.1
13476,15788025,Billing,High,29.4
ticket_13477,15646168,App Bug,Low,2.9
13478,15646168,Login Issue,Critical,51.6
13479,15646168,Card Problem,Medium,10.9
13480,15726720,Login Issue,Low,2.7
13481,15726720,Loan Query,Medium,17.4
13482,15735799,App Bug,low,2.8
13483,15735799,Fraud Alert,Medium,9.9
13484,15735799,Billing,Unknown,1.1
13485,15668971,Loan Query,Medium,8.7
13486,15668971,App Bug,High,30.0
13487,15740043,Billing,Low,1.7
13488,15712264,Billing,Low,1.5
13489,15712264,App Bug,Low,2.3
13490,15589401,Loan Query,High,26.4
13491,15742019,Billing,Low,1.5
13492,15660611,Login Issue,Low,five
13493,15660611,Login Issue,Medium,7.0
13494,15607634,Card Problem,Medium,10.6
13495,15607634,App Bug,Medium,7.6
13496,15595036,Loan Query,Low,1.3
13497,15745794,App Bug,High,21.5
13498,15745794,Billing,Medium,
13499,15745794,Billing,Low,2.0
13500,15781689,Fraud Alert,Low,1.8
13501,15696054,App Bug,Medium,11.2
13502,15696054,Loan Query,Low,2.9
13503,15752467,App Bug,Medium,8.4
13504,15752467,App Bug,Low,2.7
13505,15597739,Loan Query,Low,2.4
13506,15723013,Login Issue,Medium,7.2
13507,15723013,Card Problem,Medium,6.5
13508,15723013,Billing,Medium,8.7
13509,15723013,Login Issue,Low,2.2
13510,15784148,Loan Query,Low,2.4
13511,15784148,Login Issue,Medium,11.1
13512,15784148,FRAUD ALERT,Low,3.0
13513,15784148,Card Problem,Low,2.1
13514,15638621,Login Issue,Medium,11.7
13515,15720924,Fraud Alert,Low,1.2
13516,15720924,Card Problem,Low,1.3
13517,15720924,Login Issue,High,27.2
13518,15566531,Loan Query,Medium,8.5
13519,15566531,Loan Query,Low,3.0
13520,15718064,Loan Query,Medium,5.3
13521,15718064,App Bug,Medium,8.4
13522,15718064,Login Issue,High,28.8
13523,15655335,Card Problem,Medium,7.2
13524,15655335,Billing,Medium,4.2
13525,15655335,Billing,Medium,4.8
13526,15607301,Login Issue,Low,2.5
13527,15607301,Loan Query,Medium,11.5
13528,15644280,Card Problem,High,23.5
13529,15708362,Loan Query,Low,2.0
13530,15708362,Fraud Alert,Low,2.5
13531,15708362,App Bug,Medium,4.7
13532,15730579,Fraud Alert,Low,2.6
13533,15791674,Fraud Alert,Medium,19.0
13534,15754599,Billing,Medium,-1.0
13535,15754599,Card Problem,Low,1.5
13536,15693690,Loan Query,Low,2.9
13537,15728963,Fraud Alert,Low,1.2
13538,15728963,App Bug,Medium,17.9
13539,15659710,App Bug,Low,1.9
13540,15658675,Login Issue,High,24.8
13541,15609735,App Bug,Low,2.5
13542,15609735,Billing,Medium,15.4
13543,15609735,App Bug,,32.5
13544,15771477,  App Bug  ,Critical,42.8
13545,15570145,Card Problem,Medium,9.1
13546,15570145,Loan Query,Medium,
13547,15797149,Billing,Medium,9.4
13548,15797149,Fraud Alert,Medium,8.8
13549,15797149,,High,15.3
13550,15636912,Login Issue,Low,2.4
13551,15636912,Loan Query,Low,2.9
13552,15636912,Login Issue,Medium,4.6
13553,15636912,Card Problem,Critical,35.5
13554,15687828,App Bug,Low,2.3
13555,15667424,App Bug,Low,1.1
13556,15667424,Card Problem,Medium,7.0
13557,15759872,Fraud Alert,Medium,9.2
13558,15759872,Login Issue,High,18.0
13559,15759872,App Bug,Medium,5.8
13560,15754926,Card Problem,Low,1.2
13561,42603568,Login Issue,Low,2.7
13562,15754926,Fraud Alert,Medium,10.1
13563,15687431,Login Issue,Medium,10.7
13564,15604515,Card Problem,Low,2.8
13565,15682839,Card Problem,Medium,6.8
13566,15682839,Login Issue,Unknown,1.1
13567,15624677,App Bug,Low,1.0
13568,15624677,App Bug,High,28.5
13569,15624677,Billing,High,16.1
13570,15701768,App Bug,Medium,6.4
13571,15706458,Loan Query,Low,-1
13572,15706458,Card Problem,Low,3.5
13573,15706458,Billing,Low,4.0
13574,15704053,Loan Query,Critical,
13575,15724321,Fraud Alert,Low,2.7
13576,15621815,Billing,Low,2.3
13577,15696588,Billing,Medium,5.2
13578,15696588,Login Issue,High,33.6
13579,15804295,Login Issue,Low,1.3
13580,15804295,Login Issue,Low,999.0
13581,15804295,Card Problem,Low,1.1
13582,15712536,Fraud Alert,High,31.1
13583,15712536,Loan Query,  Low  ,2.4
13584,15712536,Billing,Low,4.1
13585,15662494,Card Problem,Medium,7.2
13586,15807728,Loan Query,Medium,6.5
13587,15764916,Billing,Medium,5.0
13588,15764916,Fraud Alert,High,57.4
13589,15764916,Billing,Medium,10.2
13590,15627859,Billing,Medium,10.7
13591,15627859,billing,Low,2.7
13592,15789413,Fraud Alert,Medium,5.3
13593,15789413,Fraud Alert,High,18.9
13594,15583221,Login Issue,Medium,9.1
13595,15768495,Billing,,2.5
13596,15768495,loan query,Critical,40.2
13597,15768495,Loan Query,Medium,9.5
13598,15644103,Card Problem,MEDIUM,5.7
13599,15741197,Card Problem,Low,1.3
13600,15664547,Fraud Alert,Critical,88.2
13601,15664547,Card Problem,Low,1.3
13602,15664547,Card Problem,Medium,12.2
13603,15797293,Loan Query,Medium,4.7
13604,15572021,Fraud Alert,Medium,8.4
13605,15637461,Loan Query,Medium,7.5
13606,15637461,App Bug,High,33.9
13607,15609643,Card Problem,High,14.8
13608,15785358,Billing,Medium,4.8
13609,15785358,Fraud Alert,Medium,9.9
13610,15785358,Loan Query,Medium,8.2
13611,15785358,Card Problem,Medium,4.7
13612,15782550,App Bug,Low,2.9
13613,15782550,app bug,High,31.6
13614,15775761,Fraud Alert,Medium,19.0
13615,15775761,App Bug,Medium,18.5
13616,15775761,Loan Query,Medium,11.8
13617,15680201,Loan Query,High,29.7
13618,15680201,Billing,Low,1.9
13619,15680201,Login Issue,Medium,8.5
13620,15767594,Fraud Alert,Low,2.3
13621,15767594,Fraud Alert,High,34.8
13622,15767594,Loan Query,High,14.4
13623,15591985,Billing,Critical,91.3
13624,15591985,Billing,  Medium  ,13.5
13625,15591985,Billing,Unknown,1.3
13626,15781530,App Bug,Low,1.6
13627,15705174,Loan Query,Medium,8.6
13628,15705174,App Bug,Low,1.4
13629,15705174,Loan Query,Medium,7.8
13630,71065436,Login Issue,Low,2.4
13631,15804009,Fraud Alert,Low,2.3
13632,15804009,Billing,Low,1.6
13633,15804009,Billing,Low,2.0
13634,15804009,Fraud Alert,Medium,7.7
13635,15696047,App Bug,Medium,8.6
13636,15701160,Loan Query,Medium,5.2
13637,15701160,Login Issue,Medium,11.2
13638,15701160,Fraud Alert,Medium,4.5
13639,15632143,Fraud Alert,Low,1.1
13640,15569526,Login Issue,Low,1.2
13641,15777067,Loan Query,Medium,6.3
13642,15777067,Loan Query,High,24.4
13643,15777067,Fraud Alert,Medium,6.2
13644,15795511,FRAUD ALERT,Low,2.3
13645,15644994,Login Issue,Medium,11.7
13646,15644994,Card Problem,Low,4.6
13647,15703707,Login Issue,Medium,7.5
13648,15659327,App Bug,High,21.7
13649,15659327,App Bug,Medium,16.7
13650,15659327,Loan Query,High,24.5
13651,15771323,Fraud Alert,Medium,9.7
13652,15771323,Billing,Low,2.0
13653,15771323,Loan Query,High,33.6
13654,15771323,Fraud Alert,Low,2.4
13655,15750549,App Bug,Low,2.5
13656,15750549,Login Issue,Low,2.7
13657,15750549,App Bug,Critical,56.4
13658,15698462,Loan Query,High,35.7
13659,15744041,Login Issue,Medium,11.8
13660,15744041,Login Issue,Medium,6.0
13661,15744041,Card Problem,Low,2.3
13662,15744041,,Medium,9.4
13663,15700714,Card Problem,Medium,7.8
13664,15700714,Loan Query,Low,1.1
13665,15700714,Billing,High,19.8
13666,15777743,Login Issue,High,20.7
13667,15777743,Login Issue,Medium,10.5
13668,15623143,App Bug,Low,2.8
13669,15712568,Fraud Alert,Medium,8.7
13670,15712568,Login Issue,Low,-5.0
13671,15650424,Card Problem,Low,1.4
13672,15650424,Billing,High,36.0
13673,15650424,Fraud Alert,Low,2.0
13674,15650424,App Bug,Low,3.9
13675,15687626,Login Issue,Medium,9.8
13676,15687626,Card Problem,High,54.2
13677,15687626,Login Issue,Low,4.9
13678,15609187,Fraud Alert,Medium,5.0
13679,15609521,App Bug,Low,2.0
13680,15752626,Fraud Alert,Medium,8.8
13681,15571756,Loan Query,Low,1.9
13682,15571756,Card Problem,Low,2.6
13683,15814040,Card Problem,Medium,10.6
13684,15814040,Card Problem,Critical,54.7
13685,15814040,Login Issue,Medium,6.6
13686,15658211,Login Issue,Low,-5.0
13687,15658211,Fraud Alert,Medium,8.9
13688,15742091,Loan Query,Low,2.9
13689,15787168,Loan Query,High,23.3
13690,15772363,Loan Query,Medium,-5.0
13691,15772363,App Bug,  Medium  ,4.3
13692,15659364,App Bug,Medium,9.1
13693,15738980,Loan Query,Low,1.8
13694,15738980,Billing,Low,1.6
13695,15738980,Login Issue,Medium,8.5
13696,15738980,  Card Problem  ,Medium,8.3
13697,15794236,Login Issue,Critical,36.9
13698,15794236,Fraud Alert,Low,2.6
13699,15721383,Login Issue,Low,2.1
13700,15721383,Login Issue,Medium,4.3
13701,15721383,Card Problem,Critical,71.9
13702,15722731,Loan Query,Medium,7.0
13703,15722731,Card Problem,Low,3.3
13704,15640507,Billing,Medium,9.2
13705,15578878,Billing,Medium,8.5
13706,15578878,Fraud Alert,Critical,47.6
13707,15776558,Loan Query,Medium,Unknown
13708,15596136,Loan Query,High,34.8
13709,15596136,  Login Issue  ,High,16.0
13710,15704597,Card Problem,Medium,10.8
13711,15704597,Billing,Low,1.9
13712,15648272,Fraud Alert,Medium,4.6
13713,15594915,Billing,Low,1.2
13714,15594915,Card Problem,Low,1.7
13715,15581115,Loan Query,Low,2.4
13716,15763907,Billing,Medium,12.2
13717,15763907,Billing,Low,1.4
13718,15763907,App Bug,Low,3.5
13719,15763907,Loan Query,Medium,12.0
13720,15705994,Billing,High,29.7
13721,15772421,App Bug,Critical,70.6
13722,15711572,Login Issue,Low,2.4
13723,15711572,Login Issue,Low,2.7
13724,15711572,loan query,Low,1.2
13725,15711572,App Bug,Medium,11.0
13726,15691170,Loan Query,Medium,4.9
13727,15691170,App Bug,Low,2.6
13728,15600106,App Bug,Low,2.8
13729,15649508,Fraud Alert,High,16.6
13730,15619699,Loan Query,Low,1.9
13731,15813946,Card Problem,Low,4.0
13732,15813946,Login Issue,Low,1.0
13733,15762762,Billing,Medium,7.8
13734,15762762,Fraud Alert,Low,2.5
13735,15629793,Card Problem,Medium,11.2
13736,15629793,Loan Query,Medium,9.9
13737,15622658,Billing,High,28.3
13738,15658980,Loan Query,Critical,45.2
13739,15658980,Billing,Low,2.8
13740,15701936,App Bug,Low,4.6
13741,15701936,Card Problem,Low,3.2
13742,15701936,App Bug,Low,3.7
13743,15686917,App Bug,High,33.0
13744,15686917,Loan Query,Medium,10.8
13745,15807312,Card Problem,Low,2.0
13746,15807312,Card Problem,High,15.2
13747,15738224,Card Problem,Low,2.9
13748,15738224,Card Problem,High,20.2
13749,15738224,Billing,Critical,37.9
13750,15593283,Loan Query,Low,1.2
13751,15593283,Fraud Alert,Low,4.6
13752,15593283,Login Issue,Medium,13.7
13753,15814690,Fraud Alert,Low,3.3
13754,15814690,Login Issue,Low,4.0
13755,15807245,App Bug,Medium,10.2
13756,15799358,Loan Query,Low,2.3
13757,15799358,Card Problem,Low,3.9
13758,15799358,Billing,High,29.2
13759,15616172,,Low,1.3
13760,15616172,App Bug,Low,1.9
13761,15777958,Card Problem,Medium,9.2
13762,15777958,Loan Query,Medium,5.4
13763,15777958,Billing,Medium,8.6
13764,15809124,Card Problem,Low,2.9
13765,15616367,Billing,Medium,999.0
13766,48829444,Login Issue,Medium,17.8
13767,15616367,Billing,Low,4.5
13768,15687385,Billing,Medium,8.4
13769,15687385,Fraud Alert,Low,2.3
13770,15746704,Billing,Medium,N/A
13771,15588456,Fraud Alert,Critical,68.0
13772,15664035,Login Issue,Critical,28.3
13773,15664035,Login Issue,Low,2.4
13774,15664035,Loan Query,Low,2.3
13775,15776211,Billing,Critical,65.3
13776,15792077,Card Problem,High,28.1
13777,15792077,Loan Query,Low,2.1
13778,15792077,Loan Query,Medium,10.8
13779,15718765,Fraud Alert,High,38.4
13780,15718765,Fraud Alert,Medium,11.5
13781,15718765,FRAUD ALERT,Low,1.7
13782,15576615,App Bug,Medium,10.3
13783,15752650,Loan Query,Medium,11.9
13784,15752650,Login Issue,High,21.3
13785,15752650,Fraud Alert,NULL,2.1
13786,15752650,Loan Query,Low,1.6
ticket_13787,15797502,Loan Query,Low,1.3
13788,15687329,Fraud Alert,High,45.7
13789,15687329,App Bug,Low,4.1
13790,15779423,Card Problem,Low,2.5
13791,15619514,Card Problem,Medium,6.2
13792,15615430,Loan Query,Low,3.8
13793,15615430,Loan Query,Low,1.9
13794,15615430,App Bug,Low,1.0
13795,15716431,Card Problem,Medium,11.2
13796,15798341,Login Issue,High,17.3
13797,15798341,Billing,Low,1.9
13798,15726179,Fraud Alert,Low,2.1
13799,15726179,Fraud Alert,High,43.4
13800,15652999,Login Issue,Low,1.1
13801,15652999,Loan Query,Medium,6.1
13802,15632446,Card Problem,Low,1.4
13803,15632446,App Bug,Medium,9.8
13804,15632446,Card Problem,Low,2.5
13805,15620936,Loan Query,High,28.2
13806,15620936,Fraud Alert,Medium,8.8
13807,15587640,Billing,low,1.8
13808,15587640,Card Problem,Medium,9.5
13809,15648032,Card Problem,Medium,9.1
13810,15572182,Billing,Medium,5.3
13811,15572182,Fraud Alert,High,13.1
13812,15572182,App Bug,Medium,5.4
13813,15770041,Fraud Alert,Medium,7.3
13814,15770041,Card Problem,Low,2.9
13815,15770041,Billing,High,18.5
13816,15669414,Fraud Alert,High,51.8
13817,15669414,App Bug,Low,1.3
13818,15669414,Card Problem,Low,1.2
13819,15777054,Loan Query,High,35.5
13820,15785490,Billing,High,34.5
13821,15577695,Billing,Low,1.0
13822,15686974,Card Problem,Medium,19.3
13823,96592750,Loan Query,Low,2.4
13824,15574584,Loan Query,High,28.2
13825,15711489,App Bug,Critical,53.0
13826,15711489,Loan Query,Low,1.5
13827,15711489,Billing,Medium,7.4
13828,15731755,Fraud Alert,Low,2.5
13829,15796370,Card Problem,Medium,7.9
13830,15598331,Card Problem,Medium,8.9
13831,15598331,Login Issue,High,26.3
13832,15704795,Billing,Low,1.7
13833,15796764,Fraud Alert,High,25.8
13834,15796764,Card Problem,Medium,16.2
13835,15796764,Login Issue,Low,1.6
13836,15796764,Fraud Alert,Medium,12.5
13837,15589420,Fraud Alert,Low,2.4
13838,15589420,Fraud Alert,Low,2.6
13839,15746569,Billing,Low,2.1
13840,15746569,Billing,High,48.1
13841,15746569,Login Issue,High,56.1
13842,15811594,Login Issue,Low,1.5
13843,15811594,Login Issue,High,19.1
13844,15811594,Billing,High,30.8
13845,15811594,Loan Query,Low,2.3
13846,15802909,Card Problem,Medium,8.8
13847,15797665,Fraud Alert,Medium,5.6
13848,15797665,Login Issue,Low,2.1
13849,15778959,App Bug,Low,2.6
13850,15722532,Login Issue,Medium,5.1
13851,15784124,Billing,Medium,8.4
13852,15784124,App Bug,Medium,14.4
13853,15776518,Fraud Alert,Critical,47.6
13854,15776518,Fraud Alert,Low,1.4
13855,15611247,,High,17.6
13856,15773338,Loan Query,High,21.7
13857,15773338,App Bug,High,27.3
13858,15784042,Fraud Alert,Low,3.1
13859,15776229,Billing,Low,2.5
13860,15776229,Loan Query,Low,2.4
13861,15776229,App Bug,Low,2.1
13862,15655903,Login Issue,High,18.4
13863,15590177,Billing,Medium,4.6
13864,15568876,Loan Query,Medium,11.8
13865,15813140,Login Issue,Medium,8.1
13866,15813140,Login Issue,Low,1.6
13867,15770516,Billing,Low,-5.0
13868,15770516,Card Problem,Critical,56.7
13869,15755731,Card Problem,High,50.6
13870,15755731,Card Problem,Low,2.0
13871,15574480,Loan Query,Critical,32.1
13872,15798084,Fraud Alert,Medium,11.1
13873,15798084,Loan Query,Low,2.5
13874,15798084,Billing,Low,2.1
13875,15798084,Billing,Medium,7.6
13876,15673020,Card Problem,High,41.8
13877,15673020,App Bug,High,31.9
13878,15673020,Card Problem,Critical,109.2
13879,15643575,Login Issue,Low,1.9
13880,15786789,Fraud Alert,High,25.2
13881,15786789,Loan Query,High,23.8
13882,15786789,Login Issue,Low,2.6
13883,15786789,Billing,Low,2.4
13884,15578865,Billing,Low,1.8
13885,54138198,Loan Query,Low,4.2
13886,15578865,Login Issue,Low,2.9
13887,15603674,App Bug,Medium,
13888,15759915,Unknown,Low,1.7
13889,15696388,Login Issue,Low,2.4
13890,15696388,Card Problem,Low,2.7
13891,15713604,Card Problem,Low,2.3
13892,15713604,Fraud Alert,Medium,10.6
13893,15647800,Login Issue,High,23.0
13894,15774586,Card Problem,High,52.8
13895,15774586,Login Issue,Critical,47.3
13896,15603454,  Fraud Alert  ,Medium,10.8
13897,15782475,Billing,Medium,8.0
13898,15593496,Billing,Low,1.0
13899,15593496,Billing,Medium,9.2
13900,15593496,Login Issue,Critical,57.0
13901,15593496,Loan Query,Low,2.9
13902,15808971,App Bug,Medium,4.1
13903,15683007,Billing,Low,2.7
13904,15659495,Fraud Alert,High,29.7
13905,15659495,Card Problem,High,13.3
13906,15659495,Loan Query,Medium,6.5
13907,15674000,Fraud Alert,High,27.5
13908,15674000,Login Issue,High,30.9
13909,15798615,login issue,Low,2.9
13910,15798615,Card Problem,High,12.0
13911,15638494,  Card Problem  ,Low,1.1
13912,15638494,Loan Query,Low,2.0
13913,15638494,App Bug,Low,2.1
13914,15763874,Loan Query,High,15.6
13915,15763874,Billing,Low,1.7
13916,15696355,Login Issue,high,29.1
13917,15696355,Billing,Low,1.7
13918,15707861,Loan Query,Medium,14.8
13919,15707861,Card Problem,Low,4.7
13920,15672237,Loan Query,Medium,6.2
13921,15657771,Fraud Alert,Low,1.7
13922,15657771,Billing,Medium,7.5
13923,15677783,Card Problem,Medium,7.3
13924,15681026,App Bug,High,49.9
13925,15681026,Fraud Alert,Medium,12.6
13926,15566543,Login Issue,Low,2.3
13927,15594612,App Bug,Medium,13.2
13928,15594612,Billing,Low,4.9
13929,15594612,Login Issue,Low,4.3
13930,15594612,Login Issue,Medium,10.4
13931,15642785,Loan Query,Low,1.2
13932,15603794,Login Issue,High,26.6
13933,15603794,Login Issue,Low,2.0
13934,15733491,Login Issue,Low,2.7
13935,15733491,Loan Query,Low,2.7
13936,15587133,Billing,Low,1.9
13937,15587133,Login Issue,Low,2.8
13938,15747927,Fraud Alert,High,26.7
13939,15747927,Login Issue,Medium,6.5
13940,15806455,App Bug,High,32.0
13941,15695474,Billing,Low,2.6
13942,15666295,Login Issue,Low,1.2
13943,15666295,Loan Query,Low,3.5
13944,15666295,App Bug,Medium,8.1
13945,15656062,Billing,Low,2.4
13946,15656062,Loan Query,N/A,1.2
13947,15656062,App Bug,Medium,6.3
13948,15703563,Card Problem,Low,N/A
13949,15719276,Billing,Medium,8.6
13950,15719276,Card Problem,Medium,4.6
13951,15719276,App Bug,High,19.3
13952,15672754,Billing,Critical,98.3
13953,15768163,Billing,Low,3.9
13954,15768163,App Bug,Critical,30.6
13955,15768163,Fraud Alert,Low,4.9
13956,15768163,App Bug,Medium,14.3
13957,15696175,Card Problem,Low,1.5
13958,15586914,Card Problem,High,30.2
13959,15586914,App Bug,Medium,5.7
13960,15581736,App Bug,Medium,6.2
13961,15588839,Card Problem,Low,2.4
13962,15588839,Loan Query,Low,2.6
13963,15588839,Fraud Alert,High,26.0
13964,15798964,Fraud Alert,Critical,35.9
13965,15769959,Card Problem,Medium,15.3
13966,15657105,Billing,High,34.7
13967,15569266,Card Problem,Low,2.4
13968,15606229,Card Problem,Low,2.5
13969,15606229,Login Issue,Low,2.3
13970,15584532,Loan Query,Low,1.0
13971,15682355,Login Issue,High,48.0
13972,15628319,App Bug,Medium,10.2
7861,15635870,Billing,High,41.0
7291,15588449,Card Problem,Medium,6.8
13773,15664035,Login Issue,Low,2.4
9853,15596797,Billing,Low,1.3
304,15785542,Fraud Alert,Medium,11.3
2241,15743976,App Bug,Low,1.9
7561,15655436,Fraud Alert,High,37.2
11909,15663987,Fraud Alert,Low,2.6
5552,15705765,Card Problem,Low,1.1
13311,15699415,App Bug,Low,2.1
8883,15812040,App Bug,Low,2.1
1248,15805449,App Bug,Medium,9.5
1150,15694366,Fraud Alert,Critical,51.0
102,15662085,App Bug,Medium,10.9
7859,15631871,Fraud Alert,Low,1.1
2571,15797389,Card Problem,Medium,7.3
12932,15607330,Login Issue,Medium,4.9
8312,15806808,Billing,Medium,15.2
7069,15649354,Card Problem,Low,1.6
3063,15641835,Login Issue,Medium,8.3
8132,15753888,App Bug,Medium,17.1
3005,15732740,Login Issue,Low,2.6
9462,15651955,Loan Query,Medium,4.2
2870,15634262,App Bug,Low,1.3
439,15594898,Billing,Low,4.9
10705,15598586,Billing,Low,2.9
10987,15659677,Loan Query,Medium,7.8
1716,15650098,Login Issue,Low,1.0
8372,15644212,App Bug,Medium,9.9
8529,15761076,Login Issue,Medium,6.4
1978,15775295,Login Issue,Medium,18.4
1194,15757811,App Bug,Low,1.8
2423,15732832,Card Problem,Low,1.6
7497,15778696,Billing,Medium,7.7
4859,15658668,Card Problem,Low,1.1
2883,15771702,Login Issue,High,15.2
5192,15606915,Billing,Medium,5.4
6442,15587611,Loan Query,Critical,51.7
13679,15609521,App Bug,Low,2.0
8701,15687492,Billing,Medium,5.9
5535,15732334,Login Issue,Critical,40.7
3188,15578799,App Bug,High,53.1
13962,15588839,Loan Query,Low,2.6
643,15668444,App Bug,High,24.6
5399,15790267,Card Problem,Low,1.2
6042,15781777,Loan Query,Medium,8.5
10017,15699238,Fraud Alert,Low,2.2
11464,15748352,Fraud Alert,High,28.6
4350,15757837,App Bug,Medium,7.8
5238,15747345,Fraud Alert,Low,1.8
12496,15806420,Billing,Low,2.4
1237,15693864,Loan Query,Medium,5.7
13316,15665521,Card Problem,Low,1.0
4153,15631159,Login Issue,Low,2.7
7643,15566253,Billing,Medium,12.1
9953,15697460,Loan Query,Low,2.9
8486,15725945,Fraud Alert,Low,1.8
10046,15701885,App Bug,Low,1.2
3785,15599301,Card Problem,Medium,11.4
5580,15602841,Fraud Alert,Medium,7.4
10554,15752578,Login Issue,Medium,6.8
7512,15639368,Card Problem,High,25.0
13126,15807900,Fraud Alert,High,55.4
3985,15596060,Billing,Medium,9.6
1715,15650098,Billing,Low,1.1
4844,15565806,Card Problem,High,17.6
13054,15691543,Login Issue,Low,2.3
10736,15633608,Billing,Medium,6.4
12115,15783097,Fraud Alert,Medium,11.4
5832,15738634,Fraud Alert,Low,2.1
4321,15617134,Billing,High,35.2
7712,15804201,Loan Query,Low,2.6
6602,15572762,Billing,Medium,9.2
6107,15727489,Fraud Alert,Medium,11.3
6549,15699195,Billing,Low,1.3
7559,15655436,Billing,Low,1.7
51,15788448,Card Problem,Low,2.0
10125,15763579,Login Issue,Low,1.8
8070,15723950,App Bug,High,16.2
431,15682541,Login Issue,Low,2.3
11281,15750772,Card Problem,Medium,9.8
5011,15801218,Loan Query,Medium,9.6
1853,15584363,Login Issue,Medium,8.5
3278,15569222,App Bug,Medium,9.6
9990,15691150,Card Problem,Medium,12.0
4112,15728773,Login Issue,Low,1.6
5585,15796114,App Bug,Medium,11.1
9692,15603741,Loan Query,Medium,6.4
4548,15774872,Login Issue,Low,1.7
661,15613786,Card Problem,Critical,63.6
5661,15811486,Login Issue,High,17.2
4497,15761950,Billing,Medium,16.6
5124,15634968,Billing,Medium,11.0
11529,15584453,App Bug,Low,1.8
12268,15590810,Card Problem,High,26.9
4527,15787550,Login Issue,Low,1.2
11507,15727421,App Bug,Medium,5.7
5071,15741745,Login Issue,High,34.4
4201,15814004,Fraud Alert,Medium,8.1
2446,15643438,Billing,Low,1.9
2383,15569178,Loan Query,High,21.6
11195,15669491,Card Problem,Medium,10.7
11478,15791304,App Bug,Low,1.4
1381,15731815,Fraud Alert,High,25.9
4904,15754919,Login Issue,Critical,68.2
8046,15674620,Loan Query,High,15.9
6180,15596455,Loan Query,Medium,14.5
6886,15654408,App Bug,High,22.7
9868,15594305,Login Issue,High,30.1
6759,15582246,Loan Query,Low,1.7
31,15661507,Billing,Low,2.8
13077,15814405,App Bug,Medium,12.2
984,15801277,App Bug,Critical,45.6
338,15772896,Card Problem,Medium,12.8
1125,15640442,Login Issue,Low,2.0
7453,15579616,Fraud Alert,Medium,8.2
2782,15780954,App Bug,Medium,11.4
13280,15698792,Fraud Alert,Critical,65.3
351,15812009,Login Issue,High,12.0
7203,15576156,Fraud Alert,Low,2.2
12153,15717770,Billing,Medium,12.7
12634,15597949,Billing,Medium,8.4
13880,15786789,Fraud Alert,High,25.2
10133,15648681,App Bug,Low,1.6
3374,15769312,Card Problem,Low,1.4
7428,15814022,Fraud Alert,Low,1.6
376,15686776,Fraud Alert,Low,2.2
4482,15764604,Login Issue,Low,1.7
8069,15723950,App Bug,Low,2.1
11582,15752809,Fraud Alert,Low,1.8
3247,15579166,App Bug,Medium,5.5
6469,15770984,App Bug,High,30.8
6053,15800287,Login Issue,Medium,11.1
8253,15641934,Login Issue,Medium,13.1
10663,15587443,App Bug,Low,2.8
11585,15750121,Card Problem,Low,1.5
1957,15808228,Billing,Low,2.1
12210,15667216,Card Problem,Low,1.4
2091,15669293,App Bug,High,26.5
6833,15649150,App Bug,Low,1.6
10555,15792107,Billing,Low,1.9
11716,15752507,App Bug,Low,1.5
2563,15624068,Fraud Alert,Low,2.8
7133,15790412,Card Problem,Medium,9.9
12544,15763415,Login Issue,High,22.3
7418,15745533,App Bug,Critical,100.4
11664,15659949,Loan Query,High,22.1
44,15794171,Loan Query,Low,1.6
2796,15775880,Billing,Low,3.0
569,15620505,Billing,Medium,5.5
6176,15740470,App Bug,Medium,11.3
11509,15751032,Card Problem,Low,1.5
6697,15650086,Login Issue,High,31.6
9461,15651955,Login Issue,Low,1.2
310,15659366,Loan Query,Low,3.9
13937,15587133,Login Issue,Low,2.8
10504,15715907,Billing,Low,3.6
9685,15807433,Billing,Medium,5.2
6522,15784958,Fraud Alert,Medium,11.0
4691,15638988,Card Problem,Critical,27.1
6922,15691004,Billing,Low,3.8
1519,15628674,Fraud Alert,High,44.9
8939,15690695,App Bug,Critical,35.4
12463,15629519,App Bug,Medium,8.5
10435,15772941,Login Issue,Critical,65.3
1383,15731815,Fraud Alert,Medium,5.3
7605,15648933,App Bug,Critical,38.6
10366,15646521,Login Issue,Low,1.2
15,15574012,Loan Query,High,24.4
9841,15737627,Card Problem,High,28.7
1122,15584091,Card Problem,Medium,15.7
2942,15779738,Card Problem,Low,1.4
4802,15780411,Billing,Low,2.8
9746,15770039,Card Problem,Medium,18.9
8863,15638269,Billing,Medium,9.7
5547,15626008,Card Problem,High,15.4
9587,15664506,Login Issue,Medium,6.3
7568,15663410,Billing,Low,4.5
10059,15657778,App Bug,Low,1.7
3068,15794479,Card Problem,Low,1.7
11654,15695301,Card Problem,Low,2.9
13689,15787168,Loan Query,High,23.3
6070,15675380,Card Problem,Medium,13.3
9825,15580914,Login Issue,Medium,14.7
5068,15664227,Billing,Medium,4.1
4318,15807909,Fraud Alert,Medium,6.2
5924,15565706,Loan Query,Medium,15.7
1757,15749482,Login Issue,Low,1.8
8347,15801296,Card Problem,Low,1.1
908,15718673,App Bug,Low,2.9
79,15651280,Login Issue,Low,1.8
4357,15579781,Login Issue,High,14.8
28,15737452,Card Problem,Low,4.9
9193,15655213,App Bug,Medium,8.4
7295,15711287,Card Problem,Low,1.8
6457,15668248,App Bug,Medium,4.2
10744,15769980,Loan Query,Low,2.6
1266,15674840,Billing,Medium,7.2
4228,15655123,Login Issue,Critical,114.2
11278,15663770,Fraud Alert,Medium,10.5
10623,15569595,Billing,Low,1.9
211,15811589,Card Problem,Medium,7.8
4136,15617482,Billing,Low,3.6
11261,15590349,Fraud Alert,Low,2.9
1553,15604295,Login Issue,Medium,8.0
3940,15713379,Card Problem,Low,1.5
5012,15642655,Fraud Alert,Low,1.7
1624,15614220,Card Problem,Low,2.7
10701,15608916,App Bug,Medium,8.2
1486,15644200,Card Problem,Low,4.5
