offer_id,customer_id,offer_type,accepted,date_offered
1,15647311,Product Upgrade,True,2026-08-15
2,15701354,Product Upgrade,False,2025-10-15
3,15701354,Product Upgrade,False,2025-08-17
4,15592531,Rate Discount,False,2026-04-21
5,15656148,Cashback,False,2024-10-13
6,15792365,Rate Discount,1,2025-10-31
7,15792365,Fee Waiver,False,2025-03-09
8,15592389,Cashback,True,2024-12-23
9,15691483,Cashback,True,2024-10-07
10,15600882,Product Upgrade,False,2025-02-04
11,15600882,Loyalty Bonus,True,2025-06-27
12,15643966,Cashback,False,2025-01-26
13,15737452,Rate Discount,False,2025-09-22
14,15737452,Product Upgrade,False,2026-06-09
15,15788218,Cashback,True,2025-02-16
16,15661507,Rate Discount,True,2025-08-15
17,15568982,Cashback,True,2026-08-26
18,15577657,Rate Discount,True,2025-04-02
19,15699309,Rate Discount,False,2025-11-24
20,15725737,Fee Waiver,True,2025-11-30
21,15625047,Fee Waiver,False,2025-05-16
22,15738191,Rate Discount,True,2024-10-13
23,15738191,Cashback,False,2025-07-19
24,15736816,Rate Discount,True,2025-04-10
25,15736816,Loyalty Bonus,True,2025-06-21
26,15700772,Product Upgrade,True,2026-07-29
27,15728693,Product Upgrade,False,2026-08-15
28,15728693,Fee Waiver,False,2025-11-04
29,15656300,Product Upgrade,True,2026-02-11
30,49463523,Fee Waiver,False,2025-09-03
31,15589475,Cashback,True,2025-08-18
32,15589475,Cashback,True,2024-10-15
33,15706552,Cashback,True,2026-03-26
34,15750181,Product Upgrade,True,2024-11-20
35,15750181,Fee Waiver,True,2026-03-15
36,15659428,Product Upgrade,False,2026-06-12
37,15794171,Cashback,False,06/03/2025
38,15794171,Loyalty Bonus,False,2025-10-19
39,15788448,Cashback,False,2025-07-07
40,15788448,Cashback,True,2025-12-20
41,15717426,Cashback,False,2024-11-23
42,15585768,Loyalty Bonus,True,2026-04-24
43,15687946,Loyalty Bonus,True,2026-05-31
44,15684171,Cashback, False ,2024-12-11
45,15754849,Fee Waiver,False,2024-10-20
46,15602280,Fee Waiver,False,2026-01-18
47,15771573,Fee Waiver,True,2024-10-07
48,15771573,Loyalty Bonus,True,2026-05-08
49,15766205,Cashback,True,2026-07-25
50,15766205,Loyalty Bonus,True,2026-05-22
51,15616550,Product Upgrade,False,2024-10-28
52,15768193,Fee Waiver,True,2025-07-16
53,15683553,Rate Discount,False,2024-12-14
54,15569590,Fee Waiver,True,2025-10-14
55,15630053,Loyalty Bonus, False ,2025-02-25
56,15647091,Cashback,True,2026-01-24
57,15647091,Loyalty Bonus,False,2026-01-04
58,15804771,Fee Waiver,False,2024-09-18
59,15804771,Cashback,False,2025-05-30
60,15651280,Loyalty Bonus,False,2025-09-09
61,15773469,Cashback,False,
62,15773469,Product Upgrade,N/A,2025-01-23
63,15702014,Fee Waiver,False,2026-08-18
64,15702014,Rate Discount,True,2025-11-25
65,15789484,Cashback,False,2026-05-22
66,15641582,Fee Waiver,False,2026-03-31
67,15638424,Cashback,True,2025-12-22
68,15755648,Cashback,False,2026-04-29
69,15620344,Product Upgrade,True,2026-02-01
70,15812518,Fee Waiver,True,2025-06-21
71,15770811,Fee Waiver,False,2025-02-20
72,15770811,Loyalty Bonus,True,2025-02-22
73,15780961,Product Upgrade,False,2025-05-17
74,15662085,Product Upgrade,True,2025-01-13
75,15803136,Cashback,MAYBE,2025-04-19
76,15706021,Cashback,False,
77,15663706,Product Upgrade,False,2026-05-16
78,15663706,Product Upgrade,True,2025-04-19
79,15641732,Fee Waiver,False,2024-12-02
80,15641732,Fee Waiver,True,2025-08-20
81,15738751,Fee Waiver,False,2025-08-29
82,15738751,product upgrade,True,2025-07-12
83,15805254,Loyalty Bonus,False,2026-03-09
84,15805254,Loyalty Bonus,False,2025-05-06
85,15767954,Product Upgrade,False,07-22-2025
86,15757535,Product Upgrade,False,2026-07-02
87,15731511,Loyalty Bonus,True,2026-05-28
88,15809248,Loyalty Bonus,False,2026-06-03
89,15809248,Fee Waiver,True,2025-02-20
90,15640635,Loyalty Bonus,False,2025-07-24
91,15699461,Cashback,False,2025-02-26
92,15699461,Rate Discount,True,2025-04-08
93,15738721,Cashback,False,2025-02-17
94,15738721,Cashback,True,2025-10-05
95,15693683,Loyalty Bonus, False ,2024-11-19
offer_96,15693683,Loyalty Bonus,False,2025-04-26
97,15633059,Loyalty Bonus,False,2024-11-18
98,15808582,Cashback,False,2025-08-31
99,15804919,Fee Waiver,True,2025-03-11
100,15804919,Rate Discount,True,2026-05-16
101,15599195,Fee Waiver,True,2026-02-01
102,15812878,Loyalty Bonus,True,2025-06-06
103,15812878,Product Upgrade,True,2026-06-26
104,15803526,Loyalty Bonus,True,2024-10-26
105,15715951,Fee Waiver,True,2025-08-11
106,15715951,Fee Waiver,False,2026-03-19
107,15591100,Loyalty Bonus,True,2026-08-06
108,15675522,Loyalty Bonus,False,2025-07-07
109,15661670,Rate Discount,False,2025-11-08
110,15600781,Loyalty Bonus,False,2024-10-10
111,15580203,Product Upgrade,False,2026-05-30
112,15690673,Rate Discount,True,2024-09-16
113,15690673,Cashback,False,2024-12-06
114,15627360,Fee Waiver,True,2026-06-28
115,15627360,Loyalty Bonus,False,2025-09-09
116,15671137,Rate Discount,False,2025-07-25
117,15671137,Loyalty Bonus,True,2025-06-08
118,15782688,Product Upgrade,False,2026-04-30
119,15591607,Loyalty Bonus,True,2026-02-28
120,15740404,Product Upgrade,True,2026-04-03
121,15718369,Rate Discount,True,2025-09-06
122,15677871,Loyalty Bonus,False,2026-04-11
123,15712543,Fee Waiver,True,2026-01-13
124,15584518,Cashback,False,2025-05-10
125,15584518,Rate Discount,False,2025-01-01
126,15802381,Loyalty Bonus,True,2024-10-31
127,15610156,Cashback,False,2025-10-10
128,15610156,Fee Waiver,False,2025-08-02
129,15594408,Fee Waiver,True,2026-04-16
130,15594408,Cashback,False,2026-06-02
131,15640905,Loyalty Bonus,True,2025-05-12
132,15640905,Loyalty Bonus,False,2025-11-08
133,15698932,Loyalty Bonus,False,2026/07/31
134,15698932,Loyalty Bonus,False,2025-12-22
135,15724944,Fee Waiver,False,2025-06-21
136,15628145,Product Upgrade,True,2026-03-25
137,15713483,Product Upgrade,True,2025-10-25
138,15713483,Cashback,False,2026-02-18
139,15705707,Product Upgrade,False,2025-03-14
140,15754105,Loyalty Bonus,False,2026-01-02
141,15703264,Rate Discount,True,2025-06-23
142,15650237,Rate Discount,False,2025-04-28
143,15811589,Loyalty Bonus,False,2025-09-19
144,15689044,Fee Waiver,True,2024-11-07
145,15689044,Rate Discount,True,2026-05-20
146,15709368,Rate Discount,True,2024-09-07
147,15709368,Cashback,True,2026-08-19
148,15679145,Fee Waiver,False,2025-12-28
149,15655007,Loyalty Bonus,True,2025-10-13
150,15623595,Rate Discount,True,2026-01-07
151,15641122,Rate Discount,False,2024-09-26
152,15630910,Loyalty Bonus,True,2026-01-19
153,15630910,Fee Waiver,True,2025-11-09
154,15588537,Product Upgrade,True,2026-07-02
155,15611325,Cashback,False,2025-12-22
156,15587562,Product Upgrade,False,2024-10-17
157,15613172,Rate Discount,False,2024-10-28
158,15613172,Cashback,False,2025-08-11
159,15651022,Rate Discount,N/A,2025-06-14
160,15586310,Rate Discount,False,2026-08-27
161,15625524,RATE DISCOUNT,True,2024-09-26
162,15625524,Fee Waiver,False,2025-11-16
163,15755209,Fee Waiver,True,2025-01-22
164,15645248,Cashback,False,2025-01-07
165,15790355,Cashback,False,2025-01-09
166,15762615,Rate Discount,False,2026-02-17
167,15762615,Cashback,True,01-19-2025
168,15716334,Fee Waiver,True,2024-11-03
169,15621075,Cashback,True,2026-01-27
170,15719377,Cashback,True,2026-03-23
171,15708710,Fee Waiver,False,2026-05-22
172,15726676,Product Upgrade,True,2024-09-27
173,15726676,Loyalty Bonus,True,2024-09-28
174,15587421,Fee Waiver,True,2025-12-01
175,20626974,Product Upgrade,True,2026-08-30
176,15594815,Rate Discount, False ,2026-01-28
177,15656176,Fee Waiver,False,2025-03-06
178,15811127,Cashback,True,2024-10-01
179,15604482,Product Upgrade,False,2025-05-17
180,15604482,Rate Discount,False,2025-07-19
181,15622911,Product Upgrade,True,2025-04-15
182,15600974,Loyalty Bonus,False,2025-03-04
183,15727868,Loyalty Bonus,True,2024-11-10
184,15627801,Fee Waiver,False,2025-05-12
185,15773039,Product Upgrade,True,2025-03-16
186,15755262,Product Upgrade,True,2025-02-14
187,15679531,Cashback,True,2026-07-03
188,15684181,Loyalty Bonus,False,2025-09-18
189,15684181,Loyalty Bonus,False,2026-04-18
190,15612087,Cashback,False,2025-07-28
191,15752047,Cashback,True,2024-10-01
192,15624592,Fee Waiver,True,2026-07-03
193,15624592,Fee Waiver,True,2024-12-31
194,15573152,Product Upgrade,True,2025-10-04
195,15594917,Product Upgrade,True,2024-11-25
196,15594917,Cashback,False,2026-06-16
197,15785542,Fee Waiver,False,2025-12-07
198,15785542,Loyalty Bonus,False,2025-06-09
199,15774854,Product Upgrade,True,2025-08-07
200,15774854,Rate Discount,TRUE,2025-04-19
201,15787155,Product Upgrade,False,2025-04-01
202,15733247,Product Upgrade,True,2026-01-14
203,15605461,Loyalty Bonus,True,2025-07-17
204,15808473,Fee Waiver,False,2025-04-03
205,15627000,Fee Waiver,False,2025-03-13
206,15772896,Product Upgrade,False,2025-05-13
207,15772896,Loyalty Bonus,False,2025-04-20
208,15711540,Cashback,True,2026-07-27
209,15794056,Loyalty Bonus,False,2025-02-13
210,41700723,Loyalty Bonus,False,2026-07-12
211,15651001,Fee Waiver,False,2026-04-03
212,15813844,Cashback,True,2024-11-10
213,15813844,Fee Waiver,,2025-10-14
214,15596175,Cashback,False,2026-03-02
215,15576269,Cashback,False,2024-11-20
offer_216,15685500,Cashback,False,2024-11-13
217,15685500,Rate Discount,True,2026-07-21
218,15599792,Loyalty Bonus,True,2025-12-10
219,15772423,Rate Discount,False,2025-10-07
220,15772423,Cashback,True,2025-09-30
221,15628112,Cashback,False,2026-07-27
222,15793726,Cashback,True,2026-08-01
223,15793726,Product Upgrade,True,2025-10-17
224,15694717,Cashback,False,2025-08-21
225,15694717,Loyalty Bonus,False,2025-03-02
226,15665834,Cashback,False,2026-07-24
227,15665834,Rate Discount,True,2025-11-29
228,15636684,Cashback,True,2026-04-12
229,15750803,Fee Waiver,False,2025-10-28
230,15673481,Fee Waiver,False,2025-09-21
231,15686776,Cashback,True,2025-04-17
232,15700696,Loyalty Bonus,True,2025-01-21
233,15653857,Loyalty Bonus,True,2025-12-01
234,15787071,Loyalty Bonus,False,2024-11-02
235,15725166,Loyalty Bonus,True,2025-12-30
236,15800116,Product Upgrade,False,2026-02-28
237,15758685,Rate Discount,True,2025-05-11
238,15694456,Cashback,False,2025-07-27
239,15694456,Loyalty Bonus,False,2025-07-26
240,15767339,Loyalty Bonus,False,2025-03-10
241,15767339,Loyalty Bonus,False,2026-04-21
242,15683562,Product Upgrade,False,2024-10-28
243,15683562,Cashback,True,2025-12-24
244,15668893,Loyalty Bonus,True,2025-07-30
245,15699389,Rate Discount,True,2025-04-25
246,15626144,Loyalty Bonus,True,2026-04-15
247,15727556,product upgrade,False,2026-07-07
248,15727556,Rate Discount,True,2025-01-06
249,15652266,Rate Discount,False,2025-10-08
250,15655774, Cashback ,False,2025-02-07
251,15590241,Loyalty Bonus,True,2026-01-02
252,15785819,Rate Discount,False,2026-05-20
253,15723654,Loyalty Bonus,True,2024-09-28
254,15723654,cashback,False,2024-11-24
255,15774510,Loyalty Bonus,False,2026-05-19
256,15774510,Cashback,True,2026-03-07
257,15650068,Rate Discount,True,2026-08-26
258,15811490,Product Upgrade,False,2025-03-24
259,15811490,Cashback,True,2026-02-23
260,15682541,Rate Discount,False,2025-04-06
261,15695699,Rate Discount,True,2026-05-21
262,15624188,Rate Discount,False,2026-04-26
263,15812191,Fee Waiver,True,2026-02-04
264,15773972,Fee Waiver,False,2026-03-23
265,15773972,Loyalty Bonus,False,2025-01-10
266,15746726,Fee Waiver,False,2025/08/28
267,15712287,Fee Waiver,True,2026-07-28
268,15702919,Product Upgrade,False,2024-10-28
269,15631868,Cashback,True,2026-01-28
270,15666252,Loyalty Bonus,True,2024-10-20
271,15626114,Loyalty Bonus,TRUEE,2026-01-05
272,15626114,Rate Discount,False,2026-01-25
273,15810834,Loyalty Bonus,True,2026-03-01
274,15585215,Cashback,True,2026-01-15
275,15736601,Rate Discount,False,2025-01-24
276,15736008,Fee Waiver,False,2025-01-24
277,15624528,Rate Discount,True,2024-11-08
278,15598493,Cashback,True,2025-04-20
279,15601274,Product Upgrade,False,"Jun 23, 2026"
280,15702669,Rate Discount,True,2026-05-10
281,15728669,Rate Discount,True,2026-08-17
282,15728669,Fee Waiver,False,2026-08-03
283,15742668,Product Upgrade,True,2025-01-16
284,15742668,Rate Discount,True,2025-09-11
285,15697441,Loyalty Bonus,True,2024-10-13
286,15648064,Fee Waiver,False,2025-03-22
287,15648064,Cashback,True,2025-10-05
288,15636624,Cashback,False,2026-04-26
offer_289,15745844,Loyalty Bonus,False,2026-05-19
290,15745844,Rate Discount,False,2026-05-03
291,15681081,Product Upgrade,True,2025-05-10
292,15785869,Fee Waiver,True,2026-06-26
293,15785869,Rate Discount,True,2026-07-13
294,15735203,Rate Discount,False,2024-11-15
295,15735203,Loyalty Bonus,False,2025-02-12
296,15659420,Loyalty Bonus,True,2026-04-05
297,15777352,Cashback,False,2025-11-08
298,15777352,Rate Discount,False,2026-04-08
299,15625461,Fee Waiver,True,2025-09-01
300,43078623,Cashback,True,2025-10-11
301,15611759,Cashback,False,2026-03-16
302,15661629,Rate Discount,False,2024-12-25
303,15633950,Rate Discount,True,2025-08-09
304,15633950,Rate Discount,False,2025-03-03
305,15592386,Cashback,False,2025-06-20
306,15696674,Cashback,False,2026-07-20
307,15706365,Cashback,False,2025-09-01
308,15676715,Fee Waiver,True,2025-10-25
309,15676715,Cashback,True,2025-07-26
310,15613085,Cashback,False,2026-03-30
311,15613085,Fee Waiver,True,2025-03-09
312,15633537,Rate Discount,False,2025-03-26
313,15594720,Product Upgrade,False,2026-07-21
314,15684042,Product Upgrade,False,2025-05-04
315,15583303,Fee Waiver,False,2025-02-02
316,15611579,Fee Waiver,False,2025-10-13
317,15774696,Cashback,,2026-02-24
318,15688074,Cashback,False,2026-02-12
319,15759537,Loyalty Bonus,True,2025-01-22
320,15583456,Rate Discount,True,2026-06-23
321,15583456,Rate Discount,False,2025-12-23
322,15677371,Rate Discount,True,2025-04-02
323,15677371,Product Upgrade,False,2024-10-26
324,15568240,Cashback,True,2025-12-10
325,15568240,Cashback,True,2025-12-07
326,15622993,Fee Waiver,True,2026-03-22
327,15622993,Fee Waiver,False,2025-07-28
328,15689294,Fee Waiver,False,2025-03-29
329,15689294,Rate Discount,False,2026-02-11
330,15776433,Fee Waiver,UNKNOWN,2025-07-05
331,15776433,Loyalty Bonus,False,2025-07-29
332,15748936,Product Upgrade,True,2026-06-05
333,15717225,Product Upgrade,True,2026-02-26
334,15717225,Rate Discount,True,2025-08-29
335,15785611,Rate Discount,False,2024-09-02
336,15684548,Loyalty Bonus,False,"Feb 27, 2026"
337,15620505,Rate Discount,True,2026-05-09
338,15620505,Fee Waiver,True,2025-05-09
339,15807432,Fee Waiver,True,2026-04-02
340,15807432,Cashback,True,2026-04-14
341,92530052,Rate Discount,False,2025-08-26
342,15612187,Cashback,False,2025-05-03
343,15612187,Product Upgrade,False,2024-09-14
344,15762218,Fee Waiver,False,2026-06-02
345,15646372,Product Upgrade,False,2026-01-11
346,15690452,Cashback,True,2025-05-19
347,15690452,Loyalty Bonus,True,2026-07-29
348,15781589,Product Upgrade,True,2026-06-11
349,15781589,Rate Discount,True,2025-03-10
350,15732674,Rate Discount,True,2024-11-11
351,15732674,cashback,True,2024-09-11
352,15642291,Loyalty Bonus,False,2025-03-26
353,15578045,Rate Discount,False,2024-10-01
354,15578045,Cashback,True,2026-02-09
355,15701376,Cashback,N/A,2026-01-02
356,15701376,Product Upgrade,False,2025-11-29
357,15566594,Loyalty Bonus,True,2026-01-28
358,15760431,Rate Discount,True,2025-02-26
359,15760431,Fee Waiver,True,2026-02-19
360,15810432,Loyalty Bonus,True,2025-06-03
361,15809616,Cashback,True,2024-10-03
362,15809616,Product Upgrade,True,2025-12-10
363,15720559,Cashback,False,2024-11-29
364,15720559,Cashback,True,2024-12-17
365,15695632,Product Upgrade,False,2025-08-19
366,15695632,Fee Waiver,True,2025-04-29
367,15659843,Cashback,True,2025-02-01
368,15615624,Rate Discount,True,2025-01-18
369,15615624,Cashback,False,2025-04-19
370,15810418,Product Upgrade,True,2026-07-25
371,15716186,Fee Waiver,False,2026-06-14
372,15716186,Rate Discount,False,2024-10-12
373,15622834,Loyalty Bonus,False,2025-07-21
374,15622834,Loyalty Bonus,True,2024-12-10
375,15566111,Product Upgrade,MAYBE,2025-03-10
376,15652883,Cashback,True,2026-04-23
377,15806964,Loyalty Bonus,True,2024-10-14
378,15576313,Loyalty Bonus,True,2024-12-08
379,15806467,Fee Waiver,False,2025-03-07
380,15806467,Cashback,True,2026-01-26
381,15743040,Cashback,True,2025-04-17
382,15595039,Loyalty Bonus,True,2026-06-21
383,15799384,Cashback,False,2024-10-11
384,15581197,Fee Waiver,True,2026-02-19
385,15693737,Rate Discount,True,2025-03-26
386,15624623,Rate Discount,False,2025-01-01
387,15624623,Fee Waiver,False,2024-11-12
388,15782735,product upgrade,True,2025-09-29
389,15611088,Product Upgrade,True,2025-04-05
390,15611088,Loyalty Bonus,True,2025-10-19
391,15672145,Cashback,False,2026-07-31
392,15787470,Product Upgrade,False,2025-04-13
393,15803406,Cashback,False,2026-02-10
394,15803406,Cashback,True,2025-09-08
395,15644572,Loyalty Bonus,True,2026-05-04
396,15644572,Loyalty Bonus,True,2025-04-07
397,15694860,Loyalty Bonus,True,2025-08-27
398,15785798,Cashback,True,2026-04-22
399,15785798,Fee Waiver,True,2026-08-30
400,15710825,Fee Waiver,False,2025-05-22
401,15710825,Rate Discount,True,2026-08-02
402,15733797,Product Upgrade,False,2025-11-06
403,15733797,Product Upgrade,False,2026-04-06
404,15634632,Product Upgrade,True,2026-07-15
405,15707362,Rate Discount,False,2026-02-23
406,15707362,Loyalty Bonus,False,2025-05-29
407,15662976,Cashback,True,2026-07-26
408,15662976,Fee Waiver,MAYBE,2026-01-22
409,15718443,Product Upgrade,False,2024-09-16
410,15773792,Loyalty Bonus,False,2025-04-27
411,15613786,Fee Waiver,False,2025-03-26
412,15613786,Loyalty Bonus,True,2026-02-09
413,15726032,Product Upgrade,True,2026-02-14
414,15663252,Loyalty Bonus,False,2024-11-24
415,15593782,Loyalty Bonus,False,2026-05-04
416,15593782,Loyalty Bonus,True,2025-11-24
417,15759298,Fee Waiver,True,2025-07-16
418,15683625,Cashback,True,2024-12-22
419,15635367,Rate Discount,False,2026-01-11
420,15681705,Cashback,2,2025-07-20
421,15603156,Rate Discount,False,2025-05-02
422,15603156,Loyalty Bonus,True,2025-03-20
423,15797736,Product Upgrade,False,2024-11-15
424,15797736,Rate Discount,True,2026-02-21
425,15695585,Loyalty Bonus,False,2026-03-25
426,15744398,Cashback,False,2026-08-18
427,15744398,NULL,False,2025-03-06
428,15750658,Product Upgrade,True,2025-02-08
429,15578186,Product Upgrade,True,2026-04-13
430,15637954,Rate Discount,False,2025-11-19
431,15758639,Cashback,False,2026-08-19
432,15613772,Loyalty Bonus,False,2024-09-08
433,15731744,Product Upgrade,True,2026-05-01
434,15807709,Product Upgrade,NULL,2026-05-17
435,15714689,Loyalty Bonus,False,2025-08-08
436,15714689,Fee Waiver,False,2025-11-06
437,15699005,Fee Waiver,True,2024-09-21
438,15624170,Loyalty Bonus,True,2026-03-09
439,15624170,Product Upgrade,True,2025-08-04
440,15725679,Loyalty Bonus,False,2025-08-31
441,15725679,Product Upgrade,False,2024-09-26
442,15585865,Fee Waiver,True,2025-04-07
443,15585865,Cashback,True,2025-07-19
444,15804256,Product Upgrade,False,2026-08-23
445,15662403,Fee Waiver,False,2024-11-14
446,15677020,Rate Discount,False,2025-06-18
447,15677020,Cashback,True,2025-11-17
448,15727688,Product Upgrade,False,2025-07-08
449,15714485,Cashback,False,2025-07-02
450,15715527,Loyalty Bonus,True,2026-01-31
451,15576623,Fee Waiver,True,2025-07-07
452,15805565,Fee Waiver,False,2025-08-17
453,15805565, Cashback ,True,2024-12-19
454,15568506,Rate Discount,False,2026-08-20
455,15782236,Loyalty Bonus,True,2025-03-23
456,15782236,Cashback, True ,2026-08-01
457,15682048,Rate Discount,False,2026-04-21
458,15682048,Fee Waiver,True,2026-07-14
459,15745417,Rate Discount,False,2025-11-02
460,15671256,Cashback,False,2024-09-03
461,15653547,Fee Waiver,True,2026-07-14
462,15653547,Rate Discount,False,2025-05-01
463,15595766,Cashback,False,2026-05-08
464,15595766,Cashback,False,2025-05-24
465,15742358,Rate Discount,True,2025-02-28
466,15763274,Rate Discount,True,2026-07-14
467,15763274,Fee Waiver,True,2025-11-17
468,15786063,Product Upgrade,False,2026-08-23
469,15573318,Product Upgrade,False,2025-05-20
470,15573318,Rate Discount,True,2025-08-29
471,15653849,Product Upgrade,False,2025-03-24
472,15736112,Fee Waiver,True,2025-09-25
473,15749851,Rate Discount,False,2026-04-10
474,15749851,N/A,True,2026-01-26
475,15592300,Product Upgrade,True,2025-10-19
476,15776780,Loyalty Bonus,True,2025-08-19
477,15776780,Fee Waiver,False,2026-02-12
478,15592846,Cashback,True,2025-03-21
479,15739803,Product Upgrade,False,2024-09-19
480,15739803,Loyalty Bonus,True,2026-07-07
481,15667896,Product Upgrade,False,2024-09-28
482,15667896,Fee Waiver,True,2025-12-09
483,15776223,Fee Waiver,True,2025-04-07
484,15705953,Loyalty Bonus,True,2026-01-08
485,15802593,Rate Discount,False,2024-11-14
486,15708916,Fee Waiver,False,2024-10-24
487,15720187,Loyalty Bonus,True,2025-09-19
488,41090443,Product Upgrade,False,2024-12-26
489,15657284,Product Upgrade,False,2026-07-24
490,15705515,Loyalty Bonus,True,2026-03-07
491,15634844,Fee Waiver,True,2025-10-01
492,15571816,Loyalty Bonus,True,2025-04-25
493,15788126,Loyalty Bonus,False,2025-08-21
494,15811773,Cashback,True,2025-03-07
495,15811773,Product Upgrade,True,2026-07-11
496,15795564,Rate Discount,False,2024-12-13
497,15706647,Rate Discount,False,2025-04-26
498,15706647,Rate Discount,False,2026-03-01
499,15728505,Product Upgrade,False,2026-06-16
500,15730076,Product Upgrade,False,2025-04-15
501,15622003,Cashback,False,2025-09-28
502,15622003,Fee Waiver,False,2025-04-11
503,15607312,Fee Waiver,False,2025-09-23
504,15607312,Rate Discount,False,2026-01-30
505,15653620,Fee Waiver,False,2024-11-06
506,15753719,Loyalty Bonus,True,2025-12-09
507,15803689,Product Upgrade,False,2026-05-23
508,15803689,Loyalty Bonus,False,2025-04-13
509,15718057,Fee Waiver,False,2025-10-01
510,15722010,Rate Discount,False,2026-07-22
511,15679587,Fee Waiver,False,2026-01-22
512,15603925,Rate Discount,False,2025-01-12
513,15680970,Loyalty Bonus,False,2024-10-18
514,15697183,Rate Discount,False,2025-03-28
515,15697183,,False,2025-07-23
516,15567446,Rate Discount,True,2025-06-10
517,15683503,Cashback,False,2026-04-02
518,15645569,Rate Discount,True,2024-10-01
519,15645569,Product Upgrade,False,08-06-2026
520,15592387,Product Upgrade,False,2025-10-08
521,15814035,Loyalty Bonus,True,2024-10-18
522,15661249,RATE DISCOUNT,False,2026-02-17
523,15586585,Product Upgrade,True,2026-06-06
524,15586585,Cashback,False,2024-10-06
525,15686611,Loyalty Bonus,True,2024-10-05
526,15686611,Rate Discount,True,2026-07-15
527,15619857,Rate Discount,False,2025-09-08
528,15660271,Product Upgrade,True,2024-12-05
529,15660271,Loyalty Bonus,True,2025-09-28
530,15719352,Fee Waiver,True,2025-10-17
531,15719352,Loyalty Bonus,False,2025-12-13
532,15766575,Product Upgrade,False,2025-08-15
533,15594594,Product Upgrade,True,2024-10-17
534,15594594,Loyalty Bonus,False,2026-05-28
535,15646161,Product Upgrade,False,2025-04-11
536,15682585,Loyalty Bonus,True,2025-07-22
537,15682585,Loyalty Bonus,True,2025-02-13
538,15603134,Rate Discount,True,2025-08-31
539,15604119,Fee Waiver,False,2024-11-05
540,15604119,Cashback,False,2026-03-20
541,15589030,Cashback,False,2026-08-08
542,15692463,Loyalty Bonus,False,2026-05-12
543,15712403,Fee Waiver,True,2024-11-25
544,15712403,Cashback,False,2024-12-17
545,15811762,Fee Waiver,TRUEE,2025-04-27
546,15718673,Cashback,False,2025-08-14
547,15724282,Loyalty Bonus,False,2025-10-25
548,15738181,Product Upgrade,False,2025-06-05
549,15738181,Loyalty Bonus,False,2026-06-03
550,15633648,Rate Discount,False,2026-02-10
551,15633648,Fee Waiver,True,2024-10-03
552,15583725,Cashback,True,2024-11-14
553,15798398,Loyalty Bonus,False,2026-04-01
554,15784844,Fee Waiver,True,2024-11-24
555,15698786,Loyalty Bonus,False,11/03/2025
556,customer_15698786,Loyalty Bonus,True,2025-04-03
557,15569807,Cashback,False,2026-03-14
558,15730830,Fee Waiver,False,2025-11-24
559,15805112,Cashback,True,2026-08-27
560,15805112,Product Upgrade,False,2024-09-06
561,15633064,Rate Discount,False,2025-03-31
562,15633064,Rate Discount,True,2026-01-11
563,15703119,Fee Waiver,True,2025-12-26
564,15813850,,False,2025-05-30
565,15711889,Cashback,True,2025-07-04
566,15664610,Product Upgrade,False,2025-06-23
567,15664610,Loyalty Bonus,False,2026-05-19
568,15813741,Product Upgrade,False,2025-07-23
569,15603065,Cashback,False,2024-10-30
570,15603065,Rate Discount,True,2025-10-16
571,15592937,Loyalty Bonus,True,2024-09-13
572,15699637,Rate Discount,False,2024-11-25
573,15667215,Product Upgrade,False,2024-12-10
574,15788659,Cashback,False,2026-06-15
575,15763218,Loyalty Bonus,False,2026-03-28
576,15725511,Rate Discount,True,2025-03-24
577,15576368,Fee Waiver,True,2024-11-14
578,15576368,Loyalty Bonus,True,2026-03-07
579,15674991,Rate Discount,True,2026-08-22
580,15721024,Fee Waiver,False,2025-07-06
581,15745621,Product Upgrade,True,2026-01-16
582,15745621,Product Upgrade,True,2026-04-08
583,15642394,Loyalty Bonus,False,2024-11-01
584,15754605,Fee Waiver,True,2025-09-10
585,83701378,Loyalty Bonus,False,2024-11-16
586,15613880,Loyalty Bonus,False,2025-06-21
587,15747867,Product Upgrade,True,N/A
588,15801277,Fee Waiver,True,2024-11-04
589,15579334,Fee Waiver,False,2025-08-12
590,15579334,Fee Waiver,False,2025-06-09
591,15720649,Cashback,False,2025-03-01
592,15720649,Product Upgrade,False,2025-06-14
593,15688251,Cashback,True,2025-04-16
594,15688251,Cashback,False,2025-11-07
595,15740900,Rate Discount,False,2026-07-28
596,15740900,Fee Waiver,True,2025-09-27
597,15727299,Fee Waiver,False,2026-06-16
598,15620204,Product Upgrade,False,2024-10-12
599,15620204,Rate Discount,True,2026-06-03
600,15736534,Rate Discount,False,2026-07-02
601,15803457,Cashback,False,2026-06-05
602,15659098,Fee Waiver,True,2025-01-10
603,15808621,Product Upgrade,True,2026-01-15
604,15808621,Product Upgrade,True,2026-04-23
605,15580148,Fee Waiver,False,2026-03-13
606,15580148,Loyalty Bonus,False,2025-09-26
607,15773809,Rate Discount,False,2026-05-10
608,15773809,Rate Discount,True,2025-07-22
609,15734886,Cashback,True,2026-02-08
610,15650288,Rate Discount,True,2025-10-24
611,15629448,Product Upgrade,True,2025-09-15
612,15807609,Product Upgrade,False,2025-09-26
613,15807609,Loyalty Bonus,False,2024-10-20
614,15578977,Cashback,False,2024-12-18
615,15677369,Rate Discount,False,2025-02-07
616,15677369,Rate Discount,False,2026-04-15
617,15696859,Rate Discount,True,2025-01-07
618,15673570,Rate Discount,False,2025-07-13
619,15767432,Loyalty Bonus,True,2025-07-08
620,15767432,Product Upgrade,False,2024-12-31
621,15654238,Cashback,False,2025-05-08
622,15654238,Loyalty Bonus,True,2025-07-28
623,15812750,Product Upgrade,True,2025-05-03
624,15812750,Loyalty Bonus,False,2025-01-10
625,15723873,Product Upgrade,True,2024-12-09
626,15723873,Product Upgrade,False,2026-08-20
627,15744607,Fee Waiver,False,2025-02-12
628,15744607,fee waiver,False,2026-04-23
629,15612966,Rate Discount,False,2025-12-15
630,15784209,Product Upgrade,False,2025-09-28
631,15794278,Fee Waiver,True,2026-06-27
632,15766741,Fee Waiver,True,2025-11-15
633,15661036,Fee Waiver,False,2026-02-26
634,15705639,Rate Discount,True,2026-06-22
635,15637414,Fee Waiver,True,2026-04-04
636,15641675,Loyalty Bonus,True,2025-03-06
637,15670755,Fee Waiver,True,2025-02-02
638,15640059,Rate Discount,True,2025-05-28
639,15640059,Loyalty Bonus,False,2024-12-06
640,15787619,Cashback,True,2025-04-15
641,15813034,Fee Waiver,False,2026-05-24
642,15813034,Product Upgrade,False,2025-03-08
643,15698839,Product Upgrade,False,2026-04-17
644,15790314,Rate Discount,True,2026-05-21
645,15634245,Loyalty Bonus,True,2025-02-21
646,15677305,Rate Discount,True,2025-02-15
647,15661526,Cashback,True,2024-09-18
648,15660101,Cashback,False,2026-05-14
649,15637979,Fee Waiver,False,2025-10-05
650,15582741,Rate Discount,False,2025-09-27
651,15622750,Loyalty Bonus,True,2025-02-03
652,15812351,Product Upgrade,False,2025-12-08
653,15812351,Loyalty Bonus,True,2026-01-31
654,15685329,Loyalty Bonus,False,2025-07-30
655,15639314,Cashback,False,2025-11-14
656,15685320,Rate Discount,False,2025-05-07
657,15752137,Cashback,True,2025-07-06
658,15628936,Fee Waiver,False,2025-07-09
659,15769974,Cashback,True,2024-11-18
660,15769974,Rate Discount,True,2024-11-14
661,15654060,Loyalty Bonus,True,2026-07-04
662,15745196,Cashback,False,2024-09-19
663,15571221,Fee Waiver,False,2025-04-11
664,15571221,Product Upgrade,False,2025-12-31
665,15605284,Rate Discount,True,2026-05-05
666,15605284,Loyalty Bonus,True,2026-04-15
667,15694366,Loyalty Bonus,True,2025-10-19
668,15763431,Rate Discount,True,2026-05-04
669,15707473,Fee Waiver,True,2025-04-16
670,15769504,Fee Waiver,False,2026-05-19
671,15769504,Cashback,True,2026-02-08
672,15776807,Product Upgrade,True,2025-10-25
673,15686870,Loyalty Bonus,False,2026-06-30
674,15686870,Cashback,True,2026-03-22
675,15668747,Product Upgrade,True,2024-09-18
676,15668747,Cashback,True,2026-03-12
677,62482314,Loyalty Bonus,False,2024-11-03
678,15762238,fee waiver,False,2025-04-08
679,15756026,Fee Waiver,True,2025-11-17
680,15613319,Rate Discount,True,2025-04-20
681,15798906,Rate Discount,True,2025-08-21
682,15778463,Rate Discount,True,2026-05-15
683,15649992,Fee Waiver,False,2026-01-30
684,15775306,Rate Discount,False,2026-06-17
685,15775306,Rate Discount,False,2024-10-07
686,15641655,Product Upgrade,True,2024-10-18
687,15641655,Rate Discount,True,2025-07-25
688,15619708,Product Upgrade,True,2025-05-17
689,15591969,Product Upgrade,False,2025-04-25
690,15747807,Product Upgrade,False,2025-11-06
691,15596939,Loyalty Bonus,True,2026-07-10
692,15596939,Cashback,True,2025-05-02
693,15716155,Fee Waiver,True,2026-02-16
694,15765311,Fee Waiver,True,2026-08-02
695,15757811,Loyalty Bonus,False,2025-12-07
696,15603830,Cashback,True,2026-06-22
697,15660602,Fee Waiver,True,2025-03-14
698,15660535,Cashback,True,2026-04-12
699,15660535,Fee Waiver,False,2026-05-04
700,15666633,Product Upgrade,False,2024-09-20
701,15639788,Cashback,False,2025-07-07
702,15695846,Rate Discount,True,2025-05-23
703,15726234,Cashback,False,2026-01-04
704,15726234,Product Upgrade,False,2026-07-19
705,70068982,Rate Discount,True,2026-03-14
706,15625881,Cashback,False,2025-06-17
707,15585036,Rate Discount,False,2026-05-04
708,15585036,Cashback,False,2025-12-12
709,15589488,Cashback,True,2025-02-14
710,15707567,Product Upgrade,True,2025-08-28
711,15737792,Product Upgrade,False,2026-01-14
712,15599433,N/A,False,2024-12-23
713,15672012,Cashback,,2026-01-27
714,15806983,Loyalty Bonus,False,2025-04-18
715,15592222,Rate Discount,True,2026-08-25
716,15592222,Loyalty Bonus,True,2024-09-10
717,15608968,Fee Waiver,True,2025-04-07
718,15608968,Rate Discount,True,2026-02-10
719,15586959,Fee Waiver,True,2025-04-10
720,15586959,Rate Discount,False,2025-06-26
721,15794048,Loyalty Bonus,False,2024-10-14
722,15677610,Fee Waiver,False,2025-09-24
723,15693864,Cashback,False,2025-06-12
724,15809087,Product Upgrade,False,2025-02-07
725,15809087,Fee Waiver,False,2025-09-26
726,15809100,Loyalty Bonus,False,2025-09-06
727,15614215,Cashback,True,2025-02-11
728,15614215,Product Upgrade,True,2026-02-22
729,15808017,Product Upgrade,True,2025-03-01
730,15808017,Product Upgrade,True,2026-03-07
731,15756804,Rate Discount,False,2025-10-17
732,15756804,Fee Waiver,True,2025-11-30
733,15646810,Loyalty Bonus,False,2026-08-03
734,15799422,Cashback,False,2026-01-27
735,15794549,Product Upgrade,False,2024-11-14
736,15674840,Cashback,True,2024-11-04
737,15653762,Rate Discount,True,2024-12-06
738,15581229,Cashback,False,2024-11-27
739,15800228,Rate Discount,True,2024/09/29
740,15800228,Cashback,True,2025-04-06
741,15697497,Cashback,True,2026-04-06
742,15785519,Rate Discount,True,2025-10-10
743,15785519,Fee Waiver,False,2024-11-23
744,15777211,Loyalty Bonus,True,2025-05-27
745,15591711,Fee Waiver,True,2026-03-31
746,15591711,Fee Waiver,False,2026-01-20
747,15625021,Cashback,False,2025-07-13
748,15702968,Fee Waiver,True,2025-02-25
749,15600462,Rate Discount,True,2024-10-14
750,15780140,Product Upgrade,False,2025-06-06
751,15780140,Loyalty Bonus,True,2025-04-01
752,15585255,Fee Waiver,True,2026-08-22
753,15585255,Product Upgrade,False,2025-10-20
754,15772781,Cashback,False,2026-06-01
755,15772781,Fee Waiver,False,2026-03-22
756,15669987,Product Upgrade,True,2026-01-03
757,15782390,Product Upgrade,True,2025-09-10
758,15782390,Cashback,False,2025-08-01
759,15632210,Cashback,False,2026-08-11
760,15709737,Product Upgrade,False,2026-05-20
761,15792388,Rate Discount,False,2026-02-11
762,15814275,Cashback,TRUEE,2025-04-18
763,15814275,Product Upgrade,False,2025-09-13
764,15724848,Loyalty Bonus,False,2026-07-02
765,15754713,Rate Discount,True,2025-09-19
766,15693814,product upgrade,True,2026-01-05
767,15693814,Loyalty Bonus,True,2026-01-17
768,15599660,Cashback,False,2024-09-27
769,15746490,Cashback,False,2024-12-19
770,15566091,Fee Waiver,False,2025-01-10
771,15566091,Cashback,True,2025-04-01
772,15655961,Product Upgrade,False,2025-01-09
773,15775625,Fee Waiver,True,2025-02-05
774,15792328,Fee Waiver,False,2026-01-29
775,15792328,Cashback,False,2025-01-16
776,15593773,Rate Discount,True,2025-10-07
777,15593773,Rate Discount,False,2025-06-10
778,15733114,Cashback,True,2025-03-09
779,15753337,Fee Waiver,False,2024-12-26
780,15601026,Rate Discount,True,2025-12-25
781,15658485,Cashback,True,2025-06-14
782,15636731,Loyalty Bonus,True,2026-02-27
783,15634141,Cashback,True,2025-05-17
784,15737795,Rate Discount,False,2026-04-15
785,15675316,Fee Waiver,False,2024-11-21
786,15613630,Cashback,True,2026-07-02
787,15662100,Product Upgrade,False,2025-03-17
788,15668032,Rate Discount,True,2025-10-18
789,15599289,Loyalty Bonus,False,2025-07-01
790,customer_15754084,Loyalty Bonus,False,2025-04-12
791,15754084,Fee Waiver,True,2025-05-09
792,15729362,Fee Waiver,MAYBE,2025-01-10
793,15709295,Rate Discount,True,2024-09-19
794,15745324,Loyalty Bonus,False,2026-04-08
795,15745324,Cashback,False,2026-02-06
796,15783659,Loyalty Bonus,True,2025-04-28
797,15620981,Cashback,False,2025-09-26
798,15785899,Rate Discount,True,2026-05-14
799,15785899,Product Upgrade,True,2026-02-03
800,15606149,Fee Waiver,False,2026-07-07
801,15606149,Product Upgrade,False,2024-09-29
802,15671139,Cashback,False,2025-10-31
803,15660429,Rate Discount,False,2026-03-05
804,15660429,Cashback,False,2026-08-04
805,15571002,Product Upgrade,True,2025-03-31
806,15631681,Product Upgrade,False,2026-01-01
807,15731522,Fee Waiver,False,2025-01-10
808,15619529,Loyalty Bonus,True,2025-11-03
809,15628034,Product Upgrade,True,2025-07-01
810,15582797,Cashback,True,2025-05-08
811,15731815,Fee Waiver,True,2025-09-28
812,15580956,Cashback,False,2026-03-06
813,15589805,Loyalty Bonus,False,2026-07-19
814,15801488,Product Upgrade,True,2024-11-29
815,15801488,Cashback,True,2025-08-22
816,15685357,Product Upgrade,True,2026-03-27
817,15685357,Loyalty Bonus,True,2024-12-05
818,15570060,Loyalty Bonus,True,2024-09-11
819,15582616,Product Upgrade,False,2024-12-22
820,15792360,Rate Discount,True,2024-11-22
821,15807008,Product Upgrade,False,2024-12-30
822,15704770,Loyalty Bonus,False,2026-01-12
823,15704770,Rate Discount,True,2026-08-11
824,15756475,Cashback,False,2025-01-20
825,15655339,Product Upgrade,True,2025-01-26
826,15613749,Cashback,False,2026-04-13
827,15613749,Rate Discount,False,2025-02-20
828,15745527,Cashback,True,2025-06-14
829,15745527,Fee Waiver,,2024-10-18
830,15724563,RATE DISCOUNT,True,2024-12-05
831,15782899,Product Upgrade,False,2026-05-11
832,15782899,Product Upgrade,False,2025-09-17
833,15810218,Product Upgrade,False,2025-06-12
834,15810218,RATE DISCOUNT,False,2026-07-21
835,15645621,Loyalty Bonus,False,2025-12-04
836,15645621,Loyalty Bonus,False,2024-10-16
837,15608114,Loyalty Bonus,False,2026-03-10
838,15659557,Fee Waiver,True,2024-12-14
offer_839,15592089,Product Upgrade,False,2026-07-25
840,15592089,Fee Waiver,False,2026-04-17
841,15633897,Rate Discount,True,2025-03-13
842,15701301,Loyalty Bonus,False,2025-03-14
843,53788715,Loyalty Bonus,True,2025-11-02
844,15701602,Loyalty Bonus,False,2025-06-16
845,15701602,Cashback,,2025-10-02
846,15739189,Cashback,True,2025-04-02
847,15739189,Product Upgrade,False,2026-08-16
848,15573086,Product Upgrade,False,2025-06-29
849,15573086,Rate Discount,True,2024-11-19
850,15655274,Product Upgrade,True,2025-01-29
851,15655274,Cashback,False,2025-10-21
852,15603594,Product Upgrade,True,2025-08-22
853,15686936,Cashback,False,2026-08-21
854,15770424,Cashback,True,2025-03-30
855,15770424,Rate Discount,True,2025-08-23
856,15602010,Loyalty Bonus,True,2026-08-25
857,15600583,Product Upgrade,False,2026-01-04
858,15717164,Cashback,False,2025-07-28
859,15717164,Loyalty Bonus,True,2025-04-25
860,15765014,Rate Discount,2,2025-05-04
861,15729279,Cashback,True,2026-01-07
862,15759805,Product Upgrade,True,2024-12-30
863,15688071,Fee Waiver,True,2026-03-14
864,15681174,Product Upgrade,True,2025-12-25
865,15681174,Product Upgrade,False,2026-04-12
866,15750243,Fee Waiver,False,2026-03-26
867,15750243,Cashback,False,2026-04-19
868,15695475,Fee Waiver,False,2025-03-14
869,15689176,Rate Discount,True,2024-10-16
870,15652955,Loyalty Bonus,True,2025-06-24
871,15581479,Loyalty Bonus,False,2025-03-06
872,15577478,Cashback,True,2025-04-12
873,15780870,Rate Discount,True,2026-04-03
874,15692317,Product Upgrade,False,2025-01-19
875,15593969,Product Upgrade,True,2024-10-08
876,15779059,Rate Discount,True,2026-08-17
877,15779059,Product Upgrade,False,2026-01-13
878,15785980,Product Upgrade,True,2025-04-14
879,15793949,Cashback,False,2026-02-25
880,15705860,Fee Waiver,MAYBE,2025-06-27
881,15623828,Rate Discount,True,2026-07-05
882,15623471,Cashback,True,2026-05-11
883,15798348,Product Upgrade,False,2025-02-07
884,34731634,Rate Discount,True,2026-07-21
885,15798521,Fee Waiver,False,2026-03-13
886,15706534,Fee Waiver,False,2025-03-19
887,15706534,Rate Discount,False,2024-09-14
888,15812197,Cashback,False,2026-06-13
889,15650933,Rate Discount,True,2026-07-13
890,15650933,Rate Discount,True,06/09/2025
891,15699598,Product Upgrade,False,2025-08-16
892,15692744,Rate Discount,False,2026-01-21
893,15692744,Rate Discount,False,2025-07-11
894,15680303,Cashback,False,2025-10-06
895,15628674,Loyalty Bonus,False,2025-03-20
896,15628674,NULL,False,2026-06-26
897,15648075,Rate Discount,False,2025-02-18
898,15586970,Rate Discount,False,2026-05-10
899,15625698,Product Upgrade,False,2025-07-28
900,15762937,Loyalty Bonus,True,2024-11-10
901,15762937,Fee Waiver,True,2026-08-16
902,15729832,Cashback,True,2025-07-17
903,15633650, Fee Waiver ,True,2025-03-15
904,15748856,Fee Waiver,True,
905,15591257,Rate Discount,False,2026-08-13
906,15591257,Loyalty Bonus,TRUEE,2026-06-28
907,15646513,Fee Waiver,False,2026-08-30
908,15696098,Product Upgrade,False,2026-01-18
909,15645517,Fee Waiver,True,2026-08-14
910,15649744,Product Upgrade,False,2024-12-09
911,15649744,Loyalty Bonus,True,2025-11-24
912,15604304,Cashback,False,2025-11-29
913,15784092,Rate Discount,0,2026-06-27
914,15585198,Cashback,False,2026-02-24
915,15624347,Product Upgrade,False,2024-12-08
916,15673055,Cashback,True,2026-02-16
917,15673055,Rate Discount,True,2025-08-06
918,15782219,Fee Waiver,True,2025-12-21
919,15780144,Product Upgrade,True,2025-09-15
920,15590476,Fee Waiver,True,2026-08-22
921,15590476,Loyalty Bonus,False,2026-08-05
922,15618182,Cashback,True,2026-05-23
923,15678886,Cashback,False,2025-10-15
924,15592229,Loyalty Bonus,False,2026-01-15
925,15592229,Fee Waiver,0,2025-01-25
926,15798424,Cashback,False,2024-10-28
927,15626608,Loyalty Bonus,False,2024-12-25
928,15723250,Fee Waiver,False,2024-10-21
929,15759381,Fee Waiver,True,2024-12-27
930,15585241,Loyalty Bonus,UNKNOWN,2024-09-30
931,15589358,Cashback,True,2025-07-01
932,15672704,Fee Waiver,True,2026-02-22
933,15789955,Cashback,False,2025-04-01
934,15627305,Cashback,True,2026-06-04
935,15593973,Fee Waiver,False,2026-01-27
936,15593973,Fee Waiver,False,2025-08-06
937,15647301,Loyalty Bonus,False,2026-05-22
938,15647301,Cashback,False,2025-03-15
939,15628205,Fee Waiver,True,2024-12-30
940,15762110,Cashback,False,2024-11-08
941,15732660,Fee Waiver,False,2026-03-25
942,15645269,RATE DISCOUNT,True,2025-09-19
943,15645269,Rate Discount,True,2026-02-19
944,15698510,Rate Discount,False,2025-06-24
945,15698510,Cashback,False,2025-11-16
946,15569247,Cashback,False,2025-12-18
947,15716134,Product Upgrade,False,2026-08-13
948,15763625,Rate Discount,False,2026-03-04
949,15575581,Loyalty Bonus,True,2025-08-12
950,15671209,Fee Waiver,True,2025-11-30
951,15752463,Loyalty Bonus,False,2024-11-11
952,15589754,Product Upgrade,False,2025-04-13
953,15741295,Product Upgrade,True,2026-07-30
954,15811327,Loyalty Bonus,False,2026-01-21
955,15811327,Loyalty Bonus,True,2025-03-17
956,15690664,Rate Discount,True,2026-05-31
957,15719348,Cashback,False,2025-08-13
958,15781802,Loyalty Bonus,False,2025-01-03
959,15781802,Cashback,True,2024-09-18
960,15752731,Product Upgrade,True,2026-07-04
961,15752731,Fee Waiver,True,2026-01-28
962,15633419,Fee Waiver,False,2025-11-12
963,15702430,Cashback,True,2025-04-07
964,15710456,Rate Discount,False,2025-12-08
965,15697789,Loyalty Bonus,False,2026-06-17
966,15570326,Fee Waiver,True,2026-03-27
967,15624428,Rate Discount,True,2024-12-23
968,15755638,Product Upgrade,False,2025-01-20
969,15600992,Rate Discount,False,2024-12-21
970,15755649,Cashback,False,2025-05-28
971,15795228,Loyalty Bonus,True,2025-06-05
972,15791279,Cashback,False,2025-02-15
973,15686909,Fee Waiver,True,2024-09-13
974,15589572, Cashback ,False,2025-10-14
975,15678058,Cashback,True,2025-06-21
976,15804602,Cashback,True,2026-08-14
977,15651052,Rate Discount,False,2026-04-18
978,15724334,Rate Discount,True,2024-10-13
979,15650098,Cashback,False,2025-09-10
980,15616451,Loyalty Bonus,False,2025-02-23
981,15715667,Product Upgrade,False,2026-02-28
982,15738174,Rate Discount,True,2026-06-29
983,15813590,Cashback,False,2025-01-11
984,15624229,Loyalty Bonus,True,2025-03-02
985,15674148,Fee Waiver,True,2025-10-02
986,15682528,Fee Waiver,False,2025-11-11
987,15682528,Product Upgrade,True,2026-04-09
988,15696900,Product Upgrade,TRUEE,2026-01-07
989,15696900,Fee Waiver,False,2025-04-29
990,15730038,Loyalty Bonus,False,2025-10-31
offer_991,15812272,Fee Waiver,False,2026-05-06
992,15812272,Product Upgrade,False,2025-04-30
993,15654654,Product Upgrade,False,2026-04-17
994,15697625,Fee Waiver,False,2026-06-10
995,15616280,Loyalty Bonus,True,2025-08-29
996,15616280,Loyalty Bonus,True,2024-09-03
997,15628298,Cashback,True,2025-12-14
998,15628298,Loyalty Bonus,False,2024-12-23
999,65682302,Cashback,False,2026-08-30
1000,15613844,Fee Waiver,False,2024-09-09
1001,15742480,Loyalty Bonus,True,2025-03-26
1002,15742480,Product Upgrade,False,2025-02-02
1003,15600700,Cashback,False,2025-01-28
1004,15600700,Rate Discount,False,2026-01-16
1005,15634267,Rate Discount,True,2025-11-30
1006,15619626,Cashback,True,2025-10-06
1007,15660422,Rate Discount,False,2025-05-03
1008,15660422,Rate Discount,True,2025-12-30
1009,15617934,Cashback,True,2026-07-09
1010,15617934,Fee Waiver,MAYBE,2024-10-06
1011,15813132,Cashback,True,2025-06-08
1012,15813132,Cashback,2,2026-02-20
1013,15593331,Rate Discount,True,2026-01-17
1014,15658052,Cashback,True,2025-01-14
1015,15658052,Product Upgrade,TRUEE,2026-05-28
1016,15721189,Fee Waiver,True,2025-06-18
1017,15803681,Cashback,False,2025-06-30
1018,15702789,Fee Waiver,True,2026-06-04
1019,15814930,Fee Waiver,False,2026-03-16
1020,15658306,Loyalty Bonus,False,2025-10-08
1021,15658306,Cashback,True,2025-10-26
1022,15699523,Cashback,False,2025-02-24
1023,15615032,Product Upgrade,True,2025-11-14
1024,15615032,Loyalty Bonus,False,2026-03-19
1025,15701265,Rate Discount,True,2025-05-01
1026,15743532,Loyalty Bonus,False,2025-04-26
1027,15747591,Loyalty Bonus,True,2024-09-12
1028,15726557,Loyalty Bonus, False ,2026-01-25
1029,15662291,Product Upgrade,False,2026-08-29
1030,15617078,Rate Discount,False,13-10-2025
1031,15723339,Product Upgrade,True,2026-08-03
1032,customer_15671322,Fee Waiver,False,2025-12-02
1033,15793854,Loyalty Bonus,True,2025-01-23
1034,customer_15625916,Rate Discount,True,2026-06-28
1035,15625916,Cashback,False,2025-05-26
1036,15683195,Loyalty Bonus,False,2026-07-03
1037,15690182,Loyalty Bonus,False,2025-05-15
1038,15690182,Cashback,False,2024-12-17
1039,15671590,Rate Discount,False,2025-06-16
1040,15779182,Cashback,False,2025-11-10
1041,15779182,Loyalty Bonus,False,2026-01-23
1042,15778287,Fee Waiver,True,2024-09-06
1043,15742229,Loyalty Bonus,False,2024-09-28
1044,15742229,Cashback,False,2026-08-23
1045,15658532,Loyalty Bonus,False,2026-06-12
1046,15590993,Product Upgrade,True,2024-12-25
1047,15590993,Loyalty Bonus,False,2026-08-13
1048,15565701,Product Upgrade,False,2026-03-14
1049,15597239,Fee Waiver,False,2025-10-13
1050,15688880,Loyalty Bonus,True,2026-02-26
1051,15687752,Product Upgrade,False,2026-01-26
1052,15584363,Loyalty Bonus,False,2024-12-08
1053,15737748,Product Upgrade,False,2024-12-19
1054,15572360,Fee Waiver,True,2025-10-07
1055,15572360,Product Upgrade,True,2026-03-07
1056,15724620,Rate Discount,True,2025-04-21
1057,15683930,Rate Discount,False,2024-09-23
1058,15800434,Cashback,True,2025-09-13
1059,15709117,Rate Discount,False,2025-03-02
1060,15638806,Product Upgrade,True,2026-08-17
1061,15638806,Product Upgrade,True,2026-06-14
1062,15662294,Fee Waiver,False,2024-10-17
1063,15690079,Loyalty Bonus,True,2025-08-07
1064,15759317,Loyalty Bonus,1,2026-01-01
1065,15759317,Fee Waiver,True,2025-08-31
1066,15808689,Fee Waiver,False,2026-07-15
1067,15720702,Rate Discount,False,2024-09-30
1068,15665077,Fee Waiver,False,2026-04-02
1069,15763612,Rate Discount,True,2024-09-24
1070,15763612,Fee Waiver,False,2024-10-03
1071,15704483,Product Upgrade,True,2025-01-12
1072,15704483,Loyalty Bonus,True,2026-05-11
1073,15765537,Rate Discount,True,2025-08-31
1074,15742854,,True,2025-10-26
1075,15742854,Cashback,False,2026-03-28
1076,15575417,cashback,False,2024-09-07
1077,15664772,Rate Discount,False,2025-11-11
1078,15682563,Fee Waiver,True,2026-04-05
1079,15650889,Rate Discount,True,2025-06-11
1080,15650889,Fee Waiver,True,2025-11-26
1081,15645511,Product Upgrade,False,2026-05-15
1082,15609824,Cashback,False,2026-08-08
1083,15609824,Rate Discount,False,2025-10-04
1084,54668513,Rate Discount,False,2026-04-07
1085,15691104,Loyalty Bonus,True,2026-02-15
1086,15714567,Product Upgrade,False,2024-11-30
1087,15777826,Cashback,False,2025-04-18
1088,15576162,cashback,True,2025-10-04
1089,15613141,Loyalty Bonus,False,2026-01-04
1090,15596552,Cashback,False,2026-03-03
1091,15623644,Rate Discount,False,2025-12-29
1092,15623644,Cashback,True,2026-05-11
1093,15683403,Fee Waiver,True,2025-06-15
1094,15615029,Rate Discount,True,2025-08-16
1095,15746326,Cashback,False,2025-04-28
1096,15722364,Cashback,True,2024-10-13
1097,15704954,,True,2026-03-11
1098,customer_15694409,Cashback,True,2025-08-21
1099,15694409,Cashback,True,2026-03-26
1100,15683841,Loyalty Bonus,False,2025-06-10
1101,15789095,Cashback,UNKNOWN,2026-07-11
1102,15689514,Rate Discount,False,2026-03-21
1103,15689514,Rate Discount,True,2026-05-07
offer_1104,15621353,Loyalty Bonus,False,2026-07-23
1105,15722902,Loyalty Bonus,False,2025-06-12
1106,15791767,Cashback,True,2024-10-20
1107,15792722,Fee Waiver,True,2025-12-27
1108,15723006,Product Upgrade,False,2025-03-17
1109,15723006,Cashback,True,2025-01-13
1110,15774738,Rate Discount,True,2025-09-09
1111,15574004,Loyalty Bonus,False,2025-03-14
1112,15808228,Rate Discount,True,2025-10-16
1113,15571752,Fee Waiver,False,2024-12-31
1114,15714466,Product Upgrade,True,2024-10-03
1115,15714466,Fee Waiver,False,2026-08-12
1116,15696637,Product Upgrade,False,2025-06-29
1117,15690647,Fee Waiver,True,2024-12-29
1118,15704586,Fee Waiver,True,2024-12-20
1119,15704586,Fee Waiver,True,
1120,15674526,Cashback,True,2026-03-10
1121,15775295,Product Upgrade,False,2026-07-04
1122,15684196,Product Upgrade,False,2025-02-11
1123,15787835,Product Upgrade,False,2025-09-18
1124,15730540,Rate Discount,False,2024-09-28
1125,15730540,Product Upgrade,False,2025-02-25
1126,15646276,Fee Waiver,False,2026-01-08
1127,15748797,Cashback,True,2025-06-23
1128,15754796,Loyalty Bonus,False,2025-05-29
1129,15628947,Rate Discount,yes,2025-10-21
1130,15670481,Rate Discount,True,2026-01-19
1131,15619029,Product Upgrade,False,2026-01-15
1132,15613282,Fee Waiver,True,2026-04-25
1133,15797276,Rate Discount,True,2026-04-30
1134,15612494,Fee Waiver,False,2026-04-28
1135,15629617,Loyalty Bonus,False,2025-01-04
1136,15629617,Cashback,False,2024-09-11
1137,15797733,Fee Waiver,False,2026-04-13
1138,15685150,cashback,False,2025-01-06
1139,15667651,Cashback,True,2026-03-17
1140,15667651,Fee Waiver,False,2025-03-12
1141,15649280,Cashback,True,2025-10-09
1142,15649280,Cashback,False,2025-12-06
1143,15705657,Cashback,False,2024-09-28
1144,15705657,Cashback,False,2025-11-13
1145,15753969,Cashback,False,2025-06-23
1146,15596671,Cashback,False,2025-12-19
1147,15710206,Loyalty Bonus,False,2024-10-31
1148,15710206,Loyalty Bonus,True,
1149,15794560,Product Upgrade,True,2025-10-10
1150,15687959,Product Upgrade,True,2025-12-12
1151,15585282,Product Upgrade,True,2026-07-03
1152,15714993,Rate Discount,True,2025-04-04
1153,15714993,Product Upgrade,NULL,2025-05-09
1154,15596021,Product Upgrade,True,2026-05-19
1155,15574068,RATE DISCOUNT,False,2026-05-14
1156,15574068,Unknown,False,2025-11-12
1157,15806967,Fee Waiver,False,2025-06-05
1158,15806967,Fee Waiver,True,2024-11-13
1159,15796179,Loyalty Bonus,False,2024-11-10
1160,15598751,Fee Waiver,False,2025-07-11
1161,15703019,Rate Discount,False,2025-03-10
1162,15680855,Product Upgrade,False,2026-03-16
1163,15697311,Fee Waiver,False,2025-12-09
1164,15676242,Cashback,True,2025-01-28
1165,15684198,Fee Waiver,False,2026-07-08
1166,15684198,Product Upgrade,False,2025-07-12
1167,customer_15714227,Cashback,False,2026-06-07
1168,15789546,Loyalty Bonus,False,2026-03-01
1169,15678385,Cashback,True,2025-05-30
1170,15657085,Product Upgrade,True,2025-04-18
1171,15640627,Loyalty Bonus,False,2025-01-01
1172,15566211,Loyalty Bonus,False,2025-08-20
1173,15595067,Fee Waiver,False,2025-12-06
1174,15595067,Rate Discount,False,2025-01-16
1175,15753566,Cashback,False,2026-05-17
1176,15753566,Product Upgrade,True,2025-06-06
1177,15650391,Rate Discount,False,2024-12-28
1178,15681843,Cashback,True,2025-07-13
1179,15681843,Product Upgrade,False,2024-09-05
1180,15814846,Fee Waiver,False,2025-12-18
1181,15729956,Loyalty Bonus,False,2024-09-18
1182,15594862,Cashback,False,2025-08-31
1183,15703399,Fee Waiver,,2026-01-28
1184,15640260,Loyalty Bonus,True,2025-02-04
1185,15716822,Product Upgrade,False,2026-04-07
1186,15716822,Rate Discount,True,2025-11-13
1187,15790683,Loyalty Bonus,False,2024-10-19
1188,15607713,Rate Discount,True,2024-12-05
1189,15700212,Fee Waiver,True,2026-03-30
1190,15700212,product upgrade,False,2026-01-10
1191,15625824,Product Upgrade,False,2025-03-14
1192,15617705,Loyalty Bonus,False,2025-11-01
1193,15617705,RATE DISCOUNT,True,2025-11-04
1194,15634891,Product Upgrade,False,2024-09-16
1195,15686963,Fee Waiver,True,2024-10-10
1196,15808189,Product Upgrade,False,2025-01-28
1197,15799156,Cashback,True,2025-09-05
1198,15694296,Fee Waiver,True,2024-09-03
1199,15677049,Product Upgrade,False,2025-07-15
1200,15583595,Rate Discount,MAYBE,2025-10-15
1201,15590146,Cashback,False,2024-11-06
1202,15801548,Loyalty Bonus,False,2025-05-30
1203,15791302,Loyalty Bonus,False,2025-06-13
1204,15599956,Fee Waiver,True,2025-04-10
1205,15599956,Rate Discount,True,2026-04-20
1206,15638149,Loyalty Bonus,True,2026-08-06
1207,15786199,Fee Waiver,no,2026-05-16
1208,15701765,Rate Discount,True,2026-04-14
1209,15729040,Cashback,,2025-04-30
1210,15602497,Product Upgrade,False,2026-02-16
1211,15812071,Product Upgrade,True,2026-07-05
1212,15738267,Loyalty Bonus,False,2026-02-16
1213,15738267,Fee Waiver,False,2025-08-03
1214,15786800,Loyalty Bonus,False,2026-03-26
1215,15591130,Product Upgrade,False,2024-09-29
1216,15591130,Fee Waiver,False,2025-08-13
1217,15720662,Rate Discount,False,2024-09-20
1218,15568360,Cashback,False,2025-12-28
1219,15597131,Fee Waiver,True,2025-03-05
1220,15589660,Rate Discount,False,2025-10-30
1221,15589660,Rate Discount,True,2025-01-15
1222,15769818,Rate Discount,False,2026-02-02
1223,15769818,Cashback,False,01-12-2024
1224,15614818,Product Upgrade,False,2025-10-04
1225,15794014,Cashback,False,2026-03-16
1226,15723411,Fee Waiver,True,2025-01-13
1227,15723411,Product Upgrade,False,2025-09-24
1228,15812497,Cashback,False,2026-03-24
1229,15690678,Fee Waiver,False,2026-05-17
1230,15690678,Loyalty Bonus,True,2025-09-05
1231,15747677,Rate Discount,False,2026-03-22
1232,15673908,Product Upgrade,False,2025-09-13
1233,15807294,Fee Waiver,True,2026-06-20
1234,15618581,Fee Waiver,0,2024-09-04
1235,15718779,Loyalty Bonus,True,2025-05-16
1236,15709994,Fee Waiver,False,2024-12-15
1237,15706815,Rate Discount,False,2024-09-11
1238,15706815,Loyalty Bonus,False,2025-06-20
1239,15618018,Product Upgrade,False,2025-11-13
1240,15671032,Rate Discount,True,2026-02-06
1241,15671032,Loyalty Bonus,True,07-31-2026
1242,15634281,Fee Waiver,False,2024-12-15
1243,15634281,Cashback,False,2026-03-24
1244,15766374,Loyalty Bonus,True,2025-10-06
1245,15766374,Product Upgrade,True,2026-06-17
1246,15649523,RATE DISCOUNT,True,2025-08-26
1247,15651063,Cashback,True,2026-06-12
1248,15683124,Cashback,False,2025-08-02
1249,15683124,Product Upgrade,False,2025-10-21
1250,15670823,Rate Discount,True,2026-05-15
1251,15670823,Product Upgrade,False,2024-12-23
1252,15607133,Product Upgrade,False,2026-05-30
1253,15725141,Rate Discount,False,2024-11-17
offer_1254,15636756,Rate Discount,True,2026-08-31
1255,15585047,Rate Discount,True,2026-01-04
1256,15585047,Loyalty Bonus,False,2025-08-13
1257,15743976,Fee Waiver,False,2025-11-24
1258,15793881,Product Upgrade,True,2026-08-01
1259,15631072,Rate Discount,False,2026-07-31
1260,15631460,Product Upgrade,False,2024-10-05
1261,15631460,Fee Waiver,MAYBE,2025-04-30
1262,15692002,Product Upgrade,False,2026-04-24
1263,15758035,Loyalty Bonus,False,2025-08-03
1264,15758035,Product Upgrade,True,2025-04-24
1265,15617518,Loyalty Bonus,True,2025/05/08
1266,15651802,Loyalty Bonus,True,2025-08-08
1267,15651802,Loyalty Bonus,False,2025-07-23
1268,15631813,Fee Waiver,False,2025-07-07
1269,15741728,Product Upgrade,True,2025-10-24
1270,15741728,Rate Discount,True,2025-01-05
1271,15576676,NULL,True,2026-02-24
1272,15711378,Cashback,True,2026-03-27
1273,15711378,Fee Waiver, False ,2025-08-10
1274,15765520,Product Upgrade,False,2025-10-04
1275,15656726,Loyalty Bonus,True,2025-12-08
1276,15647842,Rate Discount,False,2026-08-08
1277,15719309,Product Upgrade,True,2024-09-08
1278,15719309,Rate Discount,True,2024-10-20
1279,15594404,Fee Waiver,False,2025-11-22
1280,15594404,Rate Discount,False,2025-11-04
1281,15751158,Rate Discount,False,2026-06-14
1282,15751158,Rate Discount,False,2025-01-31
1283,15695129,Rate Discount,True,2026-02-17
1284,15640865,N/A,True,2026-08-17
1285,15714080,Product Upgrade,True,2026-06-04
1286,15648721,Fee Waiver,False,2024-12-09
1287,15758726,Rate Discount,True,2025-05-29
1288,15758726,Product Upgrade,True,2025-04-03
1289,15781553,Product Upgrade,False,2025-01-04
1290,15722578,Product Upgrade,True,2025-03-17
1291,15801062,Loyalty Bonus,False,2024-12-10
1292,15662955,Loyalty Bonus,True,2024-12-08
1293,15657386,Product Upgrade,True,2025-05-26
1294,15783955,Loyalty Bonus,True,2025-02-11
1295,39046369,Rate Discount,True,2024-10-26
1296,15804516,Product Upgrade,True,01/07/2025
1297,15681758,Cashback,True,2025-06-27
1298,15681758, Cashback ,True,2025-02-02
1299,15630321,Fee Waiver,True,2025-06-06
1300,15630321,Rate Discount,True,2026-08-16
1301,15810347,Fee Waiver,True,2025-01-24
1302,15595303,Product Upgrade,False,2026-03-02
1303,15685372,Rate Discount,False,2025-07-18
1304,15755868,Loyalty Bonus,True,2026-03-28
1305,15755868,Loyalty Bonus,False,2026-06-28
1306,15735222,Cashback,False,2024-11-02
1307,15604804,Cashback,False,2024-10-05
1308,15718944,Fee Waiver,False,2025-10-02
1309,15718944,Loyalty Bonus,False,2026-07-09
1310,15678626,Loyalty Bonus,False,2026-01-03
1311,15571550,Cashback,True,2024-12-09
1312,15723053,Rate Discount,True,2026-06-20
1313,15708048,Rate Discount,False,2025-09-13
1314,15701109,Cashback,False,2025-06-21
1315,15701109,Loyalty Bonus,False,2026-06-04
1316,15651533,Loyalty Bonus,False,2025-10-27
1317,15651533,Product Upgrade,False,2025-12-20
1318,15655574,Product Upgrade,True,2024-10-30
1319,15718106,Fee Waiver,False,2025-11-15
1320,15585067,Cashback, False ,2025-01-12
1321,15675501,Fee Waiver,False,2025-10-10
1322,15633233,Fee Waiver,False,2025-12-04
1323,15659105,Fee Waiver,True,2026-05-17
1324,15575409,Rate Discount,False,2025-07-15
1325,15752342,Product Upgrade,False,2026-03-17
1326,15752342,Cashback,False,2024-10-07
1327,15800229,Cashback,False,2024-10-10
1328,15800229,Rate Discount,False,2025-06-16
1329,15663441,Loyalty Bonus,True,2026-08-31
1330,15663441,Rate Discount,False,2024-12-25
1331,15775082,Cashback,True,2026-01-29
1332,15775082,Fee Waiver,True,2024-10-28
1333,customer_15579706,Fee Waiver,False,2024-09-20
1334,15718247,Rate Discount,True,2025-03-04
1335,15718247,Fee Waiver,False,2024-10-20
1336,15755722,Cashback,False,2024-09-29
1337,15582259,Product Upgrade,False,2025-05-03
1338,15780835,Cashback,False,2025-12-05
1339,15780835,Product Upgrade,False,2025-03-16
1340,15675896,Cashback,yes,2026-05-08
1341,15658459,Cashback,False,2025-05-30
1342,15658057,Cashback,False,2025-08-15
1343,15801767,Fee Waiver,True,2025-10-26
1344,15801767,Rate Discount,False,2026-03-21
1345,15569178,Fee Waiver,True,2026-03-30
1346,15811236,Product Upgrade,False,2026-04-03
1347,15811236,Cashback,True,2026-07-04
1348,15713826,Fee Waiver,False,2025-11-12
1349,15570205,Cashback,False,2025-08-21
1350,15589348,Fee Waiver,True,24-02-2026
1351,15804610,Product Upgrade,True,2025-12-21
1352,15700854,product upgrade,False,2026-03-22
1353,15700854,Loyalty Bonus,True,2026-06-14
1354,15758836,Loyalty Bonus,True,2025-01-11
1355,15772933,Fee Waiver,True,2025-02-06
1356,15809006,Rate Discount,True,2025-08-14
1357,15744614,Product Upgrade,True,2025-01-07
1358,15744614,Cashback,True,2025-03-28
1359,15704250,Fee Waiver,False,2026-02-09
1360,15700255,Rate Discount,False,2026-01-22
1361,15700255,Fee Waiver,False,2026-06-29
1362,15669410,Cashback,False,2024-12-30
1363,15807595,Cashback,True,2025-04-06
1364,15807595,Product Upgrade,True,2025-11-16
1365,15664523,Rate Discount,True,2025-03-02
1366,15642833,Loyalty Bonus,TRUEE,2025-06-13
1367,15713644,Loyalty Bonus,False,2024-09-15
1368,15750466,Cashback,True,2026-01-07
1369,15739054,Fee Waiver,False,2026-03-14
1370,15739054,Fee Waiver,True,2026-02-12
1371,33268633,Product Upgrade,False,2025-11-22
1372,15772892,Cashback,True,2026-04-25
1373,15567993,Product Upgrade,True,2025-01-15
1374,15617603,Loyalty Bonus,False,2025-01-15
1375,15617603,Product Upgrade,False,2025-01-14
1376,15630419,Rate Discount,False,2025-02-14
1377,15684269,Cashback,True,2025-09-06
1378,15684269,Product Upgrade,False,2025-06-01
1379,15762745,Loyalty Bonus,False,2024-09-15
1380,15746970,Fee Waiver,False,2026-08-28
1381,15746970,Fee Waiver,False,2026-08-18
1382,15725024,Rate Discount, True ,2024-11-02
1383,15592116,Fee Waiver,True,2025-01-22
1384,15592116,Product Upgrade,False,2024-10-15
1385,15624391,Product Upgrade,True,2025-10-04
1386,15574879,Rate Discount,True,2026-07-21
1387,15734491,Cashback,True,2025-04-20
1388,15675320,Product Upgrade,True,2024-12-25
1389,15675320,Cashback,True,2025-03-30
1390,15643438,Fee Waiver,False,2025-07-05
1391,15752508,Rate Discount,True,2026-02-02
1392,15808846,Rate Discount,True,2026-05-08
1393,15663489,Product Upgrade,True,2024-09-29
1394,15730639,Loyalty Bonus,True,2026-01-14
1395,19617313,Loyalty Bonus,True,2025-02-15
1396,15672132,Product Upgrade,False,2025-01-18
1397,15672132,Fee Waiver,True,2026-06-24
1398,15742638,Product Upgrade,True,2026-05-12
1399,15742638,Product Upgrade,False,2025-04-24
1400,15578603,Product Upgrade,False,2026-01-27
1401,15578603,Rate Discount,True,2025-02-19
1402,15726088,Product Upgrade,False,2026-04-11
1403,15772995,Product Upgrade,True,2025-10-06
1404,15772995,Cashback,False,2026-05-30
1405,15765694,Loyalty Bonus,False,2026-03-23
1406,15659486,Loyalty Bonus,False,N/A
1407,15659486,Loyalty Bonus,True,2025-03-04
1408,15569410,Cashback,True,2026-06-28
1409,15632256,Cashback,False,2025-09-14
1410,90448088,Fee Waiver,True,2024-10-19
1411,15777639,Cashback,True,2025-07-09
1412,15777639,Loyalty Bonus,False,2025-11-01
1413,15778410,Loyalty Bonus,False,2024-10-11
1414,15704763,Loyalty Bonus,False,2025-08-29
1415,15757646,Loyalty Bonus,True,2025-02-24
1416,15701121,Product Upgrade,False,2024-09-03
1417,15796313,Fee Waiver,False,2026-05-19
1418,15815660,Loyalty Bonus,True,2025-07-10
1419,15815660,,True,2026-04-25
1420,15602844,Cashback,False,2026-06-08
1421,15636238,Fee Waiver,True,2024-11-15
1422,15636238,Product Upgrade,True,2025-08-17
1423,15770101,Loyalty Bonus,True,2025-06-22
1424,15645543,Cashback,False,2024-09-04
1425,15645543,Rate Discount,False,2024-11-10
1426,15596397,Rate Discount,False,2025-07-08
1427,15596397,Rate Discount,True,2026-01-23
1428,15770525,Product Upgrade,True,2026-08-27
1429,15684267,Fee Waiver,True,2025-02-08
1430,15684267,Product Upgrade,True,2026-01-14
1431,15689980,Rate Discount,False,2026-08-30
1432,15756471,Fee Waiver,True,2026-08-06
1433,15756471,Cashback,True,2024-11-17
1434,15802256,Product Upgrade,True,2025-06-21
1435,15725664,Loyalty Bonus,True,2026-03-12
1436,15701946,Fee Waiver,True,2025-04-12
1437,15693381,Rate Discount,False,2025-08-31
1438,15693381,Loyalty Bonus,True,2024-09-15
1439,15607691,Cashback,False,2026-04-30
1440,15603846,Unknown,True,2026-03-13
1441,15603846,Loyalty Bonus,False,2026-04-19
1442,15725355,Fee Waiver,True,2024-10-23
1443,15773017,Rate Discount,False,2026-06-11
1444,15773017,Loyalty Bonus,True,2025-08-28
1445,15625641,Loyalty Bonus,False,2026-01-06
1446,15625641,Cashback,False,2025-02-26
1447,15777922,Loyalty Bonus,True,2026-05-29
1448,15777922,RATE DISCOUNT,True,2024-09-13
1449,15606841,Rate Discount,False,2026-05-15
1450,15757648,Product Upgrade,True,2025-08-04
1451,15677173,Loyalty Bonus,True,2026-07-09
1452,15764170,Rate Discount,False,2025-12-29
1453,15610446,Loyalty Bonus,False,2025-06-14
1454,15612776,Loyalty Bonus,False,2025-10-14
1455,15794122,Loyalty Bonus,True,2026-02-09
1456,15794122,Cashback,False,2024-10-07
1457,15779247,Product Upgrade,False,2025-12-21
1458,15779247,Fee Waiver,False,2025-06-30
1459,15707078,Product Upgrade,True,2025-08-23
1460,15683471,Product Upgrade,True,2025-12-19
1461,15770435,Rate Discount,True,2025-12-14
1462,15770435,Loyalty Bonus,False,2025-01-23
1463,15592994,Cashback,True,2026-03-17
1464,15624068,Loyalty Bonus,N/A,2026-02-09
1465,15595221,,False,2025-03-08
1466,15595221,Rate Discount,False,2025-07-03
1467,15613471,Product Upgrade,True,2024-11-24
1468,15613471,Fee Waiver,False,2024-12-09
1469,15583499,Loyalty Bonus,False,2025-03-07
1470,15804075,Cashback,False,2025-11-02
1471,15804075,Loyalty Bonus,True,2026-06-15
1472,15800517,Loyalty Bonus,False,2026-03-23
1473,15800517,Fee Waiver,True,2025-07-05
1474,15797389,Cashback,False,2026-04-30
1475,15779390,Product Upgrade,True,2026-01-16
1476,15711219,Fee Waiver,True,2026-03-16
1477,15770498,Product Upgrade,True,2025-10-07
1478,15678727,Loyalty Bonus,False,2024-12-11
1479,15740104,Fee Waiver,False,2025-12-05
1480,15792649,Rate Discount,True,2026-05-14
1481,15605275,Product Upgrade,False,2025-05-15
1482,15572467,Loyalty Bonus,True,2026-07-08
1483,15738219,Fee Waiver,True,2026-08-01
1484,15738219,Cashback,True,2026-05-08
1485,15804394,Loyalty Bonus,False,2025-12-27
1486,15804394,Rate Discount,False,2025-11-13
1487,15583718,Cashback,False,2025-09-27
1488,15583718,Rate Discount,TRUEE,2025-05-31
1489,15802478,Product Upgrade,True,2026-05-08
1490,15802478,Rate Discount,True,2025-04-15
1491,15619343,Product Upgrade,False,2025-05-23
1492,15758813,Product Upgrade,False,2025-10-27
1493,15761374,Loyalty Bonus,False,2025-10-17
1494,15788539,Product Upgrade,False,2024-11-07
1495,15747222,Product Upgrade,False,2025-08-15
1496,15699634,Cashback,False,2025-05-28
1497,15589076,Cashback,False,2025-12-22
1498,15589076,Loyalty Bonus,False,2025-11-25
1499,15758845,Rate Discount,True,2025-05-24
1500,15685844,Product Upgrade,True,2025-09-11
1501,15583090,Product Upgrade,False,2025-12-26
1502,15583090,Loyalty Bonus,False,2025-06-15
1503,15633640,Product Upgrade,True,2025-06-16
1504,15633640,Rate Discount,True,2025-08-07
1505,15573741,Loyalty Bonus,False,2026-03-12
1506,15633574,Rate Discount,False,2024-12-26
1507,15633574,Product Upgrade,False,2025-05-02
1508,15711455,Product Upgrade,False,2025-01-14
1509,15711455,Product Upgrade,False,2025-10-12
1510,15570601,Rate Discount,False,2026-04-05
1511,15709338,Rate Discount,True,2025-06-04
1512,15709338,Loyalty Bonus,False,2025-03-11
1513,15780746,Cashback,False,2025-09-10
1514,15681956,Loyalty Bonus,False,2025-05-08
1515,15786852,Fee Waiver,False,2026-03-19
1516,15805312,Loyalty Bonus,True,2026-02-23
1517,15805312,Rate Discount,False,2025-02-24
1518,15636572,Product Upgrade,False,2025-10-13
1519,15636572,Loyalty Bonus,True,2025/07/31
1520,15632575,Fee Waiver,True,2026-06-29
1521,15632575,Rate Discount,False,2026-08-26
1522,15740164,Fee Waiver,False,2025-01-27
1523,15740164,Product Upgrade,True,2026-05-09
1524,15574947,Loyalty Bonus,True,2025-06-17
1525,15574947,Cashback,False,2025-11-22
1526,15706593,Fee Waiver,False,2025-12-14
1527,15590268,Loyalty Bonus,True,2025-11-20
1528,15590268,Product Upgrade,True,2025-11-26
1529,15643630,Rate Discount,False,2025-10-28
1530,15643630,cashback,False,2025-09-05
1531,15641043,RATE DISCOUNT,True,2026-05-25
1532,15768095,Rate Discount,N/A,2025-03-19
1533,15713479,Fee Waiver,True,2024-09-30
1534,15713479,Fee Waiver,True,2024-11-21
1535,15566958,Product Upgrade,False,2024-12-31
1536,15566958,Loyalty Bonus,False,2025-02-09
1537,21849011,Loyalty Bonus,True,2026-08-11
1538,15716324,Loyalty Bonus,True,2024-12-19
1539,15574783,Product Upgrade,True,2024-11-09
1540,15802486,Fee Waiver,True,2026-03-14
1541,15783398,Cashback,True,2025-03-18
1542,21460199,Loyalty Bonus,True,2025-04-03
1543,15604588,Rate Discount,True,2025-09-11
1544,15735428,Loyalty Bonus,False,2024-10-09
1545,15629078,Cashback,False,2025-11-05
1546,15806880,Rate Discount,True,2026-03-14
1547,15754999,Rate Discount,True,2024-09-02
1548,15754999,Rate Discount,False,2024-09-06
1549,15622017,Cashback,True,2025-06-12
1550,15705885,Fee Waiver,True,2025-06-03
1551,15566843,Rate Discount,True,2026-01-04
1552,15626983,Product Upgrade,True,2025-12-05
1553,15811261,Product Upgrade,True,2025-10-26
1554,15741554,Fee Waiver,True,2026-06-18
1555,15769051,Fee Waiver,False,2024-11-15
1556,15739858,Rate Discount,False,2025-08-22
1557,15739858,Loyalty Bonus,False,2026-07-09
1558,15638355,Cashback,False,2024-10-31
1559,15805637,Product Upgrade,False,2026-06-25
1560,15805637,Product Upgrade,False,2025-12-24
1561,15586243,Fee Waiver,False,2024-12-12
1562,15623791,Loyalty Bonus,True,2025-10-01
1563,15652693,Fee Waiver,False,2025-01-04
1564,15586993,Product Upgrade,TRUEE,2026-08-28
1565,15584930,Rate Discount,False,2026-08-01
1566,15799031,Loyalty Bonus,False,2026-08-23
1567,15799031,Product Upgrade,False,2025-03-24
1568,15659651,Product Upgrade,False,2025-02-28
1569,15659651,Cashback,True,2025-05-08
1570,15687310,Rate Discount,True,2024-10-13
1571,15687310,Rate Discount,True,2025-09-20
1572,15607347,Loyalty Bonus,False,2026-05-08
1573,15698321,Loyalty Bonus,True,2026-02-01
1574,15657812,Cashback,True,2025-09-19
1575,15681562,RATE DISCOUNT,True,2025-04-23
1576,15589793,Rate Discount,True,2025-09-19
1577,15675190,Loyalty Bonus,False,2026-06-10
1578,15600734,Rate Discount,True,2026-07-05
1579,15779176,Fee Waiver,True,2025-06-29
1580,15674922,Fee Waiver,False,2026-06-10
1581,15737506,Product Upgrade,False,2025-10-17
1582,15737506,Cashback,True,2026-03-27
1583,15780514,Loyalty Bonus,False,2025-12-22
1584,15623647,Fee Waiver,True,2025-11-28
1585,15692416,Fee Waiver,True,2025-06-07
1586,15771139,Fee Waiver,True,2024-10-07
1587,15771139,Fee Waiver,False,2025-02-22
1588,15772243,Cashback,True,2025-02-19
1589,15693468,Rate Discount,False,2025-01-08
1590,15762268,Fee Waiver,UNKNOWN,2025-07-22
1591,15780954,Fee Waiver,False,2026-02-24
1592,15700174,Product Upgrade,False,2026-08-03
1593,15635728,Fee Waiver,False,2026-04-16
1594,15792329,Rate Discount,True,2024-11-30
1595,15792329,Product Upgrade,True,2024-10-09
1596,15635597,Cashback,False,2025-02-22
1597,15635597,Rate Discount,False,2025-09-26
1598,15630913,Cashback,True,2025-11-08
1599,15630913,Rate Discount,False,2026-07-14
1600,15587913,Product Upgrade,False,2025-07-16
1601,15657107,Rate Discount,False,2026-08-05
1602,15570859,Cashback,TRUE,2026-03-03
1603,15570859,Rate Discount,False,2025-01-27
1604,15748381,Product Upgrade,False,2026-06-22
1605,15666055,Product Upgrade,False,2025-08-09
1606,15617648,Cashback,False,2026-07-21
1607,15755678,Rate Discount,False,2024-11-23
1608,15624781,Fee Waiver,True,2024-09-20
1609,81882891,Loyalty Bonus,False,2026-05-05
1610,15567399,Product Upgrade,True,2024-11-17
1611,15613656,Loyalty Bonus,True,2025-03-29
1612,15657214,Rate Discount,False,2026-05-12
1613,15657214,Fee Waiver,False,2025-04-08
1614,15729970,Cashback,False,2024-09-29
1615,15727384,Fee Waiver,True,2026-03-27
1616,15732917,product upgrade,False,2024-10-03
1617,15612050,Fee Waiver,True,2025-06-17
1618,15726267,Loyalty Bonus,False,2025-10-31
1619,15726267,Product Upgrade,False,2026-03-14
1620,15715297,RATE DISCOUNT,True,2024-12-22
1621,15756668,Cashback,True,2026-08-01
1622,15756668,Fee Waiver,True,2026-07-09
1623,15565779,Product Upgrade,True,2024-11-24
1624,15633043,Fee Waiver,True,2025-11-29
1625,15633043,Fee Waiver,True,2025-01-30
1626,15752953,Fee Waiver,True,2026-03-27
1627,15603088,Cashback,True,2024-11-10
1628,15603088,Loyalty Bonus,False,2025-07-17
1629,15606613,cashback,False,2026-03-01
1630,15606613,Cashback,True,2025-07-08
1631,15666043,Product Upgrade,False,2025-07-05
1632,15746190,Rate Discount,True,2026-06-15
1633,15634262,Product Upgrade,True,2025-04-23
1634,15799825,Cashback,False,2025-12-13
1635,15756875,Product Upgrade,False,2025-04-26
1636,15756875,Product Upgrade,False,2025-04-19
1637,60868890,Product Upgrade,False,2026-06-07
1638,15678146,Fee Waiver,False,2025-01-03
1639,15710743,Product Upgrade,False,2024-12-18
1640,15709846,Product Upgrade,True,2026-04-18
1641,15635459,Product Upgrade,False,2025-09-22
1642,15642544,Fee Waiver,False,2025-03-05
1643,15642544,Rate Discount,False,2024-11-11
1644,15566494,Loyalty Bonus,True,2025-02-05
1645,15655238,Product Upgrade,False,2025-02-08
1646,15733429,Product Upgrade,True,NULL
1647,15814536,Product Upgrade,False,2026-04-01
1648,15814536,Product Upgrade,False,2025-07-06
1649,15771702,Cashback,False,2026-08-24
1650,15792222,Cashback,True,2024-10-13
1651,15792222,Rate Discount,False,2024-12-14
1652,15730868,Cashback,False,2025-08-06
1653,15577078,Product Upgrade,True,2024-12-28
1654,15577078,Rate Discount,False,"Apr 15, 2026"
1655,15679550,Fee Waiver,True,2025-07-21
1656,15679550,Fee Waiver,True,2025-07-30
1657,15668081,Cashback,False,2026-06-22
1658,15710295,Loyalty Bonus,False,2026-06-28
1659,15724443,Fee Waiver,False,2026-02-25
1660,15629338,Loyalty Bonus,False,2024-10-12
1661,15790379,Loyalty Bonus,False,2026-06-24
1662,15750684,Rate Discount,True,2025-01-11
1663,15750684,Loyalty Bonus,False,2026-03-19
1664,15697214,Product Upgrade,True,2026-07-26
1665,15573309,Fee Waiver,True,2025-02-05
1666,15805303,Rate Discount,True,2025-12-15
1667,15741385,Unknown,True,2025-12-10
1668,15741385,Rate Discount,True,2026-06-28
1669,15744843,Rate Discount,False,2026-03-19
1670,15815626,Loyalty Bonus,NULL,2024-11-04
1671,15815626,Fee Waiver,False,2024-10-29
1672,15617617,Loyalty Bonus,False,2025-06-18
1673,15617617,Loyalty Bonus,True,2025-10-06
1674,15687477,Fee Waiver,True,2026-08-30
1675,15687477,Rate Discount,False,2026-01-26
1676,15578908,Loyalty Bonus,True,2025-09-25
1677,15687658,Product Upgrade,False,2025-11-26
1678,15687658,Product Upgrade,False,2025-05-17
1679,15608886,Loyalty Bonus,True,2024-12-31
1680,15757408,Loyalty Bonus,False,2025-12-06
1681,15806132,cashback,False,2026-02-24
1682,15806132,Product Upgrade,False,2026-03-05
1683,15813022,Fee Waiver,True,2025-07-26
1684,15673578,Loyalty Bonus,True,2026-01-08
1685,15689168,Product Upgrade,True,2025-09-11
1686,15689168,Fee Waiver,False,2026-03-06
1687,15769216,Fee Waiver,True,2025-02-02
1688,15804814,Product Upgrade,False,2026-05-17
1689,15804814,Fee Waiver,False,2024-12-19
1690,15778934,Rate Discount,True,2026-05-21
1691,15630241,Cashback,True,2025-01-15
1692,15719561,Fee Waiver,False,2026-03-29
1693,15615096,Rate Discount,False,2025-11-27
1694,15714586,Cashback,True,2026-08-17
1695,15634949,Loyalty Bonus,True,2025-02-16
1696,15589224,Fee Waiver,True,2024-12-10
1697,15589224,Product Upgrade,False,2025-12-14
1698,15603216,Cashback,True,2025-05-18
1699,15631201,Loyalty Bonus,False,2025-10-25
1700,15631201,Cashback,False,2026-07-23
1701,15746594,Loyalty Bonus,True,2024-11-11
1702,15746594,Rate Discount,True,2026-02-04
1703,15671609,Cashback,True,2026-06-09
1704,15671609,Product Upgrade,True,2024-11-30
1705,15774857,Loyalty Bonus,False,2025-01-08
1706,15774857,Loyalty Bonus,True,2026-07-31
1707,15791836,Fee Waiver,False,2025-06-06
1708,15791836,Cashback,True,2026-06-11
1709,15651554,Fee Waiver,False,2025-03-21
1710,15583576,Product Upgrade,True,2024-12-23
1711,15583576,Product Upgrade,True,2025-06-01
1712,15723320,Rate Discount,False,2025-10-24
1713,15603851,Fee Waiver,True,2025-04-21
1714,15603851,Product Upgrade,False,2024-10-18
1715,15777923,fee waiver,True,2025-04-02
1716,15777923,Fee Waiver,True,2025-12-11
1717,15735719,Loyalty Bonus,False,2025-12-22
1718,15664881,Cashback,False,2025-04-04
1719,15664881,Loyalty Bonus,False,2024-12-28
1720,15757568,Loyalty Bonus,False,2025-06-06
1721,15792660,Cashback,True,2026-02-09
1722,15599722,Product Upgrade,True,2025-06-21
1723,15610355,Cashback,False,2024-09-17
1724,15610355,Cashback,False,2024-10-13
1725,15588219,Rate Discount,False,2025-03-09
1726,15758372,Fee Waiver,False,2024-11-15
1727,15612109,Loyalty Bonus,True,2026-03-21
1728,15639322,Fee Waiver,False,2026-07-03
1729,15639322,Loyalty Bonus,False,2025-07-18
1730,15811842,Fee Waiver,False,2026-02-28
1731,15811842,Rate Discount,False,2024-12-28
1732,15648794,Loyalty Bonus,False,2026-05-12
1733,15771211,Fee Waiver,True,2025-01-24
1734,15630698,Fee Waiver,False,2024-12-31
1735,15694200,Cashback,False,2024-10-23
1736,15721426,Loyalty Bonus,False,2026-03-10
1737,15750649,Rate Discount,False,2024-10-24
1738,15750649,Loyalty Bonus,False,2025-04-09
1739,15685706,Rate Discount,True,2024-09-16
1740,15685706,Product Upgrade,True,2025-04-30
1741,15641835,Rate Discount,False,2025-03-29
1742,15586821,Rate Discount,,2026-07-06
1743,15793842,Product Upgrade,False,2025-10-01
1744,15667554,Product Upgrade,True,2024-11-02
1745,15667554,Loyalty Bonus,False,2025-08-26
1746,15794479,Fee Waiver,False,2026-07-21
1747,15780650,Loyalty Bonus,True,2025-07-03
1748,15780650,Product Upgrade,False,2026-01-18
1749,15805260,product upgrade,False,2025-08-27
1750,15805260,Rate Discount,True,2026-08-18
1751,15649738,Rate Discount,True,2025-06-30
1752,15633108,Rate Discount,True,2026-06-21
1753,15769254,Fee Waiver,False,2024-11-12
1754,15769254,Cashback,True,2024-09-15
1755,23601020,Loyalty Bonus,True,2026-04-04
1756,15704746,Rate Discount,False,2025-05-15
1757,15762902,Fee Waiver,False,2024-11-23
1758,15738605,Cashback,False,2026-06-09
1759,15730397,Rate Discount,False,2026-08-07
1760,15730397,Product Upgrade,True,2025-07-04
1761,15762169,Product Upgrade,False,2024-10-07
1762,15799211,Rate Discount,True,2026-06-07
1763,15798310,Fee Waiver,False,2025-01-22
1764,15798310,Loyalty Bonus,False,2024-12-11
1765,15609998,Rate Discount,False,2025-08-19
1766,15583548,Product Upgrade,False,2024-12-30
1767,15583548,Fee Waiver,False,2025-05-29
1768,15735246,Product Upgrade,False,2025-12-03
1769,15670753,Fee Waiver,True,2024-11-23
1770,15573876,Loyalty Bonus,True,2025-09-14
1771,15770174,Product Upgrade,True,2025-03-05
1772,15641114, Cashback ,True,2025-04-30
1773,26293090,Fee Waiver,True,2025-08-27
1774,15682435,Rate Discount,True,2025-10-31
1775,15751788,,True,2024-12-10
1776,15751788,Fee Waiver,True,2025-10-07
1777,15672598,Product Upgrade,True,2026-06-29
1778,15762803,Cashback,True,2026-04-07
1779,15731507,Fee Waiver,True,2024-11-26
1780,15731507,Loyalty Bonus,True,2026-04-19
1781,15809826,Product Upgrade,False,2026-03-20
1782,15809826,Cashback,False,2025-09-30
1783,15769917,Loyalty Bonus,False,2026-04-28
1784,15803749,Cashback,True,2024-12-21
1785,15684999,Product Upgrade,False,2026-08-14
1786,15627484,Cashback,True,2025-09-01
1787,15627484,Loyalty Bonus,TRUEE,2025-11-12
1788,15610337,Fee Waiver,False,2025-06-03
1789,15752488,Cashback,False,2025-02-18
1790,76334147,Loyalty Bonus,False,2025-04-14
1791,15610056,Rate Discount,False,2025-06-20
1792,15806049,Loyalty Bonus,True,2024-10-17
1793,15736069,Cashback,False,2025-10-06
1794,15736069,Loyalty Bonus,False,2026-08-18
1795,15763662,Rate Discount,False,2025-02-24
1796,15744368,Cashback,False,2025-08-18
1797,15610594,Product Upgrade,True,2025-06-25
1798,15610594,Rate Discount,False,2025-06-13
1799,15756125,Fee Waiver,True,2026-03-24
1800,15795954,Rate Discount,True,2026-08-06
1801,15633930,Cashback,True,2025-09-04
1802,15712849,Loyalty Bonus,False,2026-05-22
1803,15639077,Product Upgrade,True,2024-12-18
1804,15808784,Product Upgrade,False,2025-10-06
1805,15648577,Cashback,False,2025-12-31
1806,15670345,Rate Discount,False,2026-01-10
1807,15670345,Product Upgrade,True,2026-07-14
1808,15714397,Loyalty Bonus,True,2024-09-10
1809,15578799,Fee Waiver,False,2025-06-11
1810,15785485,Cashback,False,2025-05-31
1811,15783958,Cashback,False,2025-01-11
1812,15727546,Loyalty Bonus,False,2025-06-14
1813,15739576,Product Upgrade,False,2026-06-12
1814,15739576,Rate Discount,False,2025-10-15
1815,15631333,Product Upgrade,True,2024-12-12
1816,15631333,Loyalty Bonus,False,2025-11-19
1817,15604782,Cashback,False,2024-12-06
1818,23852410,Rate Discount,False,2025-02-26
1819,15589643,Fee Waiver,True,2025-11-11
1820,15589643,Loyalty Bonus,True,2026-06-05
1821,15585533,fee waiver,True,2025-05-29
1822,15585533,Cashback,True,2025-06-22
1823,15681506,Rate Discount,2,2025-12-07
1824,15776631,Loyalty Bonus,True,2025-11-13
1825,15776631,Fee Waiver,True,2026-01-01
1826,15762216,Rate Discount,False,2025-06-10
1827,15586264,Product Upgrade,True,2026-04-15
1828,15586264,Cashback,False,2026-06-15
1829,15594685,Rate Discount,True,2026-03-27
1830,15734628,Fee Waiver,False,2024-12-23
1831,15629323,Loyalty Bonus,False,2025-06-06
1832,15629323,Rate Discount,False,2025-04-18
1833,15666823,Fee Waiver,True,2026-04-23
1834,15570835,Product Upgrade,False,2026-04-12
1835,15679299,,True,2025-04-27
1836,15679299,Loyalty Bonus,True,2024-12-15
1837,15808044,Cashback,False,2025-01-01
1838,15684951,Rate Discount,True,2025-06-05
1839,15582960,,False,2025-04-03
1840,15763747,Product Upgrade,True,2025-03-17
1841,15778320,Cashback,True,2025-03-28
1842,15778320,Rate Discount,False,2025-10-16
1843,15624633,Cashback,False,2026-08-31
1844,15766765,Product Upgrade,False,2025-12-11
1845,15640161,Fee Waiver,False,2024-12-31
1846,15579166,Rate Discount,False,2026-08-15
1847,15778157,Loyalty Bonus,UNKNOWN,2025-09-30
1848,15779064,Cashback,True,2025-08-31
1849,15801265,Cashback,False,2024-09-24
1850,15589204,Loyalty Bonus,True,2025-04-24
1851,15664543,Product Upgrade,False,2026-01-27
1852,15582714,Product Upgrade,False,2026-07-03
1853,15582714,Product Upgrade,False,2025-12-28
1854,15614034,Loyalty Bonus,False,2025-01-24
1855,15763171,Loyalty Bonus,False,2024-09-26
1856,15763171,Product Upgrade,False,2024-11-08
1857,15647266,Rate Discount,True,2026-02-13
1858,15757577,Cashback,True,2025-01-26
1859,15757577,Product Upgrade,False,2024-11-11
1860,15635078,Loyalty Bonus,False,2025-08-25
1861,15680141,Cashback,False,2024-12-09
1862,15621210,Fee Waiver,False,2026-04-29
1863,15569222,Product Upgrade,True,2026-05-28
1864,15724223,Rate Discount,True,2025-11-14
1865,15644621,Rate Discount,True,2026-04-29
1866,15756056,Rate Discount,True,2026-03-29
1867,15627212,Fee Waiver,True,2025-06-16
1868,15627212,fee waiver,False,2026-04-16
1869,15648005,Loyalty Bonus,False,2025-03-28
1870,15775888,Rate Discount,False,2025-07-22
1871,15709928,Cashback,False,2026-04-17
1872,15748116,Rate Discount,False,2024-11-27
1873,15612193,Cashback,False,2025-05-18
1874,15762984,Fee Waiver,False,"Sep 17, 2024"
1875,15613713,Rate Discount,True,2025-05-05
1876,15664204,Rate Discount,True,2025-02-12
1877,15664204,Loyalty Bonus,False,2025-02-12
1878,15639415,Product Upgrade,False,2025-06-13
1879,15806332,Cashback,True,2025-01-09
1880,15614929,Loyalty Bonus,False,2025-10-03
1881,15614929,Rate Discount,False,2026-08-02
1882,15695492,Loyalty Bonus,True,2025-05-23
1883,15695492,Rate Discount,False,2025-08-20
1884,15635972,Loyalty Bonus,True,2025-01-30
1885,15616380,Loyalty Bonus,False,2025-09-09
1886,15581440,Rate Discount,False,2026-01-14
1887,15654390,Fee Waiver,False,2025-07-13
1888,15654390,Loyalty Bonus,False,2026-06-16
1889,15660688,Cashback,True,2026-03-07
1890,15660688,Fee Waiver,False,2026-06-19
1891,15595728,Loyalty Bonus,True,2024-10-21
1892,15642345,Product Upgrade,False,2024-10-20
1893,15641250,Loyalty Bonus,False,2026-07-10
1894,15641250,Loyalty Bonus,False,2026-01-03
1895,15775203,,True,2025-01-07
1896,15775203,Product Upgrade,False,2025-09-12
1897,15646764,Product Upgrade,False,2026-07-09
1898,15646764,Rate Discount,False,2025-01-04
1899,15678284,Cashback,False,2025-07-06
1900,63189165,Loyalty Bonus,False,2024-09-23
1901,15813144,Cashback,True,2026-04-16
1902,15614934,Rate Discount,False,2025-08-04
1903,15614934,Product Upgrade,True,2025/04/23
1904,15588701,Product Upgrade,True,2026-05-24
1905,15665438,Cashback,False,2025-04-17
1906,15644896,Fee Waiver,False,2025-10-12
1907,15644896,Loyalty Bonus,True,2024-10-17
1908,15670205,Cashback,True,2025-01-28
1909,15670205,Rate Discount,True,2025-11-30
1910,15791053,Rate Discount,False,2025-10-03
1911,15644005,Product Upgrade,True,2025-01-10
1912,15751057,Product Upgrade,False,2025-09-22
1913,15623430,Product Upgrade,True,2025-08-08
1914,15682600,Rate Discount,True,2025-02-14
1915,15650258,Fee Waiver,True,2024-11-07
1916,15650258,Fee Waiver,False,2026-07-05
1917,15578297,Product Upgrade,False,2025-08-05
1918,15726186,Rate Discount,False,2025-01-18
1919,15764618,Cashback,True,2026-04-05
1920,15730738,Product Upgrade,False,2025-01-18
1921,15606267,Loyalty Bonus,False,2025-03-13
1922,15625904,Rate Discount,False,2025-11-02
1923,15625904,Rate Discount,False,2026-03-18
1924,15654463,Product Upgrade,False,2026-03-09
1925,15642468,Loyalty Bonus,False,2024-11-19
1926,15728352,Product Upgrade,True,2026-01-04
1927,15637240,Product Upgrade,False,2026-03-06
1928,15595588,Fee Waiver,True,2026-06-15
1929,15595588,Cashback,True,11-29-2024
1930,15778395,Loyalty Bonus,False,2025-04-20
1931,15711825,Rate Discount,False,2026-04-05
1932,15570004,Cashback,True,2025-01-05
1933,15656912,Loyalty Bonus,True,2026-03-24
1934,15656912,Cashback,True,2024-09-04
1935,15657342,Fee Waiver,False,2025-09-29
1936,15657342,Product Upgrade,False,2025-12-30
1937,15716284,Loyalty Bonus,True,2026-06-02
1938,15716284,Fee Waiver,False,2026-04-26
1939,15747724,Fee Waiver,True,2025-10-04
1940,15633877,Product Upgrade,False,2025-10-01
1941,15633877,Fee Waiver,False,2026-03-09
1942,15672516,Cashback,True,2026-04-03
1943,15672516,Cashback,False,2026-07-23
1944,15751336,Product Upgrade,True,2024-11-12
1945,15751336,Cashback,True,2026-04-21
1946,15646539,Rate Discount,True,2025-12-13
1947,15759021,Rate Discount,True,2026-03-24
1948,15759021,Fee Waiver,True,2026-05-24
1949,15579130,Fee Waiver,True,2025-05-28
1950,15754112,Fee Waiver,False,2026-08-12
1951,15754112,Fee Waiver,True,2026-08-05
1952,15735522,Rate Discount,False,2026-03-04
1953,15735522,Product Upgrade,True,2025-02-25
1954,15613326,Loyalty Bonus,True,2026-06-22
1955,15613326,Fee Waiver,True,2025-03-16
1956,15739502,Rate Discount,True,2026-06-17
1957,15670914, Rate Discount ,False,2024-12-22
1958,15670914,Rate Discount,False,2024-12-25
1959,15574886,Loyalty Bonus,True,2025-10-15
1960,15800845,Product Upgrade,True,2025-12-08
1961,15782941,Loyalty Bonus,False,2026-06-05
1962,15782941,Cashback,True,2025-07-01
1963,15630167,Product Upgrade,False,2026-07-06
1964,15759038,Product Upgrade,False,2025-12-03
1965,15661821,Loyalty Bonus,False,2026-07-29
1966,15661821,Cashback,False,2025-07-08
1967,15728006,product upgrade,True,2024-10-29
1968,15728006,Loyalty Bonus,True,2025-08-02
1969,15712176,Product Upgrade,False,2025-04-09
1970,15712176,Fee Waiver,False,2025-02-25
1971,15782247,Product Upgrade,False,2026-01-20
1972,15718153,Fee Waiver,False,2026-04-22
1973,15718153,Loyalty Bonus,False,2025-11-27
1974,15661734,Rate Discount,False,2025-07-23
1975,15592645,Loyalty Bonus,True,2025-02-28
1976,15592645,Rate Discount,False,2025-12-31
1977,15792525,Loyalty Bonus,False,2025-01-15
1978,15792525,Loyalty Bonus,True,2026-02-17
1979,15790659,Rate Discount,True,2026-05-21
1980,15691446,Product Upgrade,True,2025-05-27
1981,15772632,Rate Discount,True,2025-06-18
1982,15772632,Fee Waiver,False,2024-09-17
1983,15706587,Rate Discount,True,2025-05-20
1984,15572461,Loyalty Bonus,True,2026-02-18
1985,15715769,Product Upgrade,False,2025-07-05
1986,15667458,Rate Discount,True,2025-11-29
1987,15667458,Unknown,True,2026-03-02
1988,15567980,NULL,True,2024-12-19
1989,15679294,Loyalty Bonus,True,2026-02-02
1990,15679294,Fee Waiver,True,2025-04-20
1991,15606507,Fee Waiver,,2026-08-02
1992,15578825,Cashback,True,2025-06-04
1993,15619935,Loyalty Bonus,True,2025-10-18
1994,15619935,Product Upgrade,True,2026-05-05
1995,15636089,Rate Discount,False,2026-01-24
1996,15727490,Loyalty Bonus,False,2026-07-28
1997,15591766,Product Upgrade,True,2025-12-17
1998,15641629,Cashback,True,2025-06-16
1999,15641629,Cashback,True,2025-11-16
2000,15813303,Product Upgrade,True,2025-05-10
2001,15756920,Loyalty Bonus,False,2025-08-25
2002,15726403,Loyalty Bonus,False,2025-01-30
2003,15592765,Rate Discount,True,2024-09-02
2004,15704442,Fee Waiver,False,2025-09-28
2005,15641136,Loyalty Bonus,False,2024-09-14
2006,15725818,Cashback,False,2026-06-04
2007,15612071,Product Upgrade,True,2024-12-05
2008,15612071,Fee Waiver,False,2026-03-31
2009,15719809,Product Upgrade,True,2025-05-07
2010,15719809,Fee Waiver,True,2025-07-31
2011,15742210,Cashback,False,2026-07-25
2012,15595537,Cashback,True,2025-01-14
2013,15679249,Product Upgrade,False,2025-04-30
2014,15693199,Product Upgrade,True,2025-12-07
2015,15693199,RATE DISCOUNT,False,2025-02-04
2016,15760294,Fee Waiver,False,2026-03-22
2017,15652808,Loyalty Bonus,True,2026-02-11
2018,15652808,Cashback,True,2025-12-15
2019,15657139,Fee Waiver,False,2025-04-15
2020,15672610,Fee Waiver,True,2024-09-08
2021,15672610,Rate Discount,True,2026-05-17
2022,15766896,Loyalty Bonus,False,2024-09-12
2023,15651140,Cashback,True,2026-01-26
2024,15651140,Fee Waiver, True ,2026-01-26
2025,15571148,Fee Waiver,False,2026-08-12
2026,15776824,Cashback,True,2026-07-27
2027,15715920,Loyalty Bonus,True,2026-05-15
2028,15715920,Rate Discount,True,2026-01-13
2029,15671917,Loyalty Bonus,True,2024-12-22
2030,15671917,Cashback,False,2025-03-08
2031,15666548,Product Upgrade,False,2026-01-30
2032,15625623,Product Upgrade,False,2026-03-22
2033,15625623,Loyalty Bonus,False,2025-05-17
2034,15748123,Fee Waiver,True,2026-08-07
2035,15748123,Cashback,True,2025-03-28
2036,15625942,Loyalty Bonus,True,2025-10-30
2037,15661974,Loyalty Bonus,True,2025-03-29
2038,15689341,Cashback,False,2026-04-23
2039,15693267,Rate Discount,True,2025-10-08
2040,15693267,Cashback,TRUEE,2025-04-08
2041,15755825,Product Upgrade,False,2025-02-19
2042,15598175,Rate Discount,False,2026-01-10
2043,15759436,Rate Discount,False,2024-10-19
2044,15759436,Product Upgrade,False,2025-08-17
2045,15690231,Rate Discount,True,2025-04-28
2046,15751561,Cashback,False,2024-12-01
2047,15758056,Loyalty Bonus,False,2026-01-23
2048,15726490,Loyalty Bonus,False,2024-11-20
2049,15726490,Fee Waiver,False,10-20-2024
2050,15738411,Fee Waiver,True,2024-10-21
2051,15727919,Loyalty Bonus,True,2025-07-03
2052,15709396,Loyalty Bonus,False,2026-04-24
2053,15654106,Cashback,False,2026-02-18
2054,15621653,Fee Waiver,NULL,2026-04-25
2055,15621653,Cashback,UNKNOWN,2026-03-14
2056,15598086,Product Upgrade,True,2024-10-28
2057,15803804,Rate Discount,False,2024-09-12
2058,15752838,Cashback, True ,2024-09-19
2059,15569571,Product Upgrade,False,2025-09-26
2060,15769703,Rate Discount,False,2026-01-23
2061,15769703,Loyalty Bonus,False,2026-04-20
2062,15679770,Loyalty Bonus,False,2026-03-10
2063,15679770,Loyalty Bonus,False,2024-09-18
2064,15655192,Cashback,False,
2065,15634772,Rate Discount,False,2025-07-18
2066,15617197,Rate Discount,True,2025-11-28
2067,15631240,Cashback,False,2025-01-12
2068,15784301,Fee Waiver,True,2025-01-05
2069,15631310,Cashback,False,2025-07-03
2070,15631310,Loyalty Bonus,True,2024-09-16
2071,15756560,Product Upgrade,False,2026-08-11
2072,15732270,Fee Waiver,False,2024-11-12
2073,15739357,Fee Waiver,False,2025-02-24
2074,15771540,Loyalty Bonus,True,2025-07-23
2075,15714634,Product Upgrade,False,2026-05-07
2076,15727021,Fee Waiver,True,2025-10-13
2077,15650670,Rate Discount,True,2025-11-26
2078,15729763,Fee Waiver,False,2026-06-19
2079,15646566,fee waiver,False,2025-06-27
2080,15645463,Cashback,False,2024-12-08
2081,15596088,Cashback,False,2026-05-12
2082,15596088,Cashback,False,2025-08-02
2083,15614878,Rate Discount,False,2026-03-07
2084,15635240,Product Upgrade,False,2025-08-30
2085,15775905,Product Upgrade,True,2025-08-05
2086,15775905,Product Upgrade,False,2025-10-26
2087,15700657,Loyalty Bonus,True,2025-02-14
2088,15785865,Loyalty Bonus,True,2025-09-16
2089,15645942,Cashback,True,2025-11-26
2090,15645942,Fee Waiver,True,2025-09-03
2091,15724145,Cashback,True,2025-03-07
2092,15724145,Rate Discount,True,2025-05-17
2093,15704629, Rate Discount ,False,2026-03-13
2094,15704629,Product Upgrade,True,2025-08-08
2095,15597896,Product Upgrade,False,2025-12-27
2096,15597896,Loyalty Bonus,True,2026-07-26
2097,15731790,Rate Discount,False,2026-07-26
2098,15634719,Product Upgrade,True,2025-03-30
2099,15754537,Fee Waiver,True,2025-01-24
2100,15663885,Fee Waiver,True,2026-07-30
2101,15663885,Fee Waiver,False,2025-02-01
2102,15701096,Cashback,True,"Jul 17, 2026"
2103,15701096,Cashback,False,2024-10-24
2104,15710450,Product Upgrade,True,2025-10-16
2105,15710450,Cashback,True,2026-03-13
2106,15790846,Cashback,False,2025-06-19
2107,15658956,Product Upgrade,False,2025-11-08
2108,15658956,Cashback,True,2025-07-25
2109,15737310,Rate Discount,True,2025-04-18
2110,15737310,Product Upgrade,True,2024-11-18
2111,15668818,Loyalty Bonus,True,2026-05-04
2112,15704844,Rate Discount,False,2026-05-04
2113,15643752,Product Upgrade,False,2025-01-24
2114,15814209,Product Upgrade,True,2025-01-16
2115,15814209,Product Upgrade,False,2024-09-15
2116,15733768,Product Upgrade,True,2024-11-25
2117,15729412,Product Upgrade,True,2025-09-04
2118,15729412,Loyalty Bonus,False,2025-03-24
2119,15588446,,False,2025-12-16
2120,15665221,Cashback,True,2025-02-10
2121,15665221,Loyalty Bonus,,2025-08-20
2122,15640846,Rate Discount,MAYBE,2025-04-22
2123,15640846,Rate Discount,False,2025-02-15
2124,15700209,Fee Waiver,False,2025-12-27
2125,15700209,Product Upgrade,True,2024-11-03
2126,15658360,Fee Waiver,True,2025-04-05
2127,15602735,Fee Waiver,False,2025-06-06
2128,15602735,Fee Waiver,True,2025-01-31
2129,15760102,Product Upgrade,True,2024-12-01
2130,15787026,Cashback,True,2025-02-21
2131,15788946,Fee Waiver,False,2026-02-24
2132,15788946,Cashback,True,2024-10-31
2133,15574324,Fee Waiver,False,2026-02-19
2134,15574324,Cashback,True,2026-08-30
2135,15600879,Cashback,True,2025-05-23
2136,customer_15681196,Cashback,False,2026-06-16
2137,15716000,Rate Discount,True,2026-01-23
2138,15680278,Loyalty Bonus,False,2026-05-06
2139,15688637,Rate Discount,False,2026-02-01
2140,15688637,Fee Waiver,False,2026-04-27
2141,15581036,Loyalty Bonus,False,2025-12-04
2142,15622117,Fee Waiver,True,2026-06-22
2143,15599301,Loyalty Bonus,True,2026-01-09
2144,15599301,Cashback,False,05-08-2026
2145,15586870,Fee Waiver,True,2025-08-04
2146,customer_15586870,Cashback,True,2025-03-24
2147,15735263,Loyalty Bonus,True,2025-02-02
2148,15735263,Cashback,True,2026-06-15
2149,15765322,fee waiver,False,2026-06-01
2150,15582944,Rate Discount,True,2024-09-17
2151,15687162,Unknown,False,2025-03-02
2152,15644962,Rate Discount,True,2026-03-14
2153,15612615,Cashback,True,2025-05-18
2154,15612615,Loyalty Bonus,False,2025-08-17
2155,15813439,Fee Waiver,True,2026-03-18
2156,15604544,Cashback,False,2026-07-27
2157,84239883,Loyalty Bonus,True,2025-01-21
2158,15761348,Cashback,False,2024-12-08
2159,15785078,Cashback,True,2026-03-14
2160,15759874,Fee Waiver,False,2026-04-11
2161,15713267,Fee Waiver,True,2026-02-06
2162,15737782,Loyalty Bonus,True,2025-09-20
2163,15756241,Fee Waiver,False,2025-08-09
2164,15688409,Product Upgrade,True,2025-07-08
2165,15717898,Cashback,False,2024-10-31
2166,15769582,Product Upgrade,False,2026-07-09
2167,15635660,Cashback,True,2026-01-29
2168,15591577,Loyalty Bonus,True,2026-01-14
offer_2169,15582325,Fee Waiver,True,2025-06-28
2170,15760446,Loyalty Bonus,False,2025-11-05
2171,15760446,Product Upgrade,False,2025-08-19
2172,15611105,Rate Discount,True,2025-01-24
2173,15611105,Cashback,True,2026-02-26
2174,15630920,Product Upgrade,True,2025-02-06
2175,15756472,Product Upgrade,False,2025-05-19
2176,15682890, Rate Discount ,False,2026-08-29
2177,15682890,Fee Waiver,True,2025-07-01
2178,15725698,Cashback,True,2025-11-27
2179,15725698,Loyalty Bonus,False,2024-10-19
2180,15813532,Loyalty Bonus,False,2025-04-25
2181,15813532,Cashback,True,2025-02-09
2182,15739046,Rate Discount,True,2026-01-29
2183,15631927,Cashback,True,2024-10-28
2184,83982356,Rate Discount,True,2026-07-23
2185,68501246,Product Upgrade,False,2025-01-06
2186,15679148,Rate Discount,False,2025-05-05
2187,15728474,Product Upgrade,True,2025-11-19
2188,15736274,Loyalty Bonus,True,2025-03-27
2189,15736274,Loyalty Bonus,False,2025-09-01
2190,15627697,Cashback,True,2026-04-26
2191,15792176,Cashback,False,2025-07-07
2192,15729954,Cashback,False,2025-08-06
2193,15729954,Fee Waiver,False,2025-09-16
2194,15600103,Loyalty Bonus,False,2025-03-05
2195,15797010,Loyalty Bonus,False,2026-02-18
2196,15670172,Rate Discount,True,2024-12-11
2197,15670172,Product Upgrade,True,2025-07-10
2198,15622494,Cashback,True,2025-02-19
2199,15622494,Fee Waiver,True,2025-05-26
2200,15595071,Loyalty Bonus,True,2025-09-17
2201,15628203,Rate Discount,False,2026-04-24
2202,15667190,Cashback,UNKNOWN,2025-01-16
2203,15667190,Product Upgrade,True,2025-01-07
2204,15780212,Loyalty Bonus,True,2025-03-21
2205,15766869,Fee Waiver,False,2025-12-12
2206,15775741,Cashback,False,2026-04-16
2207,15701318,Rate Discount,False,2025-07-01
2208,15710928,Product Upgrade,False,2026-03-31
2209,15682547,Cashback,False,2025-09-24
2210,15631170,Cashback,False,2024-10-16
2211,15631170,Loyalty Bonus,True,2025-06-03
2212,15806688,Fee Waiver,False,2024-09-28
2213,15812628,Fee Waiver,,2026-07-19
2214,15581748,Product Upgrade,False,2026-03-09
2215,15608230,Product Upgrade,False,2024-09-10
2216,15608230,Product Upgrade,True,2025-09-12
2217,15712584,Cashback,True,2025-08-18
2218,15712584,Rate Discount,False,2025-08-28
2219,15592816,Rate Discount,MAYBE,2026-04-03
2220,15592816,Rate Discount,False,2025-07-13
2221,15641480,Fee Waiver,False,2025-05-05
2222,15618225,Cashback,True,2024-09-04
2223,15618225,Rate Discount,False,2025-05-18
2224,15644724,Rate Discount,True,2026-05-03
2225,15644724,Fee Waiver,True,2025-05-29
2226,15662098,Fee Waiver,False,2024-11-20
2227,15662098,Fee Waiver,True,2025-01-09
2228,15787699,Loyalty Bonus,True,2025-12-13
2229,15787699,Loyalty Bonus,False,2025-05-31
2230,15687738,Product Upgrade,False,2024-12-17
2231,15576126,Cashback, True ,2025-11-12
2232,15576126,Rate Discount,True,2024-10-20
2233,15658889,Product Upgrade,False,2026-07-04
2234,15667046,Rate Discount,False,2024-11-08
2235,15667046,Fee Waiver,True,2026-06-13
2236,15655794,Cashback,True,2026-02-13
2237,15671124,Loyalty Bonus,True,2025-01-18
2238,15720671,Fee Waiver,True,2026-02-16
2239,15720671,Cashback,False,2026-07-15
2240,15626787,Product Upgrade,False,05-28-2026
2241,15626787,Loyalty Bonus,False,2026-04-10
2242,15765806,Loyalty Bonus,True,2025-07-18
2243,15566708,Fee Waiver,False,2026-07-27
2244,15668347,fee waiver,False,2025-10-04
2245,15575214,Rate Discount,True,2026-02-04
2246,15575214,Rate Discount,True,2026-08-23
2247,15591123,Loyalty Bonus,False,2026-02-01
2248,15591123,Cashback,True,2026-05-19
2249,15573280,Rate Discount,True,2025-08-21
2250,15573280,Rate Discount,True,2025-08-24
2251,15654495,Loyalty Bonus,True,2025-10-30
2252,15733876,Rate Discount,False,2024-10-05
2253,15713379,Cashback,True,2026-04-24
2254,15693347,Product Upgrade,True,2024-10-02
2255,15680736,Rate Discount,False,2025-01-20
2256,15650034,Rate Discount,False,2026-08-21
2257,15782468,Cashback,True,2026-01-30
2258,15685109,Loyalty Bonus,True,2024-09-17
2259,15685109,Product Upgrade,True,2025-04-05
2260,15761141,Rate Discount,True,2024-10-05
2261,70797027,Rate Discount,False,2026-03-28
2262,15775234,Product Upgrade,True,2025-08-11
2263,15775234,Loyalty Bonus,False,2025-04-19
2264,15771417,Rate Discount,True,2025-11-04
2265,15585100,Fee Waiver,False,2025-02-23
2266,15700487,Loyalty Bonus,False,2025-11-14
2267,15700487,Cashback,False,2025-04-17
2268,15726589,Rate Discount,False,2024-12-01
2269,15726589,Loyalty Bonus,False,2025-02-14
2270,15747503,Cashback,False,2024-09-03
2271,customer_15595883,Product Upgrade,True,2025-12-13
2272,15663826,Product Upgrade,True,2024-10-13
2273,15663826,Product Upgrade,True,2026-02-23
2274,15742820,Product Upgrade,True,2026-04-07
2275,15742820,Loyalty Bonus,True,2025-05-19
2276,15597930,Fee Waiver,False,2025-04-12
2277,15597930,Loyalty Bonus,True,2024-10-02
2278,15731327,Product Upgrade,False,2025-05-15
2279,15731327,Loyalty Bonus,True,2024-09-20
2280,15576044,Fee Waiver,True,2025-08-13
2281,15576044,Cashback,True,2026-05-24
2282,15775662,Cashback,False,2025-09-11
2283,15646817,Rate Discount,False,2024-11-01
2284,15596060,Loyalty Bonus,True,2024-12-02
2285,15787529,Fee Waiver,TRUEE,2026-04-28
2286,15615991,Loyalty Bonus,False,2025-12-14
2287,15757001,Loyalty Bonus,False,2025-01-08
2288,15595388,Loyalty Bonus,True,2024-09-06
2289,15699550,Fee Waiver,False,2026-07-21
2290,15699550,Cashback,True,2025-01-18
2291,15600934,Loyalty Bonus,True,2025-01-17
2292,15738672,Cashback,True,2026-03-06
2293,15619280,Fee Waiver,True,2024-12-28
2294,15768244, Rate Discount ,True,2025-07-27
2295,15643496,Fee Waiver,True,2025-11-16
2296,15626385,Rate Discount,2,2025-09-29
2297,15626385,Fee Waiver,True,2025-07-29
2298,15603582,Product Upgrade,False,2026-03-22
2299,15764351,Rate Discount,True,2025-09-25
2300,15764351,Product Upgrade,True,2025-11-15
2301,15576360,Cashback,True,2025-05-17
2302,15576360,Product Upgrade,True,2026-01-19
2303,15628813,Cashback,False,2026-03-04
2304,15584190,Cashback,False,2026-05-17
2305,15716449,Rate Discount,True,2025-03-06
2306,15716449,Product Upgrade,True,2025-12-10
2307,15701555,Rate Discount,True,2025-09-15
2308,15758482,Product Upgrade,True,2026-04-26
2309,15758482,Product Upgrade,True,2026-08-25
2310,15758171, Rate Discount ,True,2025-10-11
2311,15680346,Product Upgrade,True,Unknown
2312,15812917,Product Upgrade,False,2024-12-31
2313,15768455,Fee Waiver,False,2025-11-27
2314,15768455,Product Upgrade,True,2025-10-26
2315,15693233,Rate Discount,True,2025-09-03
2316,15812513,Fee Waiver,True,2025-02-08
2317,15812513,Rate Discount,False,2024-09-15
2318,15674950,Fee Waiver,False,2024-10-20
2319,15674950,Cashback,False,2025-04-16
2320,15713608,Loyalty Bonus,False,2026-04-12
2321,15579262,Rate Discount,False,Unknown
2322,15610426,Product Upgrade,True,2024-09-27
2323,15776454,Product Upgrade,False,2025-01-15
2324,15771483,Fee Waiver,True,2025-06-08
2325,15646609,Cashback,True,2025-05-19
2326,15646609,Cashback,False,2025-06-04
2327,15813067,Loyalty Bonus,False,2025-10-24
2328,15662434,Fee Waiver,False,2026-04-03
2329,15711398,Cashback,True,2024-10-27
2330,15590228,Rate Discount,True,2025-02-16
2331,15631848,Fee Waiver,False,2025-10-21
2332,15631848,Loyalty Bonus,True,2025-10-15
2333,15654211,Rate Discount,False,2026-05-18
2334,15594084,Rate Discount,True,2025-01-09
2335,15594084,Fee Waiver,False,2025-04-17
2336,15651093,Product Upgrade,True,2025-04-30
2337,15798824,Cashback,False,2026-05-28
2338,15671591,Product Upgrade,True,2026-07-26
2339,15585284,Cashback,False,2026-01-19
2340,15667751,Rate Discount,False,2026-07-15
2341,15669411,Fee Waiver,False,2025-07-03
2342,15789425,Product Upgrade,True,2024-12-29
2343,15570943,Fee Waiver,False,2026-05-08
2344,15685829,Rate Discount,True,2024-09-23
2345,15776047,Rate Discount,True,2024-12-03
2346,15716024,Product Upgrade,False,2025-03-01
2347,15604314,Loyalty Bonus,False,2025-05-02
2348,15658339,Product Upgrade,True,2025-05-30
2349,15658339,Cashback,True,2025-10-16
2350,15774224,Cashback,True,2026-04-13
2351,15646859,Loyalty Bonus,True,2026-03-14
2352,15664150,Fee Waiver,True,2025-01-01
2353,15664150,Fee Waiver,False,2025-09-13
2354,15624510,Product Upgrade,,2025-09-01
2355,15668575,Fee Waiver,False,2026-03-19
2356,15728773,Product Upgrade,True,2025-10-08
2357,15598044,Fee Waiver, False ,2025-05-12
2358,15598044,Fee Waiver,False,2026-03-29
2359,15600575,Fee Waiver,False,NULL
2360,15570769,Rate Discount,True,24-04-2025
2361,15570769,Cashback,False,2026-01-11
2362,15606274, Cashback ,True,2024-12-15
2363,15606274,Rate Discount,False,2025-04-18
2364,15746139,Rate Discount,True,2025-07-17
2365,15746139,Cashback,False,2025-06-23
2366,15704987,,True,2024-09-21
2367,15697686,Rate Discount,False,2024-12-16
2368,15697686,Rate Discount,True,2026-06-07
2369,15733883,Cashback,False,2024-11-02
2370,15733883,Rate Discount,True,2026-06-10
2371,15617482,Loyalty Bonus,False,2026-06-30
2372,15649487,Product Upgrade,False,2025-01-20
2373,15649487,Loyalty Bonus,False,2025-03-22
2374,15714658,Loyalty Bonus,True,2024-09-03
2375,15599081,Fee Waiver,True,2025-02-19
2376,15599081,Rate Discount,False,2024-12-20
2377,15631159,Loyalty Bonus,True,2026-03-29
2378,15633531,Loyalty Bonus,True,2025-08-16
2379,15633531,Fee Waiver,True,2025-08-24
2380,15744529,Fee Waiver,False,2026-02-14
2381,15669656,Loyalty Bonus,True,2025-03-12
2382,15729054,Loyalty Bonus,True,2025-02-16
2383,15776733,Cashback,True,2025-03-29
2384,15776733,Rate Discount,False,2025-11-03
2385,15724858,Rate Discount,False,2025-04-30
2386,15724858,Product Upgrade,False,2024-11-14
2387,15713144,Rate Discount,True,2026-06-01
2388,15713144,Loyalty Bonus,True,2026-04-02
2389,15690188,Cashback,True,2026-07-31
2390,15689425,Loyalty Bonus,False,2026-01-29
2391,15689425,Rate Discount,False,2026-02-08
2392,15764419,Product Upgrade,True,2025-07-09
2393,15764419,Product Upgrade,True,2025-04-18
2394,15772798,Loyalty Bonus,False,2024-10-29
2395,15772798,Cashback,False,2026-05-29
2396,15792008, Product Upgrade ,True,2024-11-06
2397,15798850,Product Upgrade,True,2026-05-26
2398,15776348,Fee Waiver,False,2026-08-26
2399,15727696,Cashback,True,2026-04-03
2400,15793813,Product Upgrade,True,2025-08-10
2401,15671655,Product Upgrade,False,2025-09-12
2402,15671655,Cashback,False,2025-01-21
2403,15654901,Cashback,True,2025-02-23
2404,15649136,Product Upgrade,False,2026-01-20
2405,15775562,Loyalty Bonus,False,2026-05-24
2406,15775562,Fee Waiver,True,2026-01-28
2407,15789109,Fee Waiver,False,2025-12-26
2408,15673619,Fee Waiver, True ,2025-08-09
2409,15595135,Product Upgrade,False,2024-12-26
2410,15595135, Product Upgrade ,False,2025-05-23
2411,15583681,Fee Waiver,False,2025-10-29
2412,15583681,Rate Discount,False,2024-12-31
2413,15577178,Fee Waiver,True,2026-05-20
2414,15577178,Rate Discount,True,2025-11-13
2415,15595324,Fee Waiver,False,2025-04-06
2416,15595324,Cashback,True,2024-10-05
2417,15726358,Fee Waiver,False,2025-12-23
2418,15595228,Cashback,False,2025-03-15
2419,15595228,Loyalty Bonus,False,2026-03-22
2420,15592877,Fee Waiver,True,2025-12-08
2421,15651983,Cashback,True,2025-02-13
2422,15774179,Loyalty Bonus,False,2024-12-28
2423,15774179,Fee Waiver,False,2025-11-25
2424,15655123,Cashback,False,2024-11-12
2425,15655123,Cashback,False,2024-09-26
2426,15668385,Product Upgrade,True,2024-10-19
2427,15668385,Product Upgrade,False,2026-01-13
2428,15711218,Fee Waiver,True,2025-01-05
2429,15798659,Fee Waiver,False,2026-08-05
2430,15631912,Loyalty Bonus,True,2025-01-29
2431,15768816,Loyalty Bonus,False,2026-08-25
2432,15768816,Loyalty Bonus,True,2025-07-16
2433,15636428,Fee Waiver,False,2026-03-03
2434,15809823,Loyalty Bonus,True,2025-04-07
2435,15699284,Loyalty Bonus,True,2026-07-25
2436,15710257,Loyalty Bonus,True,2026-05-14
2437,15582492,Product Upgrade,True,2025-11-26
2438,15756820,Cashback,True,2026-01-20
2439,15766289,Loyalty Bonus,False,2026-08-25
2440,15766289,Product Upgrade,True,2025-08-16
2441,15593014,Loyalty Bonus,True,2024-10-10
2442,15584545,Product Upgrade,False,2026-07-19
2443,15584545,Rate Discount,True,2026-04-22
2444,15675949,Rate Discount,True,2026-08-15
2445,15675949,Fee Waiver,False,2026-05-20
2446,15672091,Loyalty Bonus,True,2025-08-12
2447,15801658,Product Upgrade,False,2025-06-26
2448,15697997,Fee Waiver,True,2026-04-19
2449,15697997,Fee Waiver,False,2026-04-20
2450,15660200,Cashback,False,2025-04-07
2451,15660200,Rate Discount,True,2025-01-21
2452,15739160,Fee Waiver,False,2024-09-20
2453,15689237,Product Upgrade,True,2024-12-27
2454,15689237,Cashback,False,19-07-2025
2455,15679297,Product Upgrade,True,2024-09-28
2456,15679297,NULL,False,2024-11-06
2457,15591433,Cashback,True,2025-03-05
2458,15591433,Rate Discount,True,2026-07-04
2459,15642725,Loyalty Bonus,True,2026-05-23
2460,15741049,Fee Waiver,False,2025-04-04
2461,15741049,Product Upgrade,True,2026-01-31
2462,15724423,Cashback,False,2025-04-25
2463,15574305,Loyalty Bonus,True,
2464,15678168,Cashback,True,2025-07-07
2465,15610801,Fee Waiver,False,2025-12-03
2466,15792102,Loyalty Bonus,False,2024-11-04
2467,15801247,Rate Discount,False,2026-06-15
2468,15725660,Fee Waiver,True,2026-01-21
2469,15800061,Product Upgrade,False,2026-08-07
2470,15741094,Cashback,False,2026-02-20
2471,15741094,Loyalty Bonus,False,2026-08-13
2472,15807909,Product Upgrade,False,2025-02-06
2473,15622833,Fee Waiver,True,2026-01-11
2474,15746422,Rate Discount,True,2025-10-22
2475,15750839,Loyalty Bonus,True,2024-11-04
2476,15779862,Fee Waiver,False,2026-04-14
2477,15767871,Rate Discount,True,2026-03-26
2478,15679651,Product Upgrade,True,2026-05-03
2479,15679651,Loyalty Bonus,True,2025-08-08
2480,15699247,Loyalty Bonus,False,2024-10-11
2481,15605327,Fee Waiver,True,2026-07-11
2482,15605327,Cashback,False,2026-03-09
2483,15791174,Cashback,True,2026-03-31
2484,15670619,Loyalty Bonus,True,2026-07-08
2485,15599533,Product Upgrade,False,2025-04-16
2486,15697574,Cashback,False,2025-10-26
2487,15578738,cashback,False,2025-03-12
2488,15614827,Product Upgrade,True,2026-06-26
2489,15614827, Product Upgrade ,True,2025-06-26
2490,15789815,Rate Discount,False,2026-06-21
2491,15789815,Rate Discount,True,2024-09-28
2492,15579781,Fee Waiver,True,2025-08-11
2493,15579781,Rate Discount,True,2026-01-10
2494,15587013,Cashback,False,2024-09-07
2495,15570932,Cashback,False,2026-01-06
2496,15570932,Product Upgrade,False,2024-10-11
2497,15794661,Product Upgrade,False,2025-05-14
2498,15581654,Fee Waiver,False,2026-01-04
2499,15644296,Rate Discount,True,2025-11-01
2500,15614420,Fee Waiver,True,2026-02-10
2501,15594577,Loyalty Bonus,True,2025-08-27
2502,15584114,Rate Discount,True,2024-11-23
2503,15673367,Rate Discount,False,2025-09-18
2504,15685576,Cashback,True,2026-03-21
2505,15685576,Loyalty Bonus,True,2024-12-13
2506,15603319,Fee Waiver,True,2024-11-07
2507,15759066,Fee Waiver,False,2025-12-21
2508,15724402,Cashback,False,2026-07-04
2509,15724402,Cashback,True,2026-08-22
2510,15571059,Product Upgrade,False,2025-11-22
2511,15674206,Loyalty Bonus,False,2025-12-16
2512,15674206,Fee Waiver,False,2026-03-09
2513,15730448,Cashback,False,2026-06-27
2514,15662067,Rate Discount,True,2026-05-11
2515,15662067,Loyalty Bonus,False,2025-06-16
2516,64729692,Fee Waiver,False,2024-10-28
2517,15689751,Fee Waiver,False,2024-11-30
2518,15689751,Rate Discount,True,2026-04-19
2519,15745083,Cashback,True,2026-02-19
2520,15745083,Loyalty Bonus,True,2026-01-11
2521,15628523,Cashback,True,2024-09-10
2522,15809347,Loyalty Bonus,True,2025-02-07
2523,15660866,Fee Waiver,False,2026-07-05
2524,15766609,Product Upgrade,True,2026-08-05
2525,15654230,Fee Waiver,True,2026-04-22
2526,15800890,Product Upgrade,False,2025-04-25
2527,15800890,Loyalty Bonus,False,2025-08-09
2528,15697424,Rate Discount,False,2026-04-08
2529,15697424,Product Upgrade,True,06-27-2026
2530,15735878,Fee Waiver,True,2025-09-19
2531,15622478,Product Upgrade,False,2026-08-13
2532,15779529,Cashback,True,2025-04-02
2533,15582066,Cashback,False,2025-03-14
2534,15582066,Cashback,False,2025-06-17
2535,15663161,Fee Waiver,True,2026-05-11
2536,15694879,Product Upgrade,True,2025-08-17
2537,15575002,Loyalty Bonus,True,2026-07-25
2538,15794253, Loyalty Bonus ,True,2024-11-13
2539,15694453,Rate Discount,True,2025-07-15
2540,15694453,Fee Waiver,False,2025-10-13
2541,15813113,Fee Waiver,False,2025-05-09
2542,15614187,Loyalty Bonus,True,2026-04-02
2543,15614187,Product Upgrade,False,2026-06-21
2544,15619407,Fee Waiver,False,2026-06-10
2545,15619407,Fee Waiver,False,2024-09-03
2546,15660541,Product Upgrade,False,2026-01-24
2547,15617877,Cashback,False,
2548,15701537,Product Upgrade,False,2025-12-23
2549,15701537,Cashback,False,2026-02-03
2550,15780572,Rate Discount,True,2024-12-16
2551,15780572,Loyalty Bonus,True,2024-11-19
2552,15769596,Fee Waiver,False,2025-01-16
2553,15769596,Cashback,False,2026-01-27
2554,15638003,Loyalty Bonus,False,2025-12-31
2555,15775590,Rate Discount,False,2025-09-16
2556,15730688,Fee Waiver,False,2024-10-16
2557,15730688,Fee Waiver,False,2026-02-22
2558,15795298,Rate Discount,True,2024-10-03
2559,15795298, Loyalty Bonus ,True,2025-03-29
2560,15584320,Rate Discount,False,2025-05-19
2561,customer_15569641,Loyalty Bonus,False,2024-11-02
2562,15811177,Loyalty Bonus,UNKNOWN,2026-08-21
2563,15672821,Fee Waiver,False,2026-02-11
2564,15767681,Rate Discount,False,2024-10-16
2565,15801336,Rate Discount,False,2025-04-22
2566,15801336,Cashback,False,2025-03-13
2567,15721592,RATE DISCOUNT,True,2025-11-05
2568,15581282,Fee Waiver,True,2024-10-04
2569,15746203,Cashback,True,2026-04-02
2570,15746203,Loyalty Bonus,True,2026-02-23
2571,customer_15583137,Fee Waiver,False,2026-07-14
2572,15680752,Product Upgrade,False,2025-09-16
2573,15680752,Product Upgrade,False,2026-03-05
2574,15791373,Fee Waiver,False,2025-10-08
2575,15791373,Product Upgrade,False,2025-08-07
2576,15589449,Loyalty Bonus,False,2026-01-06
2577,15589449,Product Upgrade,False,2025-10-17
2578,15692819,Cashback,True,2025-03-20
2579,15727467,Fee Waiver,True,2025-06-04
2580,15727467,Product Upgrade,True,2026-03-24
2581,15759684,Product Upgrade,False,2025-08-18
2582,15609669,Product Upgrade,True,2026-01-14
2583,15609669,Loyalty Bonus,False,2024-12-12
2584,15685536,Cashback,False,2025-12-09
2585,15663249,Fee Waiver,True,2025-11-13
2586,15734161,Cashback,True,2024-10-04
2587,15649668,Fee Waiver,False,2026-08-23
2588,15586757,Rate Discount,False,2025-01-18
2589,15625395,Product Upgrade,True,2024-09-10
2590,15625395,Cashback,True,2025-12-20
2591,15566689,Fee Waiver,False,2024-09-13
2592,15725794,Rate Discount,False,2025-07-31
2593,15705298,Loyalty Bonus,True,2025-08-12
2594,15747043,Cashback,True,2025-08-16
2595,15747043,Fee Waiver,True,2025-06-02
2596,15678201,Rate Discount,True,2026-07-14
2597,15787550,Product Upgrade,True,2026-03-22
2598,15787550,Loyalty Bonus,True,2025-02-03
2599,15603942,Loyalty Bonus,False,2025-10-26
2600,15733973,Rate Discount,False,2025-01-18
2601,15733973,Product Upgrade,False,2026-05-02
2602,15622585,Fee Waiver,True,2025-02-09
2603,15733964,Rate Discount,False,2025-09-15
2604,15747097,Loyalty Bonus,UNKNOWN,2025-07-31
2605,15594762,Product Upgrade,True,2025-04-19
2606,15667417,Product Upgrade,False,2026-04-02
2607,15684861,cashback,False,2025-02-12
2608,15742204,Loyalty Bonus,False,2024-11-10
2609,15623502,Cashback,True,2026-06-01
2610,15623502,Cashback,True,2026-06-10
2611,15774872,Rate Discount,False,2026-08-03
2612,15774872,Cashback,True,2024-09-12
2613,15674331,Fee Waiver,False,2026-06-21
2614,15619465,Rate Discount,True,2024-11-09
2615,15575247,Product Upgrade,True,2026-01-13
2616,15695679,Cashback,True,2025-11-17
2617,15713463,Product Upgrade,True,2026-07-31
2618,15785170,Fee Waiver,False,2025-11-12
2619,43212775,Loyalty Bonus,False,2025-02-16
2620,15639576,Product Upgrade,True,2026-05-21
2621,15589715,Product Upgrade, False ,2026-01-06
2622,15769902,Product Upgrade,True,2026-01-01
2623,15587177, Rate Discount ,False,2026-04-07
2624,15601550,Product Upgrade,N/A,2025-02-19
2625,15664907,Fee Waiver,True,2026-02-13
2626,15612465,Rate Discount,True,2026-01-06
2627,15665760,Fee Waiver,False,2025-05-04
2628,15588080,Cashback,True,2025-11-07
2629,15729908,Fee Waiver,True,2025-08-23
2630,15646936,Product Upgrade,False,2025-07-12
2631,15768151,Cashback,False,2026-01-09
2632,15587419,Product Upgrade,True,2024-11-13
2633,15699619,Loyalty Bonus,False,2025-12-30
2634,15699619,fee waiver,False,2024-12-24
2635,customer_15606472,Fee Waiver,True,2024-09-23
2636,15606472,Rate Discount,False,"Sep 10, 2024"
2637,15778368,Rate Discount,False,2025-12-14
2638,15778368,Cashback,False,2026-02-09
2639,15671387,Fee Waiver,False,2024-11-09
2640,15671387,Product Upgrade,False,2025-03-19
2641,15573926,Cashback,False,2026-06-12
2642,15709183,Loyalty Bonus,False,2025-02-25
2643,15654456,Rate Discount,False,2026-01-14
2644,15574372,Fee Waiver,True,2025-06-28
2645,15671249,Rate Discount,False,2026-03-08
2646,15624755,Product Upgrade,True,2026-03-26
2647,15624755,Loyalty Bonus,False,2025-08-29
2648,15774744,Rate Discount,False,2025-01-01
2649,15629885,Product Upgrade,False,2025-02-03
2650,15708791,Loyalty Bonus,True,2026-05-19
2651,15683758,Rate Discount,False,2026-04-16
2652,15670615,Fee Waiver,True,2025-04-10
2653,15670615,Fee Waiver,False,2025-08-20
2654,15715622,cashback,False,2026-01-09
2655,15707634,Cashback,True,2025-08-28
2656,15775335,Rate Discount,True,2026-01-02
2657,15775335,Fee Waiver,True,2024-09-09
2658,15672330,Product Upgrade,False,2025-01-03
2659,15807837,Product Upgrade,False,2025-12-26
2660,15592570,Product Upgrade,False,2025-10-20
2661,15592570,Cashback,False,2024-10-11
2662,15757632,Cashback,False,2025-12-09
2663,15691863,Fee Waiver,False,2024-10-25
2664,15706071,Loyalty Bonus,False,2024-09-30
2665,15706071,Cashback,False,2025-04-25
2666,15755018,Rate Discount,True,2024-09-10
2667,15594041,Rate Discount,True,2026-03-28
2668,15594041,Rate Discount,True,2025-07-14
2669,15670587,Cashback,False,2024-11-06
2670,15670587, Product Upgrade ,True,2025-06-06
2671,15724527,Cashback,False,2025-08-02
2672,15724527,Fee Waiver,False,2025-07-24
2673,15801904,Product Upgrade,False,2024-12-29
2674,15658195,Fee Waiver,False,2024-12-19
2675,15630113,Product Upgrade,False,2025-03-09
2676,15784320,Rate Discount,True,2026-08-25
2677,15676513,Loyalty Bonus,False,2025-10-06
2678,15633854,Loyalty Bonus,True,2026-07-16
2679,15618566,Product Upgrade,True,2024-10-17
2680,15733014,Cashback,False,2025-07-09
2681,15733014,Fee Waiver,False,2025-01-21
2682,15753343,Loyalty Bonus,True,2025-11-19
2683,15746076,Product Upgrade,False,2026-04-02
2684,15746076,Rate Discount,True,2026-07-09
2685,15638988,Product Upgrade,False,2025-07-23
2686,15638988,Fee Waiver,False,2026-06-12
2687,15628767,Cashback,False,2025-05-21
2688,15628767,Cashback, False ,2025-08-25
2689,15737977,Loyalty Bonus,True,2025-06-03
2690,45295923,Loyalty Bonus,True,2025-04-11
2691,15758116,Loyalty Bonus,False,2025-10-18
2692,15625126,Cashback,True,2026-05-08
2693,15625126,Product Upgrade,False,2025-05-29
2694,15681327,Cashback,True,2025-08-01
2695,15802585,Product Upgrade,True,2026-03-09
2696,15740630,Product Upgrade,False,2026-02-16
2697,15815420,Product Upgrade,True,2025-06-29
2698,15711468,Product Upgrade,True,2025-10-23
2699,15711468,Loyalty Bonus,True,2026-07-28
2700,15799626,Cashback,False,2025-02-07
2701,15659325,Rate Discount,False,2024-12-27
2702,15651352,Cashback,False,2025-05-17
2703,15702300,Rate Discount,False,2025-01-03
2704,15702300,Loyalty Bonus,True,2025-12-12
2705,15671390,Product Upgrade,True,2026-08-13
2706,15739223,Cashback,False,2025-12-01
2707,15631305,Fee Waiver,False,2024-12-20
2708,15809263,Loyalty Bonus,True,2025-11-29
2709,15640866,Fee Waiver,False,2026-07-10
2710,15640866,Fee Waiver,True,2026-01-29
2711,15654292,Loyalty Bonus,False,2024-10-15
2712,15572291,Rate Discount,False,2026-08-05
2713,15603465,Product Upgrade,True,2025-11-13
2714,15792729,Cashback,True,2026-06-10
2715,15568044,Product Upgrade,False,2025-07-09
2716,15568044,Fee Waiver,False,2026-08-21
2717,15713621,Fee Waiver,True,2025-11-17
2718,15670668,Rate Discount,True,2025-12-13
2719,15726796,Loyalty Bonus,True,2026-07-02
2720,15681924,Cashback,True,2026-07-01
2721,15763544,Loyalty Bonus,True,2025-01-15
2722,15764431,cashback,False,2026-07-28
2723,15764431,Product Upgrade,True,
2724,15684010,Cashback,True,2024-09-08
2725,15733303,Product Upgrade,True,2025-04-24
2726,15643294,Fee Waiver,True,2026-08-09
2727,15643294,Product Upgrade,True,2025-05-01
2728,15749905,Loyalty Bonus,False,2024-09-07
2729,15749905,Rate Discount,True,2025-08-22
2730,15625175,Loyalty Bonus,False,2025-10-03
2731,15643967,Loyalty Bonus,False,2026-07-15
2732,15643967,Product Upgrade,True,2026-07-05
2733,15578251,Loyalty Bonus,True,2024-11-17
2734,15733234,Rate Discount,False,2026-03-01
2735,15721582,Cashback,TRUE,2026-03-04
2736,34965304,Product Upgrade,False,2025-07-09
2737,83802989,Fee Waiver,False,2025-09-26
2738,15571302,Loyalty Bonus,True,2026-06-26
2739,15637178,Rate Discount,True,2026-08-11
2740,15637178,Fee Waiver,False,2025-04-01
2741,15601184,Cashback,True,2026-04-29
2742,15629511,Fee Waiver,True,2026-08-08
2743,15665766,Product Upgrade,False,2025-07-02
2744,15665766,fee waiver,True,2025-10-13
2745,15693732,Rate Discount,True,2025-04-08
2746,15765982,Product Upgrade,False,2025-09-25
2747,15798024,Cashback,True,2025-04-05
2748,15780411,Loyalty Bonus,False,2026-06-10
2749,15725429,Fee Waiver,True,2025-03-25
2750,15725429,Cashback,True,2025-07-17
2751,15600626,Product Upgrade,False,2024-10-26
2752,15668460,Rate Discount,True,2025-04-26
2753,15576263,Product Upgrade,True,2026-03-03
2754,15691624,Cashback,True,2025-12-13
2755,15793196,Loyalty Bonus,True,2025-08-20
2756,15793196,,True,2025-03-23
2757,15633352,Loyalty Bonus,True,2025-08-20
2758,15633352,Loyalty Bonus,False,2025-07-11
2759,15750874,Product Upgrade,True,2026-02-22
2760,15750874,Rate Discount,False,2026-04-05
2761,15588923,Loyalty Bonus,False,2025-06-02
2762,15588923,Fee Waiver,True,2024-12-09
2763,15797760,Cashback,True,2025-09-16
2764,15797760,Product Upgrade,False,2024-12-18
2765,15790564,Loyalty Bonus,True,2025-07-16
2766,15593736,Cashback,False,2025-10-09
2767,15593736,Cashback,False,2026-05-14
2768,15815628,Loyalty Bonus,True,2026-03-12
2769,15815628,Rate Discount,True,2025-11-23
2770,15782802,Product Upgrade,False,2024-11-18
2771,15627412,Fee Waiver,False,2024-10-10
2772,15627412,Cashback,False,2026-06-21
2773,15734609,Fee Waiver,True,2026-07-17
2774,15684103,Rate Discount,True,2026-07-21
2775,15660147,Rate Discount,True,2024-12-21
2776,18502140,Rate Discount,True,2026-04-19
2777,15814998,Fee Waiver,False,2025-04-04
2778,15802207,Fee Waiver,False,2025-07-19
2779,15802207,Loyalty Bonus,False,2026-07-07
2780,15658668,Product Upgrade,True,2026-04-22
2781,15715079,Product Upgrade,True,2025-02-08
offer_2782,15778219,Product Upgrade,True,2025-07-16
2783,15696514,Rate Discount, True ,2025-07-18
2784,15712303,Loyalty Bonus,True,23-04-2026
2785,15719090,Fee Waiver,True,2026-05-26
2786,15735632,Loyalty Bonus,True,2025-04-05
2787,15735632,Rate Discount,False,2024-10-29
2788,15619436,Product Upgrade,False,2026-05-31
2789,15722404,Cashback,True,2024-12-22
2790,15662063,Loyalty Bonus,False,2025-07-20
2791,15745605,Product Upgrade,False,2025-08-30
2792,15745605,Product Upgrade,False,2026-07-13
2793,15606755,Loyalty Bonus,False,2025-09-19
2794,15801699,Product Upgrade,True,2025-04-10
2795,15784097,Cashback,True,2026-07-22
2796,15784097,NULL,False,2025-12-01
2797,15764654,Fee Waiver,True,2026-08-24
2798,15612092,Rate Discount,True,2025-09-13
2799,15705777,Rate Discount,True,2026-02-04
2800,15661936,Loyalty Bonus,True,2026-08-29
2801,15661936,Cashback,True,2025-07-29
2802,15700864,Rate Discount,False,2024-10-25
2803,15700864,Fee Waiver,True,2026-03-10
2804,15737521,Fee Waiver,True,2025-05-28
2805,15737521,Loyalty Bonus,False,2026-08-29
2806,15814465,Rate Discount,False,2025-12-20
2807,15580988,Loyalty Bonus,True,2026-01-03
2808,15580988,Product Upgrade,False,2025-03-06
2809,15789974,Loyalty Bonus,False,2025-06-24
2810,15789974,Rate Discount,False,2025-11-30
2811,15713370,Rate Discount,False,2025-02-13
2812,15748673,Rate Discount,False,2025-02-23
2813,15754919,Cashback,False,2025-12-17
2814,15641662,Loyalty Bonus,False,2026-07-26
2815,15791216,Product Upgrade,False,2025-07-31
2816,15689031,Loyalty Bonus,True,2026-01-03
2817,15631339,Product Upgrade,True,2025-09-01
2818,15631339,Fee Waiver,True,2024-10-27
2819,15585280,Rate Discount,True,2025-01-17
2820,15743582,Rate Discount,True,2026-01-04
2821,15761692,Fee Waiver,True,2026-02-11
2822,15627840,Loyalty Bonus,UNKNOWN,2025-08-31
2823,15770554,Rate Discount,True,2025-06-19
2824,15770554,Rate Discount,True,2025-05-24
2825,15806956,Product Upgrade,False,2025-08-14
2826,15701908,Loyalty Bonus,True,2025-08-25
2827,15736990,Cashback,False,2026-06-16
2828,15736990,Cashback,True,2026-03-24
2829,15743714,Rate Discount,True,2026-03-28
2830,15807993,Fee Waiver,True,2025-11-05
2831,15644686,Product Upgrade,False,2025-06-30
2832,15644686,Cashback,False,2025-03-23
2833,15677377,Rate Discount,True,2024-10-29
2834,15643679,Loyalty Bonus,True,2025-02-28
2835,15643679,Loyalty Bonus,False,2025-09-24
2836,15734044,Loyalty Bonus,False,2025-05-07
2837,15705001,Cashback,False,2026-06-17
2838,15705001,Fee Waiver,False,2025-07-17
2839,15809817,Fee Waiver,False,2025-06-06
2840,15809817,Rate Discount,False,2025-08-22
2841,15626491,Product Upgrade,True,2024-11-10
2842,15626491,Product Upgrade,False,2025-08-10
2843,15568120,Rate Discount,False,2025-09-15
2844,15568120,Rate Discount,True,2026-08-18
2845,15812324,Fee Waiver,False,2026-06-16
2846,15812324,Rate Discount,False,2026-03-18
2847,15759566,Loyalty Bonus,False,2025-05-30
2848,15675675,Cashback,False,2026-07-28
2849,15802060,Cashback,False,2026-04-05
2850,15660505,Fee Waiver,False,2024-09-06
2851,15660505,Rate Discount,False,2026-02-28
2852,15700710,Fee Waiver,True,2025-10-12
2853,15742834,Rate Discount,False,2025-07-28
2854,15608166,Rate Discount,True,2025-01-09
2855,15614230,Rate Discount,False,2024-11-09
2856,15729958,Cashback,False,2025-04-27
2857,15729958,Rate Discount,False,2025-12-17
2858,15800814,Product Upgrade,False,2026/05/18
2859,15674727,Cashback,True,2025-07-10
2860,15657779,Cashback,True,2025-09-25
2861,15801395,Fee Waiver,True,2025-12-11
2862,15757911,Fee Waiver,True,Unknown
2863,15665340,Rate Discount,False,2024-09-16
2864,15665340,Cashback,False,27/02/2026
2865,15757821,Fee Waiver,True,2025-05-06
2866,15600688,Fee Waiver,True,2024-11-15
2867,15645045,Product Upgrade,False,2024-09-25
2868,15645045,Fee Waiver,True,2025-06-28
2869,15766746,Rate Discount,True,2025-02-17
2870,15766746,Cashback,True,
2871,15632551,Fee Waiver,True,2025-04-12
2872,15710853,Loyalty Bonus,True,2024-12-12
2873,15710853,Cashback,False,2026-04-11
2874,15808557,Cashback,False,2026-07-16
2875,15808557,Fee Waiver,True,2025-07-26
2876,15614687,Rate Discount,True,2025-08-24
2877,15614687,Product Upgrade,False,2025-10-16
offer_2878,15626882,Product Upgrade,False,2024-12-03
2879,15626882,Cashback,False,2025-04-20
2880,15748034,Loyalty Bonus,False,2026-02-11
2881,15632324,Loyalty Bonus,True,2026-06-15
2882,15632324,Loyalty Bonus,False,2025-12-06
2883,15761453,Product Upgrade,True,2024-12-23
2884,15646726,Cashback,False,2025-04-10
2885,15801218,Fee Waiver,False,2025-03-19
2886,15690130,Loyalty Bonus,False,2025-12-04
2887,15690130,Loyalty Bonus,True,2025-06-20
2888,15648455,Cashback,True,2025-02-03
2889,15626612,Loyalty Bonus,False,2026-04-17
2890,15629094,Rate Discount,True,2025-02-18
2891,15594827,Rate Discount,False,2026-03-24
2892,15786392,Fee Waiver,True,2026-07-01
2893,15733777,Loyalty Bonus,True,2026-03-27
2894,15723263,Rate Discount,False,2025-02-22
2895,15803121,Loyalty Bonus,True,2025-01-27
2896,15803121,Loyalty Bonus,False,2025-04-30
2897,15631709,Product Upgrade,TRUEE,2025-03-02
2898,15761670,Rate Discount,False,2025-07-01
2899,15754267,Cashback,True,2025-07-21
2900,15791988,Fee Waiver,True,2025-11-12
2901,15683375,Fee Waiver,True,2024-12-19
2902,15625151,Product Upgrade,False,2026-02-12
2903,15635285,Cashback,False,2026-01-09
2904,15574296,Fee Waiver,True,2025-04-19
2905,15711618,Rate Discount,False,2025-08-02
2906,15711618,Product Upgrade,False,2024-11-24
2907,15634359,Cashback,True,2025-10-13
2908,15586629,N/A,True,2025-04-15
2909,15664227,Product Upgrade,False,2025-10-23
2910,15664227,Loyalty Bonus,False,2025-11-11
2911,15741745,Fee Waiver,False,2026-07-09
2912,28990003,Product Upgrade,False,2025-01-07
2913,15785406,Fee Waiver,True,2026-06-02
2914,15621685,Product Upgrade,False,2026-06-28
2915,15621685,Loyalty Bonus,True,2025-08-10
2916,15628886,Loyalty Bonus,False,2025-06-06
2917,15628886,Cashback,False,2025-10-26
2918,15707199,Loyalty Bonus,False,2026-06-10
2919,15632079,Cashback,False,2024-12-10
2920,15767921,Cashback,False,2025-10-29
2921,15747208,Fee Waiver,False,2026-04-04
2922,15582762,Product Upgrade,False,2026-02-14
2923,15788683,Product Upgrade,True,2025-03-03
2924,15771855,Fee Waiver,True,2026-08-11
2925,15657868,Loyalty Bonus,True,2026-04-14
2926,15657868,cashback,False,2025-03-01
2927,15711716,Product Upgrade,False,2026-08-30
2928,15711716,Loyalty Bonus,False,2025-02-03
2929,15770159,Loyalty Bonus,False,2026-05-05
2930,15639357,Fee Waiver,False,2026-05-22
2931,15738907,Cashback,True,2026-06-14
2932,15750867,Product Upgrade,MAYBE,2026-02-14
2933,15637993,Loyalty Bonus,False,2025-02-09
2934,15720338,Product Upgrade,True,2026-03-12
offer_2935,15627162,Cashback,True,2024-11-19
2936,15627162,Cashback,True,2025-05-20
2937,15596710,Fee Waiver,False,2026-07-29
2938,15634968,Rate Discount,True,2026-03-29
2939,15609475,Product Upgrade,True,2025-06-27
2940,15609475,Fee Waiver,True,2025-12-17
2941,15573319,Loyalty Bonus,False,2025-08-26
2942,15782456,Rate Discount,False,2025-08-12
2943,15782456,Cashback,False,2026-06-25
2944,15629846,Product Upgrade,True,2026-08-07
2945,15674442,Rate Discount,MAYBE,2026-02-23
2946,15730469,Loyalty Bonus,False,2025-11-10
2947,15603665,Rate Discount,True,2025-01-17
2948,15603665,Product Upgrade,True,2025-11-06
2949,15569572,Product Upgrade,True,2026-04-29
2950,15698791,Loyalty Bonus,True,2026-06-11
2951,15626233,Rate Discount,False,2025-11-16
2952,15610900,,True,2026-01-03
2953,15610900,Rate Discount,True,2024-12-25
2954,15691703,Product Upgrade,False,2025-11-11
2955,15628999,Fee Waiver,False,2025-10-08
2956,15654341,Loyalty Bonus,True,2025-05-16
2957,15632365,Cashback,True,2025-12-29
offer_2958,15729689,Rate Discount,True,2025-12-13
2959,15729689,Rate Discount,True,2025-11-17
2960,15759284,Fee Waiver,False,2026-08-19
2961,15664668,Cashback,True,2026-02-27
2962,15748639,Loyalty Bonus,False,2025-09-30
2963,15748639,Product Upgrade,True,2025-09-27
2964,15628123,Rate Discount,False,2025-03-22
2965,15628123,Rate Discount,,2026-05-10
2966,15602731,Loyalty Bonus,True,2025-08-19
2967,15602731,Fee Waiver,False,2026-07-27
2968,15748696,Fee Waiver,True,2024-10-14
2969,60385835,Cashback,True,2024-12-01
2970,15586133,Loyalty Bonus,False,2026-08-04
2971,15576185,Cashback,False,2025-08-05
2972,15576185,Loyalty Bonus,True,2025-04-17
2973,15660809,Cashback,True,2025-07-09
2974,15616666,Rate Discount,True,2026-02-24
2975,15706904,Loyalty Bonus,False,2024-11-10
2976,15706904,Fee Waiver,True,2025-06-02
2977,15749693,Product Upgrade,True,2026-01-14
2978,15749693,,True,2026-04-04
2979,15796480,Product Upgrade,True,2025-06-06
2980,15796480,cashback,True,2026-07-19
2981,15593897,Rate Discount,True,2025-12-14
2982,15593897,Cashback,False,2024-11-27
2983,15604576,Rate Discount,True,2025-10-19
2984,15666270,Loyalty Bonus,False,2024-09-13
2985,15666270,Cashback,False,2026-05-03
2986,15572626,Cashback,False,2025-06-05
2987,15714006,Loyalty Bonus,False,2025-09-04
2988,15665327,Rate Discount,True,2025-05-11
2989,15626806,Product Upgrade,True,2025-07-17
2990,15760244,Product Upgrade,True,2026-02-16
2991,15609704,Rate Discount,True,2026-05-23
2992,15565796,Rate Discount,False,2026-03-26
2993,15577700,Product Upgrade,True,2024-10-12
2994,15577700,Product Upgrade,False,2026-07-04
2995,15747345,Fee Waiver,True,2025-07-03
2996,15678317,Rate Discount,False,2025-03-12
2997,15768451,Rate Discount,True,2025-02-11
2998,15768451,Rate Discount,False,2026-07-14
2999,15753213,Cashback,True,2025-04-09
3000,15620323,Rate Discount,True,2026-08-05
3001,15812616,Cashback,True,2025-09-27
3002,15601796,Rate Discount,False,2025-06-16
3003,15601796,Product Upgrade,False,2024-10-16
3004,15613216,Loyalty Bonus,True,2025-01-15
3005,15657937,Cashback,False,2026-07-24
3006,15815428,Fee Waiver,False,2026-06-01
3007,15815428,Product Upgrade,False,2026-06-19
3008,15640409,Cashback,False,2026-07-21
3009,15788775,Fee Waiver,True,2025-04-05
3010,15807961,Rate Discount,UNKNOWN,2025-10-22
3011,15710978,Loyalty Bonus,,2026-02-16
3012,15710978,Loyalty Bonus,False,2026-06-05
3013,15626474,Fee Waiver,True,2025-12-28
3014,15608344,Product Upgrade,False,2025-08-04
3015,87966673,Product Upgrade,True,2025-10-23
3016,15768367,Product Upgrade,False,2026-04-16
3017,15806210,Rate Discount,False,2024-10-22
3018,15697702,Cashback,False,2026-08-29
3019,15697702,Cashback,False,2025-07-30
3020,15689598,Loyalty Bonus,False,2025-05-13
3021,15713374,Cashback,False,2025-10-13
3022,15713374,Fee Waiver,yes,2024-10-16
3023,15607748,Product Upgrade,True,
3024,15607577,Loyalty Bonus,False,2025-09-29
3025,15813697,Fee Waiver,True,2024-10-28
3026,15777855,Loyalty Bonus,True,2026-03-21
3027,15698031,Product Upgrade,False,2025-06-22
3028,15678944,Loyalty Bonus,False,2024-09-04
3029,15678944,Fee Waiver,False,2025-05-07
3030,15808334,Product Upgrade,True,2026-03-17
3031,15804709,Product Upgrade,False,2025-04-20
3032,15645835,Rate Discount,True,2025-04-26
3033,15645835,Cashback,False,2025-07-04
3034,15738166,Cashback,False,2025-03-17
3035,15738166,Loyalty Bonus,True,2026-01-07
3036,15675360,Rate Discount,False,2025-11-28
3037,15793042,Fee Waiver,False,2025-06-04
3038,15810385,product upgrade,False,2025-03-28
3039,15578211,Fee Waiver,True,2026-07-30
3040,15620030,Cashback,False,2026-07-08
3041,15783541,Loyalty Bonus, True ,2026-02-10
3042,15783541,Fee Waiver,True,2024-12-28
3043,15582910,Cashback,False,2026-02-11
3044,15688337,Product Upgrade,True,2026-08-28
3045,15643042,Fee Waiver,True,2026-06-23
3046,15643042,Fee Waiver,True,2025-06-23
3047,15765952,Unknown,True,2026-05-19
3048,15663263,Cashback,True,2026-08-13
3049,15663263,Cashback,False,2025-05-10
3050,15643361,,False,2025-01-31
3051,15643361,Rate Discount,False,2025-06-17
3052,15699486,Rate Discount,True,2026-07-23
3053,15747854,Fee Waiver,True,2026-02-01
3054,15652218,Rate Discount,True,2025-10-05
3055,15652218,Product Upgrade,True,2026-06-06
3056,15697127,Loyalty Bonus,True,2025-04-15
3057,15701042,Product Upgrade,True,2025-06-23
3058,15701042,Product Upgrade,True,2025-03-11
3059,15680449,Product Upgrade,False,2025-08-05
3060,15599860,Product Upgrade,False,2026-05-20
3061,15599860,Loyalty Bonus,False,2026-07-17
3062,15723169,Rate Discount,True,2025-09-13
3063,15765415,Rate Discount,False,2024-09-11
3064,15765415,Rate Discount,True,2026-01-27
3065,15756751,Product Upgrade,True,2026-05-12
3066,15756751,Rate Discount,False,2024-11-22
3067,15632859,Fee Waiver,False,2025-03-05
3068,15632859,Fee Waiver,False,2025-01-04
3069,15653997,Cashback,False,2025-10-20
3070,15651264,Fee Waiver,False,2026-07-27
3071,15651264,Cashback,False,2025-10-27
3072,15760825,Loyalty Bonus,True,2025-05-14
3073,15760825,Cashback,False,2026-06-06
3074,15597394,Cashback,True,2025-08-26
3075,15670562,Cashback,True,2026-08-07
3076,15698117,Product Upgrade,False,2026-03-18
3077,15694805,Rate Discount,True,NULL
3078,15589428,Loyalty Bonus,True,
3079,15589428,Rate Discount,True,2026-08-03
3080,15790267,Loyalty Bonus,True,2026-06-22
3081,15642093, Product Upgrade ,False,2025-10-29
3082,15666181,Loyalty Bonus,True,2024-10-19
3083,15666181,Cashback,True,2025-11-29
3084,15724251,Loyalty Bonus,True,2026-02-03
3085,15718289,Fee Waiver,False,2026-03-02
3086,15718289,Product Upgrade,True,2025-05-04
3087,15763148,Fee Waiver,True,2024-10-02
3088,15763148,Fee Waiver,True,2024-09-07
3089,15685245,Cashback,Unknown,2025-11-14
3090,15685245,Rate Discount,True,2026-04-12
3091,15585823,Rate Discount,False,2026-07-21
3092,15585823,Cashback,True,2026-01-17
3093,15728167,Cashback,True,2026-01-18
3094,15654733,Product Upgrade,False,2026-06-21
3095,25003764,Cashback,True,2026-03-08
3096,15604792,Cashback,True,2024-12-03
3097,15704819,Loyalty Bonus,False,2026-04-12
3098,15670859,Rate Discount,False,2026-06-04
3099,15602797,Loyalty Bonus,False,2024-09-11
3100,15662533,Cashback, False ,2026-06-26
3101,15778154,Rate Discount,False,2025/01/20
3102,15806230,Fee Waiver,False,2024-09-29
3103,15806230,Cashback,False,2024-10-27
3104,15750778,Rate Discount,False,2024-09-26
3105,15568915,Product Upgrade,yes,2025-11-14
3106,15568915,Fee Waiver,True,2025-08-11
3107,15736495,Loyalty Bonus,False,2025-06-04
3108,15736495,Fee Waiver,True,2024-10-27
3109,15667889,Cashback,False,2025-09-16
3110,15667889,Fee Waiver,False,2025-06-04
3111,15577831,Loyalty Bonus,True,2026-01-18
3112,15729836,Loyalty Bonus,False,2024-11-21
3113,15729836,Cashback,True,2026-05-30
3114,15697597,Loyalty Bonus,False,2026-05-12
3115,15639669,Loyalty Bonus,True,2025-08-20
3116,15639669,Cashback,True,2025-09-13
3117,15580935,NULL,False,2024-10-31
3118,15580935,Rate Discount,False,2025-09-06
3119,15590344,Product Upgrade,TRUEE,2025-01-30
3120,15590344,Loyalty Bonus,True,2025-06-26
3121,15805025,Rate Discount,True,2024-11-29
3122,15658449,Fee Waiver,False,"Apr 24, 2025"
3123,15694450,Product Upgrade,True,2025-12-14
3124,15605666,Loyalty Bonus,False,2024-11-17
3125,15615126,Fee Waiver,False,2026-01-09
3126,15726588,Loyalty Bonus,False,2024-10-10
3127,15726588,Rate Discount,True,2026-03-31
3128,15645095,Cashback,True,2026-01-14
3129,15645095,Rate Discount,True,2026-02-09
3130,15808960,Product Upgrade,False,2026-02-06
3131,15729435,Fee Waiver,True,2026-03-06
3132,15729435,Loyalty Bonus,False,2025-10-24
3133,15656840,Fee Waiver,True,2026-03-10
3134,15659149,Fee Waiver,True,2025-02-05
3135,15674929,Product Upgrade,True,2025-10-02
3136,15620123,Loyalty Bonus,True,2026-08-12
3137,15620123,Fee Waiver,False,2025-09-18
3138,15616240,Fee Waiver,True,2024-11-26
3139,15616240,Fee Waiver,True,NULL
3140,15605036,Loyalty Bonus,False,2026-08-03
3141,15805151,Fee Waiver,True,2026-06-23
3142,15753847,Cashback,1,2025-09-02
3143,15653222,Cashback,True,2025-03-13
3144,15653222,Product Upgrade,False,2026-02-04
3145,15726945,Product Upgrade,True,2026-03-13
3146,15726945,Fee Waiver,False,2025-08-11
3147,15794276,Product Upgrade,True,2025-07-02
3148,15568328,Cashback,False,2025-02-17
3149,15568328,Cashback,True,2025-12-10
3150,15735788,Fee Waiver,False,2026-01-08
3151,15618255,Product Upgrade,False,2025-09-08
3152,15576094,Rate Discount,False,"Jun 14, 2025"
3153,15576094,Rate Discount,False,2026-02-27
3154,15756150,Fee Waiver,True,2025-01-10
3155,15756150,Cashback,False,2024-09-27
3156,15719579,Loyalty Bonus,True,2026-04-29
3157,15719579,Rate Discount,NULL,2025-12-04
3158,15664802,Rate Discount,False,2025-11-04
3159,15664802,Cashback,True,2024-12-05
3160,15664734,Loyalty Bonus,True,2025-09-06
3161,15664734,fee waiver,True,2025-12-02
3162,15767894,Fee Waiver,False,2024-12-05
3163,15666884,Cashback,False,2025-12-31
3164,15666884,Loyalty Bonus,True,2026-03-31
3165,15750156,Product Upgrade,False,2026-08-27
3166,15751120,Cashback,True,2025-07-08
3167,15720305,Fee Waiver,True,2025-08-06
3168,15720305,Loyalty Bonus,False,2025-12-13
3169,15680436,Rate Discount,False,"Nov 11, 2024"
3170,15658890,Product Upgrade,False,2026-05-30
3171,15658890,Rate Discount,True,2025-09-02
3172,customer_15726487,Product Upgrade,True,2024-12-22
3173,15710527,Fee Waiver,True,2026-06-15
3174,15655590,Fee Waiver,True,2025-10-26
3175,15672246,Product Upgrade,False,2024-09-30
3176,15740283,Product Upgrade,True,2025-06-27
3177,15740283,Cashback,True,2026-06-26
3178,15759717,Product Upgrade,False,2025-02-22
3179,15595047,Cashback,True,2025-11-13
3180,15701206,Product Upgrade,True,2025-10-08
3181,15701206,Fee Waiver,False,2026-07-06
3182,15581280,Fee Waiver,False,2024-12-22
3183,15581280,Cashback,True,2026-08-31
3184,15609545,Loyalty Bonus,UNKNOWN,2024-12-24
3185,15609545,Cashback,True,2026-05-02
3186,15658548,Loyalty Bonus,False,2025-12-20
3187,15774133,Rate Discount,True,2026-06-08
3188,15763798,Product Upgrade,False,2026-07-05
3189,15705765,Fee Waiver,False,2025-01-26
3190,15761102,Rate Discount,False,2025-07-03
3191,15659736,Fee Waiver,True,2026-01-12
3192,15659736,Cashback,True,2025-02-09
3193,15603170,Rate Discount,False,2024-12-11
3194,15786167,Fee Waiver,False,2025-07-16
3195,15671915,Product Upgrade,True,2026-07-26
3196,15652789,Cashback,True,2026-08-01
3197,15739168,Fee Waiver,True,2025-10-22
3198,15717937,Fee Waiver,True,2025-03-27
3199,15717937,Cashback,False,2025-08-27
3200,15619972,Loyalty Bonus,False,2024-10-22
3201,15796114,Rate Discount,True,2025-08-25
3202,15758755,Loyalty Bonus,False,2026-01-10
3203,15754342,Loyalty Bonus,False,2026-05-07
3204,15756610,Loyalty Bonus,False,2026-02-07
3205,15640917,Cashback,True,2024-11-30
3206,15640917,Loyalty Bonus,True,2026-01-24
3207,15663164,Loyalty Bonus,False,2026-07-21
3208,15610781,Rate Discount,Unknown,2026-03-17
3209,15610781,Loyalty Bonus,False,2026-08-03
3210,15600911,Fee Waiver,False,2024-09-10
3211,15629603,Fee Waiver,True,2026-06-16
3212,15775892,Rate Discount,False,2025-08-05
3213,46731898,Product Upgrade,True,2025-06-07
3214,15743673,Product Upgrade,False,2026-07-20
3215,15743673,Product Upgrade,False,2024-10-09
3216,15634310,Product Upgrade,True,2026-06-19
3217,15790809,Fee Waiver,True,2024-09-26
3218,15790809,Loyalty Bonus,MAYBE,2025-12-15
3219,15669281,Rate Discount,False,2024-10-21
3220,15669281,Fee Waiver,False,2024-10-21
3221,15621031,Rate Discount,False,2025-12-03
3222,15621031,Fee Waiver,True,2026-07-02
3223,15720071,Rate Discount,,2025-03-09
3224,15720071,Rate Discount,False,2025-10-01
3225,15792180,Fee Waiver,True,2025-03-11
3226,15813894,Rate Discount,True,2025-10-02
3227,15669490,Product Upgrade,True,2026-03-30
3228,15783030,Loyalty Bonus,False,2026-04-06
3229,15695792,Product Upgrade,True,2025-01-23
3230,15695792,Cashback,Unknown,2026-06-18
3231,15575676,Product Upgrade,no,2024-10-29
3232,15695225,Rate Discount,False,Unknown
3233,15615091,Product Upgrade,True,2025-04-17
3234,15794345,Fee Waiver,False,2025-10-12
3235,15794345,Cashback,False,2026-01-01
3236,15714256,Rate Discount,True,2025-01-01
3237,15714256,Rate Discount,False,2025-06-25
3238,15778752,Cashback,False,2025-02-26
3239,15601659,Loyalty Bonus,False,2026-02-10
3240,15763097,Rate Discount,True,2024-12-31
3241,15718789,Fee Waiver,True,2026-03-23
3242,15600692,Fee Waiver,True,2025-07-18
3243,15626141,Loyalty Bonus,no,2024-10-19
3244,15738546,Rate Discount,True,2024-11-25
3245,15656454,Fee Waiver,True,2025-12-18
3246,15708513,RATE DISCOUNT,False,2025-03-26
3247,15685654,Fee Waiver,False,2026-08-17
3248,15732307,Rate Discount,False,N/A
3249,15726814,Cashback,False,2026-08-10
3250,15597914,,True,2026-01-16
3251,15597914,Product Upgrade,True,2026-08-09
3252,15690209,Rate Discount,True,2025-04-16
3253,15690209,Fee Waiver,True,2025-03-05
3254,15592091,Rate Discount,False,2026-08-11
3255,15647453,Fee Waiver,True,2026-05-06
3256,15697100,Product Upgrade,False,2025-06-26
3257,66270116,Cashback,False,2026-05-31
3258,15629187,Fee Waiver,False,2025-07-07
3259,15606641,Product Upgrade,True,2024-12-18
3260,15606641,Cashback,False,2025-12-09
3261,15764335,Fee Waiver,True,2024-12-17
3262,15634218,Product Upgrade,False,2026-03-18
3263,15648461,Loyalty Bonus,False,2026-03-09
3264,15593555,Cashback,True,2026-01-06
3265,15569079,Loyalty Bonus,True,2026-07-03
3266,15792607,Rate Discount,False,2026-08-26
3267,15640034,Product Upgrade,False,2025-12-21
3268,15684461,Loyalty Bonus,True,2026-01-04
3269,15580134,Loyalty Bonus,False,2025-07-17
3270,15580134,Fee Waiver,False,2026-05-07
3271,15679075,Rate Discount,False,2026-07-18
3272,15742504,Product Upgrade,True,2026-01-29
3273,15567328,Rate Discount,True,2025-07-24
3274,15607142,Cashback,True,2026-06-25
3275,15738516,Product Upgrade,True,2024-10-23
3276,86602884,Cashback,False,2026-06-18
3277,15653715,Cashback,True,2025-03-14
3278,15653715,Product Upgrade,False,2026-07-05
3279,15806184,Product Upgrade,False,2026-04-17
3280,15725639,Rate Discount,False,2025-10-02
3281,15734762,Fee Waiver,False,2025-07-03
3282,15734762,Fee Waiver,False,2025-09-04
3283,15767129,Cashback,True,2026-07-06
3284,15767129,Fee Waiver,True,2026-05-01
3285,15797204,Rate Discount,True,2026-03-01
3286,15769272,Cashback,True,2024-11-14
3287,15771966,Fee Waiver,False,2024-09-24
3288,15593250,Loyalty Bonus,True,2025-11-28
3289,15800083,Fee Waiver,False,2025-04-01
3290,15800083,Loyalty Bonus,False,2025-05-02
3291,15575691,Rate Discount,True,2025-03-17
3292,15575691,Loyalty Bonus,False,2026-06-02
3293,15809838,Loyalty Bonus,True,2025-07-31
3294,15809838,Cashback,False,2025-02-11
3295,15736154,Loyalty Bonus,True,2025-01-29
3296,15767391,Fee Waiver,False,2025-04-08
3297,15704910,Rate Discount,True,2025-08-23
3298,15704910,Fee Waiver,True,2026-08-21
3299,15656613,Product Upgrade,True,2024-12-14
3300,92620285,Cashback,False,2025-05-13
3301,15611551,Rate Discount,True,2024-11-17
3302,15732430,Product Upgrade,True,2026/06/11
3303,15732430,Fee Waiver,False,2026-02-08
3304,15741865,Fee Waiver,True,2025-01-14
3305,15609676, Cashback ,True,2026-01-16
3306,15761600,Rate Discount,True,2025-09-22
3307,15659236,Cashback,True,2025-04-15
3308,15690440,Fee Waiver,True,2025-03-29
3309,15694601,Fee Waiver,True,2025-07-18
3310,15750458,Cashback,True,2025-05-01
3311,15750458,Loyalty Bonus,True,2026-03-01
3312,15788536,Rate Discount,False,2025-11-21
3313,15596979,Product Upgrade,UNKNOWN,2026-08-25
3314,15681220,Product Upgrade,False,2026-02-13
3315,15780779,Fee Waiver,True,2025-06-15
3316,15760880,Product Upgrade,False,2024-10-27
3317,15760880,Rate Discount,True,2025-11-03
3318,15663386,Cashback,True,2025-02-17
3319,15663386,fee waiver,True,2026-08-15
3320,15621267,Product Upgrade,True,2024-09-04
3321,15720509,Cashback,True,2026-01-12
3322,15693322,Loyalty Bonus,False,2026-07-06
3323,15693322,Rate Discount,False,2026-04-05
3324,15772030,Product Upgrade,True,2025-11-13
3325,15701392,Fee Waiver,False,2025-04-16
3326,15701392,Cashback,False,2025-12-13
3327,15741092,Product Upgrade,False,2024-11-02
3328,15741092,Rate Discount,False,2024-12-17
3329,15643865,Cashback,False,2026-07-08
3330,15769389,Loyalty Bonus,True,
3331,15769389,Loyalty Bonus,True,2026-02-18
3332,15807768,Loyalty Bonus,False,2026-07-08
3333,15763107,Cashback,False,2026-06-07
3334,15667085,Rate Discount,False,2024-10-08
3335,15584505,Cashback,True,2025-07-20
3336,15748068,,True,2025-01-17
3337,15782311, Fee Waiver ,True,2025-03-29
3338,15606133,Cashback,True,2024-12-04
3339,15606133,Product Upgrade,True,2026-06-26
3340,15648225,Fee Waiver,True,2025-06-14
3341,15633378,Fee Waiver,True,2026-05-21
3342,15633378,Product Upgrade,True,2025-01-27
3343,15772148,Loyalty Bonus,False,2025-07-23
3344,15810829,Product Upgrade,False,2026-03-16
3345,15810829,Fee Waiver,False,2025-11-09
3346,15737571,Cashback,False,2025-09-04
3347,15737571,Product Upgrade,True,2026-01-06
3348,15667602,Cashback,False,2025-09-02
3349,15684147,Product Upgrade,False,2025-12-17
3350,15684147,Rate Discount,True,2025-09-25
3351,15789874,Loyalty Bonus,True,2026-08-04
3352,15757952, Product Upgrade ,False,2025-12-28
3353,15757952,Loyalty Bonus,False,2025-03-04
3354,15698732,Fee Waiver,False,2025-08-23
3355,15714355,Loyalty Bonus,True,2025-06-29
3356,15762048,Rate Discount,True,2026-03-07
3357,15762048,Product Upgrade,True,2026-01-10
3358,15790596,Rate Discount,False,2026-02-15
3359,15609623,Fee Waiver,True,"Jan 23, 2026"
3360,15609623,Fee Waiver,False,2025-06-22
3361,15711901,Fee Waiver,False,2025-02-18
3362,15779809,Product Upgrade,False,2026-08-15
3363,15729018,Fee Waiver,False,2024-10-27
3364,15729018,Loyalty Bonus,False,2024-11-23
3365,15698246,Cashback,True,2025-12-14
3366,15758306,Loyalty Bonus,False,2025-05-05
3367,15621435,Loyalty Bonus,True,2024-11-30
3368,15566295,Product Upgrade,True,2026-07-28
3369,15566295,Product Upgrade,True,2024-10-14
3370,15662532,Cashback,True,2026-07-19
3371,15662532,Product Upgrade,False,2026-06-08
3372,15664001,cashback,False,2025-11-08
3373,15664001,Rate Discount,False,2026-06-01
3374,15703437,Product Upgrade,True,2026-08-04
3375,15708003,fee waiver,False,2026-07-26
3376,15771580,Rate Discount,True,2025-11-06
3377,15771580,Loyalty Bonus,True,2025-12-07
3378,15732268,Rate Discount,True,2024-12-03
3379,15732268,Product Upgrade,False,2024-09-05
3380,15722350,Rate Discount,False,2025-05-02
3381,15722350,Loyalty Bonus,True,2025-04-23
3382,15611371,Cashback,True,2025-02-21
3383,15673584,Product Upgrade,True,2026-05-04
3384,15706170,Fee Waiver,True,2026-03-01
3385,15706170,Product Upgrade,False,2025-05-16
3386,15654562,Product Upgrade,MAYBE,2026-04-23
3387,15737509,Rate Discount,False,2025-08-27
3388,15716728,Product Upgrade,True,2025-04-21
3389,15605665,Loyalty Bonus,True,2025-02-05
3390,15810593,Fee Waiver,True,2025-08-08
3391,15598275,Product Upgrade,True,2026-08-21
3392,15737080,Loyalty Bonus,False,2026-03-21
3393,15668580,Fee Waiver,False,2026-03-31
3394,15668580,Product Upgrade,True,2025-07-10
3395,15569438,Rate Discount,True,2026-05-14
3396,15569438,Fee Waiver,False,2025-01-21
3397,15675842,Product Upgrade,True,2024-11-22
3398,15702175,Product Upgrade,True,2026-07-09
3399,15702175,Loyalty Bonus,False,2025-10-29
3400,15677785,Loyalty Bonus,True,2026-05-20
3401,15802362,Fee Waiver,True,2026-07-22
3402,15660524,Cashback,True,2026-02-09
3403,15660524,Loyalty Bonus,False,2026-06-15
3404,15747168,Loyalty Bonus,False,2025-01-19
3405,15565706,Fee Waiver,False,2025-06-12
3406,15587596,Rate Discount,True,2024-10-19
3407,15751943,Unknown,True,2025-10-02
3408,15751943,Product Upgrade,True,
3409,15640922,Cashback,True,2025-02-22
3410,15670103,Fee Waiver,True,2026-07-08
3411,15670103,Product Upgrade,False,2026-06-22
3412,15720929,Cashback,False,2025-05-04
3413,15720929,Product Upgrade,False,2024-12-30
3414,15628558,Cashback,True,2025-06-23
3415,15628558,Rate Discount,NULL,2025-01-13
3416,15574213,Loyalty Bonus,True,2025-09-13
3417,15782418,Loyalty Bonus,False,2025-01-27
3418,15782418,Product Upgrade,False,2024-12-30
3419,15711314,Rate Discount,False,2024-09-12
3420,15711314,Fee Waiver,False,2026-01-05
3421,15621064,Loyalty Bonus,False,2025-08-11
3422,15627847,Loyalty Bonus,False,2025-09-27
3423,15671804,Cashback,True,2025-05-15
3424,15753215,Fee Waiver,True,2024-09-30
3425,15691061,Fee Waiver,True,2025-10-14
3426,15691061,Cashback,True,2025-08-01
3427,15808326,Rate Discount,True,2025-04-30
3428,15778947,Loyalty Bonus,True,2026-03-31
3429,15632977,Rate Discount,True,08-07-2025
3430,15567335,Fee Waiver,False,2026-08-15
3431,64850537,Fee Waiver,True,2025-06-10
3432,15736271,Fee Waiver,True,2026-08-25
3433,15710390,Product Upgrade,True,2026-07-02
3434,15756481,Fee Waiver,False,2025-07-23
3435,15756481,Fee Waiver,False,2025-01-03
3436,15626040,Product Upgrade,True,2026-06-04
3437,15626040,Rate Discount,False,2025-02-12
3438,15746553,Cashback,False,2025-02-06
3439,15622518,Product Upgrade,MAYBE,2025-10-31
3440,15703292,Product Upgrade,True,2026-01-22
3441,29371852,Product Upgrade,False,2025-05-27
3442,15712938,Loyalty Bonus,False,2025-03-10
3443,15631359,Loyalty Bonus,False,2025-05-15
3444,15631359,Product Upgrade,False,2026-01-20
3445,15787830,Loyalty Bonus,True,2025-08-03
3446,15599869,Fee Waiver,False,2025-12-19
3447,15596228,Fee Waiver,False,2025-06-06
3448,15596228,Cashback,False,2026-07-03
3449,15578462,Product Upgrade,False,2024-10-30
3450,15578462,Loyalty Bonus,False,2025-03-02
3451,15796167,Product Upgrade,False,2025-12-18
3452,15796167,Cashback,False,2025-02-22
3453,15664555,Rate Discount,False,12-12-2025
3454,15585222,Cashback,True,2025-01-07
3455,15750299,Fee Waiver,False,2026-04-28
3456,15750299,Loyalty Bonus,False,2024-10-09
3457,15761294,Cashback,True,2024-10-30
3458,15810454,Fee Waiver,True,03-12-2025
3459,15609319,Rate Discount,True,2026-07-08
3460,15609319,Cashback,True,2026-03-22
3461,15709941,Fee Waiver,True,2026-03-16
3462,15580252,Cashback,False,2025-12-16
3463,15707132,Cashback,True,2025-10-15
3464,15600708,Product Upgrade,False,03-06-2025
3465,15690021,Product Upgrade,True,2025-11-10
3466,15690021,RATE DISCOUNT,True,2025-10-01
3467,15763895,Rate Discount,False,2025-09-09
3468,15623478,Fee Waiver,False,2026-04-06
3469,15797910,Product Upgrade,True,2024-10-14
3470,15577751,Cashback,True,2025-05-05
3471,15781777,Cashback,True,2025-12-12
3472,15721251,Fee Waiver,True,2024-09-10
3473,15679968,Cashback,True,2026-08-08
3474,15679968,Rate Discount,False,2026-05-27
3475,15694404,Fee Waiver,False,2026-08-24
3476,15598884,Product Upgrade,yes,2025-07-15
3477,15800287,Cashback,True,2025-10-09
3478,15665861,Rate Discount,True,2025-08-02
3479,15665861,Fee Waiver,False,2025-06-09
3480,15616454,Product Upgrade,False,2026-08-16
3481,15702788,Product Upgrade,True,2025-05-13
3482,15702788,Fee Waiver,True,2026-06-03
3483,15778149,Fee Waiver,False,2025-01-30
3484,15680001,Product Upgrade,False,2025-09-23
3485,15711991,Fee Waiver,True,2026-01-13
3486,15633834,Product Upgrade,False,2025-09-16
3487,15765266,Fee Waiver,True,2026-01-13
3488,15791867,Cashback,False,2026-06-01
3489,15791867,Rate Discount,True,2025-06-29
3490,15675380,Fee Waiver,False,2026-01-28
3491,15702499,Cashback,True,2025-01-22
3492,15702499,Rate Discount,False,2025-06-25
3493,15657881,Cashback,,2025-02-24
3494,15687079,Fee Waiver,True,2025-03-11
3495,15582276,fee waiver,True,2026-02-25
3496,15763980,Cashback,True,2026-06-04
3497,15592194,Product Upgrade,False,2025-08-17
3498,15759456,Fee Waiver,True,2024-11-10
3499,15794257,Rate Discount,False,2026-04-05
3500,15577970,Cashback,True,2026-01-17
3501,15581811,Cashback,True,2026-08-09
3502,15622527,Rate Discount,True,2025-08-14
3503,15666652,Product Upgrade,True,2025-08-22
3504,15666652,Product Upgrade,True,2026-08-16
3505,15789714,Cashback,False,2025-07-29
3506,15771543,Rate Discount,True,2024-12-03
3507,15771543,Loyalty Bonus,False,2025-06-14
3508,15748327,Fee Waiver,True,2024-11-10
3509,15748327,Rate Discount,True,2026-02-16
3510,15754649,product upgrade,False,2024-09-28
3511,15754649,Fee Waiver,True,2025-03-28
3512,15642160,Product Upgrade,True,2025-03-28
3513,15692631,Fee Waiver,True,2026-04-02
3514,15692631,Fee Waiver,True,2026-01-13
3515,15772412,Product Upgrade,NULL,2025-11-06
3516,15585427,Loyalty Bonus,True,2026-02-09
3517,15645271,Loyalty Bonus,False,2025-12-24
3518,15579387,Product Upgrade,True,2026-02-21
3519,15754072,Loyalty Bonus,False,2025-05-24
3520,15754072,Loyalty Bonus,False,2025-05-24
3521,15804822,Cashback,True,2026-02-09
3522,15593636,Cashback,True,2026-07-07
3523,15593636,Product Upgrade,True,2025-05-31
3524,15693326,Loyalty Bonus,True,2026-05-09
3525,15809901,Rate Discount,False,2025-12-18
3526,15605425,Loyalty Bonus,True,2026-07-31
3527,15801934,Fee Waiver,False,2025-01-19
3528,15618695,Cashback,False,2025-11-30
3529,15637110,Rate Discount,True,2024-11-15
3530,15637110,Rate Discount,True,2025-10-22
3531,15727408,Rate Discount,True,2025-10-14
3532,15727408,Loyalty Bonus,False,2026-05-23
3533,15669060,Cashback,False,2026-04-23
3534,15669060,Product Upgrade,False,2026-07-22
3535,15675854,Rate Discount,True,2024-10-06
3536,15621116,Fee Waiver,True,2025-09-07
3537,15781495,Loyalty Bonus,True,2024-11-15
3538,15740470,N/A,False,2026-08-12
3539,15714391,Loyalty Bonus,False,2025-05-03
3540,15596455,Loyalty Bonus,False,2025-06-28
3541,15596455,Product Upgrade,True,2026-07-04
3542,15717290,Cashback,False,2026-01-28
3543,15616555,Fee Waiver,True,2026-05-09
3544,15616555,Loyalty Bonus,False,2026-05-16
3545,15659820,Cashback,True,2025-01-26
3546,15659820,Product Upgrade,True,
3547,15696301,Rate Discount,False,2025-11-06
3548,15808831,Product Upgrade,True,2026-01-21
3549,15808831,Loyalty Bonus,True,2024-11-27
3550,15812241,Cashback,True,2025-08-12
3551,15680370,Fee Waiver,True,2025-08-15
3552,15715796,Rate Discount,True,2025-07-13
3553,15715796,Loyalty Bonus,True,2026-04-06
3554,15605375,Fee Waiver,False,2025-04-23
3555,15621520,Loyalty Bonus,False,2025-10-04
3556,15621520,Cashback,True,2025-12-28
3557,15665460,Product Upgrade,True,2026-07-29
3558,15665460,Fee Waiver,False,2025-08-29
3559,15801152,Loyalty Bonus,False,2025-07-30
3560,15742404,Rate Discount,True,2025-01-14
3561,15742404,Fee Waiver,True,2026-04-14
3562,15757140,Product Upgrade,True,2025-08-09
3563,15570051,Fee Waiver,True,"Nov 20, 2024"
3564,15570051,Rate Discount,True,2025-08-08
3565,15669175,Cashback,False,2025-09-17
3566,15790324,Cashback,True,2024-12-18
3567,15790324, Loyalty Bonus ,True,2025-11-18
3568,15572547,Loyalty Bonus,False,2025-08-12
3569,15616859,Fee Waiver,False,2025-08-09
3570,15766166,Loyalty Bonus,True,2026-01-21
3571,15766166,Product Upgrade,True,2026-08-17
3572,15617655,Cashback,False,2025-05-18
3573,15617655,Rate Discount,True,2024-12-16
3574,15623450,Loyalty Bonus,True,2025-01-31
3575,15795963,Fee Waiver,False,2025-03-16
3576,15691871,Cashback,True,2025-12-27
3577,15691871,Rate Discount,True,2024-10-03
3578,15740345,Loyalty Bonus, False ,2026-02-14
3579,15657321,Cashback,MAYBE,2026-01-08
3580,15644356,Fee Waiver,False,2024-11-11
3581,15644356,Loyalty Bonus,True,2024-11-17
3582,15698758,Fee Waiver,True,2024-09-12
3583,15787014,Product Upgrade,True,2026-03-02
3584,15739857,Cashback,True,2025-07-05
3585,15774630,Rate Discount,True,2026-05-26
3586,41475640,Product Upgrade,True,2025-06-19
3587,15805523,Loyalty Bonus,True,2025-01-25
3588,15749557,Rate Discount,True,2026-06-25
3589,15686463,Cashback,False,2025-09-20
3590,15654379,Loyalty Bonus,True,2026-01-12
3591,15654379,Product Upgrade,True,2024-11-07
3592,15783629,Cashback,False,2026-01-16
3593,15751193,Cashback,True,2024-10-26
3594,15724099,Rate Discount,False,2026-03-08
3595,15648967,Cashback,False,2025-01-24
3596,15664498,Fee Waiver,True,2024-12-01
3597,15664498,Fee Waiver,True,2026-04-05
3598,15779522,Rate Discount,False,2025-09-02
3599,15583850,Fee Waiver,True,2026-04-11
3600,15628279,Product Upgrade,False,2025-05-21
3601,15628279,Cashback,True,2025-01-11
3602,15566467,Cashback,True,2025-09-08
3603,15639049,Fee Waiver,True,2026-07-17
3604,15639049, Cashback ,True,2025-06-02
3605,15736413,Fee Waiver,False,2025-11-11
3606,15716381,Rate Discount,False,2024-12-26
3607,15708162,Rate Discount,True,2025-10-26
3608,15791191,Loyalty Bonus,False,2026-04-09
3609,15621205,Loyalty Bonus,True,2025-02-19
offer_3610,15704788,Fee Waiver,True,2026-07-04
3611,15641312,Loyalty Bonus,False,2025-10-24
3612,15782531,Fee Waiver,True,2026-02-28
3613,15743617,Product Upgrade,True,2026-04-14
3614,15743617,Loyalty Bonus,True,2024-12-10
3615,15585839,Cashback,True,2025-08-22
3616,15658158,Fee Waiver,False,2025-07-27
3617,15637678,Product Upgrade,False,2025-03-14
3618,15701809,Cashback,MAYBE,2025-09-05
3619,customer_15676937,Cashback,True,2025-01-22
3620,15778975,Loyalty Bonus,False,2024-12-05
3621,15778975,Loyalty Bonus,True,2026-01-15
3622,15710375,Fee Waiver,True,2026-05-29
3623,15579914,Loyalty Bonus,True,2025-09-09
3624,15579914,Cashback,False,2026-01-03
3625,15595391,Loyalty Bonus,True,2026-08-30
3626,15692443,Cashback,True,2025-09-17
3627,15713532,Fee Waiver,True,2025-12-25
3628,15713532,Product Upgrade,True,2026-08-24
3629,15719827,Rate Discount, False ,2026-06-27
3630,15719827, Loyalty Bonus ,False,2025-12-17
3631,15723028,Product Upgrade,False,2025-03-20
3632,15723028,Rate Discount,False,2025-09-24
3633,15622443,Loyalty Bonus,False,2024-10-05
3634,15648479,Loyalty Bonus,False,2025-07-30
3635,15659234,Product Upgrade,True,2024-10-31
3636,15811970,Product Upgrade,True,2026-06-28
3637,15774192,Fee Waiver,False,2025-12-01
3638,15614365,Rate Discount,True,2026-01-31
offer_3639,15787035,Cashback,True,2025-02-02
3640,15787035,Fee Waiver,False,2026-01-25
3641,15726832,Product Upgrade,True,01-28-2026
3642,15758901,Loyalty Bonus,False,2025-05-17
3643,15777759,Cashback,False,2025/04/29
3644,15773322,Product Upgrade,True,2026-03-25
3645,15697318,Cashback,2,2025-03-19
3646,15697318,Cashback,True,03-02-2026
3647,15678916,Product Upgrade,False,2026-01-20
3648,15788118, Fee Waiver ,False,2025-03-18
3649,15788930,Cashback,False,2025-12-27
3650,15628583,Product Upgrade,True,2026-06-16
3651,15587690,Product Upgrade,False,2024-12-31
3652,15627630,Cashback,False,2026-02-25
offer_3653,15610930,Rate Discount,True,2026-07-30
3654,15610930,Fee Waiver,False,2026-01-17
3655,15657747,Product Upgrade,False,2025-06-22
3656,15658670,Fee Waiver,True,2025-07-11
3657,15761654,Product Upgrade,False,2025-01-31
3658,15812210,Product Upgrade,True,2024-12-24
3659,15787051,Fee Waiver,True,2026-02-10
3660,15648898,Cashback,True,2024-10-26
3661,15648898,Fee Waiver,True,2024-10-15
3662,15734202,Product Upgrade,True,2025-09-27
3663,15658852,Rate Discount,True,2026-04-25
3664,15604818,Fee Waiver,True,2026-01-07
3665,15624995,Product Upgrade,False,2024-11-25
3666,15570087,Product Upgrade,True,2025-09-09
3667,15802617,Rate Discount,False,2025-02-08
3668,15656029,Product Upgrade,False,2026-02-16
3669,15656029,Cashback,True,2025-05-10
3670,15739194,Fee Waiver,True,2025-10-27
3671,15739194,Loyalty Bonus,True,2024-11-07
3672,15607275,Fee Waiver,True,2026-06-14
3673,15607275,Loyalty Bonus,False,2026-06-29
3674,15629475,Rate Discount,True,2025-06-06
3675,15635034,Cashback,False,2025-06-13
3676,15635034,Loyalty Bonus,False,2025-11-16
3677,15777436,Fee Waiver,True,2025-01-30
3678,15676835,Fee Waiver,False,2025-03-14
3679,15676835,Fee Waiver,True,2026-05-01
3680,15613017,Rate Discount,False,2026-07-21
3681,15815131,Loyalty Bonus,True,2026-02-07
3682,15692929,Cashback,True,2026-03-09
3683,15667476,Rate Discount,True,2024-10-20
3684,15738248,Loyalty Bonus,False,2025-04-07
3685,15672152,Product Upgrade,True,2025-05-07
3686,15587611,Fee Waiver,True,2025-10-05
3687,15587611,Loyalty Bonus,False,2026-07-10
3688,15803415,Product Upgrade,True,2024-12-10
3689,15803415,Fee Waiver,False,2025-11-25
3690,15715673,Fee Waiver,False,2025-10-09
3691,15655648,Fee Waiver,False,2025-08-11
3692,15763613,Rate Discount,False,2025-12-12
3693,15763613,Product Upgrade,False,2025-10-14
3694,15660385,Cashback,True,2026-03-22
3695,15733261,Cashback,False,2025-11-23
3696,15733261,Rate Discount,False,2024-10-18
3697,15796231,Product Upgrade,True,2026-01-18
3698,15624866,Loyalty Bonus,True,2026-04-19
3699,15668248,Product Upgrade,True,2025-10-13
3700,15694518,Product Upgrade,True,2024-11-20
3701,15694518,Fee Waiver,True,2025-08-23
3702,15795895,Rate Discount,True,2026-04-21
3703,15795895,Cashback,True,2026-06-11
3704,15694376,Product Upgrade,False,2025-07-09
3705,15773779,Fee Waiver,True,2024-10-05
3706,15773779,Product Upgrade,True,2024-10-28
3707,15580682,Product Upgrade,True,2025-07-17
3708,15739514,Product Upgrade,True,2025-06-22
3709,15756926,Fee Waiver,True,2026-03-15
3710,15770984,Cashback,False,2025-02-15
3711,15703979,Rate Discount,False,2025-07-27
3712,15801821, Cashback ,True,2024-11-28
3713,15801821,Cashback,True,2025-01-03
3714,15791842,Cashback,True,02-03-2026
3715,15791842,Rate Discount,False,2025-01-08
3716,15604891,Product Upgrade,True,2026-06-17
3717,15589666,Cashback,False,2025-11-25
3718,15627881,Product Upgrade,False,2026-02-04
3719,15664895,Loyalty Bonus,False,2025-12-08
3720,15611961,Rate Discount,True,2024-12-05
3721,15611961,Fee Waiver,True,2025-08-02
3722,15680167,Fee Waiver,True,N/A
3723,15658475,Loyalty Bonus,False,2026-08-21
3724,15779743,Loyalty Bonus,False,NULL
3725,15779743,Loyalty Bonus,True,2026-04-26
3726,15661532,Fee Waiver,True,2026-07-31
3727,15661532,Unknown,False,2026-03-29
3728,15641474,Cashback,False,2026-06-22
3729,15641474,Product Upgrade,True,2026-04-18
3730,15624451,Fee Waiver,True,2025-11-30
3731,15577985,Loyalty Bonus,True,2025-05-05
3732,15577985,Fee Waiver,False,2025-11-20
3733,15571666,Cashback,True,2024-12-04
3734,15585599,Fee Waiver,False,2026-03-26
3735,15585599,Cashback,False,2025-12-12
3736,15784958,Loyalty Bonus,False,2026-04-09
3737,15784958,Fee Waiver,False,2025-09-28
3738,15734524,Cashback,False,2026-01-04
3739,15734524, Rate Discount ,False,2026-06-09
3740,15614103,Rate Discount,False,2024-12-15
3741,15649292,Cashback,False,2025-08-16
3742,15649292,Fee Waiver,False,2026-03-06
3743,15792565,Loyalty Bonus,True,2025-06-08
3744,15792565,Loyalty Bonus,False,2025-02-26
3745,15758136,Cashback,False,2025-03-13
3746,59344755,Loyalty Bonus,True,2025-12-23
3747,15799932,Fee Waiver,True,2024-09-06
3748,15799932, Product Upgrade ,True,2026-01-13
3749,15622532,Rate Discount,False,2026-05-07
3750,15622532,Product Upgrade,True,2025-03-10
3751,15698664,Rate Discount,False,2025-11-25
3752,15698664,Product Upgrade,True,2025-12-19
3753,15703614,Rate Discount,True,2026-05-06
3754,15710543,fee waiver,False,2025-08-11
3755,15695499,Cashback,False,2026-08-09
3756,15706116,Product Upgrade,False,2025-10-10
3757,15706116,Loyalty Bonus,True,2026-03-03
3758,15740557,Fee Waiver,True,2025-03-02
3759,15740557,Cashback,True,2024-10-17
3760,15707291,Rate Discount,True,2026-04-06
3761,15707291,Fee Waiver,False,2025-07-14
3762,15630709,Loyalty Bonus,True,2025-01-23
3763,15639590,Product Upgrade,False,2025-09-27
3764,15567078,Loyalty Bonus,False,2025-11-13
3765,15786617,Product Upgrade,False,2025-12-19
3766,customer_15786617,Rate Discount,True,2025-12-04
3767,15657449,Rate Discount,True,2026-07-23
3768,15672594,Rate Discount,False,2025-08-25
3769,15672594,Fee Waiver,False,2025-07-31
3770,15782144,Cashback,True,2026-05-23
3771,15665008,Product Upgrade,TRUEE,2026-06-07
3772,15581733,Loyalty Bonus,True,2025-04-06
3773,15751392,Loyalty Bonus,False,2025-03-26
3774,15785815,Rate Discount,True,2025-01-31
3775,15664214,Loyalty Bonus,True,2025-11-05
3776,15579996,Cashback,True,2025-12-26
3777,15579617,Rate Discount,True,2024-11-13
3778,15579617,Loyalty Bonus,False,2026-07-09
3779,15716041,Fee Waiver,False,2025-08-27
3780,15736302,Loyalty Bonus,True,2024-10-15
3781,20958486,Cashback,False,2025-05-07
3782,15805909,Cashback,True,2024-09-14
3783,15572762,fee waiver,True,2025-07-13
3784,15724632,Rate Discount,True,2025-09-27
3785,15724632,Loyalty Bonus,True,2025-03-16
3786,15670416,Product Upgrade,False,2026-06-22
3787,15578783,Rate Discount,False,2024-11-21
3788,15578783,Fee Waiver,False,2024-11-03
3789,15580719,fee waiver,False,2025-06-08
3790,15691875,Product Upgrade,True,2026-06-15
3791,15780770,Product Upgrade,True,2024-11-14
3792,15808674,Product Upgrade,False,2024-10-24
3793,15808674,Cashback,False,2026-06-12
3794,15689492,Rate Discount,2,2025-01-20
3795,15689492,Cashback,False,2025-10-11
3796,15602405,Product Upgrade,True,2026-06-01
3797,15791780,Cashback,False,2025-09-23
3798,15589147,Cashback,False,2025-07-17
3799,15756975,Product Upgrade,False,2026-06-01
3800,15756975,Fee Waiver,False,2026-08-06
3801,15742971,Loyalty Bonus,True,2026-05-24
3802,15742971,Fee Waiver,False,2024-09-15
3803,15568046,Loyalty Bonus,True,2024-09-23
3804,15694890,Rate Discount,True,2026-04-25
3805,15694890,Cashback,True,05-13-2025
3806,15646490,Loyalty Bonus,False,2025-01-31
3807,15607314,Loyalty Bonus,False,2026-05-22
3808,15576745,Product Upgrade,False,2025-07-30
3809,15576745,Product Upgrade,True,2026-02-23
3810,15737832,Fee Waiver,False,2025-09-01
3811,15681990,Rate Discount,True,2026-04-20
3812,15758050,Product Upgrade,False,2024-12-08
3813,15787848,Product Upgrade,False,2025-08-20
3814,15588186,Cashback,True,2026-05-01
3815,15786739,Product Upgrade,False,2026-05-24
3816,15629787,Product Upgrade,False,2024-10-13
3817,15686812,Fee Waiver,True,2025-09-22
3818,15686812,Cashback,True,2025-05-22
3819,15754113,Fee Waiver,N/A,2026-06-08
3820,15749489,Loyalty Bonus,False,2026-02-01
3821,15713505,Cashback,True,2024-12-21
3822,15713505,Product Upgrade,False,2026-04-19
3823,15685653,Fee Waiver,False,2024-11-21
3824,15758831,Cashback, False ,2025-11-28
3825,15758831,Rate Discount,False,2025-12-15
3826,15618774,Product Upgrade,True,2024-12-18
3827,15764448,Rate Discount,True,2026-02-13
3828,15611024,Product Upgrade,False,2024-12-06
3829,15738220,Product Upgrade,True,2025-03-27
3830,15580487,Rate Discount,True,22/11/2024
3831,15580487,Fee Waiver,True,2024-12-01
3832,15583580,Cashback,True,2025-12-05
3833,15734987,Cashback,False,2026-06-13
3834,15765650,Product Upgrade,False,2026-03-19
3835,15622230,Fee Waiver,False,2025-07-28
3836,15653937,Product Upgrade,True,2026-01-17
3837,15591740,NULL,True,2025-01-05
3838,15650086,Cashback,,2025-07-18
3839,15650086,Loyalty Bonus,False,2024-09-09
3840,15718773,Fee Waiver,True,2024-10-14
3841,15718773,Loyalty Bonus,False,2025-10-21
3842,15644361,Rate Discount,False,2026-03-03
3843,15774536,Cashback,False,2025-07-20
3844,15774536,Fee Waiver,False,2025-03-23
3845,15605020,Loyalty Bonus,True,2025-01-16
3846,15605020,Fee Waiver,False,2025-09-25
3847,15685279,Product Upgrade,False,2025-03-17
3848,15702380,Cashback,True,2024-09-29
3849,15597487,Loyalty Bonus,True,2024-11-13
3850,15620111,Rate Discount,False,2024-09-11
3851,15623053,Cashback,True,2025-11-03
3852,15740072,Cashback,False,2026-06-29
3853,15601263,Cashback,True,2025-10-23
3854,15601263,Fee Waiver,False,2026-06-19
3855,15709222,Rate Discount,True,2025-08-29
3856,15709222,Cashback,True,2026-08-22
3857,15756071,Rate Discount,False,2025-12-28
3858,15688876,Cashback,True,2025-02-14
3859,15698528,Rate Discount,True,2025-03-10
3860,15770345,Fee Waiver,False,2026-08-23
3861,15716619,Fee Waiver,True,2025-07-19
3862,15716619,Loyalty Bonus,True,2026-01-28
3863,15709451,Loyalty Bonus,True,2024-09-22
3864,15640421,Cashback,True,2026-08-07
3865,15640421,Product Upgrade,True,2025-01-11
3866,15580068,Rate Discount,False,2025-01-09
3867,15677123,Product Upgrade,False,2025-07-05
3868,15711843,Cashback,False,2025-02-18
3869,15804131,Rate Discount,False,2025-09-14
3870,15804131,Cashback,False,2025-11-09
3871,15702138,Loyalty Bonus,True,2026-07-17
3872,15752885,Fee Waiver,True,2025-10-01
3873,15752885,Loyalty Bonus,False,
3874,15674932,Loyalty Bonus,False,2024-11-04
3875,15674932,Loyalty Bonus,True,2025-02-12
3876,15743828,Rate Discount,False,2024-11-29
3877,15743828,Rate Discount,True,2025-05-18
3878,15787322,Product Upgrade,True,2024-10-23
3879,15575498,Fee Waiver,True,2025-11-02
3880,15691387,Loyalty Bonus,True,2024-12-25
3881,15691387,Fee Waiver,False,2026-05-02
3882,15666173,Product Upgrade,False,2025-02-18
3883,15666173,Loyalty Bonus,True,2026-03-04
3884,15627377,Fee Waiver,False,2026-06-22
3885,36692560,Product Upgrade,True,2025-03-13
3886,15679810,Fee Waiver,False,2024-11-12
3887,15756871,Loyalty Bonus,False,2025-05-31
3888,15610002,Rate Discount,True,2026-01-27
3889,15610002,Rate Discount,True,2024-10-09
3890,15617252, Cashback ,False,2025-08-17
3891,15662238,Cashback,True,2025-10-07
3892,15799186,Rate Discount,True,2026-08-03
3893,15686941,Rate Discount,True,2025-09-06
3894,15723858,Product Upgrade,False,2025-09-25
3895,15582841,Fee Waiver,True,2025-11-03
3896,15588587,Fee Waiver,False,2026-02-05
3897,15683157,Fee Waiver,True,2025-06-18
3898,15805704,Loyalty Bonus,False,2025-05-25
3899,15744789,Fee Waiver,False,2026-03-18
3900,15799357,Loyalty Bonus,False,2025-09-11
3901,15726153,Cashback,True,2024-12-12
3902,15665053,Loyalty Bonus,False,2026-08-20
3903,15665053,Cashback,False,2025-10-24
3904,15592379,Rate Discount,True,2026-05-14
3905,15692599,Product Upgrade,False,2025-08-25
3906,15620758,Cashback,False,2026-08-04
3907,15620758,Loyalty Bonus,True,2025-08-04
3908,15637428,Loyalty Bonus,True,2026-07-05
3909,15590623,Rate Discount,True,2025-11-19
3910,15590623,Fee Waiver,True,2026-04-22
3911,15708256,Rate Discount,False,2026-05-18
3912,15582335,Loyalty Bonus,True,2025-05-02
3913,15691647,Product Upgrade,True,2026-01-20
3914,15668270,Loyalty Bonus,True,2025-01-13
3915,15624820,Rate Discount,True,2026-05-14
3916,15720814,Rate Discount,False,2024-11-30
3917,15642997,Loyalty Bonus,True,07-20-2026
3918,15693200,Product Upgrade,True,2026-08-14
3919,15624596,Cashback,True,2026-01-05
3920,15574071,Cashback,True,2025-03-21
3921,15574071,Product Upgrade,False,2026-03-26
3922,15721921,Fee Waiver,False,2026-08-04
3923,15717995,Cashback,True,2024-10-04
3924,15790204,Fee Waiver,True,2025-02-20
3925,15790204,Fee Waiver,False,2026-02-27
3926,15686780,Fee Waiver,False,2025-05-19
3927,15640491,Rate Discount, True ,2025-03-03
3928,15734438,Rate Discount,False,2026-01-18
3929,15734438,Product Upgrade,False,2026-03-24
3930,15688760,Fee Waiver,True,2025-10-31
3931,15661330,Loyalty Bonus,True,2024-09-25
3932,15781272,Rate Discount,True,2024-12-13
3933,15573888,Rate Discount,False,06-29-2025
3934,15575858,Loyalty Bonus,True,2024-11-09
3935,15702337,Rate Discount,False,2025-01-23
3936,15702337,Loyalty Bonus,False,2025-03-14
3937,15764537,Rate Discount,True,2025-11-13
3938,15619616,Product Upgrade,False,2024-12-04
offer_3939,15619616,Loyalty Bonus,True,2025-03-01
3940,15585133,Rate Discount,True,2025-04-08
3941,15771750,Rate Discount,True,2025-03-08
3942,15771750,Fee Waiver,False,2026-05-09
3943,15654408,Fee Waiver,True,2024-11-10
3944,15657468,Product Upgrade,False,2026-03-24
3945,15614213,Loyalty Bonus,True,2025-11-14
3946,15676958,Loyalty Bonus,False,2024-12-23
3947,15739592,Product Upgrade,True,2024-10-26
3948,15636872,Loyalty Bonus,True,2026-03-25
3949,15589435,Rate Discount,True,2025-09-16
3950,15723851,Rate Discount,False,2025-02-25
3951,15722122,Fee Waiver,True,2026-02-15
3952,15722122,Rate Discount,False,2026-08-10
3953,15634936,RATE DISCOUNT,True,2025-06-04
3954,15575935,Rate Discount,False,2025-01-07
3955,15634491,Rate Discount,False,2026-02-02
3956,15628530,Rate Discount,False,2025-08-30
3957,15678720,Rate Discount,False,2026-05-05
3958,15571244,RATE DISCOUNT,True,2025-06-29
3959,15739931,Rate Discount,0,2025-08-16
3960,15806256,Rate Discount,True,2025-10-12
3961,15806256,Product Upgrade,False,2025-08-17
3962,15787258,Fee Waiver,True,2026-07-17
3963,15706463,Loyalty Bonus,False,2026-02-09
3964,15691004,Cashback,False,2024-11-19
3965,15733447,Rate Discount,False,2026-03-14
3966,15733447,Fee Waiver,True,N/A
3967,15679062,Rate Discount,True,2024-11-16
3968,15613816,Product Upgrade,False,2025-11-19
3969,15613816,Rate Discount,True,2026-05-13
3970,15796074,Fee Waiver,False,2024-11-05
3971,15625941,Product Upgrade,False,2025-04-30
3972,15625941,Fee Waiver,False,2025-12-26
3973,15615016,Product Upgrade,True,2024-09-03
3974,15751203,Fee Waiver,False,2025-02-23
3975,15662658,Rate Discount,True,2025-05-28
3976,15574868,Loyalty Bonus,True,2026-03-29
3977,15762927,Fee Waiver,False,2025-09-30
3978,15803456,Product Upgrade,False,2026-01-03
3979,15803456,Product Upgrade,True,2024-12-01
3980,15771857,Loyalty Bonus,True,2026-08-12
3981,15771857,Cashback,False,2025-05-10
3982,15700601,Rate Discount,True,2025-12-02
3983,15569670,Cashback,True,2024-12-23
3984,15772341,Rate Discount,True,2025-02-04
3985,15661548,Cashback,True,2025-09-07
3986,15806913,Product Upgrade,False,2025-12-21
3987,15806913,Loyalty Bonus,False,2026-04-20
3988,15625632,Fee Waiver,True,2025-07-18
3989,15727703,Fee Waiver,True,2026-06-28
3990,15715047,Fee Waiver,True,2025-10-25
3991,15715047,fee waiver,False,2024-10-12
3992,15784687,Product Upgrade,False,2025-02-22
3993,15784687,Cashback,False,2025-09-25
3994,15615322,Loyalty Bonus,False,2026-06-11
3995,15722072,Loyalty Bonus,True,2025-02-22
3996,15644692,Cashback,True,2026-07-25
3997,15670354,Cashback,True,2026-04-02
3998,15786717,Fee Waiver,True,2026-02-12
3999,15649793,Fee Waiver,True,2026-02-04
4000,15684516,Rate Discount,False,2025-09-08
4001,15684516,Cashback,True,2024-11-08
4002,15581525,Fee Waiver,True,2025-12-26
4003,15628420,Cashback,True,2024-12-11
4004,15600478,Cashback,False,2024-10-22
4005,15784361,Fee Waiver,True,2025-01-24
4006,15767626,Rate Discount,False,2025-10-14
4007,15632521,Fee Waiver,True,2024-12-09
4008,15729515,Fee Waiver,True,2025-04-30
4009,15729515,Rate Discount,True,2026-07-25
4010,15682070,Rate Discount,True,2025-03-17
4011,15682070,Loyalty Bonus,True,2024-12-31
4012,15743817,Fee Waiver,False,2026-03-19
4013,15572158,Fee Waiver,True,2026-06-21
4014,15665963,Loyalty Bonus,True,2024-11-18
4015,15612524,Rate Discount,True,2026-03-26
4016,15612524,Rate Discount,True,Unknown
4017,15596962,Product Upgrade,True,2025-10-29
4018,15596962,Cashback,False,2025-12-14
4019,15744942,Rate Discount,False,2025-03-31
4020,15744942,Rate Discount,True,2025-01-02
4021,15573278,Fee Waiver,True,2025-07-13
4022,15573278,Loyalty Bonus,True,2026-01-17
4023,15717056,Cashback,False,2025-12-10
4024,15717056,Product Upgrade,False,2025-01-08
4025,15795881,Rate Discount,False,2025-11-23
4026,15795881,Cashback,False,2026-02-10
4027,15792250,Rate Discount,True,2025-08-19
4028,15792250,Product Upgrade,True,2025-03-21
4029,15740406,Fee Waiver,False,2026-04-17
4030,15740406,Cashback,False,2026-04-26
4031,15768137,Cashback,False,2026-03-13
4032,15569120,Rate Discount,True,2025-04-18
4033,15723721,Product Upgrade,False,2026-05-10
4034,15777122,Cashback,False,2025-03-29
4035,15742681,Fee Waiver,True,17/07/2025
4036,15742681,,True,2025-11-20
4037,15582090,Fee Waiver,2,2026-03-21
4038,15711254,Rate Discount,True,2026-06-06
4039,15775067,Cashback,False,2024-10-01
4040,15602851,Fee Waiver,False,2026-06-09
4041,15701175,Cashback,True,2025-03-04
4042,15620341,Loyalty Bonus,False,2025-06-04
4043,15620341,Product Upgrade,UNKNOWN,2026-01-06
4044,15613886,Loyalty Bonus,True,2025-03-11
4045,15613886,Fee Waiver,False,2024-11-02
4046,15792916,Loyalty Bonus,True,2026-05-10
4047,15710408,Cashback,,2024-11-16
4048,15649354,Rate Discount,False,2026-06-18
4049,15671610,Product Upgrade,True,2025-10-31
4050,15671610,Cashback,True,2024-10-16
4051,15750014,Cashback,True,2026-02-16
4052,15805769,Fee Waiver,True,2024-10-27
4053,15719508,Fee Waiver,False,2026-07-08
4054,15609011,Rate Discount,False,2026-01-06
4055,15609011,Fee Waiver,True,2025-09-22
4056,15626795,Cashback,UNKNOWN,2024-10-20
4057,15773731,Rate Discount,True,2025-07-24
4058,15777599,Rate Discount, False ,2025-12-27
4059,15777599,Rate Discount,False,2026-07-13
4060,15754577,Cashback,False,2025-12-22
4061,15754577,Fee Waiver,False,2026-07-27
4062,15669589,Cashback,False,2026-01-07
4063,15632793,Rate Discount,False,2025-02-13
4064,15720583,Product Upgrade,False,2026-01-04
4065,15720583,Loyalty Bonus,False,2024-12-02
4066,15780432,Cashback,False,2025-12-08
4067,15780432,Product Upgrade,True,2024-10-20
4068,15673223,Rate Discount,True,2025-02-15
4069,15673223,Loyalty Bonus,False,2025-09-15
4070,15807989,Rate Discount,False,2024-10-11
4071,15812832,Product Upgrade,False,2026-04-23
4072,15680517,Cashback,False,2026-04-24
4073,15627741,Loyalty Bonus,True,2025-11-19
4074,15712121,Cashback,False,2026-04-22
4075,15712121,Rate Discount,True,2026-07-28
4076,15805429,Cashback,True,2024-11-04
4077,15805429,Product Upgrade,,2025-12-04
4078,15775490,Fee Waiver,True,2025-04-15
4079,15775490,Fee Waiver,True,2025-11-30
4080,15718454,Cashback,True,2026-03-16
4081,15744691,Fee Waiver, False ,2025-09-16
4082,76472727,Rate Discount,False,2026-05-13
4083,15790412,Product Upgrade,True,2025-12-15
4084,15663294,Loyalty Bonus,True,2026-07-04
4085,15706729,Product Upgrade,False,2024-09-15
4086,15674433,Product Upgrade,True,2025-04-16
4087,15674433,Fee Waiver,True,2025-03-05
4088,15806284,Loyalty Bonus,True,2025-02-07
4089,15806284,Fee Waiver,True,2024-11-01
4090,15682322,Product Upgrade,True,2025-11-13
4091,15579915,Product Upgrade,True,2025-11-03
4092,15681928,,True,2026-05-31
4093,15734005,Rate Discount,True,2026-04-12
4094,15592578,Rate Discount,True,2026-05-27
4095,15671243,Fee Waiver,True,2025-02-18
4096,15775709,Cashback,True,2026-06-09
4097,15775709,Cashback,True,2025-02-17
4098,15702631,Product Upgrade,True,
4099,15602282,Rate Discount,False,2026-07-10
4100,15717879,Loyalty Bonus,False,2026-04-08
4101,15794468,Fee Waiver,False,2024-12-15
4102,15684921,Rate Discount,True,2025-10-02
4103,15720676,Loyalty Bonus,True,2026-08-12
4104,15720676,Fee Waiver,,2025-04-14
4105,15732672,Fee Waiver,Unknown,2025-05-01
4106,15692406,Loyalty Bonus,True,2025-01-24
4107,15793307,Fee Waiver,True,2024-09-03
4108,15667289,Product Upgrade,MAYBE,2025-01-14
4109,15624641,Fee Waiver,False,2025-11-29
4110,15624641,Product Upgrade,True,2026-03-28
4111,15734610,Rate Discount,True,2025-02-08
4112,15642709,Rate Discount,False,2026-02-19
4113,customer_15596303,Fee Waiver,True,2024-09-05
4114,15787255,Cashback,False,2026-01-12
4115,15787255,Rate Discount,False,2025-08-07
4116,15742442,Loyalty Bonus,True,2025-08-25
4117,15758692,Fee Waiver,True,2026-02-05
4118,15758692,Rate Discount,True,2025-10-04
4119,15568238,Product Upgrade,False,2025-04-04
4120,15730353,Rate Discount,True,2025-05-29
4121,15721462,Fee Waiver,True,2024-10-04
4122,15632899,Product Upgrade,True,2025-03-13
4123,15718465,Fee Waiver,False,2026-03-14
4124,15682995,Fee Waiver,False,2025-07-13
4125,15584776,Loyalty Bonus,True,2026-08-02
4126,15777772,Cashback,True,2024-12-09
4127,15576156,Product Upgrade,True,2025-09-19
4128,15646756,Cashback,True,2026-04-14
4129,15742886,Cashback,True,2024-12-13
4130,15586135,Product Upgrade,True,2025-07-20
4131,15727317,Product Upgrade,False,2025-09-29
4132,15572051,Product Upgrade,False,2025-03-31
4133,15708422,Rate Discount,True,2024-12-10
4134,15744606,Product Upgrade,False,2025-01-14
4135,15744606,Rate Discount,False,2024-11-20
4136,15644796,Fee Waiver,False,2025-08-24
4137,15726250,Loyalty Bonus,True,2026-08-22
4138,15726250,cashback,True,2025-01-19
4139,15764432,Product Upgrade,False,2025-07-18
4140,15764432,Rate Discount,False,2026-02-03
4141,15631721,cashback,False,2026-02-07
4142,15668104,Loyalty Bonus,False,2024-09-03
4143,15587240,Rate Discount,True,2026-02-10
4144,15587240,Fee Waiver,False,2025-10-25
4145,15601594,Loyalty Bonus,False,2025-07-21
4146,15617790,Fee Waiver,False,2024-10-04
4147,15812767,Fee Waiver,False,2025-04-03
4148,15689201,Cashback,True,2025-09-09
4149,15614716,Cashback,True,2026-03-14
4150,46252349,Cashback,True,2025-12-09
4151,15692259,Cashback,False,2025-09-21
4152,15590966,Cashback,False,2024-09-22
4153,15656426,Cashback,False,2026-04-17
4154,15651103,Loyalty Bonus,False,2024-12-02
4155,15651103,Product Upgrade,False,2025-01-03
4156,15672299,Cashback,False,2024-11-04
4157,15772250,Fee Waiver,False,2026-05-07
4158,15763922,Fee Waiver,False,2025-05-26
4159,15763922,Product Upgrade,True,2025-05-15
4160,15624323,Fee Waiver,False,2024-11-05
4161,15624323,Cashback,True,2025-05-02
4162,15688612,Rate Discount,False,2025-11-30
4163,15688612,Rate Discount,True,2026-04-29
4164,15694644,Product Upgrade,False,2024-10-09
4165,15775430,Cashback,False,2025-07-23
4166,15760849,Rate Discount,True,2026-03-20
4167,15813095,Fee Waiver,False,2026-08-07
4168,15705281,Fee Waiver,True,2026-03-15
4169,15812594,Cashback, True ,2025-01-04
4170,66105510,Loyalty Bonus,False,2026-02-07
4171,15626322,Rate Discount,True,2026-05-06
4172,15723105,Fee Waiver,True,2025-01-26
4173,15794849,Rate Discount,False,2026-05-10
4174,15613102,Loyalty Bonus,False,2024-09-14
4175,15613102,Cashback,False,2025-05-29
4176,15621440,Loyalty Bonus,True,2026-07-17
4177,15621440,Loyalty Bonus,False,2026-05-06
4178,15677146,Loyalty Bonus,True,2026-07-01
4179,15722425,Product Upgrade,False,2025-08-08
4180,15682421,Cashback,False,2025-07-24
4181,15682421,Fee Waiver,True,2026-08-25
4182,15691910,Loyalty Bonus,True,2025-07-11
4183,15691910,Cashback,False,2025-11-21
4184,15721779,N/A,False,2025-09-07
4185,15579548,Product Upgrade,True,2026-07-27
4186,15681075,Fee Waiver,False,2025-06-02
4187,15607884,Loyalty Bonus,True,2025-01-07
4188,15767757,Fee Waiver,False,2026-06-26
4189,15791550,Rate Discount,True,2024-10-19
4190,15791550,Cashback,False,2026-05-01
4191,15658589,Loyalty Bonus,False,2025-11-11
4192,15629744,Rate Discount,True,2024-11-06
4193,15660768,Fee Waiver,True,2024-10-12
4194,15660768,Fee Waiver,False,2025-09-24
4195,15641298,Product Upgrade,True,2026-05-15
4196,15625675,Cashback,True,2024-11-19
4197,15704231,Rate Discount,2,2025-11-12
4198,15735400,Fee Waiver,True,2026-01-12
4199,15632826,Fee Waiver,True,2025-09-01
4200,15664737,Loyalty Bonus,True,2025-03-28
4201,15738954,Cashback,False,2024-11-11
4202,15738954,Product Upgrade,False,2025-11-01
4203,15621611,Rate Discount,False,2024-11-16
4204,15783752,Fee Waiver,True,2026-02-20
4205,15709474,Fee Waiver,False,2025-12-13
4206,15796434,Fee Waiver,True,2024-11-18
4207,15781505,Loyalty Bonus,False,2026-03-25
4208,15781505,Rate Discount,False,2025-01-07
4209,15625819,Fee Waiver,True,2026-04-11
4210,15724719,Loyalty Bonus,True,2024-11-04
4211,15624695,Product Upgrade,False,2025-07-22
4212,15718216,Rate Discount,True,2024-11-01
4213,15783349,Product Upgrade,True,2025-09-04
4214,15576641,Fee Waiver,True,2025-01-13
4215,15749519,Rate Discount,False,2025-06-19
4216,15591286,Loyalty Bonus,2,2025-05-23
4217,15591286,Rate Discount,False,2025-10-28
4218,15668323,Loyalty Bonus,False,2024-11-24
4219,15668323,Cashback,False,2025-09-02
4220,15608528,Rate Discount,True,2026-07-08
4221,15660840,Product Upgrade,False,2026-01-11
4222,15660840,Rate Discount,False,2025-05-16
4223,15750811,Product Upgrade,True,2026-05-30
4224,15581526,Rate Discount,True,2025-09-13
4225,15662751,Fee Waiver,False,2026-01-01
4226,15684319,Fee Waiver,True,2025-09-10
4227,15702190,Cashback,True,2025-04-07
4228,15702190,Product Upgrade,True,2026-04-07
4229,15588517,Loyalty Bonus,False,2026-05-25
4230,15801863,Cashback,True,2026-03-18
4231,15584271,Cashback,True,2026-08-25
4232,15584271,Rate Discount,False,2025-01-05
4233,15720820,Rate Discount,True,2024-10-05
4234,15743759,fee waiver,True,2024-11-09
4235,15749947,Product Upgrade,True,2026-06-01
4236,15746664,Cashback,False,2024-10-07
4237,49305312,Cashback,False,2024-12-06
4238,15761497,Cashback,False,2024-10-21
4239,15628600,Rate Discount,True,2026-06-28
4240,15814022,Product Upgrade,True,2025-10-30
4241,15659194,Fee Waiver,False,2026-03-23
4242,15691817,Product Upgrade,False,2025-08-01
4243,15707488,Fee Waiver,False,2025-02-01
4244,15687648,Product Upgrade,True,2025-10-09
4245,15607230,Rate Discount,False,2025-02-20
4246,15607230,Product Upgrade,False,2025-09-23
4247,15587507,,False,2025-11-12
4248,15579616,Fee Waiver,False,2024-11-16
4249,15694852,Fee Waiver,False,2025-11-12
4250,15589924,N/A,True,2026-01-30
4251,15589924,Rate Discount,True,2025-08-14
4252,15731330,Fee Waiver,False,2025-05-07
4253,15731330,Rate Discount,False,2025-05-18
4254,15803078,Fee Waiver,True,2025-10-19
4255,15652180,Loyalty Bonus,False,2026-08-13
4256,15652180,Product Upgrade,True,2025-03-15
4257,15741195,Cashback,True,2024-09-13
4258,15741195,Loyalty Bonus,True,2024-10-03
4259,15743490,Fee Waiver,False,2025-06-19
4260,15602909,Loyalty Bonus,True,2025-05-15
4261,15602909,Loyalty Bonus,True,2025-12-24
4262,15734058,Cashback,True,2025-04-16
4263,15801788,Rate Discount,True,2026-08-23
4264,15702462,Product Upgrade,True,2024-09-03
4265,15794187,Loyalty Bonus,True,2025-11-18
4266,15794187,Loyalty Bonus,True,2024-12-27
4267,15792989,Cashback,True,2024-10-05
4268,15613734,Product Upgrade,True,2024-11-21
4269,15636700,Rate Discount,False,2026-05-17
4270,15652469,Fee Waiver,True,2025-01-28
4271,15749638,Cashback,False,2026-05-28
4272,15728706,Loyalty Bonus,False,2026-08-01
4273,15728706,Cashback,False,2026-06-23
4274,15778696,Fee Waiver,False,2025-07-28
4275,15584338,Fee Waiver,True,2025-08-25
4276,15794939,Fee Waiver,False,2026-02-01
4277,15780386,Cashback,False,2024-09-29
4278,15719779,Fee Waiver,False,2025-01-30
4279,15699830,Loyalty Bonus,True,2024-09-03
4280,15569264,Loyalty Bonus,False,2025-12-28
4281,15595158,Product Upgrade,False,2025-08-20
4282,15599126,Cashback,True,2025-11-05
4283,15650575,Loyalty Bonus,False,2025-01-01
4284,15641490,Product Upgrade,False,2025-05-06
4285,15641490,Rate Discount,False,2024-11-25
4286,15680234,Loyalty Bonus,True,"Jun 24, 2025"
4287,15680234,RATE DISCOUNT,True,2026-02-23
4288,15592230,Loyalty Bonus,True,2026-05-05
4289,15782641,Fee Waiver,True,2024-11-20
4290,51035964,Fee Waiver,True,2026-06-05
4291,15813681,Loyalty Bonus,False,2025-06-08
4292,15813681,Fee Waiver,False,2026-06-21
4293,15596649,Fee Waiver,True,2025-05-02
4294,15700460,Product Upgrade,True,2025-07-21
4295,15784000,Product Upgrade,False,2025-08-12
4296,15654025,Cashback,True,2024-10-13
4297,15589431,Fee Waiver,TRUE,2025-07-24
4298,15578238,Cashback,False,2025-07-24
4299,15566269,Loyalty Bonus,False,2024-11-19
4300,15639217,Loyalty Bonus,False,2024-10-17
4301,15688644,Rate Discount,True,2025-01-31
4302,15662426,Fee Waiver,True,2025-02-10
4303,15720511,Loyalty Bonus,True,2025-11-25
4304,15720511,Cashback,True,2025-04-23
4305,15567246,Cashback,True,2025-02-07
4306,15647965,Rate Discount,False,2025-04-19
4307,15675749,Cashback,False,2025-07-02
4308,15782181,Loyalty Bonus,False,2025-01-11
4309,15782181,Loyalty Bonus,False,2024-10-24
4310,15795738,Cashback,True,2024-10-03
4311,15773751,Loyalty Bonus,True,2024-10-18
4312,15655436,Cashback,False,2026-02-21
4313,15801832,Rate Discount,False,2024-11-27
4314,15661349,Rate Discount,False,2026-05-17
4315,15661349,Cashback,True,2025-12-29
4316,15779985,Rate Discount,False,2024-09-25
4317,15779985,Fee Waiver,False,2025-07-28
4318,15663410,Rate Discount,False,2026-03-07
4319,15812230,Cashback,True,2025-04-02
4320,15812230,Product Upgrade,True,2026-02-05
4321,15742848,Product Upgrade,True,2025-03-04
4322,15674541,Cashback,False,2025-05-11
4323,15728564,Loyalty Bonus,True,2024-12-11
4324,15580701,Product Upgrade,False,2026-05-30
4325,15580701,Rate Discount,False,2025-12-25
4326,15688973,Loyalty Bonus,2,2026-05-27
4327,15709412,Product Upgrade,True,2025-09-26
4328,15709412,Cashback,False,2026-04-15
4329,15602500,Rate Discount,False,
4330,15602500,Product Upgrade,True,2025-09-16
4331,15730796,Loyalty Bonus,False,2026-08-17
4332,15663883,Fee Waiver,False,2025-07-21
4333,15589296,Product Upgrade,True,2026-02-27
4334,15586425,Cashback,True,2025-05-03
4335,15681410,cashback,False,2026-04-20
4336,15668283,Cashback,False,2025-11-11
4337,15624072,Product Upgrade,True,2024-09-19
4338,customer_15624072,Product Upgrade,False,2026-06-29
4339,15669664,Rate Discount,False,2025-08-14
4340,15669664,Product Upgrade,False,2026-06-11
4341,15733661,Rate Discount,False,2026-04-03
4342,15710012,Fee Waiver,False,2025-08-07
4343,15710012,Product Upgrade,True,2025-12-23
4344,15763327,Rate Discount,True,2025-05-25
4345,15763327,Fee Waiver,False,
4346,15668853,Cashback,True,2026-03-28
4347,15639303,Rate Discount,False,2025-09-24
4348,15648933,Rate Discount,True,2025-01-18
4349,15648933,Product Upgrade,False,2025-09-25
4350,15598161,Cashback,False,2024-10-24
4351,15745624,Rate Discount,False,2024-12-24
4352,15745624,Rate Discount,False,2025-03-31
4353,15801417,Fee Waiver,True,2025-09-29
4354,15801417,Cashback,True,2026-02-19
4355,15592707,Product Upgrade,False,2024-10-31
4356,15593954,Cashback,True,2024-11-19
4357,15638257,Fee Waiver,False,2026-03-11
4358,15638257,Product Upgrade,False,2025-12-27
4359,15690939,Cashback,True,2025-04-23
4360,15723613,Cashback,False,2025-02-01
4361,15723613,Fee Waiver,True,2025-01-03
4362,15813640,Product Upgrade,True,2026-08-13
4363,15813640,Cashback,True,2026-03-20
4364,15600357,Loyalty Bonus,False,2025-02-17
4365,15600357,Product Upgrade,False,2024-09-25
4366,15747014,Fee Waiver,False,2025-02-18
4367,15747014,Rate Discount,True,2025-12-03
4368,15809830,Rate Discount,True,2025-08-29
4369,43840827,Loyalty Bonus,True,2025-07-31
4370,15662245,Cashback,True,2025-05-10
4371,15651075,Rate Discount,False,2025-03-19
offer_4372,15651075,Fee Waiver,False,2026-08-26
4373,15583462,Rate Discount,False,2025-11-09
4374,15583462,Loyalty Bonus,False,2025-07-29
4375,15757661,Fee Waiver,False,2024-10-15
4376,15729117,N/A,True,2024-12-09
4377,15566253,Product Upgrade,True,2024-11-21
4378,15595153,Product Upgrade,True,2026-03-06
4379,15698572,Cashback,True,2025-11-19
4380,15674149,Cashback,False,2026-05-11
4381,15623082,Loyalty Bonus,True,2025-06-13
4382,15623082,Cashback,True,2024-10-22
4383,15797905,Cashback,True,2026-01-17
4384,15797905,Rate Discount,False,2025-01-11
4385,15582951,Fee Waiver,True,2026-04-18
4386,15641575,Rate Discount,True,2025-11-15
4387,15638803,Loyalty Bonus,True,2025-10-11
4388,15638803,Rate Discount,False,2025-06-19
4389,15811200,Cashback,False,2026-06-22
4390,15633274,Product Upgrade,False,2025-10-30
4391,15633274,Cashback,True,2026-08-20
4392,15660417,Loyalty Bonus,False,2025-08-11
4393,15785547,Cashback,UNKNOWN,2024-09-29
4394,15580227,Rate Discount,True,2025-12-18
4395,15657830,Cashback,True,2026-01-23
4396,15657830,Cashback,False,2026-01-05
4397,15798256,Rate Discount,True,2025-10-10
4398,15798256,Fee Waiver,False,2025-08-28
4399,15643819,Product Upgrade,True,2024-09-21
4400,15726855,Fee Waiver,False,2026-05-28
4401,15755225,Fee Waiver,False,2025-08-09
4402,15725221,Loyalty Bonus,True,2025-02-26
4403,15725221,Rate Discount,True,2025-06-25
4404,15789055,Fee Waiver,True,2024-10-13
4405,15668894,Cashback,True,2026-07-06
4406,15589563,Loyalty Bonus,True,2025-02-17
4407,15693162,Loyalty Bonus,True,2024-12-28
4408,15693162,Rate Discount,True,2025-11-10
4409,15611848,Cashback,False,2026-08-05
4410,15611848,Rate Discount,False,2024-11-30
4411,15581237,Product Upgrade,False,2025-02-08
4412,15581237,Loyalty Bonus,True,2024-11-22
4413,15738150,Cashback,True,2025-03-31
4414,15678571,Cashback,True,2025-03-21
4415,15736124,Fee Waiver,False,2024-09-21
4416,15623202,Cashback,True,2026/03/02
4417,15804201,Product Upgrade,True,2025-10-19
4418,15596863,Product Upgrade,False,2026-05-29
4419,15696277,Fee Waiver, False ,2026-07-27
4420,15748608,Rate Discount,True,2024-12-12
4421,15748608,Fee Waiver,True,2026-05-05
4422,15802390,Cashback,False,2025-02-28
4423,15802390,Cashback,False,2024-12-23
4424,15648766,Cashback,False,2026-05-17
4425,15659094,Loyalty Bonus,False,2026-07-24
4426,15659094,Fee Waiver,True,2026-02-16
4427,15595842,Loyalty Bonus,False,2025-03-20
4428,50035859,Rate Discount,True,2024-09-12
4429,15722322,Loyalty Bonus,True,2026-05-05
4430,15722322,Loyalty Bonus,False,2026-01-25
4431,15639278,Product Upgrade,False,2025-01-18
4432,15568487,Product Upgrade,True,2025-04-27
4433,15682084,Rate Discount,True,2025-08-24
4434,15601387,Rate Discount,True,2025-02-23
4435,15642515,Fee Waiver,True,2025-10-08
4436,15642515,Loyalty Bonus,True,2025-09-16
4437,15710421,Cashback,False,2024-12-18
4438,15726774,Cashback,True,2026-06-15
4439,customer_15726774,Cashback,False,2025-06-26
4440,15641877,RATE DISCOUNT,True,2025-08-30
4441,15796496,Fee Waiver,True,2025-11-25
4442,15796496,Fee Waiver,False,2024-12-02
4443,15625584,Fee Waiver,True,2026-02-15
4444,15625584,cashback,True,2026-07-12
4445,15575759,Fee Waiver,False,2024-12-27
4446,15746805,Loyalty Bonus,True,2025-06-16
4447,15746805,Loyalty Bonus,True,2026-04-23
4448,15714970,Cashback,False,2025-03-02
4449,15729454,Cashback,False,2026-05-23
4450,15578375,Product Upgrade,True,2025-02-24
4451,15649414,Loyalty Bonus,False,2026-02-23
4452,15649414,Cashback,True,2026-07-08
4453,15701605,Rate Discount,True,2025-04-14
4454,15625586,Rate Discount,True,2025-10-30
4455,15625586,Cashback,False,2026-08-25
4456,15782993,Loyalty Bonus,True,2026-02-17
4457,15782993,Loyalty Bonus,False,2026-01-04
4458,15774382,Cashback,True,2026-03-26
4459,15689602,Cashback,True,2025-06-21
4460,15756155,Cashback,False,2025-06-03
4461,15812647,Loyalty Bonus,False,2026-03-08
offer_4462,15812647,Cashback,False,2025-10-28
4463,15736043,Rate Discount,True,2026-07-21
4464,15602572,Rate Discount,True,2025-06-24
4465,15602572,Fee Waiver,True,2025-07-29
4466,15674765,Product Upgrade,True,2025-09-03
4467,15674765,Fee Waiver,False,2025-06-23
4468,15678725,Loyalty Bonus,True,2025-08-15
4469,15795878,Rate Discount,False,2024-12-17
4470,15735346,Loyalty Bonus,False,2025-10-09
4471,15790067,Product Upgrade,True,2026-07-27
4472,15585777,Loyalty Bonus,True,2025-06-26
4473,15650864,Loyalty Bonus,True,2024-09-20
4474,15633818,Rate Discount,True,2026-02-12
4475,15633818,Cashback,True,2025-10-03
4476,15567013,Loyalty Bonus,True,2025-11-20
4477,15777784,Rate Discount,False,2025-09-04
4478,15777784,Loyalty Bonus,True,2026-04-20
4479,15651315,Loyalty Bonus,False,2025-10-17
4480,15572398,Rate Discount,True,2026-03-19
4481,15729557,Fee Waiver,True,2025-08-19
4482,15583073,Product Upgrade,False,2025-08-16
4483,15614361,Cashback,True,2026-01-14
4484,15724684,Rate Discount,False,2024-11-30
4485,15636541,Cashback,False,2024-11-20
4486,15787222,Cashback,True,2025-08-28
4487,15594270,Rate Discount,True,2025-11-23
4488,15594270,Fee Waiver,False,2026-07-24
4489,15701524,Rate Discount,True,2025-04-26
4490,15645847,fee waiver,True,2026-07-13
4491,15628893,Fee Waiver,False,2026-05-16
4492,15628893,Fee Waiver,True,2024-09-06
4493,15764073,Rate Discount,True,2025-09-08
4494,15782879,Cashback,False,2026-07-03
4495,15782879,Loyalty Bonus,True,2024-10-16
4496,15726087,Rate Discount,True,2026-07-10
4497,15786249,Fee Waiver,True,2026-07-11
4498,15786249,Product Upgrade,False,2026-03-10
4499,15812850,Fee Waiver,True,2026-08-29
4500,15656597,Fee Waiver,False,2026-04-12
4501,15699446,Cashback,True,2024-11-15
4502,15699446,Product Upgrade,False,2024-12-05
4503,15704771,Cashback,True,2026-06-05
4504,15588372,Fee Waiver,True,2025-07-24
4505,15607509,Cashback,False,2025-09-11
4506,15607509,Fee Waiver,True,2025-01-11
4507,15670343,Loyalty Bonus,True,2026-05-07
4508,15670343,Loyalty Bonus,False,2024-10-08
4509,15597968,Rate Discount,False,2025-02-16
4510,15796957,Cashback,True,2025-03-21
4511,15796957,Loyalty Bonus,True,2024-09-03
4512,15631871,Fee Waiver,False,2026-08-24
4513,15635870,Product Upgrade,False,2025-06-29
4514,15596713,Fee Waiver,False,2025-12-20
4515,15684211,Cashback,False,2026-04-23
4516,15760521,Product Upgrade,True,2024-09-13
4517,15760521,Product Upgrade,False,2026-06-15
4518,15608408,Loyalty Bonus,NULL,2026-02-24
4519,15730272,Fee Waiver,True,2025-10-30
4520,15730272,Fee Waiver,False,2025-06-10
4521,15741988,Product Upgrade,False,2025-12-10
4522,15721207,Cashback,True,2026-05-29
4523,15689412,Cashback,True,2026-01-25
4524,15689412,Fee Waiver,False,2025-11-09
4525,15798385,Cashback,False,2025-12-30
4526,15798385,Loyalty Bonus,True,2025-11-04
4527,15775339,Rate Discount,True,2025-03-16
4528,15585256,Fee Waiver,False,2026-06-15
4529,15780220,Rate Discount,True,2025-09-27
4530,15648951,Loyalty Bonus,True,2025-03-08
4531,15752409,Fee Waiver,False,2025-11-19
4532,15807524,Loyalty Bonus,True,"Jun 15, 2026"
4533,15766649,Fee Waiver,False,2024-12-08
4534,15766649,Loyalty Bonus,False,2026-08-31
4535,15581295,Loyalty Bonus,False,2025-06-06
4536,15665168,Fee Waiver,True,2026-05-06
4537,15665168,Loyalty Bonus,True,2025-04-08
4538,15715877,Product Upgrade,False,2025-09-02
4539,15756918,Product Upgrade,False,2026-07-16
4540,15756918,Fee Waiver,False,2024-12-26
4541,15746662,Fee Waiver,False,2026-08-13
4542,15746662,Cashback,True,2026-04-13
4543,15626679,Product Upgrade,True,2024-10-23
4544,15793343,Loyalty Bonus,True,2024-11-07
4545,15576774,Cashback,True,2025-04-21
4546,15801316,Rate Discount,True,2024-12-06
4547,15800514,N/A,True,2026-01-28
4548,15800514,Loyalty Bonus,False,2025-08-30
4549,15782096,Rate Discount,False,2026-02-17
4550,15783522,Rate Discount,True,2025-11-11
4551,15783522,Cashback,True,2026-03-23
4552,15756272,Loyalty Bonus,False,2024-09-17
4553,15600174,Product Upgrade,False,2026-01-13
4554,15752956,Fee Waiver,True,2026-01-16
4555,15766272,Rate Discount,False,2025-10-09
4556,15569764,Rate Discount,False,2026-04-04
4557,15569764,Fee Waiver,False,2024-11-29
4558,15736769,Product Upgrade,False,N/A
4559,15763381,Fee Waiver,True,2026-02-18
4560,15763381,Fee Waiver,False,2024-10-31
4561,15737133,Fee Waiver,True,2025-12-14
4562,15661723,Loyalty Bonus,False,2025-01-16
4563,15661723,Cashback,False,2026-06-13
4564,15649616,Cashback,False,2025-04-26
4565,15719017,Cashback,False,2026-01-13
4566,15720919,Cashback,False,2025-04-14
4567,15720919,Loyalty Bonus,False,2026-06-04
4568,15706706,Product Upgrade,False,2025-03-06
4569,15709653,Loyalty Bonus,False,2025-03-19
4570,15622442,Loyalty Bonus,False,2025-09-18
4571,22120949,Fee Waiver,True,2025-07-11
4572,15572801,Product Upgrade,False,2025-02-23
4573,15763414,Fee Waiver,True,2024-10-20
4574,15732265,Loyalty Bonus,True,2025-05-03
4575,15732265,Loyalty Bonus,True,2026-03-19
4576,15621974,Fee Waiver,False,2026-04-07
4577,15720706,Rate Discount,True,2025-10-19
4578,15759290,Product Upgrade,False,2025-02-22
4579,81972796,Fee Waiver,True,2026-04-12
4580,15713774,Product Upgrade,False,2025-05-23
4581,15713774,Product Upgrade,True,2026-08-27
4582,15691840,Rate Discount,MAYBE,2026-01-13
4583,15682021,Loyalty Bonus,True,2024-09-13
4584,15682021,Rate Discount,True,2025-11-03
4585,15612931,Loyalty Bonus,False,2026-03-27
4586,15676707,Rate Discount,True,2024-10-26
4587,15676707,Product Upgrade,True,2024-11-27
4588,15601383,Cashback,True,2026-08-23
4589,15662662,Fee Waiver,False,2024-09-14
4590,15752694,Loyalty Bonus,False,2024-09-11
4591,15590683,Fee Waiver,False,2026-06-12
4592,15723620,Loyalty Bonus,True,2025-04-13
4593,15723620,Loyalty Bonus,True,2025-11-24
4594,15624667,Fee Waiver,True,2025-08-02
4595,15812888,Loyalty Bonus,False,2025-12-08
4596,15621063,Cashback,True,2024-09-30
4597,15621063,Cashback, True ,2025-07-07
4598,15698703,Cashback,True,2025-04-15
4599,15801431,Cashback,False,2025-06-15
4600,15649451,Loyalty Bonus,False,2025-04-20
4601,15626156,Cashback,False,2026-02-14
4602,15606158,Cashback,True,2024-10-15
4603,15730345,Fee Waiver,True,2025-04-13
4604,15730345,Fee Waiver,False,2025-11-02
4605,15572038,Cashback,False,2025-03-26
4606,15572038,Product Upgrade,False,2025-03-21
4607,15604158,Loyalty Bonus,True,2026-07-19
4608,15604158,Fee Waiver,True,2025-07-16
4609,15657396, Loyalty Bonus ,True,2026-08-23
4610,15657396,Rate Discount,True,2025-10-01
4611,15628824,Fee Waiver,True,2026-06-10
4612,15814519,Rate Discount,True,2026-04-25
4613,59537889,Product Upgrade,True,2025-09-18
4614,15643671,Fee Waiver,False,2026-03-09
4615,15700650,Rate Discount,True,2025-09-11
4616,15700650,Fee Waiver,True,2025-12-14
4617,15680224,Loyalty Bonus,False,2024-12-14
4618,15680224,Fee Waiver,2,2026-03-28
4619,15784286,Loyalty Bonus,False,2025-08-06
4620,15784286,Loyalty Bonus,True,2024-11-19
4621,15693996,Fee Waiver,True,2025-07-17
4622,15693996,Product Upgrade,True,2026-06-08
4623,15680197,Rate Discount,False,2025-03-31
4624,15680197,Loyalty Bonus,False,2024-11-18
4625,15742798,,True,2026-07-03
4626,15756070,Rate Discount,False,09-09-2025
4627,15775116,Product Upgrade,True,2025-11-13
4628,15775116,Product Upgrade,False,2025-09-11
4629,15575428,Fee Waiver,True,2026-06-18
4630,15654074,Fee Waiver,False,2026-01-19
4631,15568885,Fee Waiver,False,2026-08-12
4632,15568885,Product Upgrade,True,2025-06-07
4633,15725036,Loyalty Bonus,False,2024-10-18
4634,15725036,Fee Waiver,True,NULL
4635,15632665,Loyalty Bonus,False,2026-04-16
4636,15688128,Cashback,False,2026-05-10
4637,15678412,Rate Discount,False,2025-10-11
4638,15678412,Product Upgrade,False,2025-09-25
4639,15770291,Loyalty Bonus,True,2024-12-13
4640,85999780,Cashback,True,2025-01-20
4641,15583392,Rate Discount,True,2026-07-28
4642,15583392,Fee Waiver,True,2025-02-09
4643,15690731,Fee Waiver,False,2025-09-19
4644,15608328,Cashback,UNKNOWN,2024-12-26
4645,15766378,Rate Discount,True,2025-06-05
4646,15706217,Loyalty Bonus,True,2024-09-25
4647,15601417,Fee Waiver,False,2025-05-03
4648,15610972,Product Upgrade,False,06-10-2026
4649,15674620,Cashback,True,2026-07-03
4650,15756535,Product Upgrade,True,2025-06-06
4651,15791851,Rate Discount,False,
4652,15717156,Loyalty Bonus,False,2025-06-09
4653,15611612,Rate Discount,True,2025-10-28
4654,15663168,Product Upgrade,True,2026-03-31
4655,15663168,Loyalty Bonus,False,2024-10-27
4656,15643426,Rate Discount,True,2026-02-18
4657,15618245,Fee Waiver,True,2024-09-10
4658,15793478,Rate Discount,False,2024-09-27
4659,15640377,Rate Discount,True,2025-08-26
4660,15640377,cashback,True,2026-01-29
4661,15590327,Loyalty Bonus,True,2026-05-08
4662,15706199,Cashback,True,2024-12-14
4663,15727041,Cashback,False,2025-11-02
4664,15727041,Product Upgrade,True,2024-09-14
4665,15738063,Fee Waiver,True,2024-12-21
4666,15711733,Rate Discount,True,2025-06-16
4667,15711733,Fee Waiver,False,2025-04-11
4668,15634180,Fee Waiver,False,2026-05-15
4669,15694566,Product Upgrade,False,2025-04-01
4670,15726103,Product Upgrade,False,2025-12-02
4671,15646351,Fee Waiver,True,2026-07-03
4672,15730044,Product Upgrade,False,2025-07-08
4673,15795186,Product Upgrade,True,2026-02-26
4674,15795186,Loyalty Bonus,True,2025-07-05
4675,15784890,Rate Discount,True,2026-01-31
4676,15565891,Cashback,True,2026-02-18
4677,15674254,Rate Discount,True,2025-11-26
4678,15775206,Loyalty Bonus,False,2026-07-24
4679,15649853,Cashback,False,2025-08-17
4680,15610379,Cashback,True,2025-03-18
4681,15659800,Fee Waiver,False,2026-07-31
4682,15672053,Product Upgrade,False,2026-07-03
4683,15607395,Loyalty Bonus,True,2026-05-18
4684,15607395,Rate Discount,True,2026-01-29
4685,15744109,Rate Discount,TRUE,2026-02-18
4686,15744109,Product Upgrade,True,2025-09-12
4687,15763515,Cashback,False,2025/06/21
4688,15725882,Loyalty Bonus,False,2025-07-02
4689,15788022,Cashback,Unknown,2025-09-27
4690,15717231,Product Upgrade,True,2026-07-17
4691,15643188,Loyalty Bonus,True,2026-05-17
4692,15643188,Product Upgrade,False,2026-06-16
4693,15671351,Rate Discount,True,2024-09-10
4694,15753888,fee waiver,False,2026-05-15
4695,15737961,Rate Discount,True,2026-07-27
4696,15801701,Cashback,True,2024-11-08
4697,15794266,Rate Discount,True,2024-12-15
4698,15810711,Fee Waiver,True,2025-02-15
4699,15624519,Cashback,False,2025-09-11
4700,15799910,Fee Waiver,False,2025-04-05
4701,15799910,Loyalty Bonus,False,2024-09-24
4702,15602479,Fee Waiver,False,2025-02-27
4703,15602479,Loyalty Bonus,True,2025-03-10
4704,15617419,Product Upgrade,True,2026-05-07
4705,15657603,Fee Waiver,True,2026-04-30
4706,15657603,Loyalty Bonus,False,2024-10-18
4707,15772996,Rate Discount,False,2025-02-15
4708,15737267,Loyalty Bonus,False,2026-04-02
4709,15737267,Loyalty Bonus,True,2026-01-23
4710,15799128,Loyalty Bonus,False,2025-11-23
4711,15711921,Product Upgrade,True,2025-09-17
4712,15711921,Rate Discount,False,2026-07-23
4713,15654300,Loyalty Bonus,False,2025-07-02
4714,15569945,N/A,True,2026-05-22
4715,15681887,Fee Waiver,True,2024-11-05
4716,15608873,Loyalty Bonus,True,2025-09-05
4717,15722053,Rate Discount,False,2026-02-07
4718,15722053,Rate Discount,True,2025-10-08
4719,15765300,Fee Waiver,False,2024-09-13
4720,15743570, Product Upgrade ,True,2024-11-06
4721,15750671,Fee Waiver,True,2026-03-22
4722,15757867,Loyalty Bonus,False,2025-12-21
4723,15652914,Fee Waiver,True,2025-01-13
4724,15723818,Loyalty Bonus,True,2026-01-29
4725,15713819,Rate Discount,False,2025-05-11
4726,15713819,Loyalty Bonus,False,2026-03-25
4727,15625740,Loyalty Bonus,True,2025-02-28
4728,15625740,Loyalty Bonus,False,2025-01-24
4729,15780142,Loyalty Bonus,True,2025-03-03
4730,15709920,Fee Waiver,False,2025-01-24
4731,15684248,Fee Waiver,False,2026-01-30
4732,15643158,Product Upgrade,True,2025-05-27
4733,15693902,Rate Discount,True,2025-04-04
4734,15693902,Cashback,True,2024-12-20
4735,15578307,Product Upgrade,True,2024-11-08
4736,15578307,Loyalty Bonus,True,2025-11-12
4737,15585379,Cashback,True,2026-05-01
4738,15758510,Loyalty Bonus,False,2025-04-14
4739,15705301,Cashback,False,2024-11-06
4740,15718231,Loyalty Bonus,True,2026-05-14
4741,15718231,Fee Waiver,False,2025-09-05
4742,15567991,Product Upgrade,True,2025-03-09
4743,15567991,Cashback,True,2026-06-26
4744,15706036,Rate Discount,False,2025-02-05
4745,15706036,Cashback,True,2025-06-23
4746,15723856,Product Upgrade,True,2025-01-20
4747,15812920,Rate Discount,True,2025-08-01
4748,15812920,Rate Discount,True,
4749,15804797,Rate Discount,False,2026-05-26
4750,15712777,Product Upgrade,False,2026-08-16
4751,15786469,Fee Waiver,False,2024-11-20
4752,15669219,Loyalty Bonus,False,2025-09-23
4753,15648067,Rate Discount,True,2026-05-01
4754,15648067,Cashback,False,2025-11-17
4755,15704014,Rate Discount,False,2024-10-13
4756,15704014,Loyalty Bonus,True,2026-05-23
4757,15645136,Fee Waiver,False,2026-05-06
4758,15709604,Loyalty Bonus,False,2026-05-13
4759,15713637,Cashback,False,2024-09-17
4760,15569759,Product Upgrade,True,2026-04-13
4761,15664270,Rate Discount,True,2025-04-11
4762,15664270,Loyalty Bonus,False,2024-12-06
4763,15731519,Fee Waiver,True,2026-01-25
4764,15731519,Product Upgrade,True,2025-11-15
4765,15745623,Cashback,False,2026-04-16
4766,15745623,Cashback,True,2026-01-21
4767,15813862,Cashback,False,2025-04-24
4768,15713043,Loyalty Bonus,True,2025-04-05
4769,15697567,Rate Discount,False,2025-09-04
4770,15639530,Rate Discount,False,2026-05-01
4771,15726058,Product Upgrade,True,2026-03-17
4772,15725665,Fee Waiver,False,2025-03-16
4773,15698872,Rate Discount,False,2025-04-03
4774,15812184,Cashback,False,2026-08-03
4775,15815043,Cashback,True,2024-09-07
4776,15640648,Rate Discount,,2026-06-22
4777,15627203,Fee Waiver,True,2024-10-27
4778,15627203,Loyalty Bonus,True,2025-05-17
offer_4779,15786196,Product Upgrade,True,2026-03-30
4780,15786196,Product Upgrade,False,2026-07-19
4781,15612095,Fee Waiver,True,2024-10-05
4782,15612095,Rate Discount,False,2024-11-02
4783,15761241,Loyalty Bonus,False,2024-12-23
4784,15761241,Loyalty Bonus,True,2024-09-29
4785,15695078,Rate Discount,False,2026-08-07
4786,15645744,Loyalty Bonus,False,2024-10-21
4787,15645744,Loyalty Bonus,False,2025-01-29
4788,15749300,Rate Discount,False,2024-09-12
4789,15749300,product upgrade,False,2025-08-09
4790,15607065,Fee Waiver,1,2026-07-20
4791,15778089,Cashback,True,2026-08-16
4792,15697035,Cashback,False,2025-12-23
4793,15709861,Rate Discount,False,2025-12-31
4794,15695339,Rate Discount,True,2025-10-07
4795,15658813,Fee Waiver,False,2026-08-12
4796,15658813,Loyalty Bonus,True,2026-08-19
4797,15715709,Fee Waiver,False,2025-08-04
4798,15722533,Cashback,False,2026-04-22
4799,15683118,Fee Waiver,True,2025-03-15
4800,15672798,Loyalty Bonus,False,2024-09-24
4801,15672798,Fee Waiver,,2026-05-05
4802,15714575,Loyalty Bonus,False,2025-07-10
4803,15806808,Cashback,False,2026-02-27
4804,15594928,Cashback,True,2025-11-25
4805,15765532,Fee Waiver,False,2025-09-26
4806,15741719,Cashback,True,11/01/2026
4807,15762993,Fee Waiver,True,2026-02-25
4808,15802220,Loyalty Bonus,True,2024-12-09
4809,15600832,Loyalty Bonus,TRUEE,2025-01-02
4810,15600832,Product Upgrade,False,2024-09-16
4811,15634295,Fee Waiver,True,2025-08-26
4812,15623499,Loyalty Bonus,False,2026-08-24
4813,15623499,Rate Discount,False,2026-02-19
4814,15691823,Product Upgrade,False,2024-11-16
4815,15631639,Cashback,True,2026-04-27
4816,15631639,Rate Discount,False,2025-07-24
4817,15698167,Product Upgrade,False,2025-07-03
4818,15801296,Cashback,False,2026-03-13
4819,15767891,Fee Waiver,True,2025-11-04
4820,15702145,Loyalty Bonus,True,2026-04-02
4821,15601811,Loyalty Bonus,False,2026-07-05
4822,15625494,Rate Discount,False,2026-04-15
4823,15625494,Cashback,2,2025-04-03
4824,15758856,Loyalty Bonus,True,2026-04-24
4825,15758856,Loyalty Bonus,True,2024-10-14
4826,15783865,Cashback,True,2026-05-12
4827,15745455,Product Upgrade,True,2025-10-23
4828,15644212,Rate Discount,False,2026-02-22
4829,15606887,Product Upgrade,False,2025-12-06
4830,15579892, Rate Discount ,False,2025-08-21
4831,15589323,Rate Discount,True,2025-01-22
4832,15636395,Cashback,True,2025-07-30
4833,15712772,Cashback,True,2025-10-01
4834,15766659,Fee Waiver,False,2025-04-27
4835,15766659,Rate Discount,False,2026-03-19
4836,15814033,Cashback,TRUEE,2026-01-05
4837,15783007,Product Upgrade,False,2026-07-29
4838,15783007,Loyalty Bonus,False,2024-10-17
4839,15609899,Fee Waiver,True,2026-03-10
4840,15747323,Fee Waiver, True ,2026-07-19
4841,15582591,Rate Discount,False,2025-07-14
4842,15738835,Loyalty Bonus,False,2025-10-26
4843,15697045,Loyalty Bonus,True,2024-11-07
4844,15697045,Fee Waiver,False,2026-04-06
4845,15781234,Cashback,False,2025-05-28
4846,15781234,Rate Discount,True,2025-04-14
4847,15579891,Rate Discount,False,2025-03-26
4848,15579891,Loyalty Bonus,True,2026-06-11
4849,15805690,Loyalty Bonus,False,2026-03-10
4850,15805690,Product Upgrade,False,2026-03-31
4851,15612139,Rate Discount,True,2026-03-17
4852,15709917,Loyalty Bonus,TRUEE,2026-01-07
4853,15673439,Rate Discount,False,2026-03-17
4854,15673439,Loyalty Bonus,False,2026-08-24
offer_4855,15669011,Cashback,False,2026-04-19
4856,15669011,Fee Waiver,False,2025-02-11
4857,15759966,Fee Waiver,False,2026-04-19
4858,15626452,Loyalty Bonus,True,2026-01-20
4859,15700964,Loyalty Bonus,True,2025-03-08
4860,15749472,Cashback,False,09-30-2024
4861,customer_15749472,Cashback,False,2026-04-30
4862,15685872,fee waiver,False,2026-04-30
4863,15606435,Cashback,,2025-03-21
4864,15606435,Cashback,True,2025-11-08
4865,15676433,,True,2026-07-22
4866,15676433,Rate Discount,False,2026-04-26
4867,15625905,Cashback,True,2025-11-02
4868,15623220,Cashback,True,2025-09-30
4869,60379326,Cashback,True,2025-05-17
4870,15643392,Rate Discount,False,2026-01-04
4871,15684868,Rate Discount,True,2025-11-01
4872,15684868,Loyalty Bonus,False,"Jun 02, 2025"
4873,15669253,Loyalty Bonus,False,2024-10-17
4874,15758023,Loyalty Bonus,False,2024-11-25
4875,15758023,Rate Discount,True,2025-05-01
4876,15635256,Cashback,True,2025-06-24
4877,16515814,Product Upgrade,True,2026-04-21
4878,15680399,Cashback,True,2025-09-06
4879,15674720,Fee Waiver,True,2025-06-23
4880,15675431,Rate Discount,True,2025-03-31
4881,15810775,Loyalty Bonus,True,2026-08-26
4882,15678173,Fee Waiver,False,2026-05-10
4883,15678173,Fee Waiver,False,2026-08-12
4884,15802570,Cashback,True,2025-08-25
4885,15802570,Cashback,True,2025-02-22
4886,15721019,Cashback,True,2025-05-12
4887,15721019,Product Upgrade,False,2026-08-20
4888,15738588,Product Upgrade,False,2025-05-26
4889,15730657,Product Upgrade,False,2026-04-20
4890,15739292,Cashback,False,2025-07-01
4891,15725945,Product Upgrade,False,2026-08-25
4892,15636820,Fee Waiver,True,2025-04-29
4893,15636820,Fee Waiver,False,2025-03-11
4894,15619494, Fee Waiver ,True,2025-05-23
4895,15619494,Rate Discount,True,2025-09-29
4896,15596992,Product Upgrade,False,2025-01-04
4897,15735025,Cashback,False,2026-03-30
4898,91860085,Cashback,True,2026-06-29
4899,15730759,Loyalty Bonus,False,2025-03-19
4900,15752912,Rate Discount,True,2025-09-10
4901,15711316,Fee Waiver,True,2026-02-08
4902,15628963,Loyalty Bonus,True,2025-12-09
4903,15575623,Rate Discount,False,2025-12-18
4904,15738884,Product Upgrade,False,2026-05-06
4905,15615050,Product Upgrade,True,2026-01-08
4906,15615050,Cashback,False,12/09/2025
4907,15743498,Cashback,True,2026-06-10
4908,15720463,Product Upgrade,True,2025-06-07
4909,15665802,Loyalty Bonus,False,2025-01-12
4910,15571144,Cashback,False,2025-03-15
4911,15605134,Rate Discount,True,2025-05-24
4912,15737910,Cashback,False,2026-04-17
4913,15737910,Fee Waiver,True,2026-07-15
4914,15710105,Cashback,False,2026-04-19
4915,15577402,Fee Waiver,True,2025-04-20
4916,15577402,Loyalty Bonus,True,2024-09-17
4917,15654372,Product Upgrade,True,2025-06-23
4918,15654372,Product Upgrade,False,2025-02-24
4919,15585867,Product Upgrade,False,2025-01-12
4920,15662488,Loyalty Bonus,True,2025-11-09
4921,15611644,Product Upgrade,True,2025-06-25
4922,15656100,Fee Waiver,True,2024-11-28
4923,15714493,Rate Discount,False,2026-04-01
4924,15714493,Rate Discount,False,2026-05-15
4925,15643359,Product Upgrade,False,2026-01-02
4926,15643359,Cashback,True,2026-05-30
4927,15727605,Product Upgrade,True,2026-02-18
4928,15727605,Product Upgrade,True,2024-09-04
4929,15651144,Fee Waiver,False,2024-09-29
4930,15651144,Rate Discount,False,2024-11-08
4931,15749401,Loyalty Bonus,False,2025-10-12
4932,15749401,Loyalty Bonus,True,2026-02-02
4933,15691874,Fee Waiver,True,2025-05-04
4934,15691874,Rate Discount,False,2025-08-22
4935,15620735,Rate Discount,False,2025-09-10
4936,15620735, Product Upgrade ,False,2025-03-28
4937,15769781,Rate Discount,False,2025-10-25
4938,15769781,Rate Discount,False,2025-08-19
4939,15624611,Loyalty Bonus,False,2025-12-14
4940,15773071,Product Upgrade,True,2025-05-18
4941,15773071,Rate Discount,False,2025-06-13
4942,15785042,Cashback,False,2024-09-20
4943,15809302,Fee Waiver,False,2024-11-12
4944,15677550,Fee Waiver,True,2024-11-15
4945,15677550, Product Upgrade ,False,2025-04-26
4946,15617320,Rate Discount,False,2026-04-24
4947,15649112,Rate Discount,True,2026-05-16
4948,15670066,Cashback,True,2024-09-13
4949,15625761,Loyalty Bonus,False,2025-05-30
4950,15625761,Loyalty Bonus,True,2024-09-16
4951,15735080,Product Upgrade,True,2025-09-18
4952,15598162,Product Upgrade, True ,2025-08-16
4953,15598162,Fee Waiver,False,2026-04-12
4954,15694300,Cashback,False,2025-09-29
4955,15694300,Loyalty Bonus,True,2026-07-31
4956,15612444,Fee Waiver,2,2026-08-04
4957,15706128,Rate Discount,False,2025-08-31
4958,15581323,,True,2025-04-10
4959,15785290,Loyalty Bonus,False,2026-04-09
4960,15611157,Fee Waiver,False,2026-01-10
4961,15673837,Cashback,True,2025-04-01
4962,15656822,Loyalty Bonus,True,2025-06-01
4963,15580560,Fee Waiver,True,2026-03-08
4964,15580560,Product Upgrade,True,2025-12-17
4965,15760641,Product Upgrade,False,2025-07-07
4966,15604146,Cashback,False,2025-03-02
4967,15604146,Rate Discount,False,2025-11-01
4968,15746986,Rate Discount,True,2026-02-13
4969,15759741,Rate Discount,False,2025-07-26
4970,15723786,Fee Waiver,False,2025-04-06
4971,15642726,Loyalty Bonus,True,2025-10-05
4972,15754526,Rate Discount,True,2025-02-13
4973,15703037,Rate Discount,False,2025-10-06
4974,15703037,Fee Waiver,False,2026-05-26
4975,15751412,Rate Discount,False,2025-04-04
4976,15609558,Cashback,False,11-12-2025
4977,15609558,Loyalty Bonus,True,2024-12-21
4978,15572408,Product Upgrade,True,2025-09-01
4979,15613923,Fee Waiver,True,2024-09-15
4980,15613923,Fee Waiver,False,2025-10-23
4981,15747000,Rate Discount,False,2026-01-26
4982,15727198,Fee Waiver,True,2026-02-21
4983,15727198,Loyalty Bonus,True,2025-01-11
4984,15576304,Rate Discount,True,2024-10-10
4985,15645200,Rate Discount,False,2024-11-08
4986,15750755,Cashback,True,2025-01-06
4987,15569654,Loyalty Bonus,False,2024-10-11
4988,15684995,Product Upgrade,1,2026-07-09
4989,15684995,Rate Discount,True,2025-04-22
4990,15790763,Rate Discount,False,2026-07-02
4991,15766458,Cashback,False,2026-02-24
4992,15616221,Rate Discount,False,2024-11-27
4993,15776124,Fee Waiver,False,NULL
4994,15714062,Fee Waiver,False,2026-03-26
4995,15592197,Cashback,True,2025-11-13
4996,15638231,Rate Discount,True,2025-02-17
4997,15697678,Loyalty Bonus,True,2026-04-22
4998,15697678,Product Upgrade,False,2026-08-31
4999,15597610,Cashback,True,2025-07-09
5000,15726634,Cashback,False,2025-08-18
5001,15670866,Loyalty Bonus,False,2025-08-16
5002,15667462,Fee Waiver,False,2026-08-22
5003,15667462,Fee Waiver,True,2026-05-02
5004,15679429,Cashback,True,2026-04-11
5005,15616122,Product Upgrade,True,2024-10-14
5006,15742172,Product Upgrade,False,2025-10-29
5007,15636016,Loyalty Bonus,True,2026-06-17
5008,15636016,Fee Waiver,False,2026-08-05
offer_5009,15691457,Rate Discount,True,2024-09-26
5010,15719649,Cashback,True,2026-01-05
5011,15719649,Product Upgrade,False,2025-02-04
5012,15778897,Fee Waiver,False,2025-04-17
5013,15589437,Loyalty Bonus,True,2024-12-24
5014,15682369,Fee Waiver,False,2025-05-02
5015,15626507,Cashback,False,2026-07-22
5016,15626507,Loyalty Bonus,True,2025-02-17
5017,15722083,Product Upgrade,True,2025-09-01
5018,15771442,Fee Waiver,False,2026-04-20
5019,15803633,Rate Discount,True,2025-07-21
5020,15570895,Fee Waiver,True,2025-07-05
5021,15614520,Loyalty Bonus,True,2025-04-19
5022,15614520,Product Upgrade,True,2025-12-04
5023,15687492,Cashback,False,2026-05-19
5024,15675337,Loyalty Bonus,False,2024-11-19
5025,15721047,Product Upgrade,True,2026-03-25
5026,15672826,Loyalty Bonus,True,2026-03-16
5027,15595162,Unknown,True,2026-03-05
5028,15745826,Rate Discount,True,2026-08-10
5029,15745826,Product Upgrade,True,2025-10-02
5030,10387358,Loyalty Bonus,True,2024-10-22
5031,15708610,Rate Discount,True,2026-04-01
5032,15590097,Product Upgrade,False,2025-06-10
5033,15582154,Product Upgrade,True,2026-01-06
5034,15734626,Rate Discount,False,2025-09-21
5035,15620756,Cashback,True,2025-05-12
5036,15611331,Loyalty Bonus,False,2025-03-08
5037,15768471,Product Upgrade,False,2025-01-09
5038,15768471,Loyalty Bonus,False,2024-11-02
5039,15793346,Cashback,False,2024-11-12
5040,15608338,Rate Discount,True,2025-03-25
5041,15578546,Product Upgrade,False,2025-02-16
5042,15656921,Cashback,True,2025-03-23
5043,15656921,Rate Discount,False,2024-11-09
5044,15761340,Rate Discount,True,2024-10-31
5045,15655229,Product Upgrade,True,2026-01-06
5046,15668289,Rate Discount,True,2024-11-14
5047,15622801,Rate Discount,True,2025-08-18
5048,15622801,Rate Discount,True,2025-05-08
5049,15779886,Cashback,False,2026-08-16
5050,15713673,Rate Discount,False,2025-05-21
5051,15621550,Rate Discount,False,2024-10-05
5052,15799480,Loyalty Bonus,True,2025-02-10
5053,15799480,Cashback,False,2025/03/09
5054,15625247,Loyalty Bonus,True,2026-08-12
5055,15683183,Rate Discount,False,2025-09-09
5056,15684592,Cashback,True,2025-08-01
5057,15684592,Fee Waiver,True,2025-01-07
5058,15591169,Cashback,False,2025-11-29
5059,15591169,Loyalty Bonus,False,2024-10-06
5060,15732563,Loyalty Bonus,True,2024-11-28
5061,15656471,fee waiver,True,2025-03-06
5062,15766427,Fee Waiver,False,2025-05-10
5063,15641595,Loyalty Bonus,True,2025-11-07
5064,15641595,Loyalty Bonus,False,2024-11-07
5065,15798429,Rate Discount,False,2024-09-22
5066,15654878,Rate Discount,True,2025-02-14
5067,15768340,Loyalty Bonus,False,2025-09-17
5068,15768340,Loyalty Bonus,True,2026-08-07
5069,15673599,Product Upgrade,True,2026-05-13
5070,15673599,Loyalty Bonus,False,2024-12-17
5071,15684294,Loyalty Bonus,True,2025-02-06
5072,15615828,Cashback,True,2026-03-22
5073,15746012,Fee Waiver,True,2025-05-12
offer_5074,15746012,Rate Discount,False,2025-04-11
5075,15788494,Rate Discount,True,2026-06-10
5076,15629545,Loyalty Bonus,False,2026-03-10
5077,15629545,Fee Waiver,False,2025-12-24
5078,15715117,Cashback,True,2026-07-16
5079,15781534,Fee Waiver,False,2025-08-14
5080,15781534,Loyalty Bonus,True,2025-05-15
5081,15618243,Fee Waiver,True,2024-11-21
5082,15700325,Loyalty Bonus,True,2025-10-19
5083,15659064,Fee Waiver,True,2024-10-05
5084,15658364,Product Upgrade,False,2024-12-04
5085,15704340,Cashback,False,2026-04-30
5086,15793455,Loyalty Bonus,False,2024-11-19
5087,15579777,Product Upgrade,True,2024-10-04
5088,15579777,Product Upgrade,True,2026-04-29
5089,15632345,Cashback,True,2026-04-21
5090,15754820,Product Upgrade,True,2025-10-08
5091,15754820,Rate Discount,True,2026-03-22
5092,15707505,Fee Waiver,True,2025-05-29
5093,15707505,Cashback,True,2026-08-03
5094,15699507,Cashback,False,2025-08-18
5095,15794472,Product Upgrade,False,2025-01-11
5096,15646632,Cashback,False,2025-11-28
5097,15566312,Product Upgrade,False,2025-09-29
5098,15570414,Rate Discount,False,2025-10-22
5099,15570414,Fee Waiver,False,2025-12-06
5100,15674637,Cashback,False,2025-12-12
5101,15674637,Rate Discount,False,2025-03-19
5102,15730418,Product Upgrade,False,2026-02-09
5103,15739972,Loyalty Bonus,False,2026-08-08
5104,15661591,Product Upgrade,True,2025-08-12
5105,15593454,Loyalty Bonus,False,2026-01-27
5106,15663421,Rate Discount,True,2024-11-02
5107,15677324,Fee Waiver,False,2025-04-17
5108,15677324,Rate Discount,True,2025-02-25
5109,15693764,Rate Discount,False,2025-04-20
5110,15714260,Fee Waiver,False,2025-12-29
5111,15714260,Loyalty Bonus,Unknown,2024-11-21
5112,15798200,Loyalty Bonus,True,2025-04-03
5113,15791111,Product Upgrade,True,2026-07-13
5114,15791111,Cashback,False,2026-03-28
5115,15807473,Fee Waiver,True,2025-06-05
5116,15807473,Loyalty Bonus,True,2025-02-24
5117,15708534,Rate Discount,False,2025-04-13
5118,15640686,Fee Waiver,False,2025-01-11
5119,15640686,Product Upgrade,False,2026-06-29
5120,15588904,Fee Waiver,False,2026-08-08
5121,15770543,Product Upgrade,False,2026-04-06
5122,15770543,Rate Discount,True,2024-12-20
5123,15706810,Fee Waiver,False,2025-03-08
5124,15584090,Product Upgrade,False,2026-06-11
5125,15810807,Product Upgrade,False,2026-08-15
5126,15687607,Product Upgrade,True,2026-07-05
5127,15588406,Product Upgrade,False,2025-06-11
5128,15784099,Fee Waiver,True,2024-12-24
5129,15602845,Loyalty Bonus,False,2026-08-12
5130,15602845,Product Upgrade,False,2025-04-26
5131,15707918,Loyalty Bonus,False,2026-03-19
5132,15602812,Fee Waiver,False,2026-02-25
5133,15675888,Fee Waiver,True,2026-04-30
5134,15591822,Rate Discount,False,2025-07-21
5135,15591822,Fee Waiver,True,2025-03-06
5136,15738501,Product Upgrade,True,2025-08-27
5137,15585907,Product Upgrade,True,2024-11-24
5138,15579040,Rate Discount,False,2024-09-18
5139,15804211,Rate Discount,True,2026-07-30
5140,15745399,Product Upgrade,False,Unknown
5141,15745399,RATE DISCOUNT,False,2025-08-21
5142,15657829,,True,2026-08-28
5143,15738497,Fee Waiver,False,2025-01-14
5144,15738497,Fee Waiver,False,2025-06-18
5145,15690695,Rate Discount,False,2025-08-01
5146,15690695,Product Upgrade,False,2026-02-26
5147,15791172,Product Upgrade,False,2026-08-12
5148,15801924,Rate Discount,TRUEE,2024-11-17
5149,15767804,Product Upgrade,True,2026-05-01
5150,15718039,Rate Discount,False,2024-10-23
5151,15718039,Loyalty Bonus,False,2025-05-16
5152,15600720,Cashback,True,2025-12-20
5153,15782608,Unknown,False,2025-03-26
5154,15782608,RATE DISCOUNT,False,2025-10-22
5155,15749123,Fee Waiver,False,2025-12-20
5156,15749123,Product Upgrade,True,2025-07-19
5157,15577423,Product Upgrade,False,2024-10-08
5158,15683363,Cashback,True,2024-11-17
5159,15574369,Cashback,False,2025-10-09
5160,15574369,Product Upgrade,True,2025-07-18
5161,15703167,,True,2026-01-26
5162,15725094,Fee Waiver,True,2026-04-26
5163,15647974,Product Upgrade,False,2026-01-20
5164,15711251,Product Upgrade,False,2026-07-13
5165,15764927,Product Upgrade,False,2025-12-19
5166,15764927,Fee Waiver,False,2024-10-10
5167,15719170,Fee Waiver,True,2025-08-22
5168,15596011,Loyalty Bonus,True,2025-02-24
5169,15614834,Fee Waiver,False,2024-12-17
5170,15600510,Product Upgrade,True,
5171,15600510,Rate Discount,False,2026-07-02
5172,15625706,Loyalty Bonus,True,2024-09-15
5173,15677243,Cashback,True,2024-12-26
5174,15677243,Cashback,False,2026-08-24
5175,15815070,Rate Discount,MAYBE,2025-06-26
5176,15705899,Fee Waiver,False,2025-08-24
5177,15701522,Fee Waiver,True,2026-06-12
5178,15701522,Fee Waiver,False,2025-01-16
5179,15755978,Cashback,True,2024-12-23
5180,15722090,Rate Discount,True,2025-06-23
5181,15783526,Fee Waiver,False,2026-08-16
5182,15666975,Rate Discount,False,2025-12-02
5183,15763683,Rate Discount,False,2025-10-03
5184,15763683,Rate Discount,False,2025-07-16
5185,15677184,Product Upgrade,True,2026-05-13
5186,15588419,Product Upgrade,True,2025-09-01
5187,15588419,Product Upgrade,True,2025-11-19
5188,15626143,Loyalty Bonus,True,2026-07-11
5189,15701412,Rate Discount,True,2025-02-19
5190,15701412,Product Upgrade,True,2025-07-08
5191,15702464,Rate Discount,False,2025-10-05
5192,15702464,Loyalty Bonus,False,2026-04-30
5193,15573348,Rate Discount,False,2026-02-25
5194,15704160,Loyalty Bonus,False,"Oct 10, 2025"
5195,15693704,Cashback,False,2026-04-11
5196,15664752,Loyalty Bonus,False,2026-01-31
5197,15664752,Cashback,False,2026-06-27
5198,15628292,Fee Waiver,True,2025-01-19
5199,15621195,Rate Discount,True,2025-04-04
5200,15668629,Fee Waiver,True,2026-07-13
5201,15635197,Loyalty Bonus,False,2026-04-07
5202,15635197,Product Upgrade,True,2024-10-12
5203,15592761,Cashback,False,2025-03-08
5204,15574283,fee waiver,False,2025-04-12
5205,15574283,Loyalty Bonus,False,2025-02-07
5206,15598097,Loyalty Bonus,True,2025-02-25
5207,15598097,Loyalty Bonus,True,2026-01-04
5208,15711352,Cashback,False,2025-01-27
5209,15656717,Fee Waiver,2,2024-12-23
5210,15723671,Product Upgrade,True,2025-01-29
5211,15723671,Loyalty Bonus,True,2025-08-07
5212,15752846,Fee Waiver,True,2026-05-09
5213,15640852,Loyalty Bonus,False,2026-01-16
5214,15640852,Loyalty Bonus,False,2025-10-13
5215,15770405,Product Upgrade,False,2025-11-28
5216,15770405,Rate Discount,True,2025-03-29
5217,15702561,Fee Waiver,False,2025-10-05
5218,15625964,Rate Discount,False,2025-08-30
5219,15625964,Fee Waiver,False,2025-06-29
5220,15761364,Loyalty Bonus,True,2026-05-28
5221,15587978,Rate Discount,False,2025-06-01
5222,15587978,Rate Discount,True,2024-11-03
5223,15702095,Fee Waiver,False,2026-05-30
5224,15700801,Product Upgrade,False,2025-09-11
5225,15643916,Rate Discount,False,2025-09-07
5226,23021994,Product Upgrade,True,2025-02-03
5227,15625141,Rate Discount,True,2026-01-22
5228,15810898,Product Upgrade,False,2026-01-02
5229,15810898,Loyalty Bonus,False,2024-12-07
5230,15775797,Cashback,False,2024-11-30
5231,15775797,Fee Waiver,True,2024-10-04
5232,15571869,Fee Waiver,True,2025-09-05
5233,15694143,Product Upgrade,True,2024-09-16
5234,15748231,Product Upgrade,True,2026-02-17
5235,15806249,Fee Waiver,True,2025-03-16
5236,15743293,Fee Waiver,False,2025-05-24
5237,15598157,Cashback,False,2026-05-13
5238,15598157,Rate Discount,True,2026-03-29
5239,15700946,Loyalty Bonus,True,2024-09-26
5240,15722692,Fee Waiver,True,2025-04-06
5241,15696506,Fee Waiver,True,2024-12-23
5242,15696506,Cashback,False,2026-06-29
5243,15728823,Cashback,True,2025-11-17
5244,15732299,Fee Waiver,True,2025-10-06
5245,15732299,Fee Waiver,False,2025-08-26
5246,15706269,Rate Discount,False,2025-05-07
5247,15706269,Cashback,True,2025-09-20
5248,15776985,Fee Waiver,True,2025-08-04
5249,15756743,Product Upgrade,False,2026-02-14
5250,15756743,Fee Waiver,True,2025-09-04
5251,15749328,Cashback,False,2025-10-10
5252,15749328,Unknown,True,2025-04-27
5253,15656322,Cashback,True,2025-10-12
5254,15685564,Product Upgrade,False,2026-08-22
5255,15685564,Rate Discount,True,2025-04-08
5256,15785831,Loyalty Bonus,False,2025-12-11
5257,15796218,Rate Discount,False,03/10/2025
5258,15796218,Product Upgrade,True,2025-12-05
5259,15572735,Loyalty Bonus,False,2026-05-30
5260,15608760,Product Upgrade,True,2024-10-29
5261,15627848,Rate Discount,False,2025-08-10
5262,15792029,Loyalty Bonus,False,2025-06-24
5263,15792029,Cashback,True,2025-02-08
5264,15651740,Loyalty Bonus,False,2026-01-19
5265,15651740,Fee Waiver,False,2025-02-14
5266,15636407,Fee Waiver,True,2024-10-22
5267,15607526,Cashback,True,2025-12-11
5268,15632576,Cashback,True,2025-04-16
5269,15581505,Loyalty Bonus,False,2025-02-23
5270,15707242,Product Upgrade,False,2026-02-17
5271,15773852,Fee Waiver,True,2025-10-22
5272,15773852,Cashback,True,2025-07-02
5273,15650538,Loyalty Bonus,True,2025-12-01
5274,15650538,Cashback,False,2024-12-20
5275,15797475,Rate Discount,False,2025-01-19
5276,15797475,Product Upgrade,False,2026-06-22
5277,15737104,Loyalty Bonus,False,2025-12-08
5278,15789936,Rate Discount,False,2025-05-04
5279,15790958,Loyalty Bonus,True,2025-05-16
5280,15790958,Fee Waiver,False,2025-04-16
5281,15747534,Fee Waiver,False,2025-07-28
5282,15574237,Fee Waiver,True,2025-09-26
5283,15651883,Loyalty Bonus,True,2025-10-25
5284,15808905,Fee Waiver,True,2026-03-22
5285,15715532,Cashback,MAYBE,2024-12-15
5286,15715532,Fee Waiver,True,2026-04-26
5287,15786078,Fee Waiver,True,2025-01-30
5288,15652401,Fee Waiver,False,2025-02-12
5289,15673074,Loyalty Bonus,False,2025-10-05
5290,15598744,Product Upgrade,False,2025-12-06
5291,15598744,Fee Waiver,False,2025-12-12
5292,15785975,Loyalty Bonus,True,2025-10-25
5293,15613180,Fee Waiver,True,2025-07-23
5294,15584229,Fee Waiver,False,2025-08-29
5295,15584229,Fee Waiver,False,2024-12-29
5296,15773804,Rate Discount,False,2025-12-25
5297,15773804,Rate Discount,False,2026-08-29
5298,15699515,Loyalty Bonus,True,04-13-2026
5299,15699515,Fee Waiver,False,2025/02/02
5300,15693817,Loyalty Bonus,True,2025-08-03
5301,15673790,Loyalty Bonus,,2024-09-04
5302,15692110,Loyalty Bonus,True,2025-04-23
5303,15581332,Loyalty Bonus,True,2026-06-03
5304,15581332,Fee Waiver,False,2024-09-19
5305,15637774,Rate Discount,TRUEE,2025-05-17
5306,15677141,Product Upgrade,True,2025-05-27
5307,15655213,Rate Discount,False,2026-04-29
5308,15655213,Fee Waiver,True,2026-04-26
5309,15801188,Loyalty Bonus,False,2026-02-10
5310,customer_15645029,Product Upgrade,True,2025-11-16
5311,15598259,Cashback, True ,2026-01-04
5312,15576000,Rate Discount,True,2025-01-12
5313,15766047,Rate Discount,True,2025-03-14
5314,15596339,Product Upgrade,False,2026-02-10
5315,15596339,Product Upgrade,False,2026-04-11
5316,15679991,Product Upgrade,True,2026-04-17
5317,15792934,Fee Waiver,False,2026-07-01
5318,15744046,Product Upgrade,1,2026-05-09
5319,15756301,Rate Discount,True,2025-04-23
5320,15756301,Rate Discount,True,2026-02-22
5321,15586517,Product Upgrade,True,2025-05-24
5322,15586517,Product Upgrade,False,2025-11-26
5323,15751297,Rate Discount, False ,2025-10-31
5324,15751297,Rate Discount,True,2026-07-22
5325,15710365,Loyalty Bonus,True,2026-08-20
5326,15610753,Product Upgrade,False,2025-07-15
5327,15610753,Loyalty Bonus,False,2025-09-30
5328,15619932,Cashback,True,2025-08-29
5329,customer_15619932,Loyalty Bonus,False,2025-04-24
5330,15584967,Rate Discount,True,2026-05-30
5331,15734365,Fee Waiver,True,2025-12-15
5332,15734365,Rate Discount,True,2025-05-03
5333,15665177,Product Upgrade,True,2024-12-27
5334,15665177,Rate Discount,True,2025-09-17
5335,15779915,Fee Waiver,True,2024-09-16
5336,15575399,Product Upgrade,False,2024-09-14
5337,15678374,Product Upgrade,True,2025-11-29
5338,15678374,Loyalty Bonus,True,2026-05-03
5339,15668767,Rate Discount,True,2025-09-25
5340,15815615,Rate Discount,True,2025-07-07
5341,15591942,Product Upgrade,True,2024-11-20
5342,15567893,Fee Waiver,False,2024-10-13
5343,15648989,Fee Waiver,True,N/A
5344,15662021,Product Upgrade,True,2025-09-09
5345,15731751,Loyalty Bonus,False,2026-01-28
5346,15635277,Rate Discount,False,2025-06-25
5347,15655252,Loyalty Bonus,False,2025-12-02
5348,15655252,Product Upgrade,True,2025-07-02
5349,15803941,Cashback,True,2025-06-01
5350,15803941,Loyalty Bonus,False,2025-07-02
5351,15714380,Product Upgrade,True,2026-08-18
5352,customer_15799998,Loyalty Bonus,True,2025-12-04
5353,15703763,Cashback,False,2025-01-30
5354,15795640,Cashback,True,2025-09-18
5355,15584749,Cashback,True,2025-07-08
5356,15614054,Rate Discount,True,2026-08-31
5357,46213008,Loyalty Bonus,False,2024-11-13
5358,15766185,Product Upgrade,True,2025-01-14
5359,15667632,Loyalty Bonus,True,2026-06-22
5360,15599024,Loyalty Bonus,True,2025-05-10
5361,15741921,Fee Waiver,False,2025-09-26
5362,15797900,Fee Waiver,False,2024-10-02
5363,15667932,Product Upgrade,True,2026-08-13
5364,15795933,Fee Waiver,True,2025-01-29
5365,15660403,Loyalty Bonus,False,2026-03-01
5366,15660403,Fee Waiver,False,2025-04-30
5367,15724663,Rate Discount,False,2026-08-22
5368,15594556, Loyalty Bonus ,False,2026-06-15
5369,36182562,Loyalty Bonus,False,2026-05-29
5370,15737169,Fee Waiver,True,2025-07-29
5371,15588450,Cashback,True,2025-04-18
5372,15746333,Product Upgrade,False,2025-02-22
5373,15641285,Cashback,True,2026-03-07
5374,15662908,Rate Discount,False,2026-05-22
5375,15814267,Rate Discount,False,2026-02-08
5376,customer_15814267,Rate Discount,True,2025-03-10
5377,15579223,Product Upgrade,True,2026-01-10
5378,15677087,Loyalty Bonus,True,2025-10-07
5379,15677087,Loyalty Bonus,False,2026-03-05
5380,15576706,Rate Discount,True,"Apr 09, 2025"
5381,15655389,Product Upgrade,True,2025-07-23
5382,15784491,Fee Waiver,True,2025-06-02
5383,15809999,Cashback,False,2025-02-25
5384,15681115,Loyalty Bonus,False,2025-04-07
5385,15629390,Loyalty Bonus,True,2026-03-07
5386,15629390,Product Upgrade,False,2025-03-30
5387,15681878,Cashback,False,2025-09-18
5388,15681878,Product Upgrade,False,2025-12-13
5389,15732235,Loyalty Bonus,False,2025-01-26
5390,15735909, Product Upgrade ,True,2025-05-18
5391,15653448,Product Upgrade,True,2025-09-04
5392,15587647,Rate Discount,True,2025-08-04
5393,15587647,Fee Waiver,False,2025-07-24
5394,15727499,Cashback,True,2025-11-13
5395,15666711,Cashback,False,2026-02-12
5396,15588933,Cashback,True,2025-11-26
5397,15588933,Cashback,True,2026-07-23
5398,15763111,Product Upgrade,False,2024-12-25
5399,15805676,Product Upgrade,False,2026-02-28
5400,15586674, Rate Discount ,False,2026-01-02
5401,15744553,Fee Waiver,False,2024-10-18
5402,15776629,Loyalty Bonus,True,2025-01-31
5403,15776629,Fee Waiver,True,2024-10-07
5404,15647207,Product Upgrade,True,2025-01-31
5405,15715638,Cashback,True,2025-09-08
5406,15750602,Product Upgrade,False,2025-11-13
5407,15756625,Rate Discount,False,2026-08-21
5408,15633213,Fee Waiver,False,2024-10-31
5409,64066988,Fee Waiver,False,2026-08-04
5410,15610416,Product Upgrade,False,2024-10-01
5411,15610416,Loyalty Bonus,True,2026-05-05
5412,15643826,Fee Waiver,False,2025-07-20
5413,15643826,Loyalty Bonus,False,2025-01-03
5414,15718588,Product Upgrade,True,2026-08-08
5415,15709741,Fee Waiver,False,2025-03-07
5416,15717328,Product Upgrade,False,2026-02-10
5417,15706223,Fee Waiver,False,2025-01-28
5418,15618816,Rate Discount,True,2026-07-07
5419,15618816,Product Upgrade,True,2026-01-23
5420,15730810,Loyalty Bonus,True,2024-10-19
5421,15783463,cashback,True,2026-01-09
5422,15783463,Loyalty Bonus,True,2025-02-19
5423,15786454,Loyalty Bonus,True,2026-05-04
5424,15766172,Rate Discount,False,"Sep 04, 2024"
5425,15690546,Rate Discount,True,2025-06-19
5426,15690546,Loyalty Bonus,False,2024-11-03
5427,15605424,Fee Waiver,True,2026-07-20
5428,15605424,Loyalty Bonus,False,2025-12-01
5429,15568449,Fee Waiver,True,2025-10-25
5430,15688085,Rate Discount,False,2024-09-08
5431,15683483,Cashback,False,2025-05-14
5432,15766667,Cashback,False,2025-07-11
5433,15624975,Fee Waiver,False,2026-07-03
5434,79358818,Product Upgrade,True,2025-11-22
5435,15746183,Cashback,False,2026-04-10
5436,15631457,Product Upgrade,True,2025-07-09
5437,15654964,Fee Waiver,False,2025-09-01
5438,15594039,Product Upgrade,True,2025-07-09
5439,15815295,Loyalty Bonus,True,2024-11-22
5440,15621818,Cashback,False,2026-05-22
5441,15652700,Rate Discount,True,2026-06-14
5442,15800583,Product Upgrade,True,2026-01-03
5443,15800583,Product Upgrade,False,2025-12-29
5444,15770214,Loyalty Bonus,True,2026-06-27
5445,15693752,Rate Discount,True,2024-12-28
5446,15693752,Product Upgrade,True,2026-08-23
5447,15657809,Loyalty Bonus,False,2025-10-14
5448,15651955,Loyalty Bonus,False,2025-07-31
5449,15651955,Product Upgrade,True,2025-07-26
5450,15640266,Cashback,True,2025-02-25
5451,15640266,Loyalty Bonus,False,2025-03-12
5452,15596074,Loyalty Bonus,False,2025-01-07
5453,15599591,Fee Waiver,True,2025-08-31
5454,15599591,Rate Discount,False,2024-10-24
5455,15694098,Loyalty Bonus,False,2025-11-24
5456,15799925,Cashback,False,2026-04-19
5457,15692575,Fee Waiver,False,2026-02-23
5458,15743149,Rate Discount,True,2024-09-13
5459,15776947,Product Upgrade,False,2026-06-26
5460,15700656,Cashback,False,2026-04-18
5461,15594515,Cashback,False,2025-01-22
5462,15787884,Rate Discount,False,2025-09-01
5463,15787884,Loyalty Bonus,False,2024-12-07
5464,15577988,Rate Discount,False,2026-05-15
5465,15577988,Product Upgrade,False,2024-11-10
5466,15795586,Product Upgrade,,2026-02-06
5467,15677739,Product Upgrade,True,2025-10-11
5468,15688868,Fee Waiver,False,2026-02-27
5469,15771222,Loyalty Bonus,True,2025-09-16
offer_5470,15605059,Loyalty Bonus,False,2025-05-03
5471,15605059,Product Upgrade,False,2025-08-06
5472,15665943,Rate Discount,False,2025-12-14
5473,15662243,Cashback,False,2025-12-13
5474,15589739,Fee Waiver,False,2025-04-11
5475,15589739,Product Upgrade,True,2025-03-09
5476,15787602,Rate Discount,True,2025-11-12
5477,15704209,Fee Waiver,False,2026-03-18
5478,15605264,Loyalty Bonus,False,2025-05-17
5479,15708265,Rate Discount,True,2024-09-19
5480,15615477,Fee Waiver,True,2025-01-29
5481,15615477,Product Upgrade,False,2025-09-28
5482,15727361,Product Upgrade,True,2024-11-25
5483,15760216,Fee Waiver,False,2026-06-13
5484,15760216,Product Upgrade,False,2024-12-06
5485,15806134,Product Upgrade,False,2025-03-02
5486,15601351,RATE DISCOUNT,True,2026-01-15
5487,15669262,Fee Waiver,True,2026-03-30
5488,15686964, Cashback ,False,2025-02-13
5489,15686964,Product Upgrade,True,2024-11-05
5490,15625035,Loyalty Bonus,False,2026-01-28
5491,15625035,RATE DISCOUNT,False,2026-06-26
5492,15605455,Fee Waiver,False,2026-01-28
5493,15605455,Fee Waiver,True,2025-12-04
5494,15680804,Rate Discount,UNKNOWN,2025-08-29
5495,15793491,Loyalty Bonus,False,2025-06-01
5496,15611171,Product Upgrade,True,2026-08-04
5497,15601627,Product Upgrade,True,2026-02-08
5498,15809309,Product Upgrade,True,2024-11-18
5499,15809309,Product Upgrade,False,2024-10-12
5500,15809462,Rate Discount,False,2025-08-01
5501,15634628,Fee Waiver,True,2025-12-13
5502,15775678,Rate Discount,True,2026-02-17
5503,15579526,Loyalty Bonus,False,2026-04-08
5504,15579526,Fee Waiver,False,2026-08-22
5505,15779103,Loyalty Bonus,True,2025-11-13
5506,15593943,Loyalty Bonus,True,2024-12-30
5507,15737814,Rate Discount,True,2025-04-02
5508,15629299,Cashback,False,2025-09-19
5509,15811927,Cashback,False,2025-06-27
5510,15811927,Product Upgrade,False,2024-11-09
5511,15665524,Rate Discount,False,2026-05-12
5512,15665524,Loyalty Bonus,False,2024-12-10
5513,15736287,Product Upgrade,NULL,2026-07-11
5514,15598536,Cashback,False,2025-12-24
5515,15664506,Loyalty Bonus,False,2026-01-09
5516,15762793,Fee Waiver,True,NULL
5517,15658067,Rate Discount,False,2026-07-04
5518,15658067,Rate Discount,False,2025-01-26
5519,15642816,Loyalty Bonus,True,2024-10-14
5520,15772618,Product Upgrade,True,2025-02-02
5521,15724453,Rate Discount,True,2024-12-18
5522,15565878,Cashback,True,2025-01-06
5523,15609160,Product Upgrade,True,2026-04-06
5524,41251522,Fee Waiver,True,2025-05-10
5525,15606849,N/A,True,2025-11-09
5526,15606849,Product Upgrade,True,2025-06-16
5527,15670738,Loyalty Bonus,True,2025-04-16
5528,15662641,Cashback,True,2024-12-07
5529,15727539,Rate Discount,True,24-01-2026
5530,15651020,Rate Discount,False,2025-01-27
5531,15673877,Cashback,True,2025-01-31
5532,15760865,Cashback,False,2025-04-20
5533,15707441,Product Upgrade,False,2025-10-07
5534,15649086,Rate Discount,True,2025-03-09
5535,15760924,Product Upgrade,True,2026-03-23
5536,15700263,Product Upgrade,False,2025-05-23
5537,15700263,Loyalty Bonus,False,2026-03-29
5538,15806922, Cashback ,True,2026-02-11
5539,15636548,Cashback,True,2026-06-22
5540,15566891,N/A,False,2025-11-20
5541,15566891,Cashback,True,2026-07-14
5542,15754012,Fee Waiver,True,2024-09-07
5543,15661433,Loyalty Bonus,True,2025-09-25
5544,15667002,Rate Discount,False,2025-07-16
5545,15667002,Fee Waiver,True,2025-05-30
5546,15784180,Loyalty Bonus,True,2025-05-08
5547,15808849,Loyalty Bonus,True,2025-10-25
5548,15751549,Loyalty Bonus,True,2026-03-01
5549,15721116,Product Upgrade,True,2026-06-04
5550,15773394,Loyalty Bonus,False,2024-09-24
5551,15766417,Product Upgrade,True,2024-10-15
5552,15622578,Product Upgrade,False,2025-01-23
5553,27342147,Fee Waiver,True,2025-09-19
5554,15799924,Cashback,False,2025-05-26
5555,15618363,Cashback,False,2026-02-09
5556,15651627,Loyalty Bonus,False,2026-04-17
5557,15679961,Rate Discount,False,2025-09-19
5558,15750396,Loyalty Bonus,False,2026-03-06
5559,15750396,Rate Discount,False,2025-07-26
5560,15679928,Product Upgrade,True,2025-02-15
5561,15711181,Product Upgrade,False,2025-10-05
5562,15698324,Fee Waiver,True,2025-12-05
5563,15807433,Rate Discount,True,2025-03-04
5564,15636590,Rate Discount,True,2024-10-09
5565,15617206,Loyalty Bonus,False,2026-04-14
5566,15742607,Product Upgrade,False,2026-05-22
5567,15809558,Cashback,True,2025-08-15
5568,15803750,Cashback,False,2025-08-26
5569,15704681,Fee Waiver,False,2026-05-30
5570,15704681,Fee Waiver,True,2025-12-03
5571,15667392,Loyalty Bonus,True,2024-10-17
5572,15667392,Rate Discount,True,2025-05-25
5573,15738889,Cashback,False,2024-11-28
5574,15598838,Loyalty Bonus,True,2025-09-10
5575,15697042,Loyalty Bonus,True,2024-12-11
5576,15697042,Product Upgrade,True,2026-05-21
5577,15705403,Fee Waiver,True,N/A
5578,15705403,Fee Waiver,True,2026-01-22
5579,15732903,Product Upgrade,False,2025-10-28
5580,15683892,Rate Discount,True,2026-07-09
5581,15569249,Product Upgrade,True,2026-03-02
5582,15689661,Loyalty Bonus,True,2024-09-16
5583,15644934,Fee Waiver,False,2024-10-14
5584,15761286,Product Upgrade,True,2026-04-15
5585,15761286,Rate Discount,False,2025-06-07
5586,15658240,Loyalty Bonus,True,2025-09-18
5587,15715643,,True,2026-04-13
5588,15644856,Fee Waiver,True,06-12-2025
5589,15644856,Fee Waiver,False,2025-12-21
5590,15785488,Fee Waiver,True,2025-09-06
5591,42614857,Rate Discount,True,2026-05-01
5592,15711571,Fee Waiver,True,2025-11-22
5593,15751180,Product Upgrade,True,2025-11-08
5594,15748360,Fee Waiver,False,2026-03-01
5595,15770039,Cashback,False,2025-08-23
5596,15685096,Fee Waiver,False,2025-08-06
5597,15669501,Rate Discount,True,2026-06-23
5598,15669501,Cashback,True,2024-10-22
5599,15586699,Loyalty Bonus,True,2025-08-22
5600,15769451,Cashback,False,2025-12-21
5601,15769451,Fee Waiver,NULL,2026-01-07
5602,15811877,Loyalty Bonus,True,2025-12-15
5603,15648725, Fee Waiver ,True,2026-04-28
5604,15681342,Cashback,True,2025-02-08
5605,15696826,Cashback,False,2026-03-24
5606,15696826,Cashback,True,2025/04/22
5607,15689061,Loyalty Bonus,True,2026-02-17
5608,15640074,Cashback,False,2025-12-13
5609,15776156,Product Upgrade,False,2026-05-10
5610,15739548,Cashback,False,2026-01-10
5611,15662854,Cashback,False,2026-08-11
5612,15715750,Cashback,False,2024-09-23
5613,15571121,Rate Discount,False,2025-08-24
5614,15660390,Product Upgrade,True,2025-02-12
5615,15660390,Cashback,True,2026-03-03
5616,15638610,,True,2025-09-25
5617,15644446,Cashback,False,2025-05-19
5618,15585892,Cashback,False,2026-05-26
5619,15609356,Loyalty Bonus,True,2026-01-29
5620,15803378,Loyalty Bonus,False,2026-02-05
5621,15803378,Cashback,True,2024-11-17
5622,15599440,Loyalty Bonus,False,2026-04-27
5623,15692408,Rate Discount,True,2025-04-29
5624,15692408,Rate Discount,False,2025-01-15
5625,15790254,Cashback,False,2025-02-19
5626,15767729,Fee Waiver,True,2024-10-22
5627,15699839,Cashback,False,2026-07-11
5628,15694530,Cashback,True,2026-03-21
5629,15714087,Fee Waiver,False,2025-02-07
5630,15711446,Fee Waiver,False,2025-08-12
5631,15748552,Product Upgrade,False,2026-07-14
5632,15672432,Fee Waiver,False,2025-12-01
5633,15672432,Product Upgrade,False,2025-06-06
5634,15610042,Product Upgrade,True,2026-01-03
5635,15610042,Fee Waiver,True,2025-04-01
5636,15580914,Rate Discount,False,2024-09-29
5637,15813718,Rate Discount,True,2025-05-25
5638,15678882,Cashback,True,2025-11-12
5639,15655658,Fee Waiver,False,2026-01-10
5640,15753591,Rate Discount,False,2024-12-25
5641,15753591,Loyalty Bonus,True,2026-05-18
5642,15617348,Rate Discount,True,2025-06-14
5643,15704581,Loyalty Bonus,False,2024-10-19
5644,15731586,Rate Discount,False,2025-01-01
5645,15757467,Cashback,False,2025-10-24
5646,15757467,Loyalty Bonus,True,2024-10-08
5647,15720529,Product Upgrade,True,2026-02-05
5648,15720529,Rate Discount,False,2025-11-20
5649,15596797,Cashback,True,2025-05-22
5650,15681755,Rate Discount,False,2026-07-24
5651,15815271,Cashback,False,2025-10-24
5652,15815271,Loyalty Bonus,False,2026-01-23
5653,15682860,Rate Discount,False,2024-12-04
5654,15682860,Product Upgrade,True,2025-06-07
5655,15705918,Loyalty Bonus,True,2025-06-05
5656,15684512,Loyalty Bonus,True,2026-05-18
5657,15706762,Fee Waiver,True,2025-01-30
5658,15766183,Cashback,False,2026-03-16
5659,15568162,Fee Waiver,True,2025-06-03
5660,15568162,Rate Discount,TRUEE,2026-04-09
5661,15680643,Cashback,True,2026-01-19
5662,15680643,Cashback,True,2025-12-30
5663,15608595,Rate Discount,True,2026-06-29
5664,15709459,Cashback,False,2024-10-11
5665,15775750,Rate Discount,True,2024-11-25
5666,15585855,Loyalty Bonus,True,2025-06-26
5667,15585855,Rate Discount,True,2026-02-01
5668,15752139,Rate Discount,True,2026-05-10
5669,15768295,Rate Discount,False,2025-06-29
5670,15766906,Rate Discount,True,2025-02-05
5671,15704081,Rate Discount,True,2025-11-23
5672,15719940,Rate Discount,False,2025-10-20
5673,15667451,Rate Discount,True,2024-09-29
5674,15636767,Product Upgrade,False,2026-07-06
5675,15571415,Rate Discount,False,2026-08-30
5676,15575605,Fee Waiver,True,2025-11-13
5677,15615832,Rate Discount,False,2025-01-07
5678,15690772,Cashback,True,2025-02-15
5679,15565714,Product Upgrade,False,2025-07-08
5680,15723884,Fee Waiver,,2025-01-22
5681,15723884,Loyalty Bonus,False,2025-12-29
5682,15644453,Rate Discount,False,2024-10-06
5683,15664793,Rate Discount,False,2025-03-08
5684,15756538,Product Upgrade,True,2025-10-05
5685,15756538,Fee Waiver,True,2026-01-01
5686,73310399,Cashback,True,2026-04-22
5687,15796569,RATE DISCOUNT,True,2024-12-30
5688,15677112,Cashback,True,2025/04/07
5689,15677112,Cashback,False,2026-06-24
5690,15597536,Cashback,False,2024-10-23
5691,15767358,Cashback,True,2026-05-09
5692,15572390,Fee Waiver, False ,2025-02-06
5693,15783859,Fee Waiver,False,2025-04-28
5694,15783859,Loyalty Bonus,False,2025-06-02
5695,15575243,Loyalty Bonus,True,2025-07-23
5696,15788776,Rate Discount,False,2024-12-30
5697,15788776,Rate Discount,False,2024-12-13
5698,15765257,Loyalty Bonus,Unknown,2026-06-19
5699,33396978,Rate Discount,True,2025-05-05
5700,15661412,Loyalty Bonus,True,2024-10-05
5701,15603683,Product Upgrade,True,2026-04-05
5702,15815443,Rate Discount,True,2026-07-18
5703,15815443,Loyalty Bonus,True,2025-11-19
5704,15697460,Loyalty Bonus, False ,2025-07-09
5705,15697460,Rate Discount,True,2024-12-29
5706,15698271,Fee Waiver,False,2025-06-06
5707,15690372,Fee Waiver,True,2025-10-14
5708,15781875,Fee Waiver,False,2025-09-23
5709,15704509,Cashback,True,2025-05-05
5710,15704509,Cashback,True,2026-03-06
5711,15694666,Product Upgrade,MAYBE,2026-03-07
5712,15694666,Product Upgrade,False,2026-03-29
5713,15728523,Rate Discount,True,
5714,15728523,Loyalty Bonus,True,2026-03-11
5715,15788442,Product Upgrade,True,2026-02-18
5716,15689781,Fee Waiver,False,2026-02-23
5717,15689781,product upgrade,False,2024-12-28
5718,15764226,Fee Waiver,True,2024-10-23
5719,15809837,Rate Discount,False,2025-02-03
5720,15809837,Rate Discount,False,2024-10-16
5721,15716082,Rate Discount,False,2025-04-10
5722,15643056,Fee Waiver,True,2026-06-16
5723,15577515,Rate Discount,True,2025-01-08
5724,15577515,Product Upgrade,False,2026-03-26
5725,15723827,Product Upgrade,False,2026-02-18
5726,15723827,Cashback,False,2024-12-04
5727,15598802,Loyalty Bonus,True,2026-06-16
5728,15598802,Fee Waiver,False,2026-03-13
5729,15699340,Loyalty Bonus,True,2025-01-08
5730,15608688,Loyalty Bonus,False,2024-11-24
5731,15608688,Loyalty Bonus,False,2025-07-28
5732,15737998,Rate Discount,False,2026-07-16
5733,15737998,Cashback,False,2026-03-05
5734,15735837,Product Upgrade,False,2025-04-18
5735,15659100,Rate Discount,True,2026-07-09
5736,15609070,Rate Discount,False,2026-08-10
5737,15609070,Fee Waiver,False,2026-03-02
5738,15745375,Product Upgrade,False,2025-12-23
5739,15745375,Rate Discount,False,2025-11-29
5740,15713983,Cashback,True,2026-07-18
5741,15709252,Loyalty Bonus,False,2024-12-31
5742,15709252,Rate Discount,False,2026-03-22
5743,15699238,Rate Discount,True,2026-02-07
5744,15732884,Rate Discount,True,2025-01-05
5745,15587297,Fee Waiver,False,2025-05-04
5746,15684722,,True,2026-07-15
5747,15621244,Fee Waiver,0,2025-02-15
5748,15744273,Fee Waiver,True,2025-11-22
5749,15682540,Rate Discount,False,2024-12-27
5750,15636521,Cashback,False,2026-03-24
5751,15654625,Product Upgrade,MAYBE,2026-05-01
5752,15697310,Loyalty Bonus,True,2026-02-07
5753,15678210,Loyalty Bonus,True,2025-11-06
5754,customer_15575438,Cashback,True,2026-02-13
5755,15621423,Cashback,False,2026-03-30
5756,15573520,Rate Discount,False,2026-08-19
5757,15573520,Cashback,False,2025-02-11
5758,15740458,Product Upgrade,False,2026-03-13
5759,15565996,Rate Discount,False,2025-04-01
5760,15565996,Loyalty Bonus,False,2025-08-15
5761,15662152,Cashback,True,2025-11-01
5762,15701885,Product Upgrade,True,2026-05-18
5763,15774262,Loyalty Bonus,True,2026-05-27
5764,15567839,Fee Waiver,True,2026-06-17
5765,15567839,Fee Waiver,False,2025-06-01
5766,15644400,Loyalty Bonus,True,2026-07-12
5767,15778290,Fee Waiver,False,2025-11-25
5768,15708714,Product Upgrade,False,2025-12-17
5769,15586183,Loyalty Bonus,True,2024-11-20
5770,15761733,Rate Discount,False,2025-07-30
5771,15705343,Fee Waiver,True,2026-08-23
5772,15705343,Product Upgrade,False,2026-06-06
5773,15593959,Rate Discount,False,2025-12-21
5774,15593959,RATE DISCOUNT,False,2025-07-13
5775,15664615,Fee Waiver,True,2024-09-02
5776,15657778,Fee Waiver,True,2025-12-08
5777,15770995,Product Upgrade,True,2025-01-01
5778,15770995,Cashback,True,2025-12-22
5779,15570990,Product Upgrade,False,2026-05-30
5780,15690153,Rate Discount,True,2025-08-20
5781,15690153,Rate Discount,True,2026-05-23
5782,15638989,Loyalty Bonus,False,2026-05-15
5783,15623210,Rate Discount,False,2025-10-01
5784,15652658,Rate Discount,True,2025-12-07
5785,15652658,Cashback,False,2026-08-04
5786,15684440,Product Upgrade,False,2026-04-18
5787,15684440,Fee Waiver,False,2025-09-22
5788,15730287,Product Upgrade,False,2025-03-20
5789,15720353,Fee Waiver,True,2025-04-10
5790,15720353,Fee Waiver,True,2025-06-04
5791,15761554,Product Upgrade,False,2024-10-22
5792,15690492,Loyalty Bonus,TRUEE,2025-04-15
5793,15694237,Cashback,False,15-12-2025
5794,15609823,Product Upgrade,True,2026-04-25
5795,15609823,Product Upgrade,True,2025-03-13
5796,15793366,Fee Waiver,Unknown,2025-02-03
5797,15566495,Rate Discount,False,2025-09-08
5798,15707602,Cashback,False,2025-04-04
5799,15805627,Product Upgrade,False,2026-03-02
5800,15805627,Rate Discount,False,2025-06-23
5801,15799785,Fee Waiver,False,2024-09-09
5802,15799785,Product Upgrade,True,2026-07-11
5803,15699963,Cashback,False,2025-05-27
5804,15699963,Cashback,False,2026-08-17
5805,15772329,Cashback,False,2024-10-05
5806,15591552,Rate Discount,True,2025-07-27
5807,15728906,Rate Discount,True,
5808,15670029,Cashback,True,2025-11-02
5809,15728010,Rate Discount,True,2026-05-06
offer_5810,15631451,Product Upgrade,True,2025-09-07
5811,15746995,Product Upgrade,True,2025-02-20
5812,15701081,Rate Discount,True,2026-08-16
5813,15585928,Rate Discount,False,2026-05-31
5814,15747757,Fee Waiver,True,2025-12-12
offer_5815,15734578,Fee Waiver,False,2025-09-14
5816,15692718,Loyalty Bonus,True,2025-07-24
5817,15692718,Fee Waiver,True,2025-05-02
5818,15587266,Cashback,False,2026-08-24
5819,15675926,Product Upgrade,False,2025-11-21
5820,15675926,Cashback,False,2025-08-10
5821,15706268,Rate Discount,True,2024-09-03
5822,15706268,Cashback,True,2026-04-17
5823,33089024,Loyalty Bonus,True,2025-01-07
5824,15666166,Product Upgrade,True,2026-01-01
5825,15680901,Cashback,False,2025-01-29
5826,15642336,Cashback,False,2025-12-24
5827,15653147,Rate Discount,False,N/A
5828,15571284,Product Upgrade,False,2025-06-28
5829,15567860,Product Upgrade,False,2025-09-29
5830,15567860,Fee Waiver,False,2025-01-21
5831,15795690,Fee Waiver,True,2026-07-04
5832,15795690,Product Upgrade,False,2025-01-21
offer_5833,15706464,Fee Waiver,True,2026-07-10
5834,15751167,Cashback,False,2024-10-02
5835,15672637,Fee Waiver,False,2025-05-28
5836,15680895,Rate Discount,False,2025-01-11
5837,15793825,Fee Waiver,True,2026-05-06
5838,customer_15696361,Fee Waiver,False,2026-04-02
5839,15607988,Product Upgrade,True,2026-05-03
5840,15789865,Product Upgrade,False,2026-06-19
5841,15788224,Loyalty Bonus,True,2026-06-30
5842,15702149,Cashback,True,2025-01-26
5843,15708236,Cashback,False,2026-03-12
5844,15568469,Fee Waiver,True,2025-05-22
5845,15794204,Product Upgrade,True,2024-10-26
5846,15807546,RATE DISCOUNT,False,2025-07-23
5847,15782159,Fee Waiver,False,2024-10-10
5848,15740487,Product Upgrade,False,2024-11-08
5849,15583067,Rate Discount,False,2025-08-29
5850,15811690,Product Upgrade,True,2025-12-21
5851,15734008,Fee Waiver,True,2026-02-26
5852,15734008,Cashback,True,2025-02-11
5853,15771856,Product Upgrade,False,2024-12-09
5854,15762045,Product Upgrade,True,2026-01-08
5855,15762045,Product Upgrade,True,2025-03-21
offer_5856,15689268,Loyalty Bonus,False,2026-08-19
5857,15689268,Rate Discount,True,2026-03-28
5858,15750476,Product Upgrade,True,2026-06-11
5859,15810723,Loyalty Bonus,True,2026-07-21
5860,15810723,Rate Discount,False,2024-09-21
5861,15787229,Cashback,False,2025-11-03
5862,15570508,Rate Discount,False,2026-03-29
5863,15570508,Product Upgrade,True,2025-01-29
5864,15689786,Fee Waiver,False,2026-07-15
5865,15648876,Loyalty Bonus,True,2025-10-19
5866,15795527,Rate Discount,False,2025-10-24
5867,15759133,Cashback,yes,2025-12-19
5868,15801072,Cashback,False,2025-05-29
5869,15801072,Cashback,True,2026-05-08
5870,15646082,Product Upgrade,False,2025-07-14
5871,15796111,Fee Waiver,True,2025-09-06
5872,15796111,Cashback,False,2025-07-13
5873,15670646,Fee Waiver,False,2025-12-10
5874,15670646,Rate Discount,2,2025-11-09
5875,15815095,Loyalty Bonus,False,2025-10-09
5876,15815095,Loyalty Bonus,True,2025-01-11
5877,15730360,Loyalty Bonus,False,2024-10-03
5878,15567834,Rate Discount,False,2025-04-07
5879,15720644,Rate Discount,False,2025-12-29
5880,15811742,Product Upgrade,TRUEE,2026-03-28
5881,15811742,Rate Discount,False,2024-11-27
5882,15713160,Rate Discount,False,2025-09-01
5883,15568878,Product Upgrade,True,2026-08-06
5884,15809800,Loyalty Bonus,False,2025-05-19
5885,15736420,Fee Waiver,True,2026-05-23
5886,15623072,Rate Discount,False,2025-03-26
5887,15683993,Loyalty Bonus,True,2024-12-26
5888,15683993,Fee Waiver,False,2024-12-03
5889,15570947,Loyalty Bonus,True,2025-04-26
5890,15570947,Cashback,True,2025-08-08
5891,15591035,Product Upgrade,False,2026-03-12
5892,15586479,Cashback,False,2025-09-27
5893,15605872,Rate Discount,False,2026-05-12
5894,15666012,Loyalty Bonus,True,2024-11-21
5895,15666012,Loyalty Bonus,False,2025-02-24
5896,15641733,Cashback,False,2025-03-21
5897,15593178,Product Upgrade,False,2024-10-20
5898,15649183,product upgrade,True,2025-11-02
5899,15751137,Fee Waiver,True,2025-01-12
5900,15757188,Product Upgrade,False,2025-05-28
5901,15726167,Product Upgrade,True,2026-07-17
5902,15717700,Fee Waiver,True,2025-01-15
5903,15717700,Cashback,True,2025-09-21
5904,15716347,Fee Waiver,UNKNOWN,2026-02-07
5905,15592999,Loyalty Bonus,False,2024-11-28
5906,15641715,Fee Waiver,False,2025-04-03
5907,15641715,Rate Discount,True,2026-08-16
5908,15573077,Fee Waiver,True,2026-02-28
5909,15735106,Loyalty Bonus,True,2024-10-10
5910,15664083,Cashback,True,2026-04-18
5911,15808023, Fee Waiver ,True,2026-01-28
5912,15808023,Product Upgrade,False,2026-03-23
5913,15676909,Fee Waiver,False,2025-11-21
5914,15766734,Product Upgrade,False,2025-10-14
5915,15766734,Fee Waiver,True,2024-11-19
5916,15795079,Rate Discount,False,2024-11-17
5917,15757434,Product Upgrade,True,2024-12-14
5918,15757434,Rate Discount,False,2025-10-29
5919,27622855,Loyalty Bonus,False,2025-09-10
5920,15603565,Fee Waiver,False,2024-10-28
5921,15744044,Loyalty Bonus,True,2026-08-25
5922,15802071,Fee Waiver,False,2026-03-23
5923,15677395,Loyalty Bonus,False,2026-04-22
5924,15677395,Rate Discount,False,2025-04-03
5925,15704315, Loyalty Bonus ,True,2026-04-07
5926,customer_15688059,Rate Discount,False,2025-04-04
5927,15688059,Cashback,False,2026-04-06
5928,15752344,Cashback,True,2025-04-24
5929,15752344,Product Upgrade,False,2026-02-04
5930,15698749,Fee Waiver,False,2025-07-09
5931,15698749,Loyalty Bonus,True,2025-07-24
5932,15631693,cashback,True,2025-07-28
5933,15802869,Cashback,True,2025-05-03
5934,15736533,Product Upgrade,False,2026-04-13
5935,15736533,Loyalty Bonus,True,2025-10-31
5936,15647191,Loyalty Bonus,True,2025-10-18
5937,15765487,Fee Waiver,True,2025-09-07
5938,15765487,Fee Waiver,True,2026-02-01
5939,15692430,Cashback,False,2025-04-02
5940,15692430,Loyalty Bonus,True,2025-12-31
5941,15625501,Product Upgrade,False,2026-05-24
5942,15625501,Unknown,False,2025-08-27
5943,15640521,Rate Discount,False,2025-05-14
5944,15664720,Fee Waiver,True,2026-08-03
5945,15644878,Fee Waiver,False,2025-12-28
5946,15761047,Loyalty Bonus,True,2026-08-18
5947,15671293,Loyalty Bonus,False,2024-10-18
5948,15671293,Rate Discount,False,2025-01-28
5949,15671534,Loyalty Bonus,False,2025-07-27
5950,15671534,Cashback,False,2025-11-27
5951,15676156,Cashback,False,2026-06-24
5952,15812918,Loyalty Bonus,False,2026-01-06
5953,15812918,Fee Waiver,True,2025-11-01
5954,15604130,Cashback,True,2026-04-19
5955,15604130,Cashback,True,2026-07-22
5956,15707042,Rate Discount,True,2025-03-30
5957,15605276,Product Upgrade,False,2024-09-12
5958,15630592,Fee Waiver,False,2025-01-30
5959,15740411,Product Upgrade,True,2026-01-08
5960,15593834,Loyalty Bonus,True,2025-09-13
5961,15804235,Rate Discount,True,2025-02-13
5962,15673907,Loyalty Bonus,False,2026-07-18
5963,15636562,Cashback,False,2026-04-20
5964,15702571,Fee Waiver,no,2025-11-01
5965,15702571,Cashback,False,2025-09-01
5966,15748499,Cashback,True,2025-02-16
5967,15598614,Cashback,True,
5968,15800049,Cashback,True,2025-02-06
5969,15583724, Fee Waiver ,True,2025-08-18
5970,15645571,Fee Waiver,True,2025-06-24
5971,15586174,Rate Discount,True,2025-08-02
5972,15586174,Rate Discount,True,2025-04-15
5973,15803682,Fee Waiver,True,2026-06-21
5974,15803682,Loyalty Bonus,True,2024-12-05
5975,15627328,Loyalty Bonus,True,2025-11-21
5976,15602456,Loyalty Bonus,True,2024-11-03
5977,15602456,Cashback,True,2026-04-22
5978,15721569,Loyalty Bonus,True,2025-09-19
5979,15573798,Cashback,True,2026-01-09
5980,15638272,Rate Discount,False,2024-10-23
5981,15599152,Product Upgrade,True,2026-04-19
5982,15646190,Cashback,False,2025-06-18
5983,15646190,Loyalty Bonus,False,2025-07-23
5984,15711249,Cashback,True,2024-10-15
5985,15711249,Fee Waiver,False,2025-10-14
5986,15778589,Fee Waiver,True,2025-10-03
5987,15778589,Fee Waiver,True,2026-05-05
5988,18576444,Cashback,False,2025-02-20
5989,48450245,Cashback,False,2026-04-15
5990,15646563,Fee Waiver,False,2025-08-04
5991,15687765,Loyalty Bonus,True,2024-11-18
5992,15703177,Product Upgrade,False,2026-01-16
5993,15660263,Product Upgrade,False,2024-10-29
5994,15776545,Cashback, False ,2026-05-29
5995,15776545,Product Upgrade,False,2025-01-04
5996,15589541,Product Upgrade,False,2025-06-16
5997,15608804,Product Upgrade,False,2026-07-23
5998,15645820,Product Upgrade,False,2024-10-29
5999,15790113,Product Upgrade,True,2025-05-30
6000,15652289,Rate Discount,False,2026-05-14
6001,15652048,Cashback,False,2026-08-10
6002,15587038,Rate Discount,False,2025-06-14
6003,15580366,Cashback,TRUEE,2025-03-12
6004,15580366,Product Upgrade,True,2025-05-02
6005,15657228,Loyalty Bonus,1,2025-06-30
6006,15657228,Fee Waiver,2,2025-11-09
6007,15686913,Loyalty Bonus,False,2025-10-15
6008,15632275,Product Upgrade,False,2024-10-04
6009,15632275,Rate Discount,False,2025-03-04
6010,15764841,Fee Waiver,False,2026-02-05
6011,15764841,Loyalty Bonus,True,2026-04-23
6012,15748649,Product Upgrade,True,2026-06-06
6013,15771409,cashback,False,2026-07-20
6014,15611189,Cashback,False,2026-03-28
6015,15611189,Cashback,False,2026-01-15
6016,15733602,Product Upgrade,False,2024-10-04
6017,15733602,Cashback,True,2026-06-10
6018,15770406,Rate Discount,True,2025-12-31
6019,15770406,Fee Waiver,False,2025-04-11
6020,15611409,Fee Waiver,False,2026-03-07
6021,15611409,Product Upgrade,False,2025-01-06
6022,15646535,Product Upgrade,True,2025-12-02
6023,15575430,Fee Waiver,False,2024-09-15
6024,15706602,Rate Discount,False,2025-12-03
6025,15592773,Product Upgrade,2,2025-04-29
6026,15786539,Unknown,True,2026-05-31
6027,15786539,Product Upgrade,UNKNOWN,2025-06-14
6028,15737542,Cashback,False,2025-05-15
6029,15773776,Rate Discount,False,2026-08-18
6030,15773776,Rate Discount,False,2025-02-12
6031,15728082,Rate Discount,True,2025-12-27
6032,15609987,Rate Discount,True,2024-12-16
6033,15735330,Loyalty Bonus,True,2025-12-27
6034,15649430,Fee Waiver,False,2025-12-19
6035,15768777,Cashback,False,2025-05-26
6036,customer_15777893,Product Upgrade,False,2026-01-20
6037,15777893,Loyalty Bonus,False,2025-09-01
6038,15615176,Rate Discount,False,2025-06-12
6039,15735221,Loyalty Bonus,True,2025-11-12
6040,15658504,Rate Discount,False,2026-02-25
6041,15785705,Fee Waiver,False,2025-01-28
6042,15801817,Cashback,True,2025-11-27
6043,15801817,Fee Waiver,True,2025-07-14
6044,15781574,Product Upgrade,True,2026-01-03
6045,15792107,Rate Discount,False,2026-04-16
6046,15792107,Cashback,True,2025-08-19
6047,15569917,Loyalty Bonus,False,2026-04-02
6048,15721504,Loyalty Bonus,False,2026-03-02
6049,15757306,Cashback,True,2024-12-02
6050,15647295,Product Upgrade,True,2025-09-24
6051,15642098,Cashback,False,2026-08-03
6052,15675176,Rate Discount,True,2025-07-27
6053,15782089,Cashback,MAYBE,2025-03-24
6054,15782089,Rate Discount,True,2025-05-30
6055,15732943,Loyalty Bonus,False,2024-11-26
6056,15809909,Loyalty Bonus,True,2025-04-08
6057,15642448,Product Upgrade,False,2026-01-15
6058,15791944,Fee Waiver,False,2026-04-11
6059,15768342,Product Upgrade,False,04-10-2025
6060,15768342,Fee Waiver,False,2025-11-11
6061,66014172,Rate Discount,True,2025-10-02
6062,15781975,Product Upgrade,False,2026-07-10
6063,15643574,Product Upgrade,True,2026-06-07
6064,15643574,Loyalty Bonus,True,2025-06-23
6065,15580579,Rate Discount,True,2026-02-14
6066,15600027,Cashback,True,2026-05-24
6067,15620832,Product Upgrade,True,2025-08-28
6068,15620832,Product Upgrade,False,2024-09-16
6069,15748691,Product Upgrade,True,2025-10-26
6070,15713250,Cashback,False,2025-12-17
6071,15794868,Loyalty Bonus,True,2024-12-08
6072,15794868,Loyalty Bonus,True,08/12/2024
6073,15693382,Product Upgrade,False,2024-12-04
6074,15712483,Rate Discount,True,2024-09-15
6075,15712483,Product Upgrade,False,2025-05-26
6076,15710138,Product Upgrade,True,2025-02-15
6077,15710138,Cashback,True,2025-04-25
6078,15571571,Fee Waiver,True,2026-07-20
6079,15571571,Fee Waiver,True,2025-07-08
6080,15638751,Fee Waiver,False,2024-11-08
6081,15598574,Cashback,True,2026-05-19
6082,15796787,Cashback,True,2024-09-25
6083,15796787,Rate Discount,True,2024-09-23
6084,15615670,Loyalty Bonus,True,2026-01-08
6085,15705506,Loyalty Bonus,False,2025-11-28
6086,15768449,Fee Waiver,False,2024-10-02
6087,15768449,Fee Waiver,False,2024-09-10
6088,15611682,Fee Waiver,MAYBE,2025-08-21
6089,15749964,Rate Discount,True,2026-07-18
6090,15678779,Cashback,False,2026-01-01
6091,15678779,Loyalty Bonus,True,2026-08-28
6092,15796413,Fee Waiver,True,2024-12-02
6093,15812470,Fee Waiver,True,2025-08-23
6094,15689692,Cashback,False,2026-04-06
6095,15667588,Cashback,False,2025-08-26
6096,15667588,Fee Waiver,True,2024-10-16
6097,15624423,Loyalty Bonus,True,2025-07-29
6098,15748986,Fee Waiver,False,2025-07-01
6099,15793896,Cashback,True,2026-08-18
6100,15727811,Fee Waiver,False,2025-09-14
6101,15707681,Fee Waiver,False,2025-06-25
6102,15702030,Rate Discount,False,2025-05-21
6103,15673238,Fee Waiver,False,2024-10-11
6104,15673238,Loyalty Bonus,False,2025-08-28
6105,15604196,Loyalty Bonus,True,2026-05-25
6106,15604196,Fee Waiver,True,2025-09-22
6107,15769356,Product Upgrade,False,2025-02-10
6108,15665590,Rate Discount,False,2025-02-28
6109,15572361,Loyalty Bonus,True,2025-04-10
6110,15667460,Loyalty Bonus,False,2025-04-22
6111,15667460,Product Upgrade,False,2025-07-23
6112,15613673,Fee Waiver,True,2025-01-03
6113,15698522,Rate Discount,True,2026-06-18
6114,15741633,Cashback,True,2024-09-13
6115,15674583,Rate Discount,True,2026-07-12
6116,15674583,Fee Waiver,False,2025-09-26
6117,15810716,Rate Discount,False,2025-04-26
6118,15569394,Product Upgrade,True,2025-06-03
6119,15788215,Rate Discount,False,2026-08-01
6120,15594651,Product Upgrade,True,2025-12-02
6121,15575146,Fee Waiver,False,2026-01-24
6122,15608916,Rate Discount,True,2025/11/13
6123,15608916,Product Upgrade,True,2024-10-12
6124,15666297,Rate Discount,False,2026-07-04
6125,15598586,Product Upgrade,True,2026-08-12
6126,15652667,Loyalty Bonus,True,2026-08-19
6127,15813192,Product Upgrade,False,2025-03-09
6128,15611794,Product Upgrade,True,2024-10-04
6129,15711759,Rate Discount,False,2025-01-27
6130,15699294,Cashback,True,2024-10-14
6131,15788634,Rate Discount,True,2025-05-25
6132,15618258,Fee Waiver,True,2026-02-18
6133,15690169,Cashback,False,2026-04-04
6134,15690169,Fee Waiver,True,2025-07-26
6135,15790689,Loyalty Bonus,True,2025-06-19
6136,15808223,Loyalty Bonus,True,2026-06-09
6137,15769980,Fee Waiver,True,17/01/2025
6138,15675450,Product Upgrade,False,2025-01-28
6139,15776494,Cashback,False,2025-04-06
6140,15776494,Fee Waiver,False,2024-11-09
6141,15692258,Product Upgrade,False,2025-01-14
6142,15692258,Product Upgrade,True,2026-03-22
6143,15791045,Rate Discount,True,2025-08-27
6144,15791045,Fee Waiver,False,2025-03-19
6145,15602043,Rate Discount,False,2025-09-20
6146,15629985,Rate Discount,False,2025-02-20
6147,79527038,Loyalty Bonus,True,2026-03-19
6148,15679453,Product Upgrade,False,2026-06-03
6149,15637315,Fee Waiver,True,2025-02-04
6150,15637315,Fee Waiver,False,2025-09-09
6151,15691513,Product Upgrade,True,2026-02-13
6152,15691513,Cashback,False,2026-01-19
6153,15622289,Rate Discount,True,2026-01-13
6154,15702801,Cashback,True,2026-01-18
6155,15719931,Product Upgrade,False,2026-01-05
6156,15719931,Product Upgrade,False,2026-05-09
6157,15806081,Cashback,True,2026-06-18
6158,15647306,Rate Discount,False,2025-05-26
6159,15655859,Product Upgrade,False,2025-08-28
6160,15655859,Cashback,True,2026-04-30
6161,15675650,Cashback,True,2025-05-12
6162,15574119,Loyalty Bonus,True,2025-05-13
6163,15763029,Cashback,False,25-06-2025
6164,15763029,Product Upgrade,False,2024-10-21
6165,15582129,,True,2026-02-16
6166,15787196,Loyalty Bonus,False,2026-02-06
6167,15775433,Loyalty Bonus,False,2024-09-12
6168,15775433,Product Upgrade,True,2025-07-24
6169,15700693,Product Upgrade,True,2026-04-19
6170,15673591,Cashback,False,2025-01-10
6171,15757617,Fee Waiver,False,2026-07-03
6172,15757617,Loyalty Bonus,False,2025-07-16
6173,15593622,Product Upgrade,False,2026-03-09
6174,15593622,Fee Waiver,False,2025-08-06
6175,15629273,Rate Discount,False,2026-08-04
6176,15566563,Loyalty Bonus,False,2025-11-11
6177,15689952,Fee Waiver,True,2026-02-01
6178,15571940,Cashback,False,2024-10-23
6179,15806822,Rate Discount,True,2026-01-25
6180,15806822,Rate Discount,True,2025-11-05
6181,15628308,Loyalty Bonus,True,2026-03-06
6182,15628308,Cashback,False,2026-05-15
6183,15585287,Cashback,False,2025-09-24
6184,15781619,Loyalty Bonus,True,2025-06-20
offer_6185,15781619,Cashback,False,2026-08-26
6186,15805162,Fee Waiver,False,2025-10-17
6187,15805162,Rate Discount,False,2025-08-21
6188,15775307,Product Upgrade,True,2024-11-29
6189,15775307,Fee Waiver,False,2024-09-07
6190,15777616,Loyalty Bonus,True,2025-11-29
6191,15692291,Product Upgrade,True,2025-02-24
6192,15680843,Rate Discount,True,2025-12-22
6193,15641585,Loyalty Bonus,True,2024-11-17
6194,15684358,Cashback,False,2024-10-27
6195,15806389,Fee Waiver,N/A,2026-02-05
6196,15806389,Cashback,False,2025-01-14
6197,15814237,Rate Discount,True,2024-11-09
6198,15767064,Product Upgrade,True,2026-03-31
6199,15767064,Product Upgrade,True,2026-03-14
6200,15751177, Cashback ,False,2025-02-19
6201,15647259,Cashback,False,2025-11-02
6202,15748660,Rate Discount,False,2025-04-20
6203,15726695,Rate Discount,True,2024-12-30
6204,15726695,Fee Waiver,False,21/07/2025
6205,15757473,Rate Discount,False,2025-01-10
6206,15757473,Rate Discount,True,2026-04-11
6207,15715512,Fee Waiver,True,2025-09-09
6208,15614168,Rate Discount,False,2025-10-02
6209,15614168,Loyalty Bonus,False,2025-09-07
6210,15679818,Loyalty Bonus,False,2025-02-06
6211,15609928,Loyalty Bonus,True,2025-06-29
6212,15731246,Fee Waiver,False,2026-08-28
6213,15638730,Rate Discount,True,2025-02-01
6214,15697034,NULL,True,2026-07-07
6215,15677387,Rate Discount,MAYBE,2024-11-20
6216,15759184,Cashback,True,2025-10-20
6217,15681332,Loyalty Bonus,False,2025-01-15
6218,15681332,Loyalty Bonus,,2026-02-27
6219,15750547,Loyalty Bonus,True,2026-03-13
6220,15566380,Loyalty Bonus,False,2025-10-14
6221,15674671,Cashback,False,2025-05-25
6222,15613197,Product Upgrade, True ,2026-05-02
6223,15798885,Cashback,False,2025-01-07
6224,15714883,Loyalty Bonus,True,2025-12-07
6225,15604497,Cashback,False,2025-04-02
6226,15773949,Rate Discount,True,2024-11-27
6227,15774127,Cashback,False,2025-06-28
6228,15795759,Rate Discount,False,2026-02-19
6229,15798844,Product Upgrade,True,2025-07-01
6230,15798844,Loyalty Bonus,False,2025-08-11
6231,15691504,Loyalty Bonus,True,2025-04-16
6232,15693893,Cashback,False,2024-09-26
6233,15750410,Cashback,False,2025-04-26
6234,15568904,Fee Waiver,False,2026-01-27
6235,15649033,Rate Discount,False,2026-07-12
6236,10818954,Rate Discount,False,2026-08-17
6237,15687852,Loyalty Bonus,True,06-09-2026
6238,15687852,Rate Discount,False,2024-09-17
6239,15695280,Rate Discount,True,2026-03-03
6240,15735784,Product Upgrade,False,2025-02-19
6241,15735784,Fee Waiver,False,2026-05-04
6242,15629128,Product Upgrade,False,2024-11-13
6243,15642870,Product Upgrade,True,2024-10-24
6244,15600792,Fee Waiver,True,2025-02-08
6245,15600792,Fee Waiver,False,2025-11-12
6246,15576131,Product Upgrade,False,2026-01-13
6247,15576131,Product Upgrade,False,2025-03-24
6248,15761018,Cashback,True,2025-04-27
6249,15616029,Cashback,False,2026-01-19
6250,15761149,Rate Discount,True,2025-04-24
6251,15647838,Product Upgrade, False ,2025-04-13
6252,15647838,cashback,False,2025-05-07
6253,15735968,Rate Discount,False,2026-02-20
6254,15581286,Loyalty Bonus,False,2025-07-16
6255,15625445,Product Upgrade,True,2026-08-21
6256,15600173,Cashback,True,2026-08-25
6257,15797165,Fee Waiver,False,2025-06-24
6258,15797165,Fee Waiver,True,2026-07-20
6259,15788189,Product Upgrade,False,2026-03-13
6260,15788189,Product Upgrade,False,2026-04-14
6261,15678497,Rate Discount,False,2026-05-02
6262,15678497,Product Upgrade,False,2026-06-24
6263,15588560,Product Upgrade,True,2024-12-12
6264,15588560,Fee Waiver,False,2025-01-27
6265,15606003,Rate Discount,True,2026-01-07
6266,15611756,Cashback,True,2024-11-09
6267,15611756,Product Upgrade,True,2026-07-14
6268,15789563,Cashback,False,2025-11-18
6269,15702416,Loyalty Bonus,True,2025-04-12
6270,15702416,Cashback,True,2026-05-29
6271,15667633,Product Upgrade,False,"Apr 07, 2025"
6272,15622774,Fee Waiver,True,2024-09-17
6273,15622774,Product Upgrade,False,2026-03-07
6274,15755416,Cashback,True,2025-06-14
6275,15679663,Rate Discount,True,2025-06-11
6276,15596379,Product Upgrade,True,2025-10-17
6277,15663808,Loyalty Bonus,True,2025-03-09
6278,15598521,Cashback,True,2026-05-17
6279,15621457,Product Upgrade,True,2025-12-24
6280,15621457,Rate Discount,False,2025-02-26
6281,15646374,Product Upgrade,False,2025-09-07
6282,15589948,Fee Waiver,True,2026-07-30
6283,15589948,Cashback,True,2024-12-04
6284,15594436,Rate Discount,True,28/11/2024
6285,15666453,Fee Waiver,False,2026-05-02
6286,15693771,Rate Discount,False,2025-08-25
6287,15711602,Cashback,False,2025-01-25
6288,15717736,Unknown,False,2025-09-25
6289,15717736,Loyalty Bonus,True,2026-08-13
6290,15750441,Loyalty Bonus,True,NULL
6291,15732791,Rate Discount,True,2026-02-06
6292,15775104,Cashback,False,2025-06-30
6293,15757607,Cashback,False,2025-06-15
6294,15760456,Product Upgrade,False,2025-06-24
6295,15760456,Cashback,True,2026-08-23
6296,15665385,Rate Discount,NULL,2026-05-10
6297,15612418,Loyalty Bonus,False,2025-01-22
6298,15612418,Loyalty Bonus,True,2025-04-27
6299,15727138,Product Upgrade,True,2026-08-13
6300,15732061,Loyalty Bonus,False,2024-09-19
6301,15616530,Cashback,False,2025-03-04
6302,15744979,Cashback,True,2025-05-04
6303,15718572,Fee Waiver,False,2025-10-24
6304,15665783,Loyalty Bonus,True,2025-06-25
6305,15652782,Rate Discount,False,2026-06-16
6306,15652782,Rate Discount,False,2025-04-05
6307,15707025,Rate Discount,False,2026-03-29
6308,15707025,Rate Discount,False,2025-12-13
6309,15718281, Loyalty Bonus ,False,2025-01-03
6310,15718281,Cashback,False,2026-05-18
6311,15639252,Fee Waiver,False,2025-02-20
6312,15639252,Product Upgrade,False,2025-05-17
6313,15628144,Product Upgrade,True,2024-12-10
6314,15653275,Fee Waiver,False,2024-12-04
6315,15613962,Cashback,True,2025-07-26
6316,15618437,Cashback,False,2025-08-01
6317,15783338,Fee Waiver,True,2026-06-03
6318,15783338,Loyalty Bonus,True,2025-03-23
6319,15764491,Cashback,False,2026-01-08
6320,15712960,Rate Discount,True,2025-05-03
6321,15688157,Fee Waiver,True,2026-04-06
6322,15579287,Rate Discount,True,2025-10-14
6323,15615177,Loyalty Bonus,False,2026-03-15
6324,15809906,Product Upgrade,False,2026-08-23
6325,15652169,Fee Waiver,True,Unknown
6326,15649450,Loyalty Bonus,True,2026-03-18
6327,15649450,Fee Waiver,False,2024-11-09
6328,15777179,Cashback,False,2026-06-25
6329,15803538,Loyalty Bonus,False,2026-08-22
6330,15803538,Loyalty Bonus,False,2025-11-08
6331,15610936,Fee Waiver,False,2025-05-26
6332,15590094,Cashback,False,2026-05-31
6333,15572706,Product Upgrade,True,2026-06-27
6334,15572706,Product Upgrade,False,2025-01-30
6335,15684296,Rate Discount,True,2024-11-08
6336,15642099,Product Upgrade,True,2025-07-17
6337,15642099,Fee Waiver,True,2026-01-20
6338,15773273,Product Upgrade,False,2024-12-04
6339,15732644,Product Upgrade,True,2025-04-19
6340,15732644,Fee Waiver,False,2024-10-19
6341,15713426,Fee Waiver,False,2025-02-26
6342,15713426,Fee Waiver,True,2026-04-01
6343,15751227,Rate Discount,False,2024-10-22
6344,15751227,Fee Waiver,False,2025-04-26
6345,15616088,Product Upgrade,True,2025-01-03
6346,15587311,Cashback,False,2025-04-06
6347,15807305,Loyalty Bonus,True,2025-01-08
6348,15628008,Cashback,True,2026-04-21
6349,15583755,Cashback,False,29/09/2024
6350,15583755,Product Upgrade,False,2025-12-13
6351,15774250,Loyalty Bonus,True,2025-02-08
6352,15774250,Cashback,True,2026-01-01
6353,15654870,Rate Discount,False,2025-09-18
6354,15790448,Cashback,False,2025-06-28
6355,15617486,Fee Waiver,False,2026-03-13
6356,15806796,Rate Discount,True,2026-04-30
6357,15622305,Product Upgrade,True,2026-08-11
6358,15622305,Loyalty Bonus,False,2026-05-23
6359,15608209,Fee Waiver,False,2026-01-10
6360,15626898,Fee Waiver,True,2024-11-07
6361,15644297,Product Upgrade,False,2026-07-29
6362,15731569,Cashback,False,2026-02-27
6363,15686999,Loyalty Bonus,False,2024-11-23
6364,15623630,Product Upgrade,True,2026-07-28
6365,15774316,Rate Discount,True,2026-01-09
6366,15695097,Loyalty Bonus,False,2025-09-05
6367,15636812,Loyalty Bonus,True,2025-04-23
6368,15636812,Cashback,True,2025-02-08
6369,15712068,Loyalty Bonus,True,2024-10-23
6370,15652030,Product Upgrade,True,2024-10-24
6371,15756848,Cashback,False,2024-09-23
6372,15756848,Product Upgrade,True,2025-05-10
6373,15806929,Loyalty Bonus,True,2025-02-12
6374,15794356,Product Upgrade,False,2025-05-21
6375,15588341,Loyalty Bonus,True,2025-10-28
6376,15709142,Rate Discount,True,2026-01-13
6377,15627042,Product Upgrade,True,2025-07-08
6378,15627517,Cashback,False,"Mar 30, 2025"
6379,15803032,Fee Waiver,MAYBE,2025-06-13
6380,15665129,Loyalty Bonus,False,2024-12-18
6381,15628272,Fee Waiver,True,2025-12-25
6382,15678206,Loyalty Bonus,True,2026-05-19
6383,15678427,Loyalty Bonus,True,2026-07-21
6384,15605827,Loyalty Bonus,False,2025-02-02
6385,15643635,Fee Waiver,True,2025-10-15
6386,15643635,fee waiver,False,2025-09-30
6387,15754494,Product Upgrade,False,2026-05-12
6388,15754494,Product Upgrade,False,2024-12-06
6389,15713440,Rate Discount,,2025-01-25
6390,15803479,Product Upgrade,False,2025-12-27
6391,15601719,Rate Discount,False,2026-01-25
6392,15772482,Loyalty Bonus,True,2026-03-21
6393,15772482,Loyalty Bonus,False,2025-10-20
6394,15591489,Fee Waiver,True,2025-07-08
6395,15591489,Fee Waiver,True,2026-05-07
6396,15753895,Loyalty Bonus,False,2025-12-23
6397,15753895,Loyalty Bonus,UNKNOWN,2025-06-02
6398,15595426,Product Upgrade,False,2025-06-21
6399,15645815,Cashback,True,2024-11-21
6400,15703068,Cashback,False,2024-09-16
6401,15791513,Product Upgrade,True,2025-12-24
6402,15791513,Fee Waiver,False,2025-11-12
6403,15587210,Loyalty Bonus,True,03-10-2025
6404,15723437,Product Upgrade,False,2024-10-18
offer_6405,15809872,Fee Waiver,True,2025-10-02
6406,15644295,Product Upgrade,True,2024-11-16
6407,15778694, Rate Discount ,True,2025-11-23
6408,15759555,,False,2026-04-21
6409,15759555,Cashback,True,2025-10-10
6410,15771154,Fee Waiver,True,2025-08-10
6411,15697691,Loyalty Bonus,True,2025-12-20
6412,15697691,Cashback,True,2025-10-29
6413,15665180,Fee Waiver,False,2025-01-13
6414,15752588,Rate Discount,True,2025-03-07
6415,15743051,Product Upgrade,True,2025-04-16
6416,15571873,Loyalty Bonus,True,2025-08-28
6417,15679743,Rate Discount,True,2024-09-17
6418,15679743,Rate Discount,True,2026-06-12
6419,15732113,Loyalty Bonus,True,2025-10-05
6420,15732113,Product Upgrade,True,2024-12-25
6421,15578141,Cashback,False,
6422,15576526,Cashback,False,2026-07-18
6423,15576526,Loyalty Bonus,True,2026-02-06
6424,15733705,Fee Waiver,True,2026-02-28
6425,15807221,Cashback,False,2025-01-15
6426,15573045,Fee Waiver,True,2025-08-17
6427,15573045,Loyalty Bonus,False,2025-06-11
6428,15773520,Cashback,False,2025-03-12
6429,15627439,Cashback,False,2026-03-11
6430,15701439,Cashback,False,2025-01-29
6431,15616525,Fee Waiver,False,2025-02-12
6432,15717489,Rate Discount,False,2025-03-02
6433,15795737,Product Upgrade,True,2024-12-19
6434,15795737,Fee Waiver,True,19-07-2025
6435,15693877,Fee Waiver,True,2025-05-03
6436,15595713,Rate Discount,False,2026-08-23
6437,15708193,Fee Waiver,True,2025-04-27
6438,15800524,Fee Waiver,True,2026-07-18
6439,15800524,Loyalty Bonus,False,2025-06-21
6440,15686236,Product Upgrade,False,2025-04-18
6441,15659807,Fee Waiver,True,2026-03-10
6442,15736078,Fee Waiver,False,2025-11-30
6443,15736078,Product Upgrade,False,2025-09-18
6444,15620836,Rate Discount,False,2026-03-10
6445,15620836, Loyalty Bonus ,True,2025-06-16
6446,15717643,Cashback,0,2025-04-19
6447,15717643,Fee Waiver,UNKNOWN,2024-09-22
6448,15776596,Product Upgrade,UNKNOWN,2026-02-27
6449,15776596,Cashback,False,2026-07-29
6450,15814757,Fee Waiver,False,2024-10-18
6451,15748882,Cashback,False,2025-07-31
6452,15690829,Rate Discount,False,2025-10-30
6453,15690829,Product Upgrade,True,2025-05-10
6454,15695819,Product Upgrade,False,2026-04-17
6455,15688849,Rate Discount,False,2025-09-14
6456,15688849,Fee Waiver,True,2026-08-23
6457,15789557,Fee Waiver,True,2026-05-01
6458,15745250,Cashback,False,2026-06-06
6459,15745250,Loyalty Bonus,False,2026-05-30
6460,15766552,Rate Discount,False,2025-10-24
6461,15668775,Loyalty Bonus,True,2026-08-22
6462,15757895,Rate Discount,False,2026-01-28
6463,15774551,Cashback,True,2025-12-25
6464,15774847,Cashback,False,2025-07-23
6465,15623357,Fee Waiver,True,2024-12-09
6466,15623357,Fee Waiver,True,2024-09-27
6467,15601324,Fee Waiver,True,2026-03-12
6468,15715510,Fee Waiver,False,2025-11-25
6469,15597957,RATE DISCOUNT,True,2025-09-20
6470,15584620,Cashback,True,2026-03-12
6471,15750772,Cashback,True,2026-01-12
6472,15706557,Fee Waiver,False,2026-05-13
6473,15594391,Cashback,True,2024-12-06
6474,15661656,Rate Discount,False,2024-09-25
6475,15631217,Cashback,False,2026-05-28
6476,15758252,Fee Waiver,False,2026-01-26
6477,15805413,Product Upgrade,False,2025-02-14
6478,15655232,Cashback,False,2026-04-30
6479,15751524,Cashback,False,2024-10-31
6480,34469191,Product Upgrade,True,2025-08-04
6481,15670552,Loyalty Bonus,False,2025-02-28
6482,15670552,Fee Waiver,True,2025-07-24
6483,15623966,Fee Waiver,False,2025-04-25
6484,15752193,Product Upgrade,True,2026-04-16
6485,15700752,Cashback,False,2024-12-18
6486,15700752,Fee Waiver,True,2025-08-31
6487,15777901,Product Upgrade,False,2025-07-11
6488,15639117,Fee Waiver,False,2025-08-31
6489,15639117,Rate Discount,False,2025-06-21
6490,15586236,Rate Discount,False,2024-11-24
6491,15676645,Cashback,True,2025-09-30
6492,15608956,Product Upgrade,True,2025-03-01
6493,15608956,Fee Waiver,True,2026-02-07
6494,15602647,Rate Discount,True,2024-11-17
6495,15623063,Rate Discount,False,2024-11-30
6496,15682928,Product Upgrade,True,2024-10-09
6497,99037668,Fee Waiver,True,2026-02-11
6498,15588928,Product Upgrade,True,2026-08-09
6499,15607485,Cashback,False,2025-08-30
6500,15761783,Product Upgrade,True,2026-05-09
6501,15716605,Fee Waiver,True,2025-11-08
6502,15716605,Rate Discount,True,2026-08-23
6503,15588580,Cashback,True,2025-10-06
6504,15588580,Cashback,False,2025-01-24
6505,15770539,Fee Waiver,True,2025-07-06
6506,15770539,Fee Waiver,True,2025-12-17
6507,15752502,Fee Waiver,True,2025-05-20
6508,15752502,Loyalty Bonus,True,2026-05-13
6509,15775108,Product Upgrade,False,2025-12-15
6510,15775108,Product Upgrade,True,2026-03-07
6511,15600086,Fee Waiver,False,2026-07-04
6512,15572777,Loyalty Bonus,True,2026-02-20
6513,15585106,Product Upgrade,False,2025-10-31
6514,15585106,Loyalty Bonus,True,2025-10-07
6515,15738936,Loyalty Bonus,True,2025-11-14
6516,15738936,Cashback,False,2026-05-12
6517,15750970,Fee Waiver,False,2025-04-17
6518,15725772,Loyalty Bonus,True,2025-02-03
6519,15791533,Product Upgrade,True,2025-06-24
6520,15791533,Product Upgrade,False,2024-11-03
6521,15715715,Loyalty Bonus,True,2025-08-05
6522,15798834,Cashback,False,2026-05-19
6523,customer_15798834,Cashback,True,2025-10-25
6524,15615352,Cashback,True,2026-06-12
6525,15647333,Product Upgrade,True,2025-09-16
6526,15572050,Fee Waiver,False,2026-01-29
6527,15572050,Cashback,False,2025-12-03
6528,15581370,Product Upgrade,False,2024-10-12
6529,15813503,Rate Discount,False,2024-11-25
6530,15793135,Loyalty Bonus,False,2024-09-04
6531,15599182,Product Upgrade,False,2024-10-05
6532,15588859,Loyalty Bonus,False,2026-06-14
6533,15732293,Rate Discount,False,2024-10-26
6534,15623525,Loyalty Bonus,True,2024-10-10
6535,15610711,Fee Waiver,True,2025-10-16
6536,15576077,Fee Waiver,False,2025-03-07
6537,15576077,Cashback,True,2026-04-03
6538,15643378,Rate Discount,True,2025-05-20
6539,15643378,Rate Discount,False,2026-07-27
6540,15566790,Fee Waiver,True,2026-04-20
6541,15566790,Fee Waiver,False,2025-06-22
6542,15774402,Rate Discount,True,2025-07-02
6543,15812356,Cashback,False,2026-01-19
6544,15644179,Loyalty Bonus,True,2025-08-15
6545,15759480,Loyalty Bonus,False,2025-07-05
6546,15759480,Rate Discount,True,2026-05-08
6547,15587712,Cashback,False,2025-03-18
6548,15620746,Fee Waiver,True,2025-01-26
6549,15706537,Fee Waiver,True,2026-01-03
6550,15798532,Loyalty Bonus,False,2026-06-29
6551,15614936,Loyalty Bonus,True,2026-04-05
6552,15588566,Cashback,True,2025-06-19
6553,15570141,Rate Discount,False,2026-06-24
6554,15800793,Fee Waiver,True,2025-02-20
6555,15800793,Product Upgrade,False,2024-12-16
6556,15635125,Product Upgrade,True,2025-01-04
6557,15635125,Product Upgrade,False,2025-04-18
6558,15636551,Fee Waiver,N/A,2025-05-12
6559,15636551,Rate Discount,False,2025-04-13
6560,15650266,Cashback,True,2026-02-19
6561,15635500,Product Upgrade,False,2025-03-29
6562,15607560,Loyalty Bonus,False,2024-10-13
6563,15774358,Rate Discount,False,2026-01-29
6564,15804142,Loyalty Bonus,False,2026-02-26
6565,15804142,Rate Discount,False,2026-07-22
6566,15608845,Rate Discount,True,2025-12-25
6567,15702434,Cashback,False,2025-05-05
6568,15632609,Product Upgrade, False ,2025-05-19
6569,15603550,Loyalty Bonus,False,2025-01-31
6570,15732704,Rate Discount,True,2024-10-22
6571,15732704,Cashback,True,2025-07-02
6572,15589019,Cashback,True,2024-12-03
6573,15589019,Cashback,True,2025-05-13
6574,15760177,product upgrade,True,2026-04-28
6575,15636595,Loyalty Bonus,True,2026-05-15
6576,15737275,Cashback,True,2026-02-08
6577,15672905,Loyalty Bonus,True,2026-01-14
6578,64967498,Cashback,False,2026-06-08
6579,15592451,Rate Discount,True,2026-01-18
6580,15592451,Loyalty Bonus,True,2025-11-14
6581,15572174,Cashback,True,2025-03-28
6582,customer_15569626,Rate Discount,False,2025-07-02
6583,15608726,Rate Discount,2,2025-04-29
6584,15778049,RATE DISCOUNT,False,2025-02-06
6585,15778049,Rate Discount,True,2026-08-24
6586,15688865,Cashback,True,2026-03-24
6587,15751032,Loyalty Bonus,False,2024-09-30
6588,15734737,Product Upgrade,True,2026-04-26
6589,15734737,Product Upgrade,True,2024-09-02
6590,15746515,Cashback,False,2026-05-21
6591,15746515,Loyalty Bonus,False,2026-07-15
6592,15664311,Fee Waiver,True,2026-01-05
6593,15708139,Rate Discount,False,2025-05-05
6594,15708139,Loyalty Bonus,False,2026-03-07
6595,15768574,Fee Waiver,False,2025-11-12
6596,15627830,Cashback,True,2024-10-20
6597,15570855,Fee Waiver,True,2026-08-05
6598,15772503,Rate Discount,True,2025-09-23
6599,15772503,Fee Waiver,True,2026-08-10
6600,15710111,Loyalty Bonus,False,2025-02-03
6601,15618562,Rate Discount,False,2026-02-27
6602,15618562,Product Upgrade,False,2025-10-28
6603,15706764,Rate Discount,True,2025-10-01
6604,15798737,Cashback,True,2025-04-17
6605,15798737,Cashback,True,2025-02-22
6606,15636736,Loyalty Bonus,False,2025-09-29
6607,15636736,Fee Waiver,False,2024-11-24
6608,15669805,Cashback,False,2024-09-08
6609,15737489,Cashback,True,2026-02-17
6610,15775131,Product Upgrade,False,2026-05-14
6611,15775131,Loyalty Bonus,True,2026-05-28
6612,15765283,Cashback,False,2026-04-23
6613,15745716,Product Upgrade,True,2026-02-11
6614,15598485,Product Upgrade,True,2025-01-16
6615,15696552,Cashback,True,2025-09-26
6616,15754569,Product Upgrade,True,2026-05-15
6617,15701741,Cashback,False,2025-09-30
6618,15636069,Fee Waiver,False,2024-11-06
6619,15636069,Cashback,True,2025-12-04
6620,15682467,Product Upgrade,UNKNOWN,2025-12-18
6621,15682467,Fee Waiver,True,2025-11-06
6622,15790744,Loyalty Bonus,True,2025-05-01
6623,15625023,Rate Discount,False,2025-12-26
6624,15731267,Product Upgrade,False,2025-10-14
6625,40628112,Loyalty Bonus,False,2026-02-13
6626,15742879,Product Upgrade,True,2026-03-05
6627,15757015,Fee Waiver,False,2025-06-14
6628,15569430,Rate Discount,True,2024-09-09
6629,15617304,Product Upgrade,False,2025-07-05
6630,15617304,Rate Discount,True,2026-04-26
6631,95301981,Rate Discount,True,2026-07-07
6632,15664681,Loyalty Bonus,True,2026-06-07
6633,15605534,Fee Waiver,False,2025-02-06
6634,15605534,Product Upgrade,False,2026-03-01
6635,94269202,Loyalty Bonus,False,2025-08-07
6636,15802625,Cashback,True,2025-07-05
6637,15802625,Rate Discount,False,2025-12-15
6638,15762172,Fee Waiver,False,2025-09-18
6639,15762172,Product Upgrade,True,2025-07-01
6640,15792868,Rate Discount,True,2025-05-08
6641,15605698,Product Upgrade,False,2025-02-03
6642,15605698,Loyalty Bonus,False,2025-04-08
6643,15626243,Rate Discount,False,2025-12-25
6644,15719898,Loyalty Bonus,True,2025-08-01
6645,15589698,Rate Discount,False,2026-08-06
6646,15750121,Rate Discount,True,2026-04-10
6647,15734177,Cashback,True,2024-11-06
6648,15781347,Cashback,True,2026-06-30
6649,15781347,Product Upgrade,False,2025-01-15
6650,15592025,Product Upgrade,True,2025-11-28
6651,15624343,Fee Waiver,True,2025-07-09
6652,15602354,Cashback,False,2026-06-07
6653,15579183,Fee Waiver,True,2025-12-13
6654,15579183,Cashback,False,2025-10-22
6655,15584899,Cashback,True,2026-04-01
6656,15723658,Product Upgrade,TRUEE,2026-08-04
6657,15723658,Cashback,False,2025-05-25
6658,15803965,Fee Waiver,False,04-19-2026
6659,15813645,Rate Discount,False,2024-10-24
6660,15766787,Product Upgrade,True,2025-08-14
6661,15766787,Loyalty Bonus,True,2024-10-04
6662,15687171,Rate Discount,True,2025-06-29
6663,15687171,Fee Waiver,False,N/A
6664,15690744,Loyalty Bonus,True,2024-11-21
6665,15814772,Product Upgrade,True,2025-12-31
6666,15568519,Cashback,True,2025-04-02
6667,15792453,Loyalty Bonus,True,2025-09-23
6668,15695197,Product Upgrade,True,2026-06-03
6669,15695197,Loyalty Bonus,False,2025-01-24
6670,15749807,Cashback,True,2026-07-04
6671,15591698,Cashback,False,2025-02-07
6672,15796230,Cashback,,2025-11-10
offer_6673,15611729,Fee Waiver,False,2025-01-25
6674,15709531,Fee Waiver,True,2026-08-16
6675,15709531,Fee Waiver,False,2025-11-02
6676,15641413,,True,2025-02-06
6677,15753840,Rate Discount,False,2026-04-25
6678,15669994,Product Upgrade,False,2025-07-15
6679,15695301,Product Upgrade,False,2025-01-05
6680,15792004,Cashback,False,2025-03-01
6681,15792004,Product Upgrade,True,2025-02-07
6682,15577107,Cashback,N/A,2024-09-20
6683,15577107,Cashback,False,2025-11-21
6684,15751912,Cashback,True,2025-03-10
6685,15812422,Product Upgrade,False,2026-01-06
6686,15812422,Rate Discount,False,2026-04-29
6687,15806941,Loyalty Bonus,True,2025-05-13
6688,15807107,Loyalty Bonus,True,2024-12-20
6689,15807107,Rate Discount,False,2025-08-16
6690,15661034,Rate Discount,True,2026-04-17
6691,15811958,Fee Waiver,False,2026-08-04
6692,15785167,Product Upgrade,False,2024-11-14
6693,15646720,Cashback,False,2025-01-16
6694,15658614,Cashback,False,2025-05-04
6695,15704657,Loyalty Bonus,False,15-02-2025
6696,15701319,Loyalty Bonus,False,2025-06-06
6697,15764314,Fee Waiver,True,2026-01-16
6698,15612594,Product Upgrade,False,2025-07-25
6699,15649297,Loyalty Bonus,True,2026-08-17
6700,15641110,Loyalty Bonus,True,2024-11-01
6701,15660608,Rate Discount,False,2026-04-26
6702,15660608,Loyalty Bonus,True,2025-04-07
6703,15715345,Cashback,True,2025-11-28
6704,15715345,Fee Waiver,False,NULL
6705,15755521,Product Upgrade,False,2025-10-12
6706,15755521,Loyalty Bonus,False,2026-02-01
6707,15579074,Cashback,False,2025-02-02
6708,15752507,Product Upgrade,False,2025-02-01
6709,15586069,Cashback,True,2025-10-18
6710,15655082,Cashback,False,2026-02-05
6711,15720155,Fee Waiver,False,2026-07-05
offer_6712,15720155,Product Upgrade,False,2025-06-02
6713,15582116,Cashback,False,2026-06-24
offer_6714,15632069,Fee Waiver,False,2025-09-25
6715,15632069,Rate Discount,True,2025-07-12
6716,15663134,Cashback,False,2025-05-25
6717,15766683,Rate Discount,False,2024-09-24
6718,15707219,Fee Waiver,True,2025-07-30
6719,15709232,Loyalty Bonus,False,2025-08-19
6720,15709232,Cashback,True,2024-12-20
6721,15801351,Rate Discount,False,2025-12-11
6722,15675626,Fee Waiver,False,2026-04-21
6723,15675626,Cashback,True,2026-02-01
6724,15583736,Rate Discount,True,2025-05-11
6725,15609913,Cashback,False,2025-01-08
6726,15609913,Cashback,False,2025-05-23
6727,15719479,Product Upgrade,False,2025-10-01
6728,15719479,Rate Discount,True,2025-07-27
6729,15751771,Loyalty Bonus,False,2024-11-19
6730,15751771,Fee Waiver,True,2025-07-27
6731,15731026,Loyalty Bonus,False,2026-07-19
6732,81229965,Cashback,True,2025-11-21
6733,15743076,cashback,False,2024-09-03
6734,15706799,Loyalty Bonus,False,2025-10-29
6735,15642636,Cashback,True,2026-02-01
6736,15642636,Cashback,False,2026-04-23
6737,15704651,Product Upgrade,False,2025-01-26
6738,15566735,Loyalty Bonus,True,2024-11-27
6739,15566735,Product Upgrade,True,2024-10-03
6740,15681671,Fee Waiver,False,2025-01-03
6741,15582519,Rate Discount,False,2026-01-15
6742,15658233,Fee Waiver,True,2025-10-11
6743,15658233,Cashback,True,2024-12-23
6744,15605072,Rate Discount,False,2025-10-25
6745,15617538,Product Upgrade,False,2026-01-19
6746,15591428,Loyalty Bonus,True,2025-12-16
6747,15692142,Cashback,False,2026-01-12
6748,15692931,Loyalty Bonus,False,2025-02-13
6749,15781127,Fee Waiver,False,2025-12-21
6750,15781127,Fee Waiver,N/A,2025-10-22
6751,49879535,Product Upgrade,True,2026-02-01
6752,15567897,Fee Waiver,True,
6753,15678333,Product Upgrade,False,2025-03-23
6754,15678333,Loyalty Bonus,True,2025-03-22
6755,15792627,Cashback,True,2026-03-18
6756,15625716,Loyalty Bonus,False,2025-08-28
6757,15625716,Product Upgrade,True,2025-01-11
6758,15710053,Cashback,True,2025-03-20
6759,15580043,Loyalty Bonus,False,2026-07-17
6760,15601410,Cashback,False,2025-10-29
6761,15684669,Cashback,False,2026-07-05
6762,15728542,Rate Discount,TRUE,2025-09-13
6763,15760063,Product Upgrade,True,2025-09-26
6764,15760063,Product Upgrade,False,2026-03-26
6765,15658982,product upgrade,False,2026-01-25
6766,15568164,Fee Waiver,True,2026-06-18
6767,15772383,Loyalty Bonus,False,2024-10-11
6768,15667456,Rate Discount,True,2026-06-19
6769,15672983,Cashback,False,2024-10-09
6770,15582847,Loyalty Bonus,False,2025-06-16
6771,15612478,Loyalty Bonus,False,2025-09-15
6772,15802009,Cashback,True,2024-09-28
6773,15802009,Loyalty Bonus,True,2024-09-11
6774,15574830,Rate Discount,False,2025-09-03
6775,15574830,Cashback,False,2026-08-02
6776,15603082,Cashback,False,2025-09-02
6777,15597591,Loyalty Bonus,True,10-25-2025
6778,15756655,Loyalty Bonus,False,2024-12-09
6779,15601012,Loyalty Bonus,False,2025-10-26
6780,15724269,NULL,True,2025-01-11
6781,15567506,Rate Discount,False,2026-03-13
6782,15794360,Rate Discount,True,2026-06-26
6783,15794360,Loyalty Bonus,False,2025-01-27
6784,15686538,Cashback,False,2025-12-19
6785,15585985,Product Upgrade,True,07-26-2026
6786,15804104,Product Upgrade,False,2025-05-20
6787,15727619,Cashback,False,2025-12-30
6788,15740237,Rate Discount,True,2025-10-20
6789,15649359,Rate Discount,True,2025-01-26
6790,15649359,Cashback,True,2026-08-02
6791,15624892,Product Upgrade,False,2026-01-24
6792,15784918,Fee Waiver,False,2024-10-18
6793,15584785,Product Upgrade,True,2024-12-05
6794,15584785,Product Upgrade,True,2025-04-29
6795,15794101,Rate Discount,False,2025-06-04
6796,15743245,Fee Waiver,False,2025-02-27
6797,15743245,Fee Waiver,False,2024-12-18
6798,15605215,Fee Waiver,False,2024-12-24
6799,15605215,Cashback,True,2026-05-11
6800,15771749,Product Upgrade,False,2025-06-14
6801,32615326,Loyalty Bonus,False,2026-02-27
6802,15770091,Fee Waiver,False,2026-01-15
6803,15716420,Product Upgrade,False,2025-07-28
6804,15716420,Cashback,False,2024-10-18
6805,15740602,Cashback,False,2026-08-19
6806,15811389,Fee Waiver,True,2025-04-03
6807,15671800,Cashback,False,2025-05-03
6808,15671800,Product Upgrade,False,2024-10-04
6809,15619892,Product Upgrade,True,2025-11-23
6810,15567778,Product Upgrade,True,2026-05-18
6811,15711750,Product Upgrade,False,2024-09-06
6812,15768945,Cashback,False,2026-07-12
6813,15586931,Fee Waiver,False,2024-11-08
6814,15623858,Fee Waiver,False,2025-05-22
6815,15623858,Fee Waiver,True,2025-05-29
6816,15703354,Rate Discount,True,2025-11-05
6817,15676576,Product Upgrade,False,2024-10-21
6818,15800068,Rate Discount,True,2026-06-09
6819,15648030,Fee Waiver,False,2025-04-30
6820,15648030,Fee Waiver,True,2025-04-12
6821,15668594,Cashback,False,2024-10-10
6822,15728709,Loyalty Bonus,True,2025-03-12
6823,15728709,Cashback,False,2024-12-20
6824,15724181,Fee Waiver,True,2025-01-20
6825,15724181,Product Upgrade,True,2025-06-04
6826,15647546,Cashback,False,2025-05-08
6827,15702601,Product Upgrade,False,2025-06-19
6828,15702601,Cashback,True,2024-12-08
6829,15686957,Product Upgrade,True,2026-03-28
6830,15806546,Fee Waiver,False,2026-06-19
6831,15806546,Loyalty Bonus,False,2025-10-22
6832,15632850,Fee Waiver,False,2024-12-15
6833,15638068,,True,2026-04-12
6834,15749345,Product Upgrade,False,2026-02-20
6835,15791321,Rate Discount,True,2026-01-30
6836,15638329,Fee Waiver,False,2025-02-14
6837,15575445,Product Upgrade,True,2025-07-28
6838,15744913,Loyalty Bonus,False,2024-10-01
6839,15647292,Rate Discount,False,2025-01-08
6840,15728838,Cashback,False,2025-10-03
6841,15584704,Cashback,False,2025-12-27
6842,15622985,Product Upgrade,False,2025-12-30
6843,15587676,Rate Discount,True,2024-11-18
6844,15587676,Fee Waiver,False,19-04-2025
6845,15733460,Unknown,True,2025-12-27
6846,15795290,Product Upgrade,True,2026-02-02
6847,15611223,Product Upgrade,True,2025-06-22
6848,15690175,Cashback,False,2026-07-01
6849,15722599,Rate Discount,False,2025-06-14
6850,15722599,Loyalty Bonus,False,2025-01-24
6851,15801915,Unknown,True,2026-07-12
6852,15801915,Cashback,True,2026-07-08
6853,15580213,Product Upgrade,False,2025-07-19
6854,15715888,Loyalty Bonus,False,2026-04-30
6855,15737047,Product Upgrade,True,2025-06-04
6856,15737047,Cashback,False,2025-03-28
6857,15649457,Loyalty Bonus,False,2026-05-02
6858,15649457,Product Upgrade,False,2024-12-11
6859,customer_15637829,Product Upgrade,False,2025-10-26
6860,15633194,Loyalty Bonus,False,2026-02-19
6861,15633194,Fee Waiver,True,2025-08-06
6862,15611635,,True,2026-04-06
6863,15638774,Rate Discount,True,2026-04-10
6864,15638774,Cashback,True,2025-08-03
6865,15672930,Cashback,True,2025-05-07
6866,15672930,Fee Waiver,False,2026-06-22
6867,15668774,Cashback, False ,2025-06-29
6868,15780966,Fee Waiver,True,2025-07-31
6869,15780966,Loyalty Bonus,True,2025-09-23
6870,15659694,Cashback,False,2024-11-16
6871,15659694,Fee Waiver,False,2025-05-02
6872,15624424,Loyalty Bonus,True,2026-01-10
6873,15624424,Cashback,True,2024-11-16
6874,15647570,Cashback,True,2026-05-18
6875,15647570,Rate Discount,False,2024-11-14
6876,15684348,fee waiver,True,2024-10-18
6877,15684348,Fee Waiver,False,2024-09-26
6878,15748920,Cashback,False,09-01-2026
6879,15748920,Cashback,True,2025-01-09
6880,15643215,Loyalty Bonus,False,2025-11-01
6881,15643215,Fee Waiver,True,2024-12-19
6882,15649060,Loyalty Bonus,False,2025-06-26
6883,15649060,Cashback,True,2025-04-07
6884,15780716,Fee Waiver,False,2025-03-12
6885,15809515,Fee Waiver,False,2025-04-12
6886,15789924,Rate Discount,True,2025-08-11
6887,15789924,Fee Waiver,True,2025-08-25
6888,15672481,Loyalty Bonus,False,2024-12-21
6889,15672481,Cashback,True,2025-02-23
6890,15574115,Product Upgrade,True,2025-12-30
6891,15665879,Loyalty Bonus,True,2026-06-21
6892,15665879,Fee Waiver,True,2025-10-27
6893,15673820,Loyalty Bonus,True,2024-12-24
6894,15747772,Product Upgrade,True,2026-05-29
6895,15747772,Product Upgrade,True,2025-01-25
6896,15666197,Product Upgrade,True,2026-01-03
6897,15666197,Cashback,False,2026-02-21
6898,15581893,Fee Waiver,True,2025-09-23
6899,15581893,Product Upgrade,False,2025-03-02
6900,15672447,Cashback,False,2025-05-15
6901,15577598,Loyalty Bonus,False,2025-01-28
6902,15786042,Loyalty Bonus,True,2025-06-02
6903,15786042,Fee Waiver,True,2025-12-13
6904,15656141,Loyalty Bonus,True,2026-02-18
6905,15656141,Fee Waiver,True,2025-01-26
6906,15608701,Cashback,False,2026-04-09
6907,15632967,Product Upgrade,False,2025-06-28
6908,15611365,Fee Waiver,False,2025-08-30
6909,15749103,Loyalty Bonus,False,2026-06-14
6910,15810203,Loyalty Bonus,True,2024-11-17
6911,15605673,Loyalty Bonus,True,
6912,15669282,Rate Discount,False,2026-03-02
6913,15669282,Loyalty Bonus,True,2026-04-16
6914,15683053,Product Upgrade,False,2025-01-27
6915,15632736,Cashback,True,2025-01-24
6916,15632736,Loyalty Bonus,True,2025-07-21
6917,15760450,Product Upgrade,True,2026-04-24
6918,15787204,Product Upgrade,True,2025-06-29
6919,15573730,Loyalty Bonus,True,2026-04-29
6920,15573730,Product Upgrade,True,2026-04-03
6921,15705050,Fee Waiver,True,2024-12-05
6922,15791342,Loyalty Bonus,False,2026-03-10
6923,15791342,Rate Discount,False,2024-11-16
6924,15684316,Cashback,True,2025-06-25
6925,15684316,Rate Discount,False,2025-11-30
6926,15700540,Product Upgrade,False,2025-02-13
6927,15790594,Cashback,True,2025-07-02
6928,15637599,Rate Discount,False,2026-03-18
6929,15727291,Loyalty Bonus,True,2024-10-01
6930,15785920,Loyalty Bonus,True,2026-07-23
6931,15687719,NULL,True,2025-04-10
6932,15799641,Fee Waiver,False,2026-08-28
6933,15758702,Loyalty Bonus,False,2025-09-10
6934,15758702,Product Upgrade,True,2024-12-18
6935,15689526,Rate Discount,False,2026-06-13
6936,15689526,Cashback,False,2025-08-01
6937,15707637,Loyalty Bonus,False,2024-10-27
6938,15639265,Loyalty Bonus,N/A,2026-08-16
6939,15753092,Loyalty Bonus,False,2026-06-21
6940,15746338,Product Upgrade,True,2025-04-21
6941,15783097,Cashback,False,2024-11-03
6942,12276257,Product Upgrade,True,2026-08-18
6943,15724764,Cashback,True,2025-08-15
6944,15756167,Rate Discount,False,2025-01-11
6945,15756167,Cashback,True,2026-05-01
6946,15659092,Fee Waiver,False,2024-10-01
6947,15742116,Product Upgrade,False,2025-03-27
6948,15801994,Cashback,False,2026-05-29
6949,15801994,Rate Discount,True,2024-12-17
6950,15644551,Rate Discount,True,2024-10-31
6951,15709135,Cashback,True,2025-08-29
6952,15709135,Product Upgrade,True,2025-12-09
6953,15595350,Product Upgrade,True,2024-10-31
6954,15595350,Fee Waiver,True,2025-12-14
6955,15804064,Product Upgrade,False,2025-06-23
6956,15717770,Rate Discount,False,2026-05-04
6957,15717770,Rate Discount,False,2025-08-26
6958,15754443,Loyalty Bonus,False,2024-09-26
6959,15737408,Loyalty Bonus,True,2026-02-09
6960,15750837,Fee Waiver,False,2025-01-24
6961,15750837,Rate Discount,True,2025-04-25
6962,15576022,Cashback,True,2026-08-15
6963,15576022,Product Upgrade,True,2024-09-04
6964,15635502,Rate Discount,False,2026-06-13
6965,15627298,Loyalty Bonus,False,2025-01-02
6966,15811415,Fee Waiver,True,2026-08-23
6967,15645059,Fee Waiver,True,2026-01-31
6968,15689671,Product Upgrade,True,2024-09-11
6969,15689671,Product Upgrade,False,2024-11-03
6970,15803202,Loyalty Bonus,False,2026-07-21
6971,15803202,Rate Discount,False,2024-09-15
6972,15593683,Cashback,True,2025-09-20
6973,15711687,Product Upgrade,True,2024-09-06
6974,15711687,Fee Waiver,False,2026-06-28
6975,15656592,Cashback,False,2026-06-17
6976,15634373,Loyalty Bonus,True,2026-08-14
6977,15634373,Loyalty Bonus,True,2025-02-16
6978,15711386,Loyalty Bonus,True,2026-05-07
6979,15713599,Cashback,False,2025-12-31
6980,15744770,Product Upgrade,True,2025-01-20
6981,15624397,Fee Waiver,False,2026-06-18
6982,15615219,Product Upgrade,True,2025-01-16
6983,15615219,Rate Discount,False,2024-10-16
6984,15570908,Cashback,True,2026-06-12
6985,98965793,Fee Waiver,False,2025-09-05
6986,15661827,Product Upgrade,False,2025-01-18
6987,15746035,Rate Discount,False,2025-12-20
6988,15691906,Loyalty Bonus,False,2025-01-03
6989,15793424,Fee Waiver,True,2026-02-23
6990,15793424,Cashback,False,2024-11-15
6991,15667216,Product Upgrade,False,2026-08-20
6992,15673971,Loyalty Bonus,False,2026-08-05
6993,15635531,Product Upgrade,True,2024-09-19
6994,15720110,Cashback,True,2025-05-14
6995,15619045,Cashback,True,2026-01-13
6996,15619045,Cashback, False ,2025-05-08
6997,15784923,Fee Waiver,True,2025-05-18
6998,15567383,Rate Discount,TRUEE,2026-08-16
6999,15567383,Fee Waiver,True,2026-03-17
7000,15732621,Rate Discount,False,2026-02-07
7001,15738088,Loyalty Bonus,False,2025-03-21
7002,15765173,Cashback,False,2026-07-06
7003,15638159,Product Upgrade,True,2025-12-13
7004,15677310,Cashback,False,2025-12-24
7005,15646262,Fee Waiver,True,2026-03-14
7006,15656901,Cashback,False,2025-11-23
7007,15656901,Loyalty Bonus,False,2025-06-03
7008,15621093,Fee Waiver,True,2025-03-11
7009,15592123,Product Upgrade,True,2026-04-11
7010,15602934,Fee Waiver,False,2025-11-19
7011,15602934,Rate Discount,False,2025-09-21
7012,15812720,Cashback,True,2025-04-20
7013,customer_15761606,Fee Waiver,True,2024-12-30
7014,15761606, Rate Discount ,False,2025-08-08
7015,15751628,Rate Discount,False,2026-06-13
7016,15809057,Fee Waiver,False,2024-12-28
7017,15801293,Rate Discount,False,06-01-2025
7018,15770968,Rate Discount,True,2026-05-26
7019,15770968,Fee Waiver,False,2026-08-17
7020,15603247,Product Upgrade,False,2026-01-02
7021,15691792,Cashback,True,2026-05-29
7022,15691792,Product Upgrade,True,2024-11-24
7023,15783276,Fee Waiver,False,2025-05-28
7024,15783276,Product Upgrade,True,2025-08-23
7025,15766137,Rate Discount,False,2025-05-14
7026,15766137,Loyalty Bonus,True,2026-03-05
7027,15578671,Rate Discount,False,2024-09-08
7028,15716608,Fee Waiver,True,2024-09-28
7029,15690670,Loyalty Bonus,False,2026-05-22
7030,15690670,Fee Waiver,False,2025-10-18
7031,15630466,Loyalty Bonus,True,2025-11-04
7032,15630349,Product Upgrade,False,2025-07-03
7033,15803801,Cashback,False,N/A
7034,15606115,Loyalty Bonus,True,2025/05/24
7035,15606115,Fee Waiver,False,2024-11-03
7036,15714642,Loyalty Bonus,True,2025-09-24
7037,15741181,Cashback,True,"Oct 26, 2025"
7038,15741181,Loyalty Bonus,False,2025-05-04
7039,15773973,Fee Waiver,MAYBE,2025-09-22
7040,15598940,Rate Discount,True,2025-05-17
7041,15624993,Loyalty Bonus,True,2025-11-29
7042,15624993,Cashback,False,2026-08-21
7043,15760568,Fee Waiver,False,2025-09-03
7044,15699047,Loyalty Bonus,False,2025-04-02
7045,15616168,Rate Discount,False,2024-12-24
7046,15616168,Product Upgrade,False,2026-01-21
7047,15710034,Cashback,False,2026-07-25
7048,15710034,Loyalty Bonus,False,2025-03-03
7049,15800806,Fee Waiver,False,2026-02-11
7050,15800806,Cashback,True,2024-09-20
7051,15790750,Loyalty Bonus,True,2026-01-23
7052,15714832,Product Upgrade,False,2025-09-19
7053,15673929,Loyalty Bonus,True,2026-04-11
7054,15752388,Cashback,True,2026-05-01
7055,15570194,Cashback,True,2026-08-29
7056,15580149,Rate Discount,False,2025-10-28
7057,15580149,Rate Discount,True,2026-05-15
7058,15777708,Loyalty Bonus,True,2026-01-21
7059,15645593,Rate Discount,False,2025-11-07
7060,15645593,Product Upgrade,False,2026-07-23
7061,15765345,Loyalty Bonus,True,2025-07-08
7062,15809736,Rate Discount,False,2026-05-05
7063,15731148,Rate Discount,False,
7064,15774328,Fee Waiver,True,2025-02-12
7065,15774328,Rate Discount,True,2025-07-31
7066,15610226,Rate Discount,True,2025-08-23
7067,15616270,Loyalty Bonus,False,2025-04-20
7068,15790717,Product Upgrade,True,2026-02-27
7069,15635703,Loyalty Bonus,False,2026-05-17
7070,15630244,Loyalty Bonus,True,2025-06-06
7071,15630244,Rate Discount,,2026-05-30
7072,15590201,Loyalty Bonus,False,2026-06-01
7073,15590201,Cashback,True,2024-10-05
7074,98998525,Rate Discount,True,2025-01-19
7075,15630857,Loyalty Bonus,False,2024-11-25
7076,15689953,N/A,True,2025-03-13
7077,15689953,Loyalty Bonus,False,2026-02-21
7078,15668009,Fee Waiver,True,2025-04-24
7079,15743456,Cashback,False,2026-07-04
7080,15725762,N/A,True,2026-08-02
7081,15769246,Loyalty Bonus,True,
7082,15599124,Product Upgrade,True,2024-12-25
7083,15810995,Loyalty Bonus,False,2025-01-23
7084,15653773,Cashback,True,2026-02-24
7085,15708357,Fee Waiver,False,2025-07-14
7086,15699524,Rate Discount,True,2024-10-30
7087,15699524,Product Upgrade,False,2024-09-07
7088,15768120,Loyalty Bonus,True,2025-01-04
7089,15696371,Fee Waiver,False,2026-05-23
7090,15603764,Rate Discount,True,2026-06-07
7091,15618647,Rate Discount,True,2025-04-23
7092,15614643,Cashback,False,2025-09-02
7093,15707696,Loyalty Bonus,False,2026-04-18
7094,15707696,Product Upgrade,False,2024-10-23
7095,15749583,Product Upgrade,False,2025-09-03
7096,10059890,Rate Discount,False,2024-09-13
7097,15815125,Loyalty Bonus,False,2026-05-17
7098,15788723,Fee Waiver,False,2025-06-05
7099,15739476,Rate Discount,True,2025-07-29
7100,15612670,Fee Waiver,False,2025-09-25
7101,15612670,Cashback,True,2025-02-02
7102,15658972,Fee Waiver,False,2025-09-22
7103,15724691,Cashback,True,2026-02-06
7104,15677939,Fee Waiver,True,2024-12-18
7105,15611599,Cashback,False,2026-03-03
7106,15611599,Rate Discount,False,2025-05-01
7107,15671973,Fee Waiver,False,2025-05-20
7108,15790019,Fee Waiver,False,2026-01-15
7109,15790019,Cashback,True,2025-03-20
7110,15737735,Rate Discount,False,2026-01-12
7111,15661745,Product Upgrade,True,2026-06-26
7112,15710671,Product Upgrade,True,2025-12-15
7113,15656522,Product Upgrade,True,2024-12-23
7114,15656522,Fee Waiver,False,2025-01-23
7115,15705085,Loyalty Bonus,False,2025-03-09
7116,15744873,Product Upgrade,False,2025-04-18
7117,15744873,Product Upgrade,False,2026-05-27
7118,15781914,Fee Waiver,True,2026-06-08
7119,15637354,Fee Waiver,True,2025-11-12
7120,15637354,Loyalty Bonus,True,2025-02-15
7121,15746695,Rate Discount,True,2025-10-26
7122,41308914,Loyalty Bonus,True,2025-10-16
7123,15665378,Cashback,True,2026-01-16
7124,15757865,Product Upgrade,False,2025-01-25
7125,15757865,Cashback,False,2025-04-15
7126,15578787,Loyalty Bonus,False,2026-06-04
7127,15697546,Cashback,True,2024-10-20
7128,15629519,Rate Discount,True,2026-03-13
7129,15624703,Fee Waiver,False,30/07/2026
7130,15624703,Fee Waiver,False,2026-08-27
7131,15808566,Cashback,False,2025-07-09
7132,15808566,Product Upgrade,False,2024-11-18
7133,15805463,Fee Waiver,True,2025-05-24
7134,15805463,Product Upgrade,False,2026-08-23
7135,15709136,Loyalty Bonus,True,2025-07-13
7136,15761487,Product Upgrade,False,2026-03-17
7137,15700394,Product Upgrade,False,2025-05-02
7138,15631162,Product Upgrade,False,2024-12-09
7139,15630641,Loyalty Bonus,False,2024-12-25
7140,15585066,Fee Waiver,False,2025-02-02
7141,15585066,Cashback,False,2025-10-30
7142,15722991,Rate Discount,False,2026-04-20
7143,15737404,Product Upgrade,False,2026-04-16
7144,15722409,Fee Waiver,True,2026-08-16
7145,15806420,Rate Discount,True,2025-06-02
7146,15810660,Fee Waiver,False,2025-09-04
7147,15810660,Fee Waiver,True,2025-06-06
7148,15752312,Rate Discount,True,2024-09-26
7149,15752312,Cashback,True,2026-08-20
7150,15616745,Product Upgrade,False,2024-10-29
7151,15616745,Rate Discount,False,2026-05-20
7152,15572294,Rate Discount,True,2024-11-14
7153,15662501,Loyalty Bonus,True,2024-10-19
7154,15649239,Fee Waiver,True,2025-12-31
7155,15700424,Loyalty Bonus,True,2026-03-13
7156,15636388,Fee Waiver,False,2025-05-15
7157,15713975,Fee Waiver,False,2025-05-19
7158,15581626,Rate Discount,False,2025-01-27
7159,15641319,Cashback,False,2025-11-05
7160,15723481,Product Upgrade,True,2026-08-07
7161,15710726,Rate Discount,False,2026-02-03
7162,15657957,Product Upgrade,False,2025-12-05
7163,15657957,Fee Waiver,True,2025-11-04
7164,15607874,Loyalty Bonus,True,2025-03-07
offer_7165,15607874,Loyalty Bonus,False,2026-04-28
7166,15649858,Cashback,True,2025-04-18
7167,15649858,Cashback,False,2024-09-11
7168,15811032,Cashback,False,2026-05-30
7169,15622461,Rate Discount,True,2025-06-04
7170,15636105,Product Upgrade,False,2025-07-18
7171,15718780,Loyalty Bonus,,2025-03-30
7172,15763415,Fee Waiver,False,2025-03-19
7173,15796617,Cashback,True,2024-12-21
7174,15765857,Fee Waiver,True,2025-02-08
7175,15685805,Product Upgrade,True,2026-05-01
7176,15726289,Cashback,True,2025-02-11
7177,15802118,Fee Waiver,True,2025-03-09
7178,15607990,Cashback,True,2025-02-05
7179,customer_15607990,Product Upgrade,True,2026-05-11
7180,15695932,Rate Discount,False,2025-05-26
7181,15695932,Rate Discount,True,2025-08-31
7182,15812279,Cashback,False,2026-01-10
7183,15687558,Rate Discount,True,2024-09-18
7184,15687558,Product Upgrade,True,2025-01-03
7185,15698902,Loyalty Bonus,True,2025-08-04
7186,15698902,Cashback,False,2024-12-11
7187,15570192,Product Upgrade,True,2025-05-28
7188,15809265,Fee Waiver,True,2026-01-28
7189,15578156,Loyalty Bonus,NULL,2025-09-11
7190,15578156,Rate Discount,False,2025-03-16
7191,15692577,Cashback,True,2026-08-01
7192,15733111,Product Upgrade,True,2025-10-29
7193,15610727,Product Upgrade,True,2025-07-13
7194,15723153,Product Upgrade,True,2024-09-21
7195,15723153,Product Upgrade,True,2025-07-22
7196,15802823,Fee Waiver,True,2025-03-06
7197,15684934,Product Upgrade,True,2024-10-15
7198,15729087,Fee Waiver,False,2025-06-24
7199,15786463,Fee Waiver,False,2025-01-02
7200,15786463,Rate Discount,False,2026-07-06
7201,15717498,Loyalty Bonus,False,2025-10-24
7202,15626383,Fee Waiver,True,2025-04-01
7203,15626383,Fee Waiver,False,2026-01-06
7204,15690330,Loyalty Bonus,False,2024-10-25
7205,15680611,Loyalty Bonus,True,2025-08-04
7206,15810227,Product Upgrade,False,2025-08-12
7207,15807194,Product Upgrade,True,2025-09-08
7208,15807194,Cashback,False,2025-10-18
7209,15712199,Rate Discount,False,2024-10-21
7210,29592014,Cashback,False,2025-02-27
7211,15723400,Loyalty Bonus,False,2024-10-20
7212,15723400,Rate Discount,True,2026-08-19
7213,15654772,Loyalty Bonus,False,2026-08-03
7214,15807593,Rate Discount,True,2025-10-08
7215,15686718,Loyalty Bonus,MAYBE,2026-05-04
7216,15686718,Rate Discount,True,2026-02-22
7217,15742323,Cashback,False,2026-02-01
7218,15742323,Loyalty Bonus,True,2025-02-18
7219,15658435,Product Upgrade,False,2025-08-25
7220,15772337,Product Upgrade,True,2025-03-10
7221,15807555,Loyalty Bonus,True,2024-09-22
7222,15653952,Loyalty Bonus,True,2025-10-05
7223,15724336,Rate Discount,False,2024-10-05
7224,15689594,Rate Discount,False,2025-08-10
7225,15801920,Loyalty Bonus,True,2025-10-02
7226,15653347,Loyalty Bonus,False,2024-11-25
7227,15749951,Rate Discount,False,2025-11-20
7228,15738662,Cashback,True,2025-05-13
7229,15584288,Product Upgrade,,2025-03-30
7230,15597949,Loyalty Bonus,False,2025-05-06
7231,15604551,Loyalty Bonus,False,2025-08-06
7232,15617476,Fee Waiver,True,2026-02-08
7233,15645323,Cashback,False,2025-04-14
7234,15793311,Product Upgrade,True,2024-12-15
7235,15802560,Rate Discount,True,2025-12-23
7236,15728608,Fee Waiver,False,2025-04-29
7237,15728608,Product Upgrade,True,2025-09-09
7238,15770474,Fee Waiver,True,2026-01-09
7239,15770474,Fee Waiver,False,2024-10-01
7240,15724444,Loyalty Bonus,False,2025-01-22
7241,15753110,Fee Waiver,True,2025-04-02
7242,15711521,Fee Waiver,True,2025-01-04
7243,15693637,Loyalty Bonus,True,2024-12-16
7244,15777459,Loyalty Bonus,True,2025-11-06
7245,15656937,Rate Discount,True,2024-11-20
7246,15656937,Cashback,True,2025-09-09
7247,15610643,Rate Discount,True,2025-08-22
7248,15648858,Rate Discount,False,2026-03-07
7249,15730488,,True,2026-04-05
7250,15620443,Cashback,True,2025-11-26
7251,15741078,Fee Waiver,True,2026-04-20
7252,15741078,Rate Discount,True,2025-08-20
7253,15711396,Loyalty Bonus,False,N/A
7254,15711396,Cashback,True,2024-09-22
7255,15593499,Rate Discount,False,2026-03-21
7256,15579189,Loyalty Bonus,False,2025-06-10
7257,15791316,Loyalty Bonus,True,2025-09-20
7258,15608246,Cashback,False,2025-03-10
7259,15608246,Product Upgrade,False,2026-04-08
7260,15676526,Loyalty Bonus,False,2025-01-10
7261,15676526,Loyalty Bonus,True,2024-11-25
7262,15630195,Cashback,True,2025-07-22
7263,15671334,Loyalty Bonus,True,2025-03-18
7264,15718839,Product Upgrade,True,2026-08-08
7265,15762331,Fee Waiver,True,2025-05-13
7266,15606901,Product Upgrade,True,2025-01-09
7267,15713559,Cashback,False,2026-05-19
7268,15768881, Rate Discount ,True,2025-01-21
7269,15768881,Cashback,True,2025-08-18
7270,15743075,Fee Waiver,True,2026-01-26
7271,15810942,Loyalty Bonus,False,2026-06-09
7272,15810942,Fee Waiver,True,2026-08-15
7273,15728362,Product Upgrade,True,2026-01-25
7274,15683339,Fee Waiver,False,2025-02-03
7275,15683339,Rate Discount,False,2026-04-21
7276,15685476,Fee Waiver,False,2025-08-21
7277,15617434,Cashback,False,2025-05-19
7278,15617434,Cashback,True,2025-09-22
7279,15622470,Fee Waiver,True,2025-04-24
7280,15727391,Rate Discount,True,2025-01-27
7281,15727391,Fee Waiver,False,2025-06-14
7282,15760662,Loyalty Bonus,,2024-12-02
7283,15760662,Rate Discount,True,2024-11-19
7284,15605737,Fee Waiver,True,2025-11-28
7285,15692977,Cashback,True,2026-04-07
7286,15672082,Loyalty Bonus,True,2026-01-15
7287,15672082,Loyalty Bonus,True,2025-03-25
7288,15600280,Cashback,True,2024-09-08
7289,15576065,Cashback,False,2025-09-17
7290,15748595,Loyalty Bonus,False,2024-09-13
7291,15679029,Cashback,False,2025-02-09
7292,15753639,Cashback,True,2024-11-18
7293,15753639,Cashback,True,2024-10-26
7294,15643487,Loyalty Bonus,True,2026-01-12
7295,15747288,Loyalty Bonus,False,2024-10-15
7296,15737705,Product Upgrade,False,2025-08-15
7297,15737705,Rate Discount,UNKNOWN,2024-09-05
7298,15737194,Loyalty Bonus,False,2026-06-08
7299,15804357,Product Upgrade,False,2025-07-25
7300,15664432,Product Upgrade,False,2024-12-27
7301,15664432,Cashback,False,2026-06-24
7302,15688984,Cashback,False,2025-11-26
7303,15779904,Loyalty Bonus,,2024-09-28
7304,15756277,Rate Discount,True,2026-06-10
7305,15793197,Rate Discount,True,2025-07-01
7306,15793197,Loyalty Bonus,True,2026-06-06
7307,15691323,Cashback,True,2025-04-17
7308,15781326,Rate Discount,True,2025-05-03
7309,15595640,Loyalty Bonus,True,2025-05-31
7310,15814331,Loyalty Bonus,True,2025-06-11
7311,15814331,Loyalty Bonus,False,2025-05-12
7312,15747974,Fee Waiver,True,2025-02-09
7313,15611315,Cashback,False,2026-06-04
7314,15636977,Rate Discount,False,2025-12-24
7315,15690337,Cashback,True,2026-03-14
7316,15680666,Fee Waiver,True,2024-12-12
7317,15680666,Rate Discount,False,2025-02-19
7318,15679551,Loyalty Bonus,False,2025-03-09
7319,15778915,Product Upgrade,True,2026-02-09
7320,15747762,Rate Discount,True,2025-03-18
7321,15747762,Loyalty Bonus,True,2025-02-03
7322,15750049,Product Upgrade,True,2025-10-01
7323,15750049,Cashback,True,2026-08-18
offer_7324,15606097,Product Upgrade,False,2026-07-24
7325,15606097,Rate Discount,False,2025-12-31
7326,15802368,Fee Waiver,True,2024-12-21
7327,15669946,Product Upgrade,True,2025-06-23
7328,15645353,Cashback,False,2024-09-25
7329,15650018,Cashback,True,2025-05-14
7330,15650018,Loyalty Bonus,True,2026-04-18
7331,15659002,Loyalty Bonus,True,2026-01-02
7332,15659002,Product Upgrade,False,2026-04-01
7333,48978586,Rate Discount,False,2024-10-31
7334,15660475,Cashback,True,2025-10-27
7335,15653572,Fee Waiver,True,2025-05-11
7336,15628059,Fee Waiver,False,2026-07-25
7337,15703413,Fee Waiver,True,2025-09-28
7338,15610433,Loyalty Bonus,False,2025-02-28
7339,15770548,Product Upgrade,True,2026-06-04
7340,15645637,Loyalty Bonus,False,2025-05-20
7341,15645637,Rate Discount,True,2025-06-20
7342,15590888,Cashback,False,2026-02-03
7343,15655368,Cashback,False,2025-02-12
7344,15665579,Product Upgrade,True,2026-05-29
7345,15676091,Fee Waiver,False,2025-01-30
7346,15676091,Cashback,True,2025-01-17
7347,15716984,Loyalty Bonus,False,2026-05-06
7348,15716984,Product Upgrade,True,2025-07-31
7349,15569452,Cashback,True,2024-11-11
7350,customer_15628863,Fee Waiver,False,2025-11-19
7351,15778192,Fee Waiver,True,2024-11-29
7352,15778192,Product Upgrade,True,2024-10-22
7353,15793723,Cashback,False,2025-05-03
7354,15631512,Fee Waiver,False,2025-12-26
7355,15670266,Rate Discount,True,2026-03-27
7356,15788183,Loyalty Bonus,True,2025-07-22
7357,15774401,Product Upgrade,False,2025-09-22
7358,15774401,Product Upgrade,True,2026-01-30
7359,15737971,Cashback,False,2025-05-11
7360,15758750,Rate Discount,True,2024-11-24
7361,15758750,Loyalty Bonus,True,2025-01-09
7362,15611767,Rate Discount,False,2025-04-03
7363,15643770,Fee Waiver,False,2026-07-16
7364,15643770,Cashback,True,2026-03-10
7365,15570681,Rate Discount,True,2025-11-27
7366,15792650,Fee Waiver,True,2026-05-06
7367,15672216,Fee Waiver,True,2026-03-25
7368,15812893,Cashback,False,2025-01-23
7369,15624180,Product Upgrade,False,2025-07-23
7370,15701364,Cashback,False,2025-03-08
7371,15701364,Loyalty Bonus,False,2024-10-04
7372,15712596,Loyalty Bonus,False,2025-11-12
7373,15576216,Rate Discount,True,2025-03-26
7374,15620750,Product Upgrade,True,2026-03-09
7375,15623489,Loyalty Bonus, False ,2026-05-05
7376,20988779,Fee Waiver,False,2025-07-12
7377,15667944,Product Upgrade,False,2024-12-26
7378,15584928,Cashback,True,2026-04-03
7379,15779913,Rate Discount,True,2025-09-06
7380,15779913,Loyalty Bonus,True,2025-10-15
7381,15366931,Loyalty Bonus,True,2025-09-25
7382,15749679,Loyalty Bonus,True,2024-10-19
7383,15635364,Cashback,False,2026-03-10
7384,15766044,Fee Waiver,False,2025-04-03
7385,15586680,Cashback,True,2026-04-08
7386,15586680,Product Upgrade,True,2026-06-22
7387,15635388,Fee Waiver,False,2025-09-28
7388,15635388,Loyalty Bonus,True,2025-05-09
7389,15655175,Rate Discount,False,2024-10-13
7390,15655175,Rate Discount,False,2025-03-29
7391,15799653,Rate Discount,False,2024-10-05
7392,15775627,Fee Waiver,False,2026-01-04
7393,15775627,Cashback,False,2026-05-28
7394,15681316,Cashback,UNKNOWN,2025-10-01
7395,15681316,Loyalty Bonus,False,2026-04-26
7396,15682523,Loyalty Bonus,True,2026-04-08
7397,15682523,Cashback,False,2026-01-18
7398,15650244,Rate Discount,False,2024-10-10
7399,15650244,Fee Waiver,True,2025-08-29
7400,15648638,Fee Waiver,True,2026-02-22
7401,15795747,Rate Discount,True,2024-11-19
7402,15795747,Cashback,True,2025-08-08
7403,15624013,Rate Discount,False,2026-08-08
7404,15624013,Rate Discount,True,2026-06-15
7405,15758451,Fee Waiver,False,2026-02-06
7406,15652674,Fee Waiver,True,2025-11-16
7407,15649618,Rate Discount,False,2025-07-27
7408,15649618,Product Upgrade,True,2026-01-14
7409,15749669,Loyalty Bonus,True,2024-11-20
7410,15656351,Rate Discount,True,2026-01-21
7411,15667438,Fee Waiver,False,2026-08-27
7412,15785183,Rate Discount,False,2025-05-14
7413,15712903,Loyalty Bonus,False,2024-09-12
7414,15774285,Loyalty Bonus,True,2026-07-17
7415,15774285,Cashback,False,2024-12-09
7416,15793425,Product Upgrade,True,2025-05-08
7417,15749265,Cashback,True,2024-12-10
7418,15749265,Cashback,False,2025-07-02
7419,15623989,Cashback,False,2024-09-28
7420,15584580,Loyalty Bonus,True,
7421,15584580,Loyalty Bonus,True,2026-07-19
7422,15573854,Cashback,True,2024-09-02
7423,15614847,Fee Waiver,True,2024-09-24
7424,15614847,Cashback,True,2026-03-14
7425,15799435,Fee Waiver,True,2024-11-10
7426,15799435,Fee Waiver,True,2025-05-03
7427,15752186,Loyalty Bonus,False,2025-08-19
7428,15705544,Fee Waiver,True,2025-05-16
7429,15713632,Fee Waiver,True,2024-12-07
7430,15586523,Product Upgrade,False,2025-09-16
7431,15586523,Fee Waiver,False,2026-02-04
7432,15769308,Product Upgrade,True,2025-07-19
7433,15676810,Rate Discount,True,2024-12-25
7434,15634591,Loyalty Bonus,False,2026-08-30
7435,15634591,Fee Waiver,True,2025-07-10
7436,15571917,Fee Waiver,True,2024-09-06
7437,15740868,Rate Discount,True,2025-11-13
7438,15702442,Fee Waiver,True,2025-11-16
7439,15648047,Fee Waiver,False,2026-05-06
7440,15591628,Cashback,False,2024-09-30
7441,15583857,Product Upgrade,False,2026-04-22
7442,15752534,Fee Waiver,False,2026-02-21
7443,15752534,Rate Discount,False,2025-01-05
7444,15741403,Fee Waiver,False,2025-11-19
7445,15783589,Fee Waiver,False,2025-12-13
7446,15783589,Product Upgrade,False,2025-12-13
7447,15598046,product upgrade,True,2025-03-10
7448,15728683,Product Upgrade,False,2025-10-16
7449,15621644,Fee Waiver,False,2025-07-04
7450,15733032,Fee Waiver,False,2025-03-09
7451,15608381,Cashback,False,2025-01-18
7452,15608381,Cashback,False,2026-03-11
7453,15757912,Fee Waiver,False,2025-08-01
7454,15645371,Fee Waiver,True,
7455,15766355,Rate Discount,False,2026-04-26
7456,15575486, Cashback ,True,2026-07-22
7457,15780215,Fee Waiver,False,2025-02-22
7458,15686099,Fee Waiver,True,2024-09-19
7459,15739042,Fee Waiver,True,2026-05-12
7460,15739042,Fee Waiver,True,2026-03-22
7461,15815316,Loyalty Bonus,False,2024-12-01
7462,15815316,Loyalty Bonus,False,2026-03-12
7463,15778489,Rate Discount,False,2026-06-04
7464,15778489,Product Upgrade,False,2026-08-09
7465,15601787,Product Upgrade,False,2025-05-14
7466,15624715,Cashback,True,2026-06-29
7467,15763093,Product Upgrade,False,2026-04-30
7468,15572073,Rate Discount,False,2025-02-17
7469,15780256,Loyalty Bonus,False,2026-07-08
7470,15714680,Cashback,True,2026-05-21
7471,15777217,Fee Waiver,False,2025-02-23
7472,15777217,Product Upgrade,True,2025-07-06
7473,15739123,Rate Discount,True,2025-11-08
7474,15594450,Rate Discount,True,2026-04-08
7475,15594450,Fee Waiver,True,2025-11-18
7476,15605804,Cashback,True,2025-06-07
7477,15605804,Fee Waiver,False,2025-10-23
7478,15702061,Loyalty Bonus,False,2025-12-06
7479,15798749,Product Upgrade,NULL,2025-08-13
7480,15802809,Product Upgrade,True,2025-06-12
7481,15807239,Cashback,True,2026-07-16
7482,15689344,Fee Waiver,True,2025-08-11
7483,15606076,Cashback,True,2026-08-25
7484,15606076,Product Upgrade,True,2025-09-14
7485,15610090,Loyalty Bonus,True,2024-10-23
7486,15610090,Product Upgrade,True,2025-07-10
7487,15693926,Loyalty Bonus,True,2024-11-07
7488,15729359,Rate Discount,False,2025-08-25
7489,15606944,Product Upgrade,False,2025-05-21
7490,15671934,Product Upgrade,True,2024-12-13
7491,15671934,Product Upgrade,True,2026-07-31
7492,15641773,Product Upgrade,,2025-11-11
7493,15749114,Loyalty Bonus,True,2025-12-18
7494,15753229,Cashback,False,2025-08-31
7495,15785024,Loyalty Bonus,True,2025-07-03
7496,15785024,Cashback,MAYBE,2026-02-05
7497,15670492,Cashback,False,2025-11-09
7498,15795458,Product Upgrade,True,2025-05-06
7499,15732438,Rate Discount,False,2025-03-23
7500,15732438,Product Upgrade,False,2026-01-29
7501,15781987,Rate Discount,True,2024-12-14
7502,15775826,Product Upgrade,False,2025-11-18
7503,15775826,Rate Discount,True,2024-12-12
7504,15807457,Fee Waiver,False,2026-06-26
7505,15641389,Fee Waiver,False,2025-01-21
7506,15641389,Product Upgrade,True,2025-12-15
7507,15709447,Cashback,True,2025-01-08
7508,15709447,Cashback,True,2024-12-12
7509,15756148, Rate Discount ,True,2025-05-07
7510,15756148,Rate Discount,False,2024-12-26
7511,15665634,Product Upgrade,False,2025-11-23
7512,15672027,Loyalty Bonus,False,2025-01-11
7513,15707138,Rate Discount,True,2026-06-01
7514,15707138,product upgrade,True,2025-11-29
7515,15756954,Product Upgrade,False,2025-01-06
7516,customer_15756954,Loyalty Bonus,True,2025-02-21
7517,15619130,Fee Waiver,UNKNOWN,2024-10-04
7518,15619130,Rate Discount,yes,2025-01-16
7519,15639665,Rate Discount,False,2024-10-29
7520,15639665,Product Upgrade,False,2025-08-11
7521,15571065,Cashback,False,2025-08-01
7522,15686060,Product Upgrade,False,2025-02-12
7523,15615753,Loyalty Bonus,True,2026-01-22
7524,15800961,Cashback,True,2025-05-03
7525,15752915,Fee Waiver,True,2026-05-31
7526,15584897,Cashback,True,2025-01-10
7527,15584897,Fee Waiver,False,2024-12-20
7528,15601857,Loyalty Bonus,False,2024-12-06
7529,15601857,Rate Discount,False,"Mar 09, 2025"
7530,15695465,Rate Discount,False,2026-04-10
7531,15807900,Loyalty Bonus,False,2025-10-13
7532,15743760,Rate Discount,True,2026-06-28
7533,15767818,Loyalty Bonus,True,2025-11-20
7534,15591150,Rate Discount,False,2024-11-12
7535,15591150,Rate Discount,True,2025-03-05
7536,15734659,product upgrade,True,2024-12-06
7537,15734659,Loyalty Bonus,False,2026-05-09
7538,15724648,Product Upgrade,True,2026-05-07
7539,15737732,Loyalty Bonus,True,2026-04-10
7540,customer_15737732,Loyalty Bonus,True,2026-04-10
7541,15632280,Rate Discount,False,2025-07-04
7542,15632280,Loyalty Bonus,True,2025-08-24
7543,15750407,Rate Discount,True,2026-03-24
7544,15750407,Fee Waiver,True,2025-09-21
7545,15795370,Product Upgrade,False,2026-01-07
7546,15656829,Cashback,False,2025-11-20
7547,15643794,Rate Discount,True,2024-09-21
7548,15589589,Loyalty Bonus,False,2024-12-14
7549,15778936,Fee Waiver,True,2025-02-01
7550,15757385,Cashback,False,2025-09-18
7551,15666200,Cashback,False,2025-07-08
7552,15675518,Fee Waiver,True,2026-07-05
7553,15752984,RATE DISCOUNT,True,2025-03-17
7554,15752984,Fee Waiver,True,2025-05-04
7555,15577913,Rate Discount,True,2025-06-24
7556,15577913,Cashback,False,2025-02-11
7557,15574142,Loyalty Bonus,False,2024-09-08
7558,15733229,Loyalty Bonus,True,2024-11-12
7559,15635752,Fee Waiver,False,2025-08-30
7560,15635752,Loyalty Bonus,True,2025-04-16
7561,15702656,Rate Discount,True,2025-08-09
7562,15606552,Loyalty Bonus,True,2026-04-23
7563,15687001,Rate Discount,True,2026-05-22
7564,15687001,Product Upgrade,True,2025-12-09
7565,15580953,Loyalty Bonus,True,2026-05-13
7566,15810390,Cashback,False,2026-07-04
7567,15628274,Rate Discount,True,2025-11-08
7568,15628274,Fee Waiver,False,2025-05-06
7569,15615444,Fee Waiver,False,2024-10-13
7570,15615444,Loyalty Bonus,False,2026-01-12
7571,15784010,Fee Waiver,False,2025-08-01
7572,15571586,Cashback,True,2025-05-11
7573,15769402,Product Upgrade,True,2025-09-17
7574,15603481,Loyalty Bonus,True,2025-10-26
7575,15723604,Cashback,True,2025-03-08
7576,15723604,Cashback,True,2025-09-27
7577,15665064,Cashback,True,01-01-2025
7578,15640580,Product Upgrade,True,2024-10-25
7579,15728605,Cashback,True,2025-07-05
7580,15728605,Fee Waiver,True,2025-10-31
7581,15737385,Fee Waiver,False,"Jun 06, 2026"
7582,15786035,Loyalty Bonus,False,2025-12-19
7583,15815259,Fee Waiver,False,2025-01-14
7584,15815259,Fee Waiver,False,2024-09-30
7585,15592716,Cashback,False,2026-01-09
7586,51558662,Cashback,True,2026-02-07
7587,15674573,Rate Discount,False,2025-09-10
7588,15694859,Cashback,True,2024-09-18
7589,15579345,Fee Waiver,True,2025-12-19
7590,15690733,RATE DISCOUNT,False,2026-07-16
7591,15690733,Rate Discount,False,2026-03-27
7592,15620988,Loyalty Bonus,True,2025-01-24
7593,15620988,product upgrade,True,2025-11-27
7594,15592104,Cashback,True,2024-11-20
7595,15592104,Rate Discount,False,2025-08-05
7596,15651900,Loyalty Bonus,False,2025-07-28
7597,15651900,Cashback,False,2025-07-19
7598,15613787,Fee Waiver,True,2026-08-20
7599,15613787,Cashback,True,2026-02-28
7600,15599211,Rate Discount,False,2025-04-06
7601,15675983,product upgrade,False,2026-03-14
7602,15675983,Fee Waiver,True,2026-02-06
7603,15622370,Rate Discount,True,2024-09-22
7604,15622370,Product Upgrade,False,2025-09-18
7605,15656319,Rate Discount,True,2026-01-30
7606,15672574,Product Upgrade,True,2026-07-22
7607,15659355,Rate Discount,False,2025-04-22
7608,15777907,Rate Discount,True,2026-02-10
7609,15655171,Product Upgrade,True,2026-08-03
7610,15775192,Fee Waiver,False,2025-05-12
7611,15775192,Loyalty Bonus,False,2025-06-04
7612,15617657,Cashback,True,2025-01-09
7613,15688951,Cashback,False,2025-10-19
7614,15688951,N/A,False,2025-10-29
7615,15763460,Rate Discount,True,2025-12-11
7616,15756992,Product Upgrade,False,2026-03-26
7617,15645600,Fee Waiver,True,2026-01-20
7618,15634146,Cashback,True,2026-08-20
7619,15698792,Rate Discount,False,2024-09-28
7620,15698792,Cashback,False,2026-05-28
7621,15571281,Product Upgrade,True,2025-05-04
7622,15728885,Rate Discount,True,2025-12-11
7623,15618950,Cashback,False,2025-10-30
7624,15618950,Loyalty Bonus,True,2025-06-06
7625,15609804,Rate Discount,False,2026-01-28
7626,15735849,Product Upgrade,False,2026-04-07
7627,15618155, Fee Waiver ,True,2025-04-25
7628,15565879,Product Upgrade,False,2026-07-02
7629,15792922,Product Upgrade,True,2025-08-01
7630,15738042,Fee Waiver,False,2025-11-04
7631,15714920,Loyalty Bonus,True,2026-02-16
7632,15714920,Rate Discount,,2026-03-19
7633,15782121,Cashback,True,2025-10-06
7634,15782121,Rate Discount,False,2024-10-27
7635,15673180,Rate Discount,True,2026-01-20
7636,15664504,Fee Waiver,MAYBE,2025-10-21
7637,15790322,Rate Discount,False,2025-05-18
7638,15739847,Loyalty Bonus,False,2025-12-14
7639,15699415,Product Upgrade,True,2025-12-24
7640,15699415,Cashback,True,2024-10-24
7641,15665521,Cashback,True,2026-02-16
7642,15661708,Product Upgrade,True,2026-01-19
7643,15661708,Cashback,True,2026-03-11
7644,15643828,Cashback,False,2025-07-03
7645,15733361,Cashback,False,2026-04-13
7646,15795488,Fee Waiver,True,2026-05-19
7647,15581551,Rate Discount,True,2025-08-20
7648,15632051,Loyalty Bonus,False,2024-11-22
7649,15632051,Fee Waiver,False,2024-09-22
7650,15572767,Product Upgrade,False,2025-01-27
7651,15590337,Rate Discount,False,2025-11-11
7652,15634551,Loyalty Bonus,False,2024-12-21
7653,15634551,Cashback,True,2025-04-29
7654,15728043,Rate Discount,False,2025-10-04
7655,15570073,Loyalty Bonus,False,2025-04-06
7656,15570073,Fee Waiver,True,2025-02-23
7657,15777033,Product Upgrade,True,2026-03-15
7658,15772604,Rate Discount,False,2026-04-09
7659,15721715,Rate Discount,True,2025-04-08
7660,15721715,Fee Waiver,False,2025-08-31
7661,15688563,Product Upgrade,False,2026-04-09
7662,15688563,Product Upgrade,True,2025-10-01
7663,15772009,Loyalty Bonus,True,2026-08-30
7664,15772009,Rate Discount,True,2024-11-09
7665,15593778,Loyalty Bonus,True,2026-01-30
7666,15757310,Fee Waiver,True,2026-04-19
7667,15801411,Fee Waiver,False,2026-02-03
7668,15801411,Rate Discount,False,2026-03-02
7669,15761706,Rate Discount,False,2025-05-13
7670,15658409,Fee Waiver,False,
7671,15720083,Product Upgrade,False,2025-05-12
7672,15752294,Cashback,False,2025-12-24
7673,15696733,Product Upgrade,True,2026-07-19
7674,15677522,Loyalty Bonus,False,2024-11-01
7675,15624936,Loyalty Bonus,False,2025-07-19
7676,15716085,Loyalty Bonus,False,2026-07-18
7677,15641688, Rate Discount ,True,2025-04-05
7678,15641688,Rate Discount,False,2025-02-06
7679,15796834,Rate Discount,False,2026-03-02
7680,15796834,product upgrade,False,2025-12-22
7681,45084290,Fee Waiver,True,2024-09-09
7682,15723484,Fee Waiver,True,2025-11-04
7683,15810891,Fee Waiver,False,2026-07-18
7684,15778838,Loyalty Bonus,False,2025-01-29
7685,15778838,Fee Waiver,True,2024-09-25
7686,15742285,Product Upgrade,True,2026-01-19
7687,15729019,Loyalty Bonus,False,2025-02-14
7688,50103329,Loyalty Bonus,True,2025-11-02
7689,15608588, Rate Discount ,False,2025-11-15
7690,15653050,Fee Waiver,True,2026-01-01
7691,15744914,Cashback,True,2026-04-21
7692,15744914,Cashback,True,2025-07-17
7693,15649211,Cashback,False,2024-11-13
offer_7694,15649211,Product Upgrade,True,2024-11-24
7695,15766066,Cashback,False,2026-02-20
7696,15772216,Loyalty Bonus,True,2024-11-16
7697,15619898,Fee Waiver,False,26/01/2026
7698,15755084,Product Upgrade,2,2025-05-25
7699,15666767,product upgrade,True,2024-12-25
7700,15797692,Cashback,True,2026-01-19
7701,15698927,Loyalty Bonus,True,2026-06-05
7702,15698927,Rate Discount,True,2024-10-13
7703,15687363,Loyalty Bonus,True,2026-07-02
7704,15733444,Product Upgrade,True,2025-09-24
7705,15733444,Rate Discount,True,2026-03-01
7706,15678057,Cashback,True,2025-03-03
7707,15806918,Product Upgrade,False,2025-07-10
7708,15806918,Product Upgrade,True,2024-09-29
7709,15638247,Cashback,False,2026-06-18
7710,15638247,Rate Discount,True,2025-06-17
7711,15674833,Product Upgrade,False,2026-03-14
7712,15674833,Cashback,False,2026-01-05
7713,15812534,Rate Discount,True,2024-10-06
7714,15737025,Cashback,True,2026-08-30
7715,15664860,Rate Discount,True,2025-07-16
7716,15664860,Fee Waiver,True,2026-03-07
7717,15779973,Cashback,False,2025-12-10
7718,15620557,Loyalty Bonus,False,2025-01-04
7719,15639549,Product Upgrade,False,2025-12-31
7720,15639549,Rate Discount,False,2024-12-31
7721,72408110,Rate Discount,False,2025-11-12
7722,15618750,Rate Discount,True,2025-02-21
7723,15668309,Loyalty Bonus,False,2024-10-31
7724,15596624,Loyalty Bonus,NULL,2026-04-19
7725,15801462,Product Upgrade,TRUE,2024-10-21
7726,15791006,Fee Waiver,True,2026-08-15
7727,15668057,Loyalty Bonus,False,2025-09-14
7728,15580805,Rate Discount,True,2026-08-01
7729,15613048,Loyalty Bonus,True,2025-09-14
7730,15682778,Rate Discount,True,2025-04-21
7731,15579820,Loyalty Bonus,True,2026-03-04
7732,15641091,Product Upgrade,False,2025-07-05
7733,15641091,Product Upgrade,True,2025-10-07
7734,customer_15603111,Loyalty Bonus,False,2024-12-30
7735,15679693,Cashback,True,2025-02-08
7736,15679693,Rate Discount,False,2025-08-30
7737,15797190,Fee Waiver,False,2026-01-03
7738,15797190,Rate Discount,True,2025-10-15
7739,15646168,Cashback,True,2025-05-20
7740,15580493,Fee Waiver,True,2024-11-23
7741,15735799,Fee Waiver,True,2026-07-21
7742,15773098,Fee Waiver,True,2025-03-23
7743,15668971,Loyalty Bonus,True,2025-03-05
7744,15589401,Cashback,False,2025-09-25
7745,15742019,Loyalty Bonus,True,2025-06-19
7746,15660611,Loyalty Bonus,True,2026-03-17
7747,15660611,Cashback,True,2025-02-23
7748,15607634,Product Upgrade,True,2026-04-13
7749,15607634,Loyalty Bonus,False,2025-05-19
7750,15745794,Product Upgrade,False,2025-02-26
7751,15781689,Rate Discount,True,2025-10-12
7752,15781689, Loyalty Bonus ,False,2025-07-14
7753,15696054,Loyalty Bonus,False,2025-07-26
7754,15752467,Cashback,False,2025-11-17
7755,15752467,Product Upgrade,False,2025-02-25
7756,15597739,Product Upgrade,True,2025-03-25
7757,15597739,Fee Waiver,True,2024-12-23
7758,15651336,Rate Discount,False,2025-06-26
7759,15578098,Cashback,False,31/05/2026
7760,15638621,Fee Waiver,False,2026-08-01
7761,15638621,Product Upgrade,True,2025-12-29
7762,15720924,Product Upgrade,True,2024-09-30
7763,15655335,Cashback,False,2025-09-05
7764,15607301,Fee Waiver,False,2024-10-26
7765,15635775,Fee Waiver,True,2025-04-04
7766,15644280,Loyalty Bonus,False,2025-07-26
7767,15708362,Rate Discount,False,2024-09-23
7768,15771997,Loyalty Bonus,True,2025-06-17
7769,15791674,Fee Waiver,False,2025-07-15
7770,15791674,Fee Waiver,False,2026-02-20
7771,15754599,Loyalty Bonus,True,2025-01-14
7772,15754599,Product Upgrade,True,2025-01-18
7773,15659710,Product Upgrade,True,2026-05-21
7774,15659710,Loyalty Bonus,False,2025-04-20
7775,15658675,Loyalty Bonus,True,2025-09-03
7776,15609735,Product Upgrade,False,2026-03-20
7777,15797149,Rate Discount,True,2024-11-23
7778,15636912,Fee Waiver,False,2025-07-01
7779,15687828,Cashback,True,2026-03-14
7780,15687828,Rate Discount,True,2026-04-01
7781,15759872,Rate Discount,True,2025-09-17
7782,15572374,Product Upgrade,True,2026-02-18
7783,15687431,Fee Waiver,True,2025-04-21
7784,15687431,Product Upgrade, False ,2025-12-16
7785,15604515,Loyalty Bonus,True,2026-05-12
7786,15624677,Product Upgrade,True,2024-09-08
7787,15646366,Rate Discount,False,2026-01-14
7788,15623566,Cashback,True,2025-01-24
7789,15706458,Cashback,False,2026-08-24
7790,15704053,Cashback,False,2024-12-08
7791,15704053,Product Upgrade,False,2025-03-05
7792,15724876,Fee Waiver,True,2025-12-06
7793,15724876,Rate Discount,False,2025-01-30
7794,15696588,Rate Discount,False,2026-04-16
7795,15612832,Loyalty Bonus,False,2026-06-16
7796,15804295,Loyalty Bonus,False,2025-10-18
7797,15712536,Loyalty Bonus,False,2025-08-17
7798,15662494,Product Upgrade,True,2024-10-01
7799,15764916,Rate Discount,True,2025-04-19
7800,15638487,Cashback,False,2024-11-23
7801,15627859,Product Upgrade,True,2025-09-15
7802,15789413,Loyalty Bonus, False ,2025-05-08
7803,15583221,Cashback,1,2025-10-05
7804,15664547,Loyalty Bonus,False,2025-09-14
7805,15797293,Rate Discount,True,2025-11-06
7806,15797293,Fee Waiver,False,2025-07-06
7807,15637461,Fee Waiver,True,2026-02-08
7808,15620577,Cashback,True,2025-05-08
7809,15785358,Cashback,False,2026-06-30
7810,15785358,Cashback,False,2025-03-25
7811,15603883,Product Upgrade,True,2026-03-29
7812,15603883,Rate Discount,,2024-09-05
7813,15775761,Cashback,False,2026-06-17
7814,15767594,Fee Waiver,True,2024-09-05
7815,15789339,Fee Waiver,1,2024-09-26
7816,15789339,Product Upgrade,True,2026-07-13
7817,15781530,Cashback,False,2026-04-24
7818,15781530,Rate Discount,False,
7819,15705174,Product Upgrade,False,2025-06-03
7820,15804009,Rate Discount,True,2024-11-18
7821,15701160,Rate Discount,True,2026-03-18
7822,15632143,Cashback,False,2025-07-09
7823,15736778,Product Upgrade,True,2025-07-20
7824,15643903,Fee Waiver,True,2026-02-08
7825,15569526,Fee Waiver,False,2026-02-17
7826,15777067,Fee Waiver,False,2025-12-07
7827,15644994,Fee Waiver,False,2026-08-27
7828,15644994,Product Upgrade,False,2026-04-24
7829,15659327,Loyalty Bonus,False,2026-02-18
7830,15771323,Product Upgrade,False,2026-04-18
7831,15771323,Fee Waiver,False,2025-07-26
7832,15750549,Rate Discount,False,2024-10-19
7833,15750549,Loyalty Bonus,False,2025-11-26
7834,15739692,Loyalty Bonus,False,2025-05-14
7835,15700714,Fee Waiver,True,2026-06-23
7836,15700714,Product Upgrade,True,2025-02-08
7837,15777743,Loyalty Bonus,False,2026-07-24
7838,15623143,Rate Discount,False,2025-11-23
7839,15712568,Cashback,True,2026-05-15
7840,15617432,Cashback,False,2026-07-02
7841,15617432,Cashback,True,2024/12/03
7842,15728829,Rate Discount,False,2025-10-18
7843,15680430,Product Upgrade,True,2025-04-01
7844,15687626,Rate Discount,False,2025-05-10
7845,15687626,Loyalty Bonus,True,2025-11-21
7846,15609187, Rate Discount ,True,2025-10-26
7847,15752626,Loyalty Bonus,False,2024-11-19
7848,15752626,Rate Discount,False,2025-04-10
7849,15571756,Loyalty Bonus,True,28/10/2024
7850,15658211,Rate Discount,False,2024-11-18
7851,15742091,Cashback,False,2024-11-06
7852,86330241,Cashback,False,2025-01-22
7853,15787168,Cashback,False,2025-07-07
7854,15772363,Cashback,False,2024-09-22
7855,15659364,Loyalty Bonus,True,2025-11-04
7856,15652981,Rate Discount,True,2026-07-04
7857,15776558,Rate Discount,True,2025-10-06
7858,15776558,Cashback,False,2026-07-13
7859,15704597,Cashback,True,2026-04-30
7860,15704597,Loyalty Bonus,True,2026-03-12
7861,15648272,Cashback,False,2026-02-02
7862,15648272,Product Upgrade,True,2026-05-02
7863,15594915,Loyalty Bonus,True,2026-04-18
7864,15594915,Rate Discount,True,2025-03-15
7865,15581115,Rate Discount,True,2025-01-10
7866,15763907,Product Upgrade,False,2026-08-13
7867,15772421,Fee Waiver,True,2026-08-04
7868,15711572,Loyalty Bonus,True,2026-07-20
7869,15600106,Fee Waiver,False,2026-05-28
7870,15600106,Loyalty Bonus,False,2026-05-05
7871,15649508,Product Upgrade,False,2026-03-29
7872,15812611,Fee Waiver,False,2025-08-17
7873,15619699,Product Upgrade,False,2025-06-26
7874,15619699,Cashback,True,2024-10-21
7875,15762762,Cashback,False,2026-01-09
7876,15622658,Loyalty Bonus,True,2025-09-24
7877,15686917,Loyalty Bonus,TRUE,2025-10-06
7878,15807312,Fee Waiver,True,2025-08-29
7879,15807312,Product Upgrade,True,2026-06-23
7880,15574523,Fee Waiver,False,2026-07-19
7881,15724200,Loyalty Bonus,False,2026-05-16
7882,15738224,Fee Waiver,True,2025-11-26
7883,15616172,Product Upgrade,True,2025-01-04
7884,15777958,Cashback,True,2026-07-18
7885,15777958,Loyalty Bonus,True,2026-07-10
7886,15607877,Rate Discount,True,2026-07-09
7887,15736327,Loyalty Bonus,True,2026-03-01
7888,15588456,Rate Discount, True ,2026-03-07
7889,15588456,Product Upgrade,True,2025-09-30
7890,15664035,Fee Waiver,True,2026-04-08
7891,15664035,Cashback,True,2026-07-28
7892,15815097,Rate Discount,False,2025/03/08
7893,15626012,Cashback,True,2024-12-05
7894,15792077,Cashback,False,2025-04-01
7895,15792077,Rate Discount,False,2024-09-17
7896,15576615,Loyalty Bonus,True,2025-10-22
7897,15797502,Fee Waiver,False,2026-04-11
7898,15779423,Loyalty Bonus,False,2026-02-24
7899,15716431,Rate Discount,True,2026-08-30
7900,15651958,Cashback,False,2025-03-06
7901,15691950,Product Upgrade,True,2026-07-05
7902,15691950,Cashback,False,2026-07-20
7903,15632446,Fee Waiver,False,2026-07-20
7904,15632446,Product Upgrade,True,2024-11-08
7905,34207712,Cashback,True,2025-12-09
7906,15587640,Rate Discount,True,2025-03-27
7907,15782231,Cashback,True,2026-04-12
7908,15782231,Product Upgrade,False,2026-07-21
7909,15580462,Cashback,True,2026-02-20
7910,15580462,Cashback,False,2025-11-25
7911,15736371,Product Upgrade,True,2025-08-13
7912,15736371,Cashback,False,2025-10-24
7913,15671358,Fee Waiver,True,2025-06-06
7914,15747130,Cashback,True,2025-11-03
7915,15572182,Loyalty Bonus,False,2026-07-28
7916,15770041,Product Upgrade,True,2025-03-23
7917,15621021,Fee Waiver,False,2026-01-08
7918,15621021,Product Upgrade,True,2025-07-27
7919,15785490,Loyalty Bonus,True,2025-03-05
7920,15785490,Loyalty Bonus,False,2026-03-04
7921,15686974,Loyalty Bonus,False,2024-10-18
7922,15574584,Rate Discount,False,2025-03-26
7923,15574584,Product Upgrade,False,2025-10-15
7924,15719541,Cashback,True,2025-06-21
7925,15719541,fee waiver,True,2025-08-06
7926,15646310,Cashback,False,2025-06-30
7927,15731755,Rate Discount,True,2026-05-11
7928,15598331,Fee Waiver,False,2026-08-18
7929,15704795,Product Upgrade,False,2025-10-11
7930,15796764,Cashback,True,2024-11-05
7931,15589420,Rate Discount,True,2025-10-03
7932,15589420,Product Upgrade,False,2026-08-13
7933,15810563,Product Upgrade,False,2025-02-06
7934,15746569,Loyalty Bonus,False,2026-05-08
7935,15746569,Rate Discount,True,2025-10-29
7936,15811594,Rate Discount,False,2025-03-10
7937,15802909,Cashback,False,2026-03-22
7938,15722532,Fee Waiver,True,2025-04-27
7939,15722532,Product Upgrade,False,2026-08-07
7940,15784124,Cashback,False,2026-08-14
7941,15784124,Cashback,False,2025-09-01
7942,75807164,Product Upgrade,False,2025-01-14
7943,15611247,Product Upgrade,2,2025-05-26
7944,15773338,N/A,True,2024-11-11
7945,15784042,Rate Discount,False,2024-10-20
7946,15784042,fee waiver,False,2025-04-23
7947,15590177, Product Upgrade ,True,2026-01-23
7948,15813140,Product Upgrade,True,2025-03-14
7949,15755731,Loyalty Bonus,True,2025-09-14
7950,15755731,Fee Waiver,True,2025-08-19
7951,15574480,Fee Waiver,True,2025-02-05
7952,15574480,Loyalty Bonus,False,2025-12-23
7953,15673020,Product Upgrade,False,2025-12-27
7954,15673020,Loyalty Bonus,False,2026-02-22
7955,15786789,Fee Waiver,False,2025-03-24
7956,15786789,Product Upgrade,True,2024-10-04
7957,15603674,Loyalty Bonus,True,2024-12-28
7958,15603674,Fee Waiver,False,2025-03-16
7959,15759915,Fee Waiver,False,2025-02-23
offer_7960,15713604,Fee Waiver,False,2025-02-22
7961,15713604,Rate Discount,True,
7962,15813451,Rate Discount,MAYBE,2025-03-01
7963,15813451,Rate Discount,True,2026-04-20
7964,15765375,Fee Waiver,False,2025-09-07
7965,15603454,Loyalty Bonus,False,2025-11-03
7966,15603454, Cashback ,True,2026-08-12
7967,15653037,Fee Waiver,True,2025-12-14
7968,15653037,Product Upgrade,True,2025-11-26
7969,15593496,Product Upgrade,True,2026-05-07
7970,15808971,Rate Discount,True,2026-03-16
7971,15808971,Rate Discount,True,2025-05-29
7972,15676869,Loyalty Bonus,True,2025-06-20
7973,15676869,Product Upgrade,True,2025-05-06
7974,15683007,Cashback,True,2025-06-07
7975,15683007,Fee Waiver,True,2025-01-11
7976,15659495,Product Upgrade,False,2025-03-06
7977,15703923,Loyalty Bonus,False,2025-05-20
7978,15703923,Cashback,False,2025-04-12
7979,15674000,Rate Discount,False,2026-07-24
7980,15732202,Rate Discount,False,2025-01-12
7981,15732202,Fee Waiver,False,2024-11-11
7982,15735078,Product Upgrade,True,2025-11-15
7983,15735078,Fee Waiver,True,2025-07-28
7984,15798615,Cashback,True,2025-10-08
7985,15798615,Cashback,False,2025-09-03
7986,15763874,Cashback,False,2025-04-15
7987,15696355,Product Upgrade,False,2025-10-30
7988,15696355,Product Upgrade,True,2026-01-12
7989,15739850,Loyalty Bonus,False,2025-03-03
7990,15739850,Product Upgrade,False,2024-09-18
7991,15611338,Fee Waiver,False,2026-08-30
7992,15707861,Loyalty Bonus,True,2026-01-27
7993,15672237,Rate Discount,True,2025-08-16
7994,15657771, Product Upgrade ,False,2025-01-25
7995,15657771,Cashback,UNKNOWN,2024-10-22
7996,15681026,Rate Discount,False,2024-10-20
7997,15681026,Fee Waiver,False,2025-01-22
7998,15566543,Rate Discount,False,2025-08-07
7999,15594612,Product Upgrade,True,2025-07-25
8000,15594612,Rate Discount,False,2026-06-21
8001,15733491,Rate Discount,True,2026-08-31
8002,15806360,Rate Discount,False,2025-01-06
8003,15587133,Fee Waiver,True,2025-02-12
8004,15721377,Fee Waiver,True,2024-09-16
8005,15656062,Product Upgrade,True,2025-02-17
8006,15579969,Product Upgrade,True,2025-07-05
8007,15703563,Rate Discount,True,2026-06-18
8008,15672754,Loyalty Bonus,False,2026-03-02
8009,15768163,Cashback, False ,2025-09-21
8010,15656710,Cashback,False,2025-05-11
8011,15696175,Product Upgrade,True,2025-11-04
8012,15586914,Product Upgrade,False,2026-02-23
8013,15581736,Cashback,False,2025-09-21
8014,15588839,Loyalty Bonus,True,2024-09-19
8015,15589329,Cashback,True,2025-02-12
8016,15657105,Cashback,True,2025-05-15
8017,15569266,Fee Waiver,True,2025-05-20
8018,15606229,Fee Waiver,False,2026-06-02
8019,15682355,Cashback,False,2026-05-21
8020,15682355,Cashback,False,2025-12-21
2588,15586757,Rate Discount,False,2025-01-18
2746,15765982,Product Upgrade,False,2025-09-25
4273,15728706,Cashback,False,2026-06-23
6951,15709135,Cashback,True,2025-08-29
708,15585036,Cashback,False,2025-12-12
873,15780870,Rate Discount,True,2026-04-03
3000,15620323,Rate Discount,True,2026-08-05
1360,15700255,Rate Discount,False,2026-01-22
3978,15803456,Product Upgrade,False,2026-01-03
5229,15810898,Loyalty Bonus,False,2024-12-07
3637,15774192,Fee Waiver,False,2025-12-01
2815,15791216,Product Upgrade,False,2025-07-31
7254,15711396,Cashback,True,2024-09-22
2854,15608166,Rate Discount,True,2025-01-09
4668,15634180,Fee Waiver,False,2026-05-15
6595,15768574,Fee Waiver,False,2025-11-12
4731,15684248,Fee Waiver,False,2026-01-30
7289,15576065,Cashback,False,2025-09-17
2698,15711468,Product Upgrade,True,2025-10-23
7539,15737732,Loyalty Bonus,True,2026-04-10
7270,15743075,Fee Waiver,True,2026-01-26
6406,15644295,Product Upgrade,True,2024-11-16
7334,15660475,Cashback,True,2025-10-27
7609,15655171,Product Upgrade,True,2026-08-03
5344,15662021,Product Upgrade,True,2025-09-09
1335,15718247,Fee Waiver,False,2024-10-20
3747,15799932,Fee Waiver,True,2024-09-06
2552,15769596,Fee Waiver,False,2025-01-16
5347,15655252,Loyalty Bonus,False,2025-12-02
915,15624347,Product Upgrade,False,2024-12-08
4747,15812920,Rate Discount,True,2025-08-01
6978,15711386,Loyalty Bonus,True,2026-05-07
3468,15623478,Fee Waiver,False,2026-04-06
1556,15739858,Rate Discount,False,2025-08-22
7532,15743760,Rate Discount,True,2026-06-28
2962,15748639,Loyalty Bonus,False,2025-09-30
1647,15814536,Product Upgrade,False,2026-04-01
3473,15679968,Cashback,True,2026-08-08
1904,15588701,Product Upgrade,True,2026-05-24
6018,15770406,Rate Discount,True,2025-12-31
996,15616280,Loyalty Bonus,True,2024-09-03
1712,15723320,Rate Discount,False,2025-10-24
6593,15708139,Rate Discount,False,2025-05-05
5218,15625964,Rate Discount,False,2025-08-30
7638,15739847,Loyalty Bonus,False,2025-12-14
2170,15760446,Loyalty Bonus,False,2025-11-05
2742,15629511,Fee Waiver,True,2026-08-08
2152,15644962,Rate Discount,True,2026-03-14
4728,15625740,Loyalty Bonus,False,2025-01-24
3595,15648967,Cashback,False,2025-01-24
4476,15567013,Loyalty Bonus,True,2025-11-20
3627,15713532,Fee Waiver,True,2025-12-25
4737,15585379,Cashback,True,2026-05-01
7408,15649618,Product Upgrade,True,2026-01-14
914,15585198,Cashback,False,2026-02-24
4313,15801832,Rate Discount,False,2024-11-27
1976,15592645,Rate Discount,False,2025-12-31
5726,15723827,Cashback,False,2024-12-04
724,15809087,Product Upgrade,False,2025-02-07
3554,15605375,Fee Waiver,False,2025-04-23
7713,15812534,Rate Discount,True,2024-10-06
1196,15808189,Product Upgrade,False,2025-01-28
7576,15723604,Cashback,True,2025-09-27
5564,15636590,Rate Discount,True,2024-10-09
2582,15609669,Product Upgrade,True,2026-01-14
24,15736816,Rate Discount,True,2025-04-10
1329,15663441,Loyalty Bonus,True,2026-08-31
4274,15778696,Fee Waiver,False,2025-07-28
5506,15593943,Loyalty Bonus,True,2024-12-30
1286,15648721,Fee Waiver,False,2024-12-09
4305,15567246,Cashback,True,2025-02-07
6957,15717770,Rate Discount,False,2025-08-26
6944,15756167,Rate Discount,False,2025-01-11
4538,15715877,Product Upgrade,False,2025-09-02
720,15586959,Rate Discount,False,2025-06-26
6696,15701319,Loyalty Bonus,False,2025-06-06
6633,15605534,Fee Waiver,False,2025-02-06
6453,15690829,Product Upgrade,True,2025-05-10
8001,15733491,Rate Discount,True,2026-08-31
6713,15582116,Cashback,False,2026-06-24
4718,15722053,Rate Discount,True,2025-10-08
2616,15695679,Cashback,True,2025-11-17
3362,15779809,Product Upgrade,False,2026-08-15
773,15775625,Fee Waiver,True,2025-02-05
1489,15802478,Product Upgrade,True,2026-05-08
3211,15629603,Fee Waiver,True,2026-06-16
7519,15639665,Rate Discount,False,2024-10-29
7388,15635388,Loyalty Bonus,True,2025-05-09
1071,15704483,Product Upgrade,True,2025-01-12
160,15586310,Rate Discount,False,2026-08-27
5131,15707918,Loyalty Bonus,False,2026-03-19
7786,15624677,Product Upgrade,True,2024-09-08
4629,15575428,Fee Waiver,True,2026-06-18
5413,15643826,Loyalty Bonus,False,2025-01-03
3932,15781272,Rate Discount,True,2024-12-13
7716,15664860,Fee Waiver,True,2026-03-07
7308,15781326,Rate Discount,True,2025-05-03
767,15693814,Loyalty Bonus,True,2026-01-17
7146,15810660,Fee Waiver,False,2025-09-04
3925,15790204,Fee Waiver,False,2026-02-27
5724,15577515,Product Upgrade,False,2026-03-26
2284,15596060,Loyalty Bonus,True,2024-12-02
7483,15606076,Cashback,True,2026-08-25
3178,15759717,Product Upgrade,False,2025-02-22
7245,15656937,Rate Discount,True,2024-11-20
7415,15774285,Cashback,False,2024-12-09
6033,15735330,Loyalty Bonus,True,2025-12-27
