ticket_key,issue_type,severity
1,Loan Query,Critical
2,Card Problem,Medium
3,Card Problem,Low
4,Loan Query,High
5,Fraud Alert,Low
6,Card Problem,Low
7,Loan Query,Medium
8,Fraud Alert,Low
9,Billing,Low
10,App Bug,Low
11,Billing,Medium
12,App Bug,High
13,Loan Query,Low
14,Card Problem,Low
15,Loan Query,High
16,Login Issue,Medium
17,Fraud Alert,High
18,Fraud Alert,Medium
19,App Bug,Low
20,App Bug,Low
21,App Bug,Critical
22,Billing,Low
23,Card Problem,Low
24,Login Issue,High
25,Billing,Low
26,Fraud Alert,Low
27,Billing,Medium
28,Card Problem,Low
29,Fraud Alert,High
30,Login Issue,Medium
31,Billing,Low
32,App Bug,High
33,Card Problem,Low
34,Fraud Alert,High
35,Loan Query,Medium
36,Fraud Alert,Low
37,Fraud Alert,High
38,Fraud Alert,High
39,Card Problem,Medium
40,Loan Query,Low
41,Fraud Alert,Critical
42,Billing,Medium
43,Loan Query,Low
44,Loan Query,Low
45,Loan Query,Medium
46,Billing,Low
47,Loan Query,Medium
48,Billing,Low
49,App Bug,Low
50,Loan Query,High
51,Card Problem,Low
52,Billing,Low
53,Login Issue,Medium
54,Card Problem,High
55,Billing,Critical
56,Billing,High
57,Card Problem,Low
58,Billing,High
59,Fraud Alert,Low
60,Billing,Medium
61,Fraud Alert,Medium
62,App Bug,Medium
63,App Bug,Medium
64,Billing,Medium
65,Fraud Alert,Medium
66,Card Problem,Low
67,Billing,Medium
68,App Bug,Medium
69,Loan Query,Low
70,App Bug,Low
71,Loan Query,Low
72,Billing,Low
73,Loan Query,Medium
74,Login Issue,High
76,Fraud Alert,Low
77,Login Issue,Low
78,App Bug,Medium
79,Login Issue,Low
80,Billing,High
81,Fraud Alert,Medium
82,Loan Query,High
83,Card Problem,Medium
84,Login Issue,Medium
85,Loan Query,Low
86,App Bug,Medium
87,Loan Query,Low
88,Card Problem,Low
89,App Bug,Medium
90,Card Problem,Medium
91,App Bug,Medium
92,Billing,Low
93,Login Issue,Medium
94,App Bug,Medium
95,App Bug,Medium
96,Loan Query,Medium
97,Fraud Alert,Medium
98,Login Issue,Medium
99,Loan Query,High
100,Login Issue,Low
101,Login Issue,Medium
102,App Bug,Medium
103,Login Issue,Medium
104,Card Problem,Low
105,Billing,Medium
106,App Bug,Medium
107,Card Problem,High
108,Login Issue,Low
109,App Bug,Low
110,Billing,Low
111,Login Issue,Medium
112,App Bug,High
113,Card Problem,Medium
114,Login Issue,Critical
115,Fraud Alert,Low
116,App Bug,Medium
117,Billing,Low
118,Fraud Alert,Medium
119,App Bug,Low
120,Fraud Alert,Low
121,Login Issue,Medium
122,Card Problem,Medium
123,App Bug,Medium
124,App Bug,High
126,Card Problem,Medium
127,Login Issue,Critical
128,Fraud Alert,Medium
129,Loan Query,Low
130,Fraud Alert,Low
131,Loan Query,Low
132,App Bug,Low
133,Card Problem,High
134,Card Problem,High
135,Fraud Alert,Low
136,Fraud Alert,Medium
137,Billing,Medium
138,App Bug,Low
139,App Bug,Low
140,Card Problem,Critical
141,Billing,Medium
142,Fraud Alert,Low
143,Loan Query,High
145,Loan Query,Low
146,Login Issue,Medium
147,Loan Query,Low
148,Billing,Medium
149,App Bug,Medium
150,Fraud Alert,Low
151,Billing,Critical
152,App Bug,Critical
153,Fraud Alert,Low
154,App Bug,Critical
155,Card Problem,Medium
156,Card Problem,High
157,Fraud Alert,Low
158,Card Problem,Medium
159,App Bug,Medium
160,Billing,Low
161,App Bug,Low
162,Login Issue,High
163,Login Issue,Low
164,Billing,High
165,Billing,Medium
166,App Bug,Medium
167,Card Problem,Medium
168,Login Issue,Medium
169,Card Problem,Medium
170,Billing,Low
171,Login Issue,High
172,Billing,Critical
173,App Bug,Medium
174,App Bug,Critical
175,Card Problem,Low
176,Card Problem,Low
177,Login Issue,High
178,App Bug,Medium
179,App Bug,Low
180,Fraud Alert,Medium
181,App Bug,Low
182,Card Problem,Medium
184,Loan Query,Low
185,Fraud Alert,Low
186,Login Issue,Medium
187,Card Problem,Low
188,App Bug,Medium
189,Card Problem,High
190,App Bug,Low
191,Fraud Alert,High
192,Card Problem,Medium
193,Loan Query,Medium
194,Billing,Medium
195,App Bug,Medium
196,Card Problem,Medium
197,Billing,Critical
198,Fraud Alert,Medium
199,Card Problem,Low
200,Fraud Alert,Medium
201,Loan Query,Low
202,Fraud Alert,Medium
203,Login Issue,High
204,Fraud Alert,Low
205,Loan Query,Critical
206,Login Issue,Low
207,Loan Query,Low
208,Fraud Alert,Low
209,Billing,Low
210,Billing,Low
211,Card Problem,Medium
212,Fraud Alert,Low
213,Card Problem,Medium
214,Card Problem,Critical
215,App Bug,Medium
216,Fraud Alert,Low
217,App Bug,High
218,Loan Query,Medium
219,Login Issue,Low
220,Fraud Alert,High
221,Billing,Low
222,Login Issue,Low
223,Card Problem,Medium
224,Card Problem,Medium
225,Card Problem,Medium
226,Billing,High
227,Loan Query,High
228,Card Problem,Medium
229,Loan Query,Low
230,App Bug,Medium
231,App Bug,Medium
232,Loan Query,Medium
233,Loan Query,Medium
234,Fraud Alert,Low
235,Login Issue,Low
236,Billing,Medium
237,Loan Query,Medium
238,Login Issue,High
239,Billing,High
240,Fraud Alert,Medium
241,Login Issue,Low
242,Billing,High
243,Card Problem,Low
244,Billing,Low
245,Card Problem,High
246,Login Issue,Medium
247,Card Problem,Medium
248,Loan Query,Low
249,Billing,Medium
250,Login Issue,High
251,Billing,Low
252,App Bug,Medium
253,Fraud Alert,Low
254,Fraud Alert,Low
255,Fraud Alert,Low
256,Card Problem,Medium
257,Loan Query,Medium
258,Loan Query,Medium
259,Login Issue,Critical
260,Billing,High
261,Login Issue,Low
262,Billing,High
263,App Bug,Low
264,Login Issue,Low
265,Fraud Alert,Critical
266,App Bug,High
267,Login Issue,Low
268,Card Problem,Low
270,Login Issue,High
271,Loan Query,High
272,Billing,Low
273,Loan Query,Medium
274,Fraud Alert,High
275,Billing,Medium
276,Billing,Medium
277,Billing,Medium
278,App Bug,Critical
279,Loan Query,Medium
280,Fraud Alert,Low
281,Fraud Alert,Low
282,Login Issue,High
283,App Bug,Low
284,Login Issue,Low
285,Login Issue,High
286,Card Problem,Low
287,Card Problem,Low
288,Card Problem,Low
289,Fraud Alert,Low
290,Loan Query,Medium
291,Loan Query,Medium
292,Login Issue,Medium
293,Billing,Low
294,Login Issue,Medium
295,Loan Query,Low
296,Card Problem,Low
297,Billing,Low
298,Fraud Alert,Medium
299,App Bug,Critical
300,Fraud Alert,High
301,Loan Query,Critical
302,Login Issue,Critical
303,Login Issue,Medium
304,Fraud Alert,Medium
305,Card Problem,Low
306,Login Issue,Critical
307,Card Problem,Medium
308,Billing,Low
309,Loan Query,Medium
310,Loan Query,Low
311,Loan Query,Medium
312,Login Issue,High
313,Login Issue,Medium
314,Fraud Alert,Low
315,Fraud Alert,Critical
316,App Bug,High
317,Loan Query,Medium
318,Loan Query,High
319,Card Problem,Medium
320,Login Issue,Medium
321,Billing,Low
322,Billing,Low
323,Login Issue,Medium
325,Card Problem,High
326,Loan Query,High
327,Loan Query,High
328,Login Issue,Low
329,Fraud Alert,High
330,Card Problem,Critical
331,Card Problem,Medium
332,Fraud Alert,Low
333,App Bug,High
334,Billing,Low
335,Card Problem,High
336,Loan Query,High
337,Login Issue,Low
338,Card Problem,Medium
340,Login Issue,Low
341,Loan Query,Critical
342,App Bug,Medium
343,Login Issue,High
344,Billing,Medium
345,Loan Query,High
346,Card Problem,High
347,Loan Query,Low
348,App Bug,Medium
349,Login Issue,High
350,Fraud Alert,Low
351,Login Issue,High
352,App Bug,Medium
353,Billing,Medium
354,Fraud Alert,Low
355,Loan Query,Low
356,Fraud Alert,Low
357,Loan Query,High
358,Card Problem,Medium
359,Billing,Low
360,Card Problem,Low
361,App Bug,High
362,Loan Query,Medium
363,Login Issue,Medium
364,Login Issue,Low
365,App Bug,Medium
366,Login Issue,Medium
367,Card Problem,High
368,Loan Query,Low
369,Loan Query,High
370,Card Problem,Low
371,Billing,Medium
372,Loan Query,Medium
373,Billing,Critical
374,App Bug,Medium
375,Billing,Medium
376,Fraud Alert,Low
377,Fraud Alert,Medium
378,Card Problem,Low
379,App Bug,Critical
380,Card Problem,Medium
381,Card Problem,High
382,Billing,Medium
383,Fraud Alert,Low
384,Login Issue,Medium
386,Login Issue,High
387,Login Issue,Low
388,Card Problem,Low
389,Billing,Low
390,Billing,Critical
391,Fraud Alert,High
392,Card Problem,High
393,Login Issue,Medium
394,Loan Query,Medium
395,Fraud Alert,Medium
396,Card Problem,Medium
397,App Bug,Critical
398,Login Issue,Medium
399,App Bug,Low
400,Login Issue,Critical
401,Fraud Alert,Medium
402,Loan Query,Low
403,Login Issue,Low
404,Loan Query,Medium
405,Login Issue,High
406,Loan Query,High
407,Loan Query,Medium
408,Fraud Alert,Low
409,Login Issue,Low
410,Loan Query,Medium
411,Fraud Alert,Low
412,Fraud Alert,Medium
413,Loan Query,Medium
414,Loan Query,Medium
415,Billing,Low
416,Billing,High
417,Card Problem,Low
418,Login Issue,High
419,App Bug,Medium
420,Loan Query,Medium
421,Loan Query,Medium
422,Loan Query,High
423,Card Problem,High
424,Card Problem,Critical
425,App Bug,Medium
426,Login Issue,Medium
427,Login Issue,Low
428,Card Problem,Critical
429,Loan Query,Medium
430,Loan Query,Low
431,Login Issue,Low
432,App Bug,Low
433,Login Issue,High
434,Fraud Alert,Critical
435,Billing,Medium
436,Card Problem,Medium
437,App Bug,Critical
438,Login Issue,Medium
439,Billing,Low
440,App Bug,Critical
441,Loan Query,Medium
443,Billing,High
444,Billing,Low
445,Billing,Medium
446,Loan Query,Low
447,Card Problem,Medium
448,Fraud Alert,Medium
449,Login Issue,Medium
450,Loan Query,Low
451,Loan Query,Medium
452,Login Issue,High
453,Card Problem,Medium
454,Loan Query,Low
455,Loan Query,Medium
456,Login Issue,Critical
457,App Bug,Low
458,Loan Query,Low
459,Login Issue,Low
460,Fraud Alert,Critical
461,App Bug,Medium
462,Loan Query,Low
463,Billing,Medium
464,App Bug,Medium
465,Billing,High
466,Login Issue,High
467,Billing,Low
468,Loan Query,Low
469,Card Problem,Medium
470,Billing,Medium
471,Billing,High
473,Fraud Alert,Medium
474,Card Problem,Low
475,Login Issue,Medium
476,Billing,Medium
477,Fraud Alert,High
478,Fraud Alert,Medium
479,Billing,Medium
480,Billing,Low
481,App Bug,Medium
482,Card Problem,Low
483,Card Problem,Medium
484,Fraud Alert,Low
485,Fraud Alert,Medium
486,Billing,Critical
487,Loan Query,Medium
488,App Bug,High
489,Fraud Alert,Low
490,Billing,High
491,Fraud Alert,Medium
492,Billing,Low
493,Loan Query,Medium
494,Login Issue,Low
495,Login Issue,Low
496,Loan Query,Medium
497,Login Issue,Low
498,Card Problem,Medium
499,Loan Query,Medium
500,Card Problem,Low
501,Fraud Alert,Medium
502,Loan Query,High
503,Card Problem,Low
504,Loan Query,Medium
505,App Bug,Critical
506,Fraud Alert,High
507,Loan Query,High
508,Billing,Medium
509,Loan Query,Low
510,Loan Query,Low
511,Fraud Alert,Low
512,Fraud Alert,High
513,App Bug,Low
514,Card Problem,Medium
515,Billing,High
516,Loan Query,Low
518,App Bug,Medium
519,Loan Query,Low
520,Fraud Alert,Medium
521,Card Problem,Medium
522,Fraud Alert,High
523,App Bug,Low
524,Login Issue,Low
525,App Bug,Medium
526,Login Issue,Low
527,Loan Query,Low
528,App Bug,Low
529,Loan Query,Low
530,Login Issue,High
531,Fraud Alert,Low
532,Billing,Critical
533,App Bug,Critical
534,Loan Query,Low
535,Card Problem,High
536,Billing,Medium
537,Billing,Low
538,Card Problem,Low
539,Card Problem,Medium
540,Fraud Alert,Medium
541,Card Problem,Critical
542,Card Problem,Medium
543,Fraud Alert,Medium
544,Loan Query,Low
545,Billing,High
546,Card Problem,Critical
547,Login Issue,High
548,Loan Query,High
549,Loan Query,Medium
550,Billing,Low
551,Billing,High
552,Login Issue,Low
553,App Bug,Critical
554,App Bug,Medium
555,Billing,Low
556,Fraud Alert,Medium
557,Loan Query,Medium
558,Fraud Alert,Low
559,Login Issue,Critical
560,Loan Query,Low
561,Card Problem,High
562,Fraud Alert,Low
563,Fraud Alert,Medium
564,Billing,Medium
565,Login Issue,High
566,Card Problem,High
567,Login Issue,Critical
568,Fraud Alert,Low
569,Billing,Medium
570,Login Issue,Medium
571,Fraud Alert,Low
572,Loan Query,Medium
573,Loan Query,High
574,Login Issue,Low
575,App Bug,Medium
576,Login Issue,Low
577,Billing,Medium
578,App Bug,Medium
579,Loan Query,Low
580,Login Issue,Medium
581,Fraud Alert,Low
582,App Bug,Medium
583,App Bug,High
584,Billing,Low
585,Loan Query,Medium
586,Fraud Alert,Medium
587,Login Issue,Medium
588,App Bug,Low
589,Card Problem,Critical
590,App Bug,Low
591,Card Problem,High
592,Card Problem,Low
593,App Bug,Medium
594,Loan Query,Medium
595,Card Problem,Low
597,App Bug,High
598,Fraud Alert,Low
599,Login Issue,Low
600,Loan Query,Medium
601,Card Problem,Low
602,Billing,Low
603,Login Issue,High
604,App Bug,Medium
605,Login Issue,Low
606,App Bug,Low
607,Billing,Medium
608,App Bug,Critical
609,Loan Query,Low
610,Billing,Low
611,Login Issue,Medium
612,Billing,Medium
613,Billing,Low
614,Billing,Low
615,Card Problem,Medium
616,Fraud Alert,Medium
617,Card Problem,High
618,Loan Query,Low
619,Loan Query,Medium
620,Fraud Alert,Low
621,Billing,Medium
622,Fraud Alert,Low
623,Login Issue,Low
624,Billing,Low
625,Card Problem,Low
626,Loan Query,Low
627,Fraud Alert,Low
628,Loan Query,Low
629,Card Problem,Low
630,App Bug,Low
631,App Bug,Medium
632,Fraud Alert,Medium
633,Card Problem,High
634,App Bug,Critical
635,Fraud Alert,Medium
636,Card Problem,Critical
637,Loan Query,Low
638,App Bug,High
639,Fraud Alert,Low
640,Loan Query,Medium
641,Loan Query,Critical
642,Login Issue,Medium
643,App Bug,High
644,Billing,Low
645,Fraud Alert,Medium
646,Card Problem,High
648,Loan Query,Low
649,Billing,Low
650,Card Problem,High
651,App Bug,Medium
652,Fraud Alert,Low
653,Billing,High
654,Login Issue,High
655,Card Problem,High
656,Fraud Alert,Low
657,Card Problem,Low
658,Billing,Low
659,Fraud Alert,Medium
660,Card Problem,Low
661,Card Problem,Critical
662,Billing,Low
663,Loan Query,Low
665,Billing,Low
666,Card Problem,Medium
667,Loan Query,Medium
668,Fraud Alert,High
669,App Bug,Critical
670,Loan Query,High
671,App Bug,Critical
672,App Bug,Medium
673,Card Problem,Medium
674,App Bug,High
675,Fraud Alert,Medium
676,Billing,Medium
677,Card Problem,Medium
679,Card Problem,Low
680,Billing,Critical
681,Fraud Alert,Medium
682,Fraud Alert,Low
683,Loan Query,Low
684,App Bug,Medium
685,App Bug,Low
686,Billing,Medium
687,Billing,Low
688,App Bug,Low
689,Billing,Medium
690,Fraud Alert,Low
691,Billing,Low
692,App Bug,Low
693,Billing,Medium
694,Login Issue,High
695,Fraud Alert,High
696,Loan Query,Low
697,Fraud Alert,Medium
698,Loan Query,Medium
700,Login Issue,Low
701,Card Problem,Medium
703,Loan Query,Medium
704,App Bug,Medium
705,Login Issue,Low
706,App Bug,Low
707,Billing,High
708,Loan Query,Medium
709,App Bug,High
710,Login Issue,High
711,Loan Query,Low
712,Login Issue,Medium
713,Loan Query,Low
714,Loan Query,Medium
715,Billing,Low
716,Login Issue,Low
717,Card Problem,Medium
718,Fraud Alert,Medium
719,Loan Query,Medium
720,Billing,Medium
721,Card Problem,Low
722,Fraud Alert,Medium
724,App Bug,Low
725,Loan Query,Low
726,App Bug,Critical
727,Loan Query,Low
728,Fraud Alert,Low
729,Login Issue,Low
730,Card Problem,Low
731,Login Issue,High
732,Card Problem,Critical
733,Login Issue,Critical
734,Billing,Medium
735,Login Issue,Low
736,Loan Query,Medium
738,App Bug,High
739,Fraud Alert,Medium
740,Loan Query,Low
741,Fraud Alert,Medium
742,Fraud Alert,Critical
743,Billing,Low
744,Billing,Medium
745,Card Problem,Medium
746,Loan Query,Medium
747,Loan Query,Medium
748,Billing,Low
749,Card Problem,Low
750,App Bug,Low
751,Fraud Alert,High
752,Login Issue,Medium
753,Loan Query,Medium
754,Billing,Low
755,Login Issue,High
756,Card Problem,High
757,Billing,Medium
758,Billing,High
759,Billing,High
760,Loan Query,Medium
761,Card Problem,Low
762,App Bug,Medium
763,Login Issue,Critical
764,Login Issue,Low
765,Login Issue,Medium
766,Card Problem,Low
767,Card Problem,High
768,Billing,Low
769,Card Problem,Low
770,Billing,Medium
771,Login Issue,Medium
772,Login Issue,Medium
773,Loan Query,Low
775,Login Issue,Low
776,Billing,Low
777,Login Issue,Low
778,Login Issue,Medium
779,Loan Query,Medium
780,Billing,Low
781,Login Issue,Low
782,Card Problem,Low
783,Loan Query,High
784,App Bug,Low
785,Login Issue,Low
786,Loan Query,High
787,Loan Query,Critical
788,Login Issue,High
789,Loan Query,Low
790,Fraud Alert,Medium
791,Billing,High
792,Loan Query,Low
793,Card Problem,Low
794,Loan Query,Medium
795,Login Issue,Medium
796,Card Problem,Critical
797,Fraud Alert,Low
798,App Bug,Low
799,Login Issue,Low
800,App Bug,Low
801,Loan Query,Low
802,Fraud Alert,Low
803,App Bug,Medium
804,Loan Query,Medium
805,Loan Query,Low
806,Fraud Alert,Medium
807,App Bug,Low
808,Loan Query,Low
809,App Bug,Medium
810,Card Problem,Medium
811,Billing,Low
812,Card Problem,Low
813,Login Issue,Low
814,Loan Query,Medium
815,Billing,Low
816,Loan Query,Medium
817,Login Issue,Low
818,Card Problem,High
819,Loan Query,Low
821,Billing,Low
822,Login Issue,High
823,Loan Query,Medium
824,Login Issue,Medium
825,App Bug,Low
826,Fraud Alert,Critical
827,App Bug,Medium
828,Fraud Alert,Medium
829,Billing,Low
830,Login Issue,Low
831,Loan Query,Low
832,Card Problem,Critical
833,Card Problem,Critical
834,Fraud Alert,Medium
835,Card Problem,Critical
836,Billing,Medium
837,Login Issue,Critical
838,Fraud Alert,Low
839,Billing,Medium
840,Loan Query,Medium
841,Fraud Alert,Medium
842,Loan Query,High
843,Login Issue,Low
844,Card Problem,Low
845,App Bug,Low
846,Login Issue,Medium
847,Login Issue,Low
848,App Bug,Critical
849,Loan Query,Medium
850,Billing,High
851,App Bug,Low
852,Login Issue,Low
853,Login Issue,High
854,App Bug,High
855,Login Issue,Low
856,Card Problem,Low
857,Loan Query,Medium
858,Login Issue,Low
859,Loan Query,High
860,App Bug,High
861,Card Problem,Medium
862,Card Problem,Low
863,App Bug,Low
864,App Bug,Low
865,Loan Query,High
866,App Bug,Low
867,App Bug,Low
868,App Bug,Medium
869,Login Issue,Medium
870,Loan Query,Low
871,Loan Query,Critical
872,Login Issue,Medium
873,Fraud Alert,High
874,Loan Query,Low
875,App Bug,High
876,Login Issue,Low
877,Fraud Alert,Medium
878,Login Issue,Medium
879,Billing,Low
880,Card Problem,High
881,Card Problem,Critical
882,App Bug,Low
883,Card Problem,High
884,Fraud Alert,Low
885,Loan Query,High
886,Billing,Medium
887,Loan Query,Low
888,Login Issue,High
890,Loan Query,Critical
891,Billing,Medium
892,Card Problem,Low
893,Fraud Alert,Medium
894,Card Problem,Medium
895,Loan Query,High
896,Billing,Low
897,Card Problem,Low
898,Card Problem,High
899,Fraud Alert,Low
900,Loan Query,Low
901,Fraud Alert,Low
902,Login Issue,Low
903,Login Issue,Medium
904,Fraud Alert,Critical
905,App Bug,High
906,Login Issue,Low
907,Login Issue,Low
908,App Bug,Low
909,Login Issue,Critical
910,Loan Query,Medium
911,Login Issue,Low
912,Login Issue,Low
913,Card Problem,Medium
914,Loan Query,Low
915,Login Issue,Medium
916,Card Problem,Low
917,Billing,Low
918,Loan Query,Medium
919,Loan Query,Low
920,Card Problem,Low
921,Card Problem,Medium
922,Loan Query,High
923,Loan Query,Medium
924,Card Problem,Critical
925,Login Issue,Low
926,Fraud Alert,Medium
927,Fraud Alert,Low
928,App Bug,Low
929,App Bug,Medium
930,Card Problem,Medium
931,Billing,Medium
932,Billing,Medium
933,Loan Query,High
934,Login Issue,Low
935,Card Problem,Medium
936,Login Issue,Low
937,App Bug,High
938,Fraud Alert,High
939,Card Problem,Medium
940,App Bug,High
942,Card Problem,High
943,Card Problem,Medium
944,Loan Query,Medium
945,Login Issue,Low
946,Loan Query,Low
947,App Bug,Low
948,Loan Query,Medium
949,Billing,Medium
950,App Bug,High
951,Loan Query,High
952,Billing,Medium
953,Login Issue,Medium
954,App Bug,High
955,Login Issue,Low
956,Fraud Alert,Low
957,Billing,Medium
958,Fraud Alert,Low
959,App Bug,Medium
960,App Bug,Medium
961,Fraud Alert,Medium
962,Fraud Alert,Medium
963,Loan Query,Low
964,Login Issue,Medium
965,Fraud Alert,Medium
966,Billing,Medium
967,Card Problem,Medium
968,App Bug,Medium
969,Fraud Alert,Medium
970,App Bug,Medium
971,Login Issue,Medium
972,Login Issue,Medium
973,App Bug,Low
974,Card Problem,High
975,App Bug,Low
976,Billing,Medium
977,App Bug,Medium
978,Card Problem,High
979,Billing,Medium
980,Fraud Alert,Medium
981,Login Issue,Low
982,Loan Query,Low
983,Loan Query,Low
984,App Bug,Critical
985,Card Problem,Medium
986,Card Problem,Low
987,Card Problem,Low
988,Card Problem,Low
989,Card Problem,Medium
990,Billing,Low
991,Billing,Medium
992,App Bug,Medium
993,Card Problem,Medium
994,Loan Query,Medium
995,App Bug,Low
996,Login Issue,Medium
997,Login Issue,Medium
998,Card Problem,Medium
999,Fraud Alert,Medium
1000,Billing,Medium
1001,Loan Query,Medium
1002,Billing,High
1003,Fraud Alert,Low
1004,Loan Query,Low
1005,Fraud Alert,Low
1006,Fraud Alert,High
1007,Loan Query,High
1008,Fraud Alert,Medium
1009,Fraud Alert,Low
1010,Fraud Alert,Medium
1011,App Bug,High
1012,Card Problem,Medium
1013,Card Problem,Medium
1014,Card Problem,Critical
1015,Card Problem,High
1016,App Bug,Medium
1017,Loan Query,High
1018,Fraud Alert,Low
1019,Loan Query,High
1020,App Bug,Medium
1021,Billing,High
1022,App Bug,Medium
1023,Card Problem,Low
1024,Card Problem,Low
1025,Login Issue,Medium
1026,Loan Query,Medium
1027,App Bug,Medium
1028,Login Issue,Medium
1029,Loan Query,Low
1030,Billing,Medium
1031,Loan Query,Low
1032,Fraud Alert,Medium
1033,App Bug,Medium
1034,Billing,Low
1035,Loan Query,Medium
1036,Fraud Alert,Medium
1037,App Bug,Medium
1038,Fraud Alert,High
1039,Fraud Alert,Medium
1040,Billing,Low
1041,Fraud Alert,Medium
1042,Card Problem,Low
1043,Billing,Medium
1044,Billing,Low
1045,Fraud Alert,Medium
1046,App Bug,Low
1047,Login Issue,Critical
1048,Login Issue,Low
1049,Card Problem,Medium
1050,Login Issue,Medium
1051,Loan Query,Low
1052,Loan Query,High
1053,Fraud Alert,Low
1054,Loan Query,Medium
1055,Loan Query,High
1056,Fraud Alert,Low
1057,Fraud Alert,High
1058,Login Issue,Low
1059,Fraud Alert,High
1060,Fraud Alert,High
1061,Loan Query,Low
1062,Billing,Low
1063,Login Issue,Medium
1064,Billing,Low
1065,Login Issue,Low
1066,Login Issue,Medium
1067,Billing,High
1068,App Bug,Low
1069,Loan Query,Medium
1070,Billing,Medium
1071,Loan Query,Medium
1072,App Bug,Medium
1073,Fraud Alert,High
1074,Fraud Alert,Medium
1075,Fraud Alert,Low
1076,Card Problem,Low
1077,Fraud Alert,Low
1078,Fraud Alert,Medium
1079,Card Problem,Low
1080,Card Problem,High
1081,Fraud Alert,High
1082,Fraud Alert,Critical
1083,Loan Query,Medium
1084,App Bug,High
1085,Billing,Low
1086,Login Issue,Low
1087,Card Problem,Critical
1088,App Bug,Low
1089,Login Issue,Medium
1090,App Bug,Medium
1091,Fraud Alert,High
1092,Billing,Medium
1093,Login Issue,Medium
1094,Fraud Alert,Low
1095,Fraud Alert,Medium
1096,Billing,High
1097,App Bug,Low
1098,Card Problem,Low
1099,Login Issue,Low
1100,Billing,High
1101,Fraud Alert,High
1102,Card Problem,Low
1103,Card Problem,High
1104,Loan Query,Low
1105,Fraud Alert,Medium
1106,Loan Query,Medium
1107,Login Issue,Low
1108,Billing,Medium
1109,Login Issue,Medium
1110,Card Problem,Low
1111,Billing,High
1112,Loan Query,Low
1113,Loan Query,Low
1114,App Bug,Low
1115,Fraud Alert,Medium
1116,Card Problem,Medium
1117,Login Issue,High
1118,Card Problem,Critical
1119,Login Issue,Medium
1120,Loan Query,Low
1121,Billing,Low
1122,Card Problem,Medium
1123,Billing,Low
1124,Loan Query,Low
1125,Login Issue,Low
1126,Login Issue,Medium
1128,Loan Query,Medium
1129,Card Problem,High
1130,Loan Query,Medium
1131,App Bug,High
1132,Card Problem,Low
1133,Billing,Critical
1134,Card Problem,High
1135,Loan Query,Medium
1136,App Bug,High
1137,Fraud Alert,Low
1138,Loan Query,Medium
1139,Fraud Alert,Low
1140,Billing,Low
1141,Login Issue,Low
1142,App Bug,High
1144,Fraud Alert,Medium
1145,Fraud Alert,Low
1146,Card Problem,High
1147,Login Issue,Low
1148,App Bug,Medium
1149,Card Problem,Low
1150,Fraud Alert,Critical
1151,Loan Query,High
1152,Billing,Critical
1153,Login Issue,Low
1155,Card Problem,High
1156,Fraud Alert,Medium
1157,Loan Query,Low
1158,Card Problem,Low
1159,App Bug,Medium
1160,Login Issue,Low
1161,Fraud Alert,Low
1163,Fraud Alert,Low
1164,Fraud Alert,Medium
1165,Fraud Alert,Low
1166,App Bug,Medium
1167,Card Problem,High
1168,Card Problem,Medium
1169,Billing,Critical
1170,Fraud Alert,Low
1171,Fraud Alert,Medium
1172,Card Problem,High
1173,Fraud Alert,Critical
1174,Billing,Medium
1175,Fraud Alert,Medium
1176,Billing,High
1177,Fraud Alert,High
1178,Fraud Alert,Low
1179,App Bug,Low
1180,Billing,High
1181,Fraud Alert,High
1182,Card Problem,Low
1183,Login Issue,Low
1184,Login Issue,High
1185,Fraud Alert,Medium
1186,Card Problem,Medium
1187,Fraud Alert,High
1188,App Bug,Low
1189,Loan Query,High
1190,Loan Query,High
1191,Fraud Alert,Low
1192,App Bug,High
1193,Fraud Alert,Low
1194,App Bug,Low
1195,Loan Query,High
1196,Login Issue,Low
1197,App Bug,Low
1198,Loan Query,Low
1199,Loan Query,High
1200,Loan Query,High
1201,Loan Query,Low
1202,Fraud Alert,Medium
1203,Login Issue,Low
1204,Loan Query,Medium
1205,Billing,High
1206,App Bug,Medium
1207,Login Issue,High
1208,Billing,Medium
1209,Card Problem,Medium
1210,Billing,Medium
1211,Loan Query,Critical
1212,Login Issue,High
1213,Login Issue,High
1214,Card Problem,Low
1215,Billing,Low
1216,Login Issue,Critical
1217,Billing,Medium
1218,Login Issue,Low
1219,App Bug,Medium
1220,Login Issue,Low
1221,Login Issue,Low
1222,Loan Query,Low
1223,Login Issue,Low
1224,Card Problem,Medium
1225,Card Problem,Medium
1226,Loan Query,High
1227,App Bug,Low
1228,Loan Query,Low
1229,App Bug,Low
1230,App Bug,Low
1231,Loan Query,High
1232,App Bug,Medium
1233,Loan Query,Low
1234,Billing,Low
1235,Loan Query,Medium
1236,Loan Query,High
1237,Loan Query,Medium
1238,Card Problem,Low
1239,Fraud Alert,Low
1240,App Bug,Low
1241,Billing,Critical
1242,Login Issue,High
1243,Billing,Medium
1244,Card Problem,Medium
1245,Card Problem,High
1246,Fraud Alert,High
1247,Billing,Low
1248,App Bug,Medium
1249,App Bug,Low
1250,Loan Query,Medium
1251,Card Problem,Medium
1252,Loan Query,Medium
1253,App Bug,High
1254,Login Issue,Low
1255,Card Problem,Medium
1256,Card Problem,Low
1257,Fraud Alert,Critical
1258,Card Problem,Low
1259,Fraud Alert,Medium
1260,Card Problem,Medium
1261,Card Problem,Medium
1262,Loan Query,High
1263,App Bug,Medium
1264,Billing,Medium
1265,Loan Query,High
1266,Billing,Medium
1267,Loan Query,Medium
1268,Login Issue,Critical
1269,Fraud Alert,Critical
1271,Fraud Alert,Critical
1272,Fraud Alert,Critical
1273,App Bug,Medium
1274,Fraud Alert,Medium
1275,Fraud Alert,Medium
1276,App Bug,Low
1277,Loan Query,High
1278,Card Problem,Low
1279,Login Issue,Low
1280,App Bug,High
1281,Loan Query,Low
1282,Loan Query,High
1283,Loan Query,Medium
1284,Fraud Alert,Medium
1285,Loan Query,High
1286,Login Issue,High
1287,Billing,Low
1288,Loan Query,Low
1289,App Bug,Low
1290,Fraud Alert,Medium
1291,App Bug,Medium
1292,Fraud Alert,Medium
1293,Billing,Low
1294,App Bug,Low
1295,Card Problem,Low
1296,Loan Query,High
1297,Loan Query,Low
1298,Fraud Alert,Low
1299,Card Problem,Medium
1301,Login Issue,Low
1302,Login Issue,Low
1303,App Bug,Medium
1304,Login Issue,Low
1305,App Bug,Low
1306,Login Issue,Critical
1307,App Bug,Medium
1308,Billing,Medium
1309,Fraud Alert,Critical
1310,Billing,High
1311,Fraud Alert,Low
1312,Billing,Medium
1313,Card Problem,Low
1314,Fraud Alert,Medium
1315,Login Issue,Low
1316,Card Problem,Low
1317,Loan Query,High
1318,Card Problem,Low
1319,Fraud Alert,Medium
1320,Loan Query,Medium
1321,Login Issue,Low
1322,Loan Query,Medium
1323,Fraud Alert,Critical
1324,Billing,Critical
1325,Fraud Alert,Medium
1326,Loan Query,Low
1327,Card Problem,Medium
1328,App Bug,Low
1329,Card Problem,Medium
1330,Loan Query,Medium
1331,Loan Query,Low
1332,Fraud Alert,Critical
1333,Billing,High
1334,Card Problem,Medium
1335,Fraud Alert,Medium
1336,Billing,Critical
1337,Loan Query,Low
1338,Card Problem,Low
1339,Fraud Alert,High
1340,App Bug,Medium
1341,App Bug,Medium
1342,Login Issue,Low
1343,Fraud Alert,Low
1344,Fraud Alert,High
1345,Loan Query,Critical
1346,Card Problem,Low
1347,App Bug,High
1348,Login Issue,Low
1349,Billing,Medium
1350,Card Problem,High
1351,Login Issue,Low
1352,Billing,Medium
1353,Loan Query,Medium
1354,Billing,Medium
1355,Billing,Low
1356,Login Issue,Medium
1357,Loan Query,High
1358,Billing,Critical
1359,Fraud Alert,High
1360,Login Issue,Low
1361,Login Issue,Medium
1362,Login Issue,High
1363,App Bug,Medium
1364,Billing,Low
1365,Billing,Low
1366,Login Issue,Low
1367,Login Issue,Low
1368,Fraud Alert,Low
1369,Billing,Low
1370,Fraud Alert,High
1371,Billing,Low
1372,Card Problem,High
1373,Loan Query,Low
1374,App Bug,Medium
1375,Billing,High
1376,Fraud Alert,High
1377,Billing,Medium
1378,Fraud Alert,Low
1379,Fraud Alert,Low
1380,Fraud Alert,Low
1381,Fraud Alert,High
1382,Billing,High
1383,Fraud Alert,Medium
1384,Fraud Alert,Low
1385,Fraud Alert,High
1386,Card Problem,Low
1387,Loan Query,Medium
1388,Billing,Medium
1389,Loan Query,High
1390,App Bug,Medium
1391,Loan Query,High
1392,Login Issue,Medium
1393,Fraud Alert,Low
1394,App Bug,Critical
1395,Billing,Low
1396,App Bug,Low
1397,Billing,Low
1398,Fraud Alert,Low
1399,Loan Query,High
1400,Card Problem,Medium
1401,Billing,High
1402,Billing,Medium
1403,Loan Query,Critical
1404,App Bug,Low
1405,Billing,Medium
1406,Login Issue,Medium
1407,Loan Query,High
1408,Card Problem,Medium
1409,Loan Query,Medium
1410,Login Issue,High
1411,Billing,Low
1412,App Bug,High
1413,Login Issue,High
1414,Login Issue,High
1415,Login Issue,Low
1417,Login Issue,High
1418,Fraud Alert,Low
1419,Login Issue,High
1420,Fraud Alert,Low
1421,Billing,Critical
1422,Fraud Alert,Low
1423,Card Problem,Critical
1424,Billing,Low
1425,Fraud Alert,Low
1426,Card Problem,High
1427,Login Issue,Low
1428,Card Problem,Medium
1429,Loan Query,Medium
1430,Login Issue,Medium
1431,Card Problem,High
1432,Loan Query,Critical
1433,Loan Query,Low
1434,Card Problem,High
1435,Loan Query,Low
1436,Loan Query,High
1437,Card Problem,Low
1438,Login Issue,Low
1439,Card Problem,Low
1440,Card Problem,Low
1441,Billing,Low
1442,Fraud Alert,Medium
1443,Card Problem,Medium
1444,Login Issue,High
1445,App Bug,High
1446,Login Issue,Low
1447,Loan Query,Low
1448,Card Problem,Low
1449,Billing,Medium
1450,Fraud Alert,High
1451,Login Issue,Medium
1452,Loan Query,High
1453,App Bug,Low
1455,Fraud Alert,Low
1456,Billing,High
1457,Login Issue,Low
1458,Login Issue,Medium
1459,Loan Query,Medium
1460,Billing,Low
1461,Card Problem,Low
1462,Card Problem,Medium
1463,Login Issue,Low
1464,Loan Query,Medium
1465,Card Problem,Medium
1466,Billing,Low
1467,Billing,Low
1468,App Bug,Low
1469,Loan Query,Medium
1470,Billing,High
1471,Login Issue,Low
1472,Loan Query,Medium
1473,Billing,Medium
1474,Card Problem,Medium
1475,Fraud Alert,Medium
1476,Login Issue,High
1477,Fraud Alert,Medium
1478,Loan Query,Medium
1479,App Bug,Low
1480,Loan Query,Medium
1481,Loan Query,High
1482,Fraud Alert,Medium
1483,Fraud Alert,Low
1484,Loan Query,Low
1485,Card Problem,Medium
1486,Card Problem,Low
1487,App Bug,Low
1488,App Bug,Medium
1489,Billing,Medium
1490,Fraud Alert,Medium
1491,Card Problem,High
1492,Login Issue,Low
1493,Billing,Low
1494,Loan Query,High
1495,App Bug,Low
1496,Login Issue,Critical
1497,Card Problem,Low
1498,Billing,Medium
1499,Loan Query,Low
1500,Loan Query,Low
1501,App Bug,Medium
1502,Loan Query,Low
1503,Billing,High
1504,Fraud Alert,High
1505,Login Issue,Low
1506,App Bug,Low
1507,Billing,Medium
1509,Fraud Alert,Low
1510,Billing,Low
1511,Loan Query,Low
1512,Billing,Medium
1513,Login Issue,Low
1514,App Bug,Medium
1515,Loan Query,Low
1516,Loan Query,High
1517,Billing,High
1518,Loan Query,Medium
1519,Fraud Alert,High
1520,Fraud Alert,Medium
1521,Billing,Low
1522,Fraud Alert,High
1523,Login Issue,Low
1524,Login Issue,Low
1525,Login Issue,Low
1526,Fraud Alert,Medium
1528,Billing,Low
1529,Loan Query,High
1530,Card Problem,High
1531,App Bug,Medium
1532,Billing,Medium
1533,Fraud Alert,Low
1534,App Bug,High
1535,Login Issue,Low
1536,Loan Query,High
1537,Loan Query,Medium
1538,App Bug,Low
1539,Login Issue,Medium
1540,Loan Query,Low
1541,App Bug,Low
1542,Billing,High
1543,App Bug,Low
1544,Loan Query,Low
1545,Loan Query,Low
1546,Billing,Low
1547,Card Problem,High
1548,Fraud Alert,Medium
1549,Loan Query,Medium
1550,Card Problem,Low
1551,Billing,High
1552,Loan Query,Low
1553,Login Issue,Medium
1554,Fraud Alert,Critical
1555,Login Issue,Critical
1556,Billing,Medium
1557,Loan Query,High
1558,Fraud Alert,Critical
1559,Billing,Medium
1560,Loan Query,Critical
1561,Loan Query,Medium
1562,App Bug,Low
1563,Billing,Low
1564,Fraud Alert,Medium
1565,Loan Query,Low
1566,Loan Query,Medium
1567,Login Issue,Low
1568,App Bug,Medium
1570,Billing,Critical
1571,App Bug,Medium
1572,Login Issue,Low
1573,App Bug,Low
1574,Login Issue,Medium
1575,Billing,Low
1576,Loan Query,Medium
1577,Billing,Low
1578,Loan Query,High
1579,Loan Query,Critical
1580,App Bug,Medium
1581,Fraud Alert,Low
1582,Billing,Critical
1583,Billing,Low
1584,App Bug,Medium
1585,Loan Query,Medium
1586,Fraud Alert,Low
1587,Billing,Medium
1588,Fraud Alert,Medium
1589,Billing,Critical
1590,App Bug,Medium
1591,Billing,Low
1592,Loan Query,High
1593,Loan Query,Critical
1594,Loan Query,High
1595,Billing,Medium
1596,Card Problem,Low
1597,Loan Query,Low
1598,App Bug,Medium
1599,Billing,High
1600,Fraud Alert,Low
1601,Fraud Alert,Low
1602,Card Problem,Low
1603,Fraud Alert,Medium
1605,Card Problem,Medium
1606,Card Problem,Medium
1607,Loan Query,Low
1608,Loan Query,High
1609,Fraud Alert,Low
1610,App Bug,Low
1611,Loan Query,Low
1612,Login Issue,Critical
1613,Fraud Alert,Medium
1614,Fraud Alert,Medium
1615,Card Problem,Low
1616,Fraud Alert,Low
1617,Login Issue,Critical
1618,Login Issue,Low
1619,Fraud Alert,Low
1620,Billing,Low
1621,Loan Query,Medium
1622,Loan Query,Low
1623,Login Issue,Low
1624,Card Problem,Low
1625,Fraud Alert,Medium
1626,App Bug,Low
1627,Billing,High
1628,Billing,Low
1629,Loan Query,Medium
1630,Fraud Alert,Low
1631,App Bug,Low
1632,Billing,Medium
1633,Billing,Medium
1634,App Bug,High
1635,Login Issue,Medium
1636,Card Problem,Medium
1637,Loan Query,Low
1638,Card Problem,Low
1639,Fraud Alert,Low
1640,Loan Query,High
1641,Billing,Low
1642,Login Issue,Medium
1643,Login Issue,Low
1644,Fraud Alert,Critical
1645,Login Issue,Medium
1647,Card Problem,High
1648,Login Issue,Low
1649,App Bug,Low
1650,Loan Query,Low
1651,Card Problem,High
1652,App Bug,Medium
1653,Fraud Alert,Low
1654,Card Problem,Low
1655,Fraud Alert,Low
1656,Card Problem,Critical
1657,Card Problem,High
1658,Billing,Medium
1659,Login Issue,Medium
1661,Login Issue,Medium
1662,Billing,Critical
1663,App Bug,Medium
1664,Loan Query,Medium
1665,Card Problem,Low
1666,Card Problem,Low
1667,Card Problem,High
1668,Fraud Alert,Low
1669,Loan Query,Medium
1670,App Bug,High
1671,Card Problem,Medium
1672,Login Issue,Low
1673,App Bug,Medium
1674,Login Issue,Medium
1675,App Bug,Medium
1676,Billing,Low
1677,Fraud Alert,Low
1678,Billing,Low
1679,Card Problem,Low
1680,App Bug,Low
1681,Card Problem,Low
1682,Billing,Medium
1683,Loan Query,Critical
1684,Fraud Alert,Low
1685,Login Issue,Medium
1686,Loan Query,High
1687,Billing,High
1688,App Bug,Low
1689,Card Problem,Low
1690,Login Issue,Low
1691,Card Problem,Medium
1692,Billing,Medium
1693,Login Issue,Low
1694,Login Issue,Medium
1695,Login Issue,Critical
1696,Billing,Low
1697,Billing,Low
1698,Loan Query,Medium
1699,Loan Query,Medium
1700,Fraud Alert,Medium
1701,Billing,Low
1702,Card Problem,Medium
1703,Loan Query,Low
1704,Loan Query,Medium
1705,Billing,High
1706,Loan Query,Low
1707,App Bug,Low
1708,Fraud Alert,Medium
1709,Login Issue,Low
1710,Card Problem,Low
1711,App Bug,High
1712,Card Problem,Medium
1713,Login Issue,Medium
1714,Billing,Critical
1715,Billing,Low
1716,Login Issue,Low
1717,App Bug,Low
1718,Login Issue,Medium
1719,Card Problem,Low
1720,Fraud Alert,High
1721,Billing,Low
1722,Fraud Alert,High
1723,Loan Query,Medium
1724,App Bug,Medium
1725,Fraud Alert,Critical
1726,App Bug,Medium
1727,Login Issue,Low
1728,Loan Query,Low
1729,Billing,Low
1730,Loan Query,Low
1731,Fraud Alert,High
1732,Login Issue,Medium
1733,App Bug,Low
1734,Fraud Alert,Medium
1735,Login Issue,Medium
1736,Loan Query,High
1737,Login Issue,High
1738,Loan Query,High
1739,App Bug,Low
1740,Billing,Low
1741,Billing,Critical
1742,Card Problem,Low
1743,Login Issue,Low
1744,App Bug,Medium
1745,Card Problem,Medium
1746,App Bug,Low
1747,Billing,Medium
1748,App Bug,Medium
1749,Billing,Low
1750,App Bug,Low
1751,Fraud Alert,Medium
1752,Login Issue,Low
1753,Card Problem,Medium
1754,Billing,Medium
1755,Fraud Alert,Low
1756,Fraud Alert,Medium
1757,Login Issue,Low
1758,Card Problem,Medium
1759,Billing,Low
1760,Login Issue,High
1761,Login Issue,Low
1762,Billing,Medium
1763,Billing,Medium
1764,Card Problem,Low
1765,Billing,Low
1766,App Bug,Medium
1767,Card Problem,Medium
1768,App Bug,Critical
1769,Login Issue,Low
1770,Login Issue,Low
1771,Login Issue,Medium
1772,Billing,Medium
1773,Login Issue,Low
1774,Billing,Low
1775,Card Problem,Low
1776,App Bug,High
1777,Card Problem,Medium
1778,Fraud Alert,High
1779,Card Problem,High
1780,Login Issue,Low
1781,App Bug,Medium
1782,Card Problem,Critical
1783,App Bug,Critical
1784,App Bug,High
1785,Login Issue,Low
1786,Billing,High
1787,Card Problem,Low
1788,Billing,Low
1789,App Bug,Critical
1790,Loan Query,Medium
1791,App Bug,High
1792,Billing,Low
1793,Loan Query,Low
1794,App Bug,High
1795,Fraud Alert,High
1796,Billing,Low
1797,Login Issue,Low
1798,Loan Query,Low
1799,Loan Query,Low
1800,Login Issue,High
1801,Card Problem,Medium
1802,App Bug,Low
1804,App Bug,Low
1805,App Bug,High
1806,Login Issue,Low
1807,Fraud Alert,Medium
1808,App Bug,Low
1809,Login Issue,Medium
1810,App Bug,Low
1811,Card Problem,Medium
1812,Loan Query,Medium
1813,Billing,Low
1814,Billing,Medium
1815,Card Problem,Medium
1816,App Bug,Low
1817,Fraud Alert,Low
1818,Login Issue,Medium
1819,Billing,Low
1820,App Bug,Low
1821,Loan Query,Medium
1822,Loan Query,Low
1823,Fraud Alert,Low
1824,Card Problem,Low
1825,Loan Query,High
1826,Card Problem,Low
1828,Loan Query,Low
1829,Login Issue,Critical
1830,App Bug,Medium
1831,Login Issue,Low
1832,Loan Query,Medium
1833,Loan Query,Low
1834,Login Issue,Medium
1835,Loan Query,Low
1836,App Bug,High
1837,Billing,Low
1838,Login Issue,Critical
1839,Billing,Low
1840,Card Problem,Medium
1841,Login Issue,High
1842,Loan Query,Low
1843,Fraud Alert,Low
1844,App Bug,Low
1845,Billing,Low
1846,Card Problem,High
1847,App Bug,Low
1848,Card Problem,High
1849,Fraud Alert,High
1850,Login Issue,Medium
1851,Loan Query,Medium
1852,Fraud Alert,High
1853,Login Issue,Medium
1854,Fraud Alert,Medium
1855,App Bug,Low
1856,Fraud Alert,High
1857,Login Issue,High
1859,App Bug,Medium
1860,Billing,Medium
1861,Loan Query,Low
1862,Card Problem,High
1863,Card Problem,Low
1864,Login Issue,Medium
1865,App Bug,Medium
1866,Login Issue,Critical
1867,Card Problem,Low
1868,Billing,Medium
1869,Login Issue,Medium
1870,Loan Query,Medium
1871,App Bug,High
1872,Billing,High
1873,Billing,Low
1874,App Bug,Low
1875,Card Problem,Critical
1876,Fraud Alert,Low
1877,Fraud Alert,Low
1879,Billing,Medium
1880,App Bug,Medium
1882,Loan Query,Medium
1883,Login Issue,Low
1884,Loan Query,Low
1885,Card Problem,Low
1886,Fraud Alert,Low
1887,Fraud Alert,Medium
1888,App Bug,Low
1889,Loan Query,Medium
1890,Card Problem,Low
1891,Loan Query,Low
1892,Login Issue,Low
1893,Login Issue,Medium
1894,Loan Query,Medium
1895,App Bug,Low
1896,Billing,Low
1897,Billing,High
1898,Billing,Medium
1899,Card Problem,High
1900,Card Problem,Low
1901,App Bug,Medium
1903,Loan Query,Medium
1904,Loan Query,Low
1905,App Bug,Medium
1906,Card Problem,Medium
1907,Fraud Alert,Medium
1908,Loan Query,Critical
1909,Loan Query,Low
1910,Fraud Alert,Medium
1911,Card Problem,Critical
1912,Billing,Low
1913,Login Issue,High
1914,Login Issue,Low
1915,Loan Query,High
1916,Login Issue,Medium
1917,Fraud Alert,Low
1919,Billing,Medium
1920,Billing,High
1922,Loan Query,Low
1923,Card Problem,Medium
1924,Loan Query,High
1925,Login Issue,Low
1926,Login Issue,High
1927,Fraud Alert,High
1928,App Bug,Medium
1929,Fraud Alert,Medium
1930,Billing,High
1931,Billing,Low
1932,Billing,Medium
1933,Login Issue,Critical
1934,Loan Query,Low
1935,Card Problem,High
1936,Loan Query,Low
1937,App Bug,Low
1938,Billing,High
1939,App Bug,Low
1940,Fraud Alert,Medium
1941,Billing,Low
1942,App Bug,High
1943,Card Problem,High
1944,Login Issue,Medium
1945,App Bug,Critical
1946,Billing,Low
1947,Login Issue,Medium
1948,App Bug,Medium
1949,Billing,Low
1950,App Bug,Low
1951,Billing,Low
1952,Fraud Alert,Low
1953,App Bug,Medium
1954,Billing,Medium
1955,App Bug,Low
1956,App Bug,High
1957,Billing,Low
1958,Fraud Alert,Medium
1959,Fraud Alert,Low
1960,Billing,Low
1961,Card Problem,Medium
1962,Fraud Alert,Medium
1963,Card Problem,Low
1964,Billing,Medium
1965,Login Issue,Low
1966,Fraud Alert,Low
1967,Card Problem,High
1968,Fraud Alert,High
1969,Billing,Medium
1970,Card Problem,Low
1971,Billing,Medium
1972,Loan Query,High
1973,Billing,Medium
1974,Billing,High
1975,Loan Query,Medium
1976,Card Problem,Medium
1977,Card Problem,Medium
1978,Login Issue,Medium
1979,Login Issue,High
1981,Login Issue,Low
1982,Billing,Medium
1983,App Bug,Low
1984,Fraud Alert,High
1985,Fraud Alert,High
1986,App Bug,Low
1987,Fraud Alert,Medium
1988,Fraud Alert,Medium
1989,App Bug,High
1990,Login Issue,Medium
1991,Loan Query,Low
1992,Login Issue,High
1993,Login Issue,High
1994,Login Issue,Medium
1995,Loan Query,Low
1996,Fraud Alert,Low
1997,Loan Query,High
1998,Billing,Low
1999,Loan Query,Low
2000,Billing,Low
2001,Fraud Alert,High
2002,Loan Query,Medium
2003,Loan Query,High
2004,Loan Query,Low
2005,App Bug,Medium
2006,Billing,Low
2007,App Bug,High
2008,Billing,Medium
2009,Fraud Alert,Medium
2010,Loan Query,Medium
2011,Login Issue,Medium
2012,Billing,Critical
2013,Login Issue,Medium
2014,Fraud Alert,High
2015,Loan Query,Medium
2016,Card Problem,Medium
2017,App Bug,Low
2018,Login Issue,Low
2019,Loan Query,Medium
2020,Loan Query,High
2021,App Bug,High
2022,App Bug,Low
2023,App Bug,Low
2024,App Bug,Medium
2025,Login Issue,High
2026,Fraud Alert,Medium
2027,Loan Query,Low
2028,Loan Query,Medium
2029,Billing,Critical
2031,Login Issue,Critical
2032,Loan Query,Low
2033,App Bug,Low
2034,App Bug,Low
2035,Card Problem,Low
2036,Loan Query,Medium
2037,Login Issue,Low
2038,Login Issue,Medium
2039,Fraud Alert,Low
2040,Billing,High
2041,Fraud Alert,Low
2042,Login Issue,Critical
2043,Loan Query,High
2044,Login Issue,Low
2045,App Bug,Low
2046,Fraud Alert,Low
2047,Login Issue,Low
2048,Card Problem,Low
2049,Fraud Alert,High
2050,Login Issue,Low
2051,Loan Query,Medium
2052,Fraud Alert,Low
2053,Login Issue,Low
2054,Loan Query,Low
2055,Fraud Alert,High
2056,Fraud Alert,High
2057,Loan Query,Low
2058,Card Problem,Low
2059,Loan Query,High
2060,Card Problem,Medium
2061,Billing,Medium
2062,Login Issue,Low
2063,Card Problem,Low
2064,App Bug,Low
2065,Login Issue,Medium
2066,Loan Query,Medium
2067,Fraud Alert,Low
2068,Billing,Critical
2069,Card Problem,Medium
2070,Fraud Alert,Medium
2071,Card Problem,Medium
2072,Loan Query,Low
2073,Fraud Alert,Medium
2074,Loan Query,High
2075,Fraud Alert,Low
2076,Fraud Alert,Medium
2077,Login Issue,High
2078,Billing,Medium
2079,App Bug,High
2080,App Bug,Medium
2081,Fraud Alert,Low
2082,Billing,Low
2083,Billing,Medium
2084,Billing,Low
2085,Card Problem,Medium
2086,App Bug,Low
2087,Login Issue,Low
2088,Billing,Medium
2089,Billing,Low
2090,Card Problem,Medium
2091,App Bug,High
2092,Card Problem,Medium
2093,Loan Query,Medium
2094,Fraud Alert,Medium
2095,Loan Query,Medium
2096,Billing,Medium
2097,Loan Query,Critical
2098,Card Problem,High
2099,Card Problem,High
2100,Billing,Low
2101,Billing,Medium
2102,Fraud Alert,Medium
2103,Card Problem,Medium
2104,Login Issue,Low
2105,App Bug,Medium
2106,Billing,Low
2107,Loan Query,Medium
2108,App Bug,Medium
2109,Login Issue,Medium
2110,Loan Query,Medium
2111,App Bug,Low
2112,Billing,Low
2113,Login Issue,Low
2114,Login Issue,Low
2115,App Bug,Medium
2116,Card Problem,Medium
2117,Loan Query,Low
2118,Loan Query,Low
2119,Loan Query,Low
2120,Billing,Medium
2121,Fraud Alert,Low
2122,Login Issue,Low
2123,Fraud Alert,Medium
2124,Billing,High
2125,Billing,Low
2126,Login Issue,Medium
2127,Fraud Alert,Medium
2128,Loan Query,Medium
2129,App Bug,Medium
2130,Fraud Alert,High
2131,Billing,Low
2132,Loan Query,Medium
2133,App Bug,Medium
2134,Loan Query,High
2135,Card Problem,High
2137,Loan Query,Medium
2138,Loan Query,Medium
2139,Loan Query,Low
2140,Login Issue,Low
2141,Card Problem,Medium
2142,Card Problem,High
2143,Card Problem,Medium
2144,Login Issue,Low
2145,Card Problem,Low
2146,Card Problem,Low
2147,Login Issue,Low
2148,Loan Query,Low
2149,Billing,Low
2150,Billing,Critical
2151,Login Issue,Medium
2152,Billing,High
2153,Login Issue,Medium
2154,Loan Query,Medium
2155,Billing,High
2156,Login Issue,High
2157,Login Issue,High
2158,Fraud Alert,Medium
2159,Login Issue,Medium
2160,Card Problem,High
2161,App Bug,Low
2162,Fraud Alert,Low
2163,App Bug,Low
2164,App Bug,Medium
2165,Billing,Medium
2166,Login Issue,Medium
2167,App Bug,Low
2168,Billing,Medium
2169,Billing,Medium
2170,Billing,Low
2171,Login Issue,Medium
2172,Loan Query,Medium
2173,Login Issue,Medium
2174,Login Issue,Low
2175,Billing,Low
2176,Fraud Alert,Low
2177,Billing,Low
2178,Fraud Alert,Medium
2179,Card Problem,Medium
2180,Billing,Low
2181,App Bug,Low
2182,Loan Query,Medium
2183,Billing,High
2184,Fraud Alert,Low
2185,Fraud Alert,High
2186,App Bug,Low
2187,Fraud Alert,Critical
2189,Billing,Medium
2190,Card Problem,Low
2191,Login Issue,Low
2192,App Bug,Low
2193,Billing,Medium
2194,App Bug,Medium
2195,Card Problem,Medium
2196,Card Problem,Low
2197,Fraud Alert,Medium
2198,Card Problem,Medium
2199,Loan Query,Low
2200,App Bug,Medium
2201,Card Problem,Medium
2202,Login Issue,Low
2203,Billing,Medium
2204,Login Issue,High
2205,Billing,High
2206,Login Issue,Low
2208,Login Issue,Low
2209,App Bug,Low
2210,Billing,Medium
2211,Billing,Low
2212,Login Issue,Low
2213,Card Problem,Low
2214,Billing,High
2215,Card Problem,Low
2216,Login Issue,Low
2217,Billing,Low
2218,Fraud Alert,Critical
2219,Billing,Medium
2220,Billing,Low
2221,Card Problem,Low
2222,Fraud Alert,Low
2223,Billing,Low
2224,Login Issue,Medium
2225,Loan Query,Low
2226,App Bug,Medium
2227,Card Problem,Medium
2228,Fraud Alert,High
2229,Loan Query,Medium
2230,App Bug,Low
2231,Loan Query,High
2233,Loan Query,Medium
2234,App Bug,Medium
2235,Login Issue,Medium
2236,Loan Query,Medium
2237,Loan Query,Medium
2238,Login Issue,Medium
2239,Billing,Medium
2240,Card Problem,Low
2241,App Bug,Low
2242,Login Issue,High
2243,Card Problem,Low
2244,Login Issue,Medium
2245,Loan Query,Medium
2246,Card Problem,High
2247,Billing,Medium
2248,Billing,Medium
2249,Fraud Alert,Low
2250,App Bug,Low
2252,Card Problem,High
2253,Fraud Alert,Medium
2254,Card Problem,Low
2255,Card Problem,High
2256,Billing,Low
2257,Login Issue,Medium
2258,Loan Query,High
2259,Login Issue,Medium
2260,Card Problem,High
2261,Login Issue,Low
2262,Login Issue,Medium
2263,Fraud Alert,High
2264,App Bug,High
2265,Loan Query,Low
2266,App Bug,Medium
2267,App Bug,Critical
2268,Loan Query,Low
2269,App Bug,Low
2270,Login Issue,Medium
2271,Card Problem,High
2272,Billing,Low
2273,App Bug,Critical
2274,Fraud Alert,Low
2275,Fraud Alert,Low
2276,Loan Query,High
2277,App Bug,Medium
2278,App Bug,Medium
2279,Billing,Medium
2280,App Bug,High
2281,Fraud Alert,High
2282,Login Issue,Critical
2283,App Bug,Medium
2284,Card Problem,Low
2285,Card Problem,Medium
2286,Fraud Alert,Medium
2287,Loan Query,Medium
2288,Billing,Low
2289,Login Issue,Medium
2290,App Bug,High
2291,Fraud Alert,High
2292,Card Problem,Medium
2293,Card Problem,Medium
2294,App Bug,Low
2295,App Bug,Low
2296,Login Issue,Low
2297,Card Problem,Critical
2298,Card Problem,High
2299,Fraud Alert,Medium
2300,Login Issue,Low
2302,Loan Query,Medium
2303,Card Problem,Low
2304,Loan Query,Medium
2305,Loan Query,Low
2306,Billing,Low
2307,Billing,Medium
2308,App Bug,High
2309,Billing,Low
2310,Fraud Alert,Critical
2311,Fraud Alert,Low
2312,App Bug,High
2313,Fraud Alert,Low
2314,Login Issue,Low
2315,Fraud Alert,Low
2316,App Bug,High
2318,Billing,Medium
2319,Fraud Alert,Low
2320,App Bug,Low
2321,Loan Query,Critical
2322,Loan Query,Low
2323,Billing,Low
2324,Login Issue,Medium
2325,App Bug,Medium
2326,Card Problem,Medium
2327,Login Issue,Low
2328,Card Problem,High
2329,Login Issue,Low
2330,Billing,Low
2331,Billing,Low
2332,App Bug,Medium
2333,Card Problem,High
2334,Billing,Low
2335,Loan Query,Low
2336,Login Issue,Low
2337,Card Problem,Medium
2338,Fraud Alert,Low
2339,Loan Query,Low
2340,Card Problem,Low
2341,Fraud Alert,Low
2342,Fraud Alert,Low
2343,Card Problem,Low
2344,Loan Query,Medium
2345,Fraud Alert,Low
2346,Fraud Alert,High
2347,Loan Query,High
2348,Card Problem,High
2349,Billing,High
2350,Billing,Critical
2351,Fraud Alert,Low
2352,Billing,Medium
2353,App Bug,High
2354,Fraud Alert,Medium
2355,Card Problem,Low
2356,Loan Query,Medium
2357,App Bug,High
2358,Card Problem,Low
2359,Fraud Alert,Medium
2360,Login Issue,High
2361,Billing,Medium
2362,Fraud Alert,Low
2363,Login Issue,High
2364,Fraud Alert,Low
2365,Login Issue,High
2366,Card Problem,High
2367,App Bug,Low
2369,Card Problem,Medium
2370,Card Problem,High
2371,Login Issue,Low
2372,App Bug,Low
2373,Fraud Alert,Low
2374,Login Issue,Low
2375,App Bug,Low
2376,Fraud Alert,High
2377,Login Issue,High
2378,Card Problem,Low
2379,Fraud Alert,High
2380,Billing,Low
2381,Loan Query,Medium
2382,Loan Query,Low
2383,Loan Query,High
2384,Fraud Alert,High
2385,Login Issue,Medium
2386,Login Issue,Medium
2387,Fraud Alert,Low
2388,Card Problem,Low
2389,Login Issue,High
2390,Billing,Medium
2391,Card Problem,Low
2392,Card Problem,Low
2393,Card Problem,Medium
2394,Loan Query,Low
2395,Loan Query,High
2396,Loan Query,Medium
2397,Billing,Low
2398,Billing,Low
2399,Card Problem,Low
2400,Billing,Medium
2401,App Bug,Low
2402,Login Issue,Low
2403,Card Problem,Low
2404,Login Issue,Critical
2405,App Bug,Low
2407,Billing,Medium
2408,Loan Query,Low
2409,Loan Query,Low
2410,Loan Query,Critical
2411,Fraud Alert,Medium
2412,Login Issue,Low
2413,Billing,Medium
2414,Billing,Low
2415,App Bug,High
2416,App Bug,Low
2417,Loan Query,Low
2418,App Bug,Medium
2419,Card Problem,High
2420,Login Issue,Critical
2421,Login Issue,Medium
2422,Login Issue,Low
2423,Card Problem,Low
2424,Card Problem,High
2425,Card Problem,Low
2426,Billing,Critical
2427,Card Problem,Low
2428,Login Issue,Medium
2429,Loan Query,Medium
2430,Billing,High
2431,Billing,Medium
2432,App Bug,Low
2433,Billing,Critical
2434,App Bug,Medium
2435,Billing,Low
2436,Login Issue,Medium
2437,App Bug,Low
2438,Card Problem,Medium
2439,App Bug,Medium
2440,Billing,High
2441,Billing,Low
2442,Card Problem,Low
2443,App Bug,High
2444,Card Problem,High
2445,Card Problem,Critical
2446,Billing,Low
2447,Fraud Alert,Low
2448,Login Issue,Low
2449,App Bug,Medium
2450,Card Problem,Low
2451,Loan Query,High
2452,Loan Query,Medium
2453,Billing,Medium
2454,Fraud Alert,Medium
2455,Loan Query,Low
2456,Loan Query,Low
2457,Loan Query,Low
2458,Card Problem,Medium
2459,Card Problem,Low
2460,Login Issue,High
2461,App Bug,Medium
2462,App Bug,Medium
2463,Login Issue,Medium
2464,Login Issue,Medium
2465,Login Issue,Low
2466,Loan Query,Medium
2467,Card Problem,High
2468,Login Issue,Medium
2469,Loan Query,High
2470,Card Problem,Medium
2471,Billing,Low
2472,Card Problem,Medium
2473,Fraud Alert,Medium
2474,App Bug,Low
2475,Card Problem,High
2476,Loan Query,Medium
2477,Login Issue,Low
2478,Loan Query,High
2479,App Bug,High
2480,Billing,High
2481,Fraud Alert,Medium
2482,Card Problem,High
2483,Billing,Low
2484,Loan Query,Low
2485,Fraud Alert,Medium
2486,App Bug,Medium
2487,Card Problem,Low
2489,Login Issue,Medium
2490,Loan Query,Low
2491,Loan Query,Medium
2492,Fraud Alert,Low
2493,Card Problem,Medium
2494,App Bug,Medium
2495,App Bug,High
2496,App Bug,Low
2497,App Bug,Medium
2498,Card Problem,Low
2499,Login Issue,High
2500,Card Problem,Low
2501,App Bug,High
2502,Login Issue,Medium
2503,Fraud Alert,Low
2504,Loan Query,Medium
2505,Card Problem,Low
2507,Fraud Alert,Medium
2508,Fraud Alert,Low
2509,App Bug,Medium
2510,Billing,Critical
2511,App Bug,Low
2512,Fraud Alert,High
2513,Card Problem,Critical
2514,Billing,Medium
2515,Loan Query,Low
2516,Billing,Medium
2517,App Bug,High
2518,Billing,Low
2519,Card Problem,Medium
2520,Fraud Alert,Low
2521,App Bug,Critical
2522,Loan Query,Critical
2523,Billing,Medium
2524,Fraud Alert,Low
2525,Fraud Alert,Medium
2526,Fraud Alert,Low
2527,Card Problem,Critical
2528,Login Issue,Medium
2529,App Bug,Medium
2530,Login Issue,High
2531,App Bug,Medium
2532,App Bug,Medium
2533,App Bug,Low
2534,Loan Query,Low
2535,Loan Query,Medium
2538,App Bug,High
2539,App Bug,Low
2540,Login Issue,Low
2541,App Bug,Medium
2542,Billing,Medium
2543,App Bug,High
2544,Card Problem,High
2545,Login Issue,Medium
2546,Fraud Alert,Low
2547,App Bug,Medium
2548,Login Issue,Low
2549,Billing,High
2550,Login Issue,High
2551,Card Problem,Medium
2552,App Bug,Low
2553,Billing,Medium
2554,Login Issue,Low
2556,Billing,Medium
2557,App Bug,Low
2558,Fraud Alert,Low
2559,Fraud Alert,Critical
2560,Card Problem,Low
2561,Loan Query,Medium
2562,Card Problem,Low
2563,Fraud Alert,Low
2564,Card Problem,Low
2565,Login Issue,Medium
2566,App Bug,High
2567,Billing,Medium
2568,Loan Query,Medium
2569,Login Issue,Medium
2570,Loan Query,Low
2571,Card Problem,Medium
2572,Fraud Alert,High
2573,Login Issue,Medium
2574,Loan Query,Critical
2575,Login Issue,Medium
2576,Loan Query,Low
2577,Billing,Critical
2578,Loan Query,Low
2579,Login Issue,Medium
2580,Billing,Medium
2581,Loan Query,Medium
2582,Billing,Medium
2583,Billing,High
2584,App Bug,Medium
2585,Fraud Alert,Medium
2586,App Bug,Medium
2587,Billing,Medium
2588,Billing,Low
2589,Loan Query,Medium
2590,Loan Query,Low
2591,Login Issue,Medium
2592,Loan Query,Medium
2593,Billing,Critical
2594,Fraud Alert,Low
2595,Billing,Low
2596,Card Problem,Low
2597,Fraud Alert,Medium
2598,Fraud Alert,High
2599,Billing,High
2600,Fraud Alert,Medium
2601,Login Issue,Medium
2602,App Bug,Medium
2603,Card Problem,Low
2604,App Bug,Medium
2605,Fraud Alert,High
2606,Card Problem,Low
2607,Login Issue,Medium
2608,Login Issue,Medium
2609,Loan Query,Low
2610,Loan Query,Low
2611,App Bug,Medium
2612,Fraud Alert,High
2613,Loan Query,Critical
2614,Loan Query,High
2615,Fraud Alert,Medium
2616,Loan Query,Low
2618,Fraud Alert,Medium
2619,Billing,Low
2620,Card Problem,Medium
2621,App Bug,Low
2622,Billing,Medium
2623,Loan Query,Low
2624,Card Problem,Low
2625,App Bug,Medium
2626,App Bug,Low
2627,App Bug,Medium
2628,Billing,Low
2629,Fraud Alert,Low
2630,Card Problem,Low
2631,Login Issue,Medium
2632,Login Issue,High
2633,Login Issue,Low
2634,Fraud Alert,High
2636,Fraud Alert,Medium
2637,Loan Query,Low
2638,Login Issue,Low
2639,Billing,Low
2640,App Bug,Low
2641,Card Problem,Low
2642,Card Problem,Low
2643,Loan Query,High
2644,Fraud Alert,Critical
2645,Billing,Low
2646,Billing,Medium
2648,Fraud Alert,Medium
2649,Billing,Low
2650,Loan Query,Low
2651,Fraud Alert,Medium
2652,App Bug,Medium
2653,Loan Query,Low
2654,Fraud Alert,Low
2655,App Bug,Low
2656,Loan Query,Critical
2657,Login Issue,Low
2658,Login Issue,Low
2659,Login Issue,Medium
2660,Billing,Low
2661,Billing,Medium
2662,Fraud Alert,Medium
2663,Billing,Medium
2664,Loan Query,Low
2665,Card Problem,Medium
2666,Login Issue,High
2667,Fraud Alert,Low
2668,Card Problem,Medium
2669,App Bug,Low
2670,App Bug,Medium
2671,App Bug,Low
2672,Billing,Low
2673,Billing,Medium
2674,Billing,Medium
2675,Fraud Alert,Medium
2676,Fraud Alert,Medium
2677,Card Problem,Low
2678,Loan Query,High
2679,Fraud Alert,Low
2680,Loan Query,Low
2681,Loan Query,Low
2682,Fraud Alert,Medium
2683,Fraud Alert,Medium
2684,Login Issue,Low
2685,App Bug,Medium
2686,Login Issue,Medium
2687,Fraud Alert,Low
2688,Billing,Low
2689,Fraud Alert,Low
2690,Loan Query,Critical
2691,Fraud Alert,Low
2692,Billing,Medium
2693,Card Problem,Low
2694,Login Issue,Medium
2695,Loan Query,High
2696,Login Issue,Low
2697,Loan Query,Medium
2698,Loan Query,Low
2699,Billing,Medium
2700,Fraud Alert,High
2701,Card Problem,Medium
2702,Billing,Low
2703,Loan Query,Medium
2704,Card Problem,Critical
2705,Card Problem,Medium
2706,Fraud Alert,High
2707,Billing,Medium
2708,Card Problem,High
2709,Billing,Medium
2710,Loan Query,Medium
2711,App Bug,High
2712,Login Issue,Low
2713,Card Problem,Medium
2714,App Bug,Medium
2715,Billing,Medium
2716,Loan Query,Low
2717,Login Issue,Low
2718,Loan Query,Low
2719,Card Problem,High
2720,Card Problem,Low
2721,Billing,High
2722,Fraud Alert,Low
2723,App Bug,Low
2724,Card Problem,Medium
2725,Card Problem,Critical
2726,Billing,Medium
2727,App Bug,Medium
2728,Billing,Low
2730,Card Problem,High
2731,Card Problem,High
2732,Loan Query,Medium
2733,App Bug,Medium
2734,Card Problem,Medium
2735,App Bug,High
2736,Card Problem,Medium
2737,Fraud Alert,High
2738,App Bug,Medium
2739,Card Problem,Low
2740,Card Problem,Medium
2741,Loan Query,Medium
2742,Card Problem,Low
2743,Loan Query,Low
2744,Fraud Alert,Low
2745,Loan Query,Low
2746,Loan Query,High
2747,Card Problem,High
2748,App Bug,High
2749,Billing,Low
2750,Fraud Alert,Low
2751,Billing,Low
2752,App Bug,Low
2753,Fraud Alert,Medium
2754,Loan Query,Medium
2755,Login Issue,Medium
2756,App Bug,Medium
2757,Fraud Alert,Medium
2758,Loan Query,High
2759,App Bug,Low
2760,Login Issue,Low
2761,Card Problem,Medium
2762,App Bug,Medium
2763,Card Problem,Medium
2764,Login Issue,Low
2765,Fraud Alert,Medium
2766,Fraud Alert,High
2767,Billing,High
2768,Billing,Medium
2769,Fraud Alert,Medium
2770,App Bug,Medium
2771,Card Problem,High
2772,App Bug,High
2773,Card Problem,Low
2774,Billing,Low
2775,Billing,Low
2776,Billing,Low
2777,Billing,Low
2778,Card Problem,Low
2779,Login Issue,High
2780,Login Issue,Medium
2781,Card Problem,Low
2782,App Bug,Medium
2783,Card Problem,Low
2784,Loan Query,Medium
2785,App Bug,High
2786,App Bug,Medium
2788,Card Problem,Low
2789,Card Problem,Medium
2790,Billing,Low
2791,Fraud Alert,Low
2792,Billing,Low
2793,App Bug,Low
2794,Login Issue,High
2795,App Bug,Low
2796,Billing,Low
2797,Login Issue,Low
2798,Loan Query,Low
2799,App Bug,Low
2800,Loan Query,Medium
2801,Fraud Alert,Low
2802,App Bug,Low
2803,Login Issue,Low
2804,Fraud Alert,High
2805,Loan Query,Low
2806,Billing,High
2807,App Bug,Low
2808,Billing,Medium
2809,App Bug,High
2810,App Bug,High
2811,Loan Query,Medium
2812,Card Problem,High
2813,Loan Query,Medium
2814,Card Problem,Medium
2815,Loan Query,Low
2816,App Bug,Medium
2817,Fraud Alert,Low
2818,Fraud Alert,Medium
2819,Loan Query,Medium
2820,Fraud Alert,Critical
2821,Card Problem,Low
2822,Billing,Low
2823,Loan Query,Low
2824,Card Problem,Low
2825,App Bug,Low
2826,Billing,Low
2827,Loan Query,Medium
2828,Billing,Low
2829,Card Problem,Medium
2830,Loan Query,Low
2831,Fraud Alert,Low
2832,Billing,High
2833,Fraud Alert,Critical
2834,Loan Query,Low
2835,App Bug,Medium
2836,Billing,High
2837,Loan Query,Medium
2838,Loan Query,Low
2839,Card Problem,High
2840,Billing,Low
2841,Fraud Alert,Low
2842,Login Issue,Low
2843,Loan Query,Low
2844,Fraud Alert,High
2845,Fraud Alert,Low
2846,Login Issue,High
2847,App Bug,Low
2848,Loan Query,Low
2849,Login Issue,Medium
2851,App Bug,Critical
2852,Billing,Medium
2853,Card Problem,Medium
2854,Card Problem,Low
2855,Fraud Alert,Medium
2856,App Bug,Critical
2857,Login Issue,Low
2858,App Bug,Low
2859,Billing,High
2860,Login Issue,Low
2861,Billing,Medium
2862,Billing,Low
2863,Login Issue,Low
2864,Login Issue,Medium
2865,Card Problem,High
2866,Card Problem,Low
2867,Billing,Low
2868,Card Problem,Medium
2869,Fraud Alert,Low
2870,App Bug,Low
2871,Loan Query,Medium
2872,Billing,Low
2873,Login Issue,Low
2874,Card Problem,Low
2875,Card Problem,Low
2876,Login Issue,Medium
2877,Loan Query,Low
2878,Billing,Medium
2879,Fraud Alert,Medium
2880,Login Issue,Low
2881,Login Issue,Medium
2882,Loan Query,Low
2883,Login Issue,High
2884,Login Issue,Low
2885,Login Issue,Low
2886,Loan Query,Low
2889,Fraud Alert,Medium
2890,Login Issue,Medium
2891,App Bug,Low
2892,Login Issue,Critical
2893,Loan Query,Low
2894,Fraud Alert,Critical
2895,Billing,Low
2896,Billing,Low
2897,Fraud Alert,Medium
2898,Login Issue,High
2899,Card Problem,Low
2900,Fraud Alert,Medium
2901,Card Problem,Critical
2902,Billing,Low
2903,Loan Query,Medium
2904,Billing,Medium
2905,Fraud Alert,Low
2906,App Bug,High
2907,Fraud Alert,Medium
2908,Billing,Critical
2909,Login Issue,Medium
2910,Billing,Medium
2911,Login Issue,Low
2912,Billing,High
2913,App Bug,Low
2914,Card Problem,Medium
2915,Login Issue,Critical
2916,Loan Query,High
2917,App Bug,Low
2918,Card Problem,High
2919,Loan Query,Medium
2920,Billing,High
2921,Billing,Medium
2922,Fraud Alert,Low
2923,App Bug,High
2924,Billing,Low
2925,Loan Query,Medium
2926,App Bug,Medium
2927,Card Problem,Low
2928,Card Problem,Low
2929,Loan Query,Medium
2930,Billing,Medium
2932,Loan Query,Medium
2933,App Bug,Low
2934,Loan Query,High
2935,Billing,Low
2936,App Bug,Low
2937,Card Problem,Low
2938,Card Problem,High
2939,Loan Query,Low
2940,Fraud Alert,Low
2941,Fraud Alert,Medium
2942,Card Problem,Low
2943,Billing,Low
2944,Login Issue,Medium
2945,Login Issue,Low
2946,Loan Query,Critical
2947,Loan Query,Low
2948,Fraud Alert,Low
2949,Fraud Alert,Low
2950,Loan Query,Low
2951,App Bug,Low
2952,Login Issue,Low
2953,Login Issue,Medium
2954,Loan Query,Low
2955,Card Problem,High
2956,Fraud Alert,Medium
2957,App Bug,Low
2958,App Bug,Medium
2959,Login Issue,Low
2960,App Bug,Critical
2961,Login Issue,High
2962,Card Problem,High
2963,Loan Query,Low
2964,Card Problem,Critical
2965,Login Issue,Medium
2966,Billing,Medium
2967,App Bug,High
2968,Loan Query,Low
2969,Card Problem,Low
2970,Billing,Medium
2971,Billing,Low
2972,Fraud Alert,High
2973,Card Problem,Low
2974,Fraud Alert,Medium
2975,Billing,Low
2976,Fraud Alert,Low
2977,Card Problem,Low
2978,Loan Query,High
2979,Loan Query,Low
2980,App Bug,Medium
2981,Card Problem,Low
2982,Card Problem,Medium
2983,Billing,Low
2984,App Bug,High
2985,Login Issue,Medium
2986,Billing,High
2987,Login Issue,Medium
2988,Fraud Alert,Low
2989,Card Problem,Medium
2990,Fraud Alert,Critical
2991,Loan Query,Low
2992,Login Issue,Medium
2993,Fraud Alert,Medium
2994,Loan Query,Low
2995,Loan Query,Low
2996,Card Problem,Low
2997,Login Issue,High
2998,App Bug,Medium
2999,Loan Query,Low
3000,Fraud Alert,Medium
3001,Card Problem,Low
3002,Fraud Alert,Low
3003,Login Issue,Critical
3004,Card Problem,Low
3005,Login Issue,Low
3006,Login Issue,Medium
3007,Loan Query,Low
3008,Loan Query,Medium
3009,App Bug,Low
3010,Loan Query,Medium
3011,Login Issue,Low
3012,Login Issue,High
3013,Loan Query,Medium
3014,Billing,Low
3015,Card Problem,High
3016,Billing,Low
3017,Fraud Alert,Low
3018,App Bug,Low
3019,Login Issue,Low
3020,Login Issue,Medium
3021,Loan Query,Medium
3022,Loan Query,Low
3023,App Bug,Low
3024,Loan Query,Medium
3025,Loan Query,Low
3026,Card Problem,Medium
3027,Card Problem,Low
3028,Billing,Low
3029,App Bug,Medium
3030,Login Issue,Critical
3031,App Bug,Critical
3032,Login Issue,Low
3033,App Bug,Low
3034,App Bug,Low
3035,Login Issue,Medium
3036,Loan Query,Low
3037,Card Problem,Low
3038,App Bug,Critical
3039,App Bug,Low
3040,Card Problem,Medium
3041,App Bug,Low
3042,App Bug,High
3043,Login Issue,Low
3044,Fraud Alert,High
3045,Loan Query,High
3046,Loan Query,Medium
3047,App Bug,High
3048,Loan Query,Low
3049,Login Issue,Medium
3050,Login Issue,Medium
3051,Login Issue,Medium
3052,Login Issue,Critical
3053,Billing,High
3054,Fraud Alert,Low
3055,Fraud Alert,Low
3056,App Bug,Medium
3057,Loan Query,Critical
3058,Card Problem,Low
3059,Login Issue,Low
3060,Loan Query,Medium
3061,Billing,Low
3062,App Bug,High
3063,Login Issue,Medium
3064,App Bug,Low
3065,Billing,Low
3066,Billing,Critical
3067,App Bug,Low
3068,Card Problem,Low
3069,Loan Query,Low
3070,Login Issue,Low
3071,Billing,Low
3072,Fraud Alert,Medium
3073,Billing,Medium
3074,Loan Query,Low
3075,Fraud Alert,Low
3076,Fraud Alert,Low
3077,Billing,Low
3078,Fraud Alert,High
3079,Fraud Alert,Low
3080,Card Problem,Medium
3081,Loan Query,Medium
3082,Login Issue,High
3083,App Bug,Low
3084,Loan Query,Low
3085,Billing,High
3086,Login Issue,Medium
3087,Billing,Medium
3088,Billing,Medium
3089,Loan Query,Critical
3090,Billing,Medium
3091,App Bug,High
3092,Loan Query,Low
3093,Loan Query,Low
3094,App Bug,Low
3095,Login Issue,Low
3096,Card Problem,Low
3097,Fraud Alert,Medium
3098,Loan Query,Low
3099,Fraud Alert,Low
3100,Fraud Alert,Low
3101,Fraud Alert,Medium
3102,Login Issue,Medium
3104,App Bug,High
3105,App Bug,Low
3106,Billing,Medium
3107,Billing,Medium
3108,Fraud Alert,Low
3109,Card Problem,High
3110,Fraud Alert,Medium
3112,App Bug,Medium
3114,Login Issue,High
3115,Loan Query,Low
3116,Login Issue,Medium
3117,Card Problem,Medium
3118,Billing,Low
3119,App Bug,Low
3120,Billing,Medium
3121,Billing,Low
3122,Loan Query,Medium
3123,Loan Query,Medium
3124,Login Issue,Medium
3125,Card Problem,High
3126,Fraud Alert,Low
3127,App Bug,High
3128,Billing,Medium
3129,Loan Query,Medium
3130,Loan Query,Medium
3131,App Bug,Low
3132,App Bug,High
3133,Card Problem,Medium
3134,Fraud Alert,Low
3135,Loan Query,Low
3136,Fraud Alert,Low
3137,Loan Query,Medium
3138,Login Issue,Medium
3139,Login Issue,Low
3140,Fraud Alert,Low
3141,Loan Query,Medium
3142,Billing,Medium
3143,App Bug,Low
3144,Fraud Alert,High
3145,Login Issue,Medium
3146,Card Problem,Low
3147,Login Issue,Low
3148,App Bug,Low
3149,Card Problem,Low
3150,App Bug,High
3151,App Bug,Low
3152,Loan Query,Low
3153,Billing,High
3154,Loan Query,Low
3155,Fraud Alert,Medium
3156,Fraud Alert,Low
3157,App Bug,Medium
3158,Billing,Medium
3159,Card Problem,High
3160,Login Issue,High
3161,App Bug,High
3162,Login Issue,Low
3163,App Bug,High
3164,Login Issue,Low
3165,Billing,High
3166,App Bug,High
3167,Fraud Alert,Medium
3168,Card Problem,Low
3169,Card Problem,Medium
3170,Loan Query,Medium
3171,Billing,Critical
3172,Fraud Alert,Critical
3173,Billing,Low
3175,Login Issue,Medium
3176,App Bug,Low
3177,Loan Query,Critical
3178,Loan Query,Low
3179,Fraud Alert,Medium
3180,Billing,Medium
3181,Card Problem,Low
3182,Fraud Alert,Low
3183,Loan Query,Low
3184,Login Issue,Low
3185,App Bug,Low
3186,Billing,Low
3187,Loan Query,Low
3188,App Bug,High
3189,App Bug,Medium
3190,Billing,Low
3191,Loan Query,Medium
3192,Fraud Alert,Low
3193,Loan Query,Medium
3194,App Bug,Low
3195,App Bug,Low
3196,App Bug,Low
3197,Billing,Low
3199,Loan Query,Medium
3200,App Bug,High
3201,Login Issue,Medium
3202,App Bug,Medium
3203,Login Issue,Medium
3204,Card Problem,Medium
3205,Billing,Medium
3206,Billing,Low
3207,Loan Query,Medium
3208,Fraud Alert,Low
3209,Login Issue,Medium
3210,Billing,High
3211,Card Problem,High
3212,Loan Query,Low
3213,Loan Query,Low
3214,Fraud Alert,Low
3215,Fraud Alert,Low
3216,Card Problem,Low
3217,Fraud Alert,Critical
3218,Login Issue,Low
3219,Billing,Medium
3220,Login Issue,High
3221,App Bug,Critical
3222,App Bug,Low
3223,Loan Query,Medium
3224,Billing,Medium
3225,Login Issue,Low
3226,Fraud Alert,Low
3227,Login Issue,High
3228,Loan Query,Medium
3229,Card Problem,Medium
3230,Loan Query,Medium
3231,Card Problem,Low
3232,Loan Query,Medium
3233,App Bug,Medium
3234,Fraud Alert,Low
3236,Login Issue,Low
3237,Loan Query,Medium
3238,App Bug,Low
3239,Fraud Alert,Low
3240,Fraud Alert,High
3241,Loan Query,Low
3242,Login Issue,Medium
3243,Loan Query,Medium
3244,Login Issue,Medium
3245,Card Problem,Medium
3246,Card Problem,Low
3247,App Bug,Medium
3248,Loan Query,Medium
3249,Login Issue,Medium
3250,Card Problem,Critical
3251,Card Problem,High
3252,Billing,Low
3253,Login Issue,High
3254,Login Issue,Medium
3255,Login Issue,Low
3256,Login Issue,High
3257,Loan Query,High
3258,Card Problem,Low
3259,Card Problem,Low
3260,Login Issue,Medium
3263,Billing,Low
3264,Card Problem,Medium
3265,Card Problem,Low
3266,Fraud Alert,Medium
3267,Card Problem,High
3268,Card Problem,Medium
3269,Login Issue,Critical
3270,Login Issue,Medium
3271,Login Issue,Medium
3272,Loan Query,Low
3273,App Bug,High
3274,Card Problem,Medium
3275,Card Problem,Medium
3276,Loan Query,Medium
3277,Loan Query,Medium
3278,App Bug,Medium
3279,Billing,Medium
3280,Billing,High
3281,Billing,Low
3282,Fraud Alert,Low
3283,App Bug,Medium
3284,Billing,Low
3285,Login Issue,Low
3286,Fraud Alert,Low
3287,Loan Query,Medium
3288,Loan Query,Low
3289,Loan Query,Medium
3290,Fraud Alert,Medium
3291,Loan Query,High
3292,Loan Query,Medium
3293,Card Problem,Low
3294,App Bug,Critical
3295,Loan Query,Critical
3296,Fraud Alert,Low
3297,Login Issue,Medium
3298,Loan Query,Medium
3299,Loan Query,Critical
3300,App Bug,High
3301,Loan Query,Medium
3302,App Bug,Low
3303,Loan Query,Medium
3304,Fraud Alert,Medium
3305,Login Issue,High
3306,Login Issue,Medium
3307,Login Issue,Low
3308,Fraud Alert,Low
3309,Billing,High
3310,Billing,Low
3312,App Bug,Critical
3313,Fraud Alert,Critical
3314,Fraud Alert,High
3315,Card Problem,Medium
3316,Billing,Medium
3317,Login Issue,Critical
3318,Card Problem,Medium
3319,Card Problem,Medium
3320,Fraud Alert,Low
3321,Card Problem,Low
3322,Fraud Alert,Low
3323,Loan Query,Medium
3324,Fraud Alert,Medium
3325,Login Issue,Medium
3326,Fraud Alert,Low
3327,Fraud Alert,Critical
3328,Loan Query,High
3329,Login Issue,Low
3330,App Bug,Low
3331,Card Problem,Medium
3332,Login Issue,Low
3333,Login Issue,Medium
3334,Login Issue,Critical
3335,App Bug,Low
3336,App Bug,Medium
3337,Card Problem,High
3338,Billing,Low
3339,Card Problem,Low
3340,Fraud Alert,Critical
3341,App Bug,Medium
3342,Fraud Alert,Medium
3343,Card Problem,Medium
3344,Card Problem,High
3345,Fraud Alert,Medium
3346,Card Problem,Medium
3347,Fraud Alert,Low
3348,Card Problem,High
3349,Loan Query,Low
3350,Card Problem,High
3351,App Bug,Medium
3352,Login Issue,Low
3353,Card Problem,Low
3354,App Bug,Medium
3355,Billing,Low
3356,Fraud Alert,High
3357,Loan Query,Low
3358,Loan Query,Low
3359,App Bug,Critical
3360,Billing,Medium
3361,App Bug,High
3362,App Bug,High
3363,Card Problem,Low
3364,Fraud Alert,Medium
3365,Loan Query,Low
3366,Login Issue,Medium
3367,Login Issue,Medium
3368,Loan Query,Medium
3369,Loan Query,Low
3370,Loan Query,Medium
3371,Card Problem,Low
3372,Card Problem,Medium
3373,Fraud Alert,High
3374,Card Problem,Low
3375,Billing,Medium
3376,Login Issue,Critical
3377,Loan Query,Medium
3378,App Bug,Medium
3379,Card Problem,High
3380,Card Problem,High
3381,App Bug,Medium
3382,Card Problem,Critical
3383,App Bug,Medium
3384,Login Issue,High
3385,Billing,Low
3386,Billing,Critical
3387,App Bug,High
3388,Login Issue,High
3389,Billing,Low
3390,Loan Query,Medium
3391,Login Issue,Low
3392,Billing,Medium
3393,Fraud Alert,Medium
3394,Billing,Critical
3395,Loan Query,High
3396,Fraud Alert,High
3397,Card Problem,Medium
3398,Billing,Medium
3399,Login Issue,Low
3400,App Bug,Medium
3401,Loan Query,Medium
3402,Loan Query,High
3403,Loan Query,Low
3404,App Bug,Medium
3405,Card Problem,Medium
3406,App Bug,Critical
3407,App Bug,Critical
3408,Fraud Alert,Medium
3409,Loan Query,Low
3410,App Bug,Low
3411,Billing,Medium
3412,Login Issue,Medium
3413,Card Problem,Low
3414,Billing,Low
3415,Fraud Alert,Low
3416,Fraud Alert,Low
3417,Card Problem,Low
3418,Card Problem,Low
3419,Loan Query,Low
3420,App Bug,Critical
3421,Login Issue,Medium
3422,Card Problem,Medium
3423,Loan Query,Medium
3424,App Bug,Low
3425,Login Issue,High
3426,Login Issue,Medium
3427,Loan Query,Low
3428,Card Problem,Medium
3429,Billing,Medium
3430,Billing,High
3431,App Bug,Medium
3432,Billing,Low
3433,Loan Query,Medium
3434,App Bug,Low
3435,Billing,High
3436,Card Problem,Low
3437,Fraud Alert,Low
3438,Loan Query,Medium
3439,App Bug,Medium
3440,App Bug,Medium
3441,App Bug,Medium
3442,App Bug,Low
3443,Billing,Low
3444,App Bug,Medium
3445,Card Problem,Low
3446,Loan Query,Low
3447,Card Problem,Low
3448,Loan Query,Low
3449,Fraud Alert,Low
3450,Billing,Low
3451,Login Issue,Low
3452,Login Issue,Low
3453,Login Issue,Low
3454,Billing,Low
3455,Billing,Medium
3456,Card Problem,Low
3457,Login Issue,Low
3458,Card Problem,Medium
3459,App Bug,Low
3460,Billing,High
3461,Loan Query,Low
3462,Login Issue,Medium
3463,Login Issue,High
3464,Billing,Low
3465,Billing,Low
3466,Login Issue,Medium
3467,Card Problem,Medium
3468,Login Issue,Medium
3469,App Bug,Low
3470,Login Issue,Critical
3471,Fraud Alert,High
3472,App Bug,Medium
3473,App Bug,High
3474,Card Problem,Medium
3475,Fraud Alert,Medium
3476,Fraud Alert,Medium
3477,Login Issue,Medium
3478,Login Issue,Low
3479,Card Problem,Low
3481,Loan Query,Medium
3482,Loan Query,High
3483,App Bug,Medium
3484,Billing,High
3485,App Bug,Low
3486,App Bug,High
3487,Fraud Alert,Medium
3488,Fraud Alert,High
3489,Fraud Alert,High
3490,Billing,High
3491,Loan Query,Medium
3492,Billing,High
3493,Fraud Alert,High
3494,Card Problem,Medium
3495,Billing,Medium
3496,Loan Query,Medium
3497,Login Issue,Critical
3498,Login Issue,Low
3499,App Bug,Low
3500,Billing,Medium
3501,Loan Query,Critical
3502,Billing,Medium
3503,Billing,Medium
3504,Fraud Alert,High
3505,Billing,Medium
3506,Login Issue,Low
3507,Loan Query,Critical
3508,App Bug,Low
3509,App Bug,Low
3510,Fraud Alert,Medium
3511,Loan Query,Critical
3513,Loan Query,Medium
3514,App Bug,Medium
3515,Fraud Alert,High
3516,Login Issue,Low
3517,Fraud Alert,Critical
3518,Billing,High
3519,Billing,Medium
3520,Loan Query,Critical
3521,Billing,Low
3522,App Bug,Low
3523,App Bug,High
3524,Card Problem,Medium
3525,App Bug,High
3526,Billing,Medium
3527,Loan Query,High
3528,App Bug,High
3529,App Bug,Critical
3530,Card Problem,Low
3531,Billing,Medium
3532,Loan Query,Low
3533,Loan Query,Low
3534,Card Problem,Medium
3535,Billing,Low
3536,Card Problem,Low
3537,Login Issue,Medium
3538,App Bug,Medium
3539,Card Problem,Medium
3540,Fraud Alert,Medium
3541,Card Problem,Medium
3542,Login Issue,Low
3543,App Bug,Low
3544,App Bug,Low
3545,Fraud Alert,Medium
3546,Login Issue,Critical
3548,App Bug,Medium
3549,Loan Query,Low
3550,Login Issue,Medium
3551,Billing,Low
3553,Loan Query,Low
3554,App Bug,Low
3555,Fraud Alert,High
3556,Login Issue,Critical
3557,Card Problem,Low
3558,Billing,Medium
3559,Billing,Low
3560,Fraud Alert,Low
3561,Loan Query,High
3562,Loan Query,Medium
3563,Loan Query,Low
3564,Login Issue,Low
3565,Fraud Alert,Low
3566,Fraud Alert,High
3567,Billing,High
3568,Login Issue,Medium
3569,Card Problem,High
3570,Billing,High
3571,Card Problem,Low
3572,Fraud Alert,High
3573,App Bug,Medium
3574,Loan Query,Medium
3576,Fraud Alert,Low
3577,App Bug,Low
3578,Card Problem,Medium
3579,Login Issue,High
3580,Card Problem,Medium
3581,Loan Query,Medium
3582,Login Issue,Critical
3583,Fraud Alert,High
3584,Login Issue,High
3585,Fraud Alert,Low
3586,Card Problem,Medium
3587,Card Problem,Low
3588,Login Issue,High
3590,Loan Query,Medium
3591,Billing,Low
3592,Billing,Low
3593,Login Issue,Low
3594,App Bug,Low
3595,Billing,Medium
3596,Card Problem,High
3597,Login Issue,Low
3598,Login Issue,Low
3599,Login Issue,Low
3600,Loan Query,Low
3601,Loan Query,Medium
3602,Fraud Alert,High
3603,Card Problem,Critical
3604,Loan Query,Medium
3605,Card Problem,Medium
3606,Loan Query,Low
3607,Login Issue,Medium
3608,Login Issue,Medium
3609,Card Problem,Low
3610,App Bug,Low
3611,Login Issue,Medium
3612,Card Problem,High
3613,Billing,Medium
3614,App Bug,Medium
3615,Fraud Alert,High
3616,Login Issue,Low
3617,Login Issue,High
3618,App Bug,Medium
3619,Loan Query,Low
3620,Fraud Alert,Low
3621,Card Problem,Medium
3622,Billing,Low
3623,Fraud Alert,Low
3624,Card Problem,Medium
3625,Billing,Medium
3626,Billing,Low
3627,Billing,Low
3628,App Bug,High
3629,Login Issue,Low
3630,App Bug,Critical
3631,Billing,Low
3632,Loan Query,Medium
3633,Login Issue,Medium
3634,Billing,Critical
3635,Loan Query,Medium
3636,Fraud Alert,Low
3637,Billing,Low
3638,Loan Query,High
3639,Billing,Low
3640,Loan Query,Low
3641,Loan Query,High
3642,Fraud Alert,Low
3643,App Bug,Medium
3644,Billing,Critical
3645,Billing,Low
3646,Loan Query,Low
3647,Card Problem,Medium
3648,Loan Query,Low
3649,Login Issue,Low
3650,Login Issue,Medium
3651,Fraud Alert,Medium
3652,Card Problem,Medium
3653,Login Issue,Critical
3654,Fraud Alert,Critical
3655,Fraud Alert,Low
3656,Card Problem,Low
3657,App Bug,High
3658,Card Problem,Critical
3659,Card Problem,Medium
3660,Card Problem,Low
3661,Card Problem,Medium
3662,Card Problem,Medium
3663,App Bug,Critical
3664,Fraud Alert,High
3665,Card Problem,Medium
3666,Login Issue,Medium
3667,Login Issue,Medium
3668,Card Problem,Low
3669,App Bug,Low
3670,Login Issue,Low
3671,Login Issue,High
3672,Billing,High
3673,Login Issue,Critical
3674,Loan Query,High
3675,Login Issue,Low
3676,Login Issue,High
3677,Login Issue,Critical
3678,Login Issue,High
3679,Loan Query,High
3680,Billing,Low
3681,App Bug,Low
3682,Billing,Medium
3683,Card Problem,High
3684,Login Issue,Medium
3685,Fraud Alert,Medium
3686,Billing,Medium
3687,Login Issue,Critical
3688,Billing,Low
3689,Billing,High
3691,Card Problem,Medium
3692,App Bug,Low
3693,Loan Query,Medium
3694,Loan Query,Medium
3695,Billing,Low
3696,App Bug,Medium
3697,App Bug,Medium
3698,Login Issue,Medium
3699,App Bug,Medium
3700,Loan Query,High
3701,Login Issue,Critical
3702,App Bug,Low
3703,Billing,Low
3704,Loan Query,Low
3705,Fraud Alert,High
3706,Loan Query,High
3707,Card Problem,Medium
3708,Fraud Alert,High
3709,Billing,Medium
3710,Loan Query,Low
3711,App Bug,Medium
3712,Fraud Alert,Low
3713,Login Issue,Low
3714,Loan Query,Low
3715,Card Problem,Low
3716,Login Issue,High
3717,Fraud Alert,Low
3718,Billing,Medium
3719,Loan Query,Medium
3720,Loan Query,Medium
3721,Card Problem,Low
3722,Card Problem,Critical
3723,Card Problem,Low
3724,App Bug,High
3725,App Bug,Medium
3726,App Bug,Low
3727,Loan Query,Low
3728,Billing,Low
3730,Loan Query,Medium
3731,Fraud Alert,High
3732,App Bug,Low
3733,App Bug,High
3734,Loan Query,Medium
3735,App Bug,Low
3736,App Bug,Low
3737,Fraud Alert,Medium
3738,App Bug,High
3739,Fraud Alert,Medium
3740,Fraud Alert,Medium
3741,Billing,Low
3742,App Bug,Low
3743,App Bug,Low
3744,Card Problem,High
3745,Card Problem,Critical
3746,Login Issue,Medium
3747,Fraud Alert,Medium
3748,Card Problem,Medium
3749,Login Issue,Medium
3750,Billing,Low
3751,Card Problem,High
3752,Fraud Alert,Low
3753,App Bug,Low
3754,Billing,High
3755,Card Problem,Medium
3756,Billing,Medium
3757,App Bug,Medium
3758,App Bug,Medium
3759,App Bug,Low
3760,App Bug,Medium
3761,App Bug,Medium
3762,App Bug,Low
3763,Billing,High
3764,Loan Query,Low
3765,Loan Query,Low
3766,App Bug,Medium
3767,App Bug,Medium
3768,Billing,High
3769,Billing,Medium
3770,App Bug,Low
3771,Card Problem,Low
3772,Billing,Low
3773,Fraud Alert,High
3774,Fraud Alert,Low
3775,Billing,Medium
3776,App Bug,Low
3777,Card Problem,High
3778,Login Issue,Medium
3779,Fraud Alert,Medium
3780,Card Problem,Medium
3781,Fraud Alert,Low
3782,Fraud Alert,Medium
3783,Billing,Medium
3784,Loan Query,Medium
3785,Card Problem,Medium
3786,Login Issue,Low
3787,Card Problem,Low
3788,Login Issue,Medium
3789,Card Problem,Low
3790,Fraud Alert,High
3791,Fraud Alert,Low
3792,App Bug,High
3793,Loan Query,Medium
3794,Billing,Medium
3795,App Bug,Low
3796,Card Problem,Medium
3797,Login Issue,Critical
3798,Card Problem,High
3799,Card Problem,Low
3800,Login Issue,Medium
3801,Loan Query,Low
3802,Card Problem,Medium
3803,Fraud Alert,Medium
3804,Billing,Low
3805,App Bug,Low
3806,Card Problem,Medium
3807,Billing,Low
3808,Card Problem,Low
3809,Fraud Alert,Low
3810,App Bug,Low
3811,App Bug,Low
3812,Fraud Alert,Critical
3813,Fraud Alert,Medium
3814,Fraud Alert,Medium
3815,Loan Query,Medium
3816,Loan Query,Low
3817,App Bug,Low
3818,Loan Query,Medium
3819,Loan Query,Medium
3820,Card Problem,Medium
3821,Billing,Medium
3822,Loan Query,Low
3823,Loan Query,Medium
3824,Fraud Alert,Low
3825,Card Problem,Low
3827,Loan Query,Medium
3828,App Bug,Low
3829,Billing,Medium
3830,Card Problem,Low
3831,Login Issue,Medium
3832,Loan Query,High
3833,Login Issue,Critical
3834,Billing,Low
3835,Fraud Alert,Medium
3836,Billing,Medium
3837,App Bug,High
3838,Login Issue,Low
3839,App Bug,High
3840,Fraud Alert,High
3841,Billing,Low
3842,Fraud Alert,Critical
3843,Fraud Alert,Low
3844,Fraud Alert,Medium
3845,Loan Query,High
3846,Loan Query,Low
3847,Loan Query,High
3848,Fraud Alert,Medium
3849,Fraud Alert,Low
3850,Fraud Alert,Medium
3851,Card Problem,Medium
3852,App Bug,Medium
3853,Billing,Low
3854,App Bug,Low
3855,Login Issue,Low
3856,Fraud Alert,Low
3857,Billing,Medium
3858,Loan Query,High
3859,App Bug,Medium
3860,Fraud Alert,Low
3861,Fraud Alert,Medium
3862,Loan Query,High
3863,Card Problem,Medium
3864,Card Problem,High
3865,App Bug,Medium
3866,Login Issue,Medium
3867,Fraud Alert,High
3868,Card Problem,Medium
3869,App Bug,Critical
3870,Billing,Medium
3871,Fraud Alert,Medium
3872,Login Issue,Critical
3873,Card Problem,Medium
3874,Login Issue,Low
3875,Billing,Medium
3876,Billing,Low
3877,Billing,Medium
3878,Billing,High
3879,Login Issue,Low
3880,App Bug,Medium
3881,Fraud Alert,Medium
3882,Card Problem,Medium
3883,App Bug,Low
3884,Login Issue,Low
3885,App Bug,Low
3886,Billing,Low
3887,Loan Query,Low
3888,Card Problem,Critical
3889,Card Problem,Critical
3890,Fraud Alert,High
3891,Card Problem,Low
3892,Fraud Alert,Medium
3893,Loan Query,Low
3894,App Bug,Low
3895,Card Problem,Low
3896,App Bug,Medium
3897,Fraud Alert,Medium
3898,App Bug,High
3899,Fraud Alert,Medium
3900,Login Issue,Critical
3901,Billing,Medium
3902,Loan Query,Low
3903,Login Issue,Low
3904,Loan Query,Low
3905,App Bug,Low
3906,Fraud Alert,Medium
3907,Loan Query,Low
3908,Billing,Critical
3909,Loan Query,High
3910,Login Issue,Low
3911,Billing,Low
3912,Login Issue,Medium
3913,Login Issue,High
3914,Fraud Alert,Medium
3915,Billing,High
3916,App Bug,Low
3917,Fraud Alert,Medium
3918,App Bug,Low
3919,Fraud Alert,Low
3920,Loan Query,High
3921,Login Issue,Low
3922,Billing,Low
3923,Login Issue,Low
3924,Fraud Alert,Low
3925,Billing,Medium
3926,Login Issue,Medium
3927,Card Problem,Medium
3928,Loan Query,High
3929,Login Issue,Critical
3930,Billing,Low
3931,Loan Query,Medium
3932,Fraud Alert,Medium
3933,Billing,Low
3934,Loan Query,Low
3935,Fraud Alert,Low
3936,App Bug,Low
3937,Billing,Medium
3938,Card Problem,Low
3939,Billing,Low
3940,Card Problem,Low
3941,Loan Query,Critical
3942,Login Issue,Medium
3943,Loan Query,Critical
3944,Card Problem,Medium
3945,Loan Query,Low
3946,Card Problem,Critical
3947,Card Problem,Medium
3948,Login Issue,Medium
3949,Login Issue,High
3950,Fraud Alert,Low
3951,Fraud Alert,Medium
3952,Card Problem,Medium
3953,Billing,Medium
3954,Login Issue,Medium
3955,Login Issue,Medium
3956,App Bug,Low
3957,Fraud Alert,Low
3958,Login Issue,Medium
3959,Login Issue,High
3960,Fraud Alert,High
3961,Fraud Alert,Low
3962,Loan Query,Low
3963,Card Problem,Medium
3964,Fraud Alert,Low
3965,Loan Query,Low
3966,Fraud Alert,Low
3967,Card Problem,Low
3968,Loan Query,Low
3969,App Bug,Low
3970,App Bug,Medium
3971,Login Issue,Medium
3972,Billing,Medium
3973,Login Issue,Critical
3974,Fraud Alert,Low
3975,App Bug,Medium
3976,App Bug,Low
3977,Billing,Low
3978,Billing,Critical
3979,Login Issue,Medium
3980,Loan Query,Low
3981,Billing,Low
3983,Billing,Medium
3984,Login Issue,Low
3985,Billing,Medium
3986,Loan Query,High
3987,Login Issue,Low
3988,Login Issue,High
3989,Loan Query,Low
3990,Fraud Alert,Low
3991,Login Issue,Low
3992,App Bug,Low
3994,App Bug,Low
3995,Loan Query,Medium
3996,Card Problem,High
3997,Fraud Alert,Low
3998,App Bug,Low
4000,Login Issue,Medium
4001,Login Issue,Medium
4002,Loan Query,Low
4003,App Bug,Low
4004,Card Problem,Medium
4005,Billing,Medium
4007,Login Issue,Critical
4008,Loan Query,Medium
4009,Card Problem,High
4010,Card Problem,Low
4011,Fraud Alert,Medium
4012,Loan Query,Low
4013,App Bug,Critical
4014,Billing,Low
4015,Login Issue,Low
4016,Loan Query,Medium
4017,Loan Query,Low
4018,Login Issue,Medium
4019,Billing,Low
4020,Fraud Alert,Low
4021,Fraud Alert,Low
4022,Fraud Alert,Low
4023,Billing,High
4024,App Bug,High
4025,Billing,High
4026,Login Issue,Medium
4027,Card Problem,Medium
4028,Loan Query,Critical
4029,Card Problem,Critical
4030,Loan Query,Low
4031,Loan Query,Low
4032,App Bug,Medium
4033,Login Issue,Low
4034,Card Problem,High
4035,Fraud Alert,Low
4036,App Bug,Medium
4037,Billing,Low
4038,Billing,High
4039,Card Problem,Low
4042,Billing,Medium
4043,Billing,Low
4044,Loan Query,Low
4045,Fraud Alert,Medium
4046,Fraud Alert,Low
4047,Loan Query,Low
4048,Login Issue,High
4049,Fraud Alert,Medium
4050,Loan Query,Medium
4051,Billing,Low
4052,Login Issue,Medium
4053,Loan Query,Low
4054,Login Issue,Medium
4055,Fraud Alert,Low
4056,Loan Query,Low
4057,App Bug,Low
4058,App Bug,Medium
4059,Login Issue,Low
4060,Card Problem,Critical
4061,Login Issue,Medium
4062,Login Issue,Critical
4063,Fraud Alert,Medium
4064,Fraud Alert,Medium
4065,App Bug,High
4066,App Bug,Low
4067,Login Issue,Medium
4068,Billing,Medium
4069,Card Problem,Medium
4070,Fraud Alert,Low
4071,Loan Query,Low
4072,App Bug,Low
4073,Loan Query,Low
4074,Fraud Alert,Medium
4075,App Bug,High
4076,Fraud Alert,Medium
4077,App Bug,Low
4078,Login Issue,Medium
4079,Loan Query,Medium
4080,Login Issue,Low
4081,Login Issue,Low
4082,App Bug,Low
4083,Login Issue,High
4084,App Bug,High
4085,Loan Query,Medium
4086,Loan Query,Low
4087,Billing,High
4088,Loan Query,Critical
4089,Card Problem,High
4090,Login Issue,Low
4091,Card Problem,Low
4092,Billing,Low
4093,Loan Query,High
4094,App Bug,Critical
4095,Loan Query,Low
4096,App Bug,Low
4097,Loan Query,Medium
4098,Fraud Alert,Low
4099,Login Issue,High
4100,Fraud Alert,Medium
4101,App Bug,Medium
4102,Fraud Alert,Low
4103,Loan Query,Low
4104,Billing,Low
4105,Card Problem,Medium
4106,Billing,High
4107,Billing,Low
4108,App Bug,Low
4109,Billing,Medium
4110,Card Problem,High
4111,Billing,Low
4112,Login Issue,Low
4113,Card Problem,Medium
4114,Login Issue,High
4115,App Bug,Medium
4116,Card Problem,Low
4117,App Bug,Low
4118,App Bug,High
4119,Card Problem,Low
4120,Loan Query,Medium
4121,Login Issue,Medium
4122,Login Issue,Medium
4123,App Bug,Low
4124,Loan Query,High
4125,Login Issue,Medium
4126,Card Problem,Low
4127,App Bug,Medium
4128,Login Issue,Medium
4129,Login Issue,Medium
4130,Loan Query,Low
4131,Fraud Alert,Low
4132,App Bug,High
4133,Login Issue,Low
4134,Login Issue,Low
4135,App Bug,Medium
4136,Billing,Low
4137,Login Issue,Low
4138,Billing,Low
4139,Loan Query,High
4140,App Bug,Low
4141,Login Issue,Low
4142,Card Problem,Medium
4143,Billing,Medium
4144,Billing,Critical
4145,Billing,Medium
4146,Billing,Low
4147,Login Issue,Medium
4148,Card Problem,Critical
4149,Card Problem,Medium
4150,Loan Query,Medium
4151,Billing,Medium
4152,Login Issue,Low
4153,Login Issue,Low
4154,Fraud Alert,Medium
4155,App Bug,Medium
4156,Card Problem,Low
4157,Login Issue,High
4158,Login Issue,Medium
4159,Fraud Alert,Medium
4160,App Bug,Low
4161,App Bug,Medium
4162,Billing,Medium
4163,Fraud Alert,Low
4164,Login Issue,Medium
4165,Card Problem,Low
4166,Login Issue,Medium
4167,Billing,Low
4168,Card Problem,Medium
4169,Billing,High
4170,Login Issue,Low
4171,Login Issue,Low
4172,Fraud Alert,Medium
4173,App Bug,Low
4174,App Bug,Low
4175,Fraud Alert,Low
4176,Billing,Medium
4177,Login Issue,Low
4178,App Bug,Medium
4179,Billing,High
4180,App Bug,Medium
4181,App Bug,Low
4182,Loan Query,Low
4183,Billing,Low
4184,Login Issue,Critical
4185,App Bug,Low
4186,Login Issue,Critical
4187,Card Problem,Low
4188,Billing,Medium
4189,Login Issue,Medium
4190,Card Problem,Low
4191,App Bug,Medium
4194,Login Issue,Low
4195,Card Problem,Low
4196,Login Issue,Low
4197,Fraud Alert,Low
4198,Login Issue,Medium
4199,Loan Query,Low
4200,Fraud Alert,High
4201,Fraud Alert,Medium
4202,Billing,Low
4203,Login Issue,Low
4204,Billing,Low
4205,Login Issue,High
4206,App Bug,Medium
4207,Billing,Medium
4208,App Bug,Critical
4209,Loan Query,Low
4210,Loan Query,High
4211,Billing,Medium
4212,Billing,Medium
4213,Loan Query,Low
4214,App Bug,Medium
4215,Billing,High
4216,Card Problem,Medium
4217,Fraud Alert,Low
4218,Billing,Medium
4219,Fraud Alert,Critical
4220,App Bug,Medium
4221,Loan Query,Low
4222,Fraud Alert,Low
4223,Card Problem,Medium
4224,Billing,Medium
4225,Billing,Critical
4227,Billing,Low
4228,Login Issue,Critical
4229,Loan Query,High
4230,Card Problem,High
4231,App Bug,Low
4232,Billing,High
4233,App Bug,High
4234,Loan Query,High
4235,App Bug,High
4236,Card Problem,Medium
4237,Card Problem,Low
4238,Login Issue,Low
4239,Billing,Medium
4240,Billing,Medium
4241,Billing,Critical
4242,Fraud Alert,Medium
4243,Billing,Low
4244,Fraud Alert,Low
4245,Login Issue,Low
4246,App Bug,Medium
4247,App Bug,Low
4248,Login Issue,Low
4249,Billing,High
4250,Card Problem,Medium
4251,Login Issue,Critical
4252,Fraud Alert,Low
4253,Fraud Alert,Low
4254,Fraud Alert,High
4255,Login Issue,Medium
4256,Billing,Low
4257,Fraud Alert,High
4258,Login Issue,Critical
4259,Card Problem,High
4260,Loan Query,Critical
4261,App Bug,Medium
4262,Fraud Alert,Low
4263,Loan Query,Low
4264,Billing,High
4265,Fraud Alert,Medium
4266,Card Problem,Low
4267,App Bug,Medium
4268,Fraud Alert,Medium
4269,Card Problem,High
4270,Fraud Alert,Medium
4271,Loan Query,Critical
4272,Billing,Low
4273,Card Problem,High
4274,Loan Query,Low
4275,Card Problem,Medium
4276,Loan Query,Low
4278,Loan Query,High
4279,Billing,Low
4280,Billing,Medium
4281,App Bug,Medium
4282,Fraud Alert,Medium
4283,App Bug,Medium
4284,Loan Query,Medium
4285,App Bug,Low
4286,Loan Query,Medium
4287,Card Problem,Low
4288,Login Issue,Medium
4289,Login Issue,Low
4290,Login Issue,Low
4291,Loan Query,Medium
4292,Loan Query,Medium
4293,Fraud Alert,Low
4294,Fraud Alert,Low
4295,App Bug,Low
4296,App Bug,High
4297,Billing,Medium
4298,Loan Query,Low
4299,Login Issue,Low
4300,App Bug,Low
4301,Login Issue,Low
4302,Billing,Critical
4303,App Bug,High
4304,Card Problem,Medium
4305,Billing,Medium
4306,Login Issue,High
4307,Billing,Low
4308,Loan Query,Medium
4309,Billing,Critical
4310,Login Issue,Low
4311,Card Problem,High
4312,Fraud Alert,Critical
4313,Loan Query,Medium
4314,App Bug,Low
4315,App Bug,Medium
4316,Billing,Critical
4317,App Bug,Medium
4318,Fraud Alert,Medium
4319,Card Problem,Low
4320,Fraud Alert,Medium
4321,Billing,High
4322,Fraud Alert,Low
4323,Billing,Medium
4324,Login Issue,Medium
4325,Loan Query,Medium
4326,Billing,Medium
4327,Loan Query,Low
4329,App Bug,Low
4330,Loan Query,Medium
4331,App Bug,Critical
4332,Loan Query,Medium
4333,Loan Query,Medium
4334,Fraud Alert,Critical
4335,Billing,Low
4336,Card Problem,Low
4337,Fraud Alert,Medium
4338,Login Issue,Medium
4339,Loan Query,High
4340,Card Problem,Low
4341,Fraud Alert,Critical
4342,Card Problem,Medium
4343,Billing,Medium
4344,App Bug,Low
4346,App Bug,Medium
4347,Login Issue,High
4348,Login Issue,Critical
4349,Billing,Medium
4350,App Bug,Medium
4351,Billing,Medium
4352,Fraud Alert,Low
4353,Billing,Medium
4354,Login Issue,Medium
4355,Login Issue,Low
4356,Login Issue,High
4357,Login Issue,High
4358,Fraud Alert,Low
4359,Loan Query,Low
4360,Card Problem,Medium
4361,App Bug,High
4362,Login Issue,Low
4363,Loan Query,Medium
4364,Fraud Alert,High
4365,Card Problem,High
4366,Fraud Alert,Low
4367,App Bug,Low
4368,Billing,Low
4369,Login Issue,High
4370,Login Issue,Low
4371,App Bug,Critical
4372,Fraud Alert,Medium
4373,Fraud Alert,Medium
4374,App Bug,Low
4375,Loan Query,Medium
4376,Card Problem,Medium
4378,App Bug,High
4379,Fraud Alert,Medium
4380,Card Problem,Low
4381,App Bug,Medium
4382,Billing,Low
4383,Fraud Alert,Medium
4385,Card Problem,High
4386,Login Issue,Low
4387,Fraud Alert,Medium
4388,Billing,Medium
4389,Card Problem,Medium
4390,Billing,Medium
4391,Fraud Alert,Medium
4392,App Bug,High
4393,Loan Query,Low
4394,Login Issue,Low
4395,Loan Query,Low
4396,App Bug,High
4397,Loan Query,Low
4398,Billing,Medium
4399,Loan Query,Medium
4400,Card Problem,Medium
4401,Login Issue,Critical
4402,App Bug,Low
4403,App Bug,High
4404,Card Problem,Low
4405,App Bug,Medium
4406,Fraud Alert,High
4407,Billing,Medium
4408,Login Issue,Low
4409,Billing,Low
4410,Billing,Low
4411,Billing,Low
4412,Loan Query,Medium
4413,Billing,Low
4414,Login Issue,Low
4415,Card Problem,Medium
4416,Fraud Alert,Low
4417,Billing,Medium
4418,Login Issue,Low
4419,Fraud Alert,Low
4421,Loan Query,High
4422,Fraud Alert,Low
4423,Login Issue,Low
4424,App Bug,Low
4425,Loan Query,Low
4426,App Bug,Medium
4427,Fraud Alert,Low
4428,Billing,Medium
4429,Card Problem,Low
4430,App Bug,Critical
4431,Loan Query,Medium
4432,Fraud Alert,Low
4433,App Bug,High
4434,Loan Query,Medium
4435,App Bug,Low
4436,Card Problem,Medium
4437,Loan Query,Medium
4438,Loan Query,High
4439,Card Problem,Low
4440,App Bug,Low
4441,Billing,Low
4442,Login Issue,Low
4443,Billing,High
4444,Fraud Alert,Low
4445,Loan Query,Low
4446,Billing,Low
4447,Billing,Medium
4448,Card Problem,High
4449,Fraud Alert,Low
4450,Loan Query,Medium
4451,Card Problem,Medium
4452,Billing,Medium
4453,Loan Query,Critical
4454,Billing,High
4455,App Bug,Medium
4456,Billing,Low
4457,Login Issue,Low
4458,App Bug,Low
4459,Login Issue,Medium
4460,Billing,High
4461,Card Problem,Critical
4462,Fraud Alert,Low
4463,Login Issue,Medium
4464,Loan Query,Low
4465,Loan Query,Low
4466,Card Problem,Low
4467,Login Issue,High
4468,Billing,Low
4469,Loan Query,Low
4470,Login Issue,Medium
4471,Billing,Low
4472,Loan Query,Medium
4473,Loan Query,Low
4474,Card Problem,Medium
4475,Card Problem,Medium
4476,Fraud Alert,Low
4477,Login Issue,Low
4478,App Bug,High
4479,Fraud Alert,Medium
4480,App Bug,Medium
4481,App Bug,Medium
4482,Login Issue,Low
4483,Fraud Alert,Low
4484,Login Issue,Low
4485,Billing,High
4486,Login Issue,High
4487,Card Problem,Medium
4488,Login Issue,Low
4489,Fraud Alert,Low
4490,App Bug,Medium
4491,Login Issue,Low
4492,Fraud Alert,Low
4493,App Bug,Low
4494,Fraud Alert,Critical
4495,Login Issue,Medium
4496,Card Problem,Medium
4497,Billing,Medium
4498,Login Issue,Medium
4499,App Bug,Medium
4500,Billing,Medium
4501,Loan Query,Low
4502,App Bug,Medium
4503,Fraud Alert,Low
4504,App Bug,High
4505,Fraud Alert,Low
4506,Card Problem,Medium
4507,App Bug,Low
4508,Loan Query,Low
4510,Login Issue,Low
4511,Billing,High
4512,Loan Query,Critical
4514,Card Problem,Medium
4515,Card Problem,Medium
4516,App Bug,Critical
4517,App Bug,Medium
4518,Fraud Alert,High
4519,Fraud Alert,Medium
4520,Billing,Low
4521,Card Problem,Low
4522,App Bug,Low
4523,Login Issue,Medium
4524,App Bug,High
4525,Login Issue,High
4526,Billing,Critical
4527,Login Issue,Low
4528,Login Issue,Critical
4529,Loan Query,Low
4531,Card Problem,High
4532,Fraud Alert,Medium
4533,Billing,Medium
4534,Fraud Alert,Critical
4535,Loan Query,High
4536,Card Problem,Low
4537,Billing,Critical
4538,Loan Query,High
4539,Login Issue,Medium
4540,Card Problem,Low
4541,Billing,Low
4542,Card Problem,Low
4543,Loan Query,Medium
4544,Billing,Low
4545,Billing,Medium
4546,Fraud Alert,Low
4547,Billing,High
4548,Login Issue,Low
4549,Fraud Alert,Low
4550,Login Issue,Low
4551,Billing,Low
4552,Login Issue,Low
4553,Fraud Alert,High
4554,Billing,Low
4555,Fraud Alert,Low
4556,Billing,Critical
4557,Fraud Alert,High
4558,Fraud Alert,Low
4559,Billing,Medium
4560,Login Issue,Low
4561,Loan Query,Low
4562,Billing,High
4563,Loan Query,Medium
4564,App Bug,Low
4565,App Bug,Low
4566,Login Issue,Low
4567,Card Problem,Medium
4568,Login Issue,Low
4569,Login Issue,Medium
4570,Card Problem,Low
4571,Login Issue,Low
4572,Card Problem,Low
4573,Fraud Alert,Low
4575,Loan Query,Medium
4576,Loan Query,Medium
4577,Card Problem,Low
4578,App Bug,High
4579,Card Problem,Medium
4580,Billing,Low
4581,Fraud Alert,Medium
4582,Fraud Alert,Medium
4583,Card Problem,Critical
4584,Billing,Medium
4585,Login Issue,Medium
4587,Loan Query,Medium
4588,Login Issue,Low
4589,Billing,High
4590,App Bug,High
4591,Fraud Alert,Medium
4592,Fraud Alert,Low
4593,Login Issue,Critical
4594,Billing,Low
4595,App Bug,High
4596,Loan Query,Low
4597,App Bug,Low
4598,Billing,Low
4599,Card Problem,Low
4600,Login Issue,Medium
4601,Card Problem,Low
4602,Billing,Low
4603,Billing,Medium
4604,Billing,Medium
4605,App Bug,High
4606,Loan Query,Medium
4607,Loan Query,Low
4608,Billing,Low
4609,Loan Query,Low
4610,Fraud Alert,Medium
4611,Card Problem,Medium
4612,Fraud Alert,Low
4613,Card Problem,Medium
4614,Loan Query,Critical
4616,Login Issue,Low
4617,Fraud Alert,High
4618,Card Problem,Low
4619,App Bug,Medium
4620,Billing,Medium
4621,Loan Query,Low
4622,Fraud Alert,High
4623,App Bug,Low
4624,App Bug,Low
4625,Loan Query,Low
4626,App Bug,Medium
4627,Card Problem,Medium
4628,Fraud Alert,Medium
4629,App Bug,High
4630,App Bug,Medium
4631,Billing,Medium
4632,Fraud Alert,Low
4633,Login Issue,Medium
4634,Loan Query,Medium
4635,App Bug,High
4636,App Bug,High
4637,App Bug,High
4638,App Bug,Medium
4639,Loan Query,Medium
4640,Billing,Medium
4641,Billing,Medium
4642,Billing,Low
4643,Login Issue,Critical
4644,Billing,Low
4645,Card Problem,Low
4646,Loan Query,Low
4647,Login Issue,Low
4648,Login Issue,High
4649,Login Issue,Medium
4650,Billing,Medium
4651,Billing,Low
4653,App Bug,Low
4654,Billing,Critical
4655,Login Issue,Medium
4656,Card Problem,Medium
4657,Login Issue,Medium
4658,Card Problem,Medium
4660,Card Problem,Medium
4661,App Bug,Critical
4662,Loan Query,Medium
4663,Login Issue,Low
4664,Billing,Medium
4665,Card Problem,High
4666,Loan Query,Medium
4667,Card Problem,High
4668,App Bug,Low
4669,Fraud Alert,Low
4670,Fraud Alert,Low
4671,Card Problem,Low
4672,Card Problem,High
4673,Loan Query,Critical
4674,Fraud Alert,Low
4675,Billing,Low
4676,Fraud Alert,Low
4677,Login Issue,Medium
4678,Fraud Alert,Low
4679,Fraud Alert,Medium
4681,Loan Query,Low
4682,Login Issue,Low
4683,Login Issue,Medium
4684,Card Problem,High
4685,Fraud Alert,Medium
4686,Fraud Alert,Low
4687,Loan Query,Low
4688,Card Problem,High
4689,Loan Query,Medium
4690,Fraud Alert,Medium
4691,Card Problem,Critical
4692,Fraud Alert,Low
4693,Loan Query,Low
4694,Fraud Alert,Low
4695,Login Issue,Low
4696,App Bug,Medium
4697,App Bug,Medium
4698,Fraud Alert,High
4699,App Bug,Critical
4700,Billing,Medium
4701,Billing,Medium
4702,Loan Query,Low
4705,Billing,Medium
4706,App Bug,Low
4707,Fraud Alert,Low
4708,Fraud Alert,Medium
4709,Loan Query,Medium
4710,App Bug,Low
4711,Fraud Alert,Medium
4712,Card Problem,Low
4713,App Bug,High
4714,Loan Query,Medium
4715,Loan Query,Low
4716,Loan Query,Low
4717,Billing,Low
4718,Loan Query,Medium
4719,Loan Query,Low
4720,App Bug,Low
4721,Card Problem,Medium
4722,Billing,Low
4723,Card Problem,High
4724,Billing,Medium
4725,Loan Query,Low
4726,Card Problem,Medium
4727,Fraud Alert,Low
4728,App Bug,High
4729,Billing,Low
4730,Login Issue,Low
4731,Loan Query,Medium
4732,Login Issue,High
4733,App Bug,Low
4734,Card Problem,Low
4736,Login Issue,Critical
4737,Fraud Alert,Medium
4738,Billing,Medium
4739,Billing,High
4740,Fraud Alert,Medium
4741,Card Problem,Medium
4742,Login Issue,High
4743,Card Problem,Medium
4744,Login Issue,Critical
4745,App Bug,Low
4746,Card Problem,Low
4747,Billing,Medium
4748,Fraud Alert,Medium
4749,Billing,Low
4750,Login Issue,Low
4751,Billing,Low
4752,Fraud Alert,Medium
4753,Loan Query,Low
4754,Loan Query,High
4755,Loan Query,High
4756,App Bug,Low
4757,Card Problem,Low
4758,Loan Query,Medium
4759,Billing,Critical
4760,Card Problem,High
4762,Billing,Medium
4763,Login Issue,High
4764,Loan Query,Low
4765,Card Problem,Low
4766,Card Problem,Low
4767,Fraud Alert,Low
4768,Loan Query,Medium
4769,Fraud Alert,Medium
4770,App Bug,High
4771,Login Issue,Medium
4772,Fraud Alert,Low
4773,Card Problem,Low
4774,Fraud Alert,Medium
4775,Fraud Alert,High
4777,Card Problem,Medium
4778,Card Problem,Medium
4779,Billing,Low
4780,App Bug,Medium
4781,Loan Query,Low
4782,Card Problem,High
4783,Loan Query,Medium
4784,Login Issue,Medium
4785,Login Issue,Low
4786,Login Issue,Low
4787,App Bug,Critical
4788,Fraud Alert,Critical
4789,Billing,High
4790,Billing,Low
4791,Loan Query,Low
4792,Fraud Alert,Medium
4793,Loan Query,High
4794,Login Issue,Medium
4795,Fraud Alert,Medium
4796,App Bug,Medium
4797,Fraud Alert,Low
4798,Loan Query,Critical
4799,Loan Query,Critical
4800,Loan Query,High
4801,App Bug,High
4802,Billing,Low
4803,App Bug,Medium
4804,Billing,Low
4805,Billing,Medium
4806,Login Issue,Low
4807,Billing,Low
4808,Fraud Alert,Low
4809,Loan Query,Low
4810,Loan Query,Low
4811,App Bug,Medium
4812,Billing,High
4813,Login Issue,Low
4814,Login Issue,High
4815,Fraud Alert,Critical
4816,Loan Query,Low
4817,Card Problem,Medium
4818,App Bug,Medium
4819,Fraud Alert,High
4820,App Bug,Low
4821,Billing,Low
4822,Card Problem,Medium
4823,Loan Query,Medium
4826,Billing,High
4827,Fraud Alert,Critical
4828,Card Problem,Low
4829,Loan Query,Medium
4830,Fraud Alert,Medium
4831,Billing,Low
4832,Fraud Alert,High
4833,App Bug,Low
4834,Billing,High
4835,Card Problem,Low
4836,App Bug,Low
4837,Loan Query,Low
4838,Login Issue,Low
4839,Loan Query,Medium
4840,Fraud Alert,High
4841,Billing,Low
4842,Loan Query,Low
4843,Loan Query,High
4844,Card Problem,High
4845,Fraud Alert,Low
4846,Fraud Alert,High
4847,Fraud Alert,High
4848,Loan Query,Low
4849,Login Issue,Low
4850,Billing,Low
4851,App Bug,Low
4852,Fraud Alert,Medium
4853,Login Issue,Low
4854,Loan Query,Low
4855,Login Issue,Low
4856,Fraud Alert,Low
4857,Loan Query,Low
4858,Login Issue,Medium
4859,Card Problem,Low
4860,Login Issue,Medium
4861,Loan Query,Low
4862,Loan Query,Low
4863,Login Issue,Medium
4864,Fraud Alert,Low
4865,Login Issue,Low
4866,Fraud Alert,Low
4867,Card Problem,Medium
4868,App Bug,High
4869,App Bug,High
4870,Fraud Alert,Low
4871,Billing,Medium
4872,Billing,Medium
4873,Loan Query,Low
4874,Card Problem,Medium
4875,App Bug,High
4876,App Bug,High
4877,Loan Query,Medium
4878,Loan Query,Medium
4879,Loan Query,High
4880,Loan Query,High
4881,Billing,Low
4882,Loan Query,Low
4883,Billing,Medium
4884,Card Problem,High
4885,App Bug,Low
4886,App Bug,Low
4887,Fraud Alert,Medium
4888,Fraud Alert,Medium
4889,Card Problem,High
4890,Fraud Alert,High
4891,App Bug,High
4892,Card Problem,Medium
4893,Login Issue,Low
4894,Billing,Low
4895,App Bug,Critical
4896,Login Issue,Low
4897,App Bug,High
4898,Loan Query,Medium
4899,Card Problem,Medium
4900,Fraud Alert,Medium
4901,App Bug,Medium
4902,Loan Query,Low
4903,Loan Query,Medium
4904,Login Issue,Critical
4905,Fraud Alert,Medium
4906,Fraud Alert,High
4907,Loan Query,Low
4908,Fraud Alert,High
4909,Login Issue,Low
4910,Billing,Low
4911,Login Issue,High
4912,Fraud Alert,Medium
4913,Loan Query,Low
4914,Fraud Alert,Medium
4915,Fraud Alert,Medium
4916,Fraud Alert,Low
4917,Billing,Critical
4918,Fraud Alert,Low
4919,Fraud Alert,Medium
4920,Login Issue,Medium
4921,Card Problem,Low
4922,Billing,Low
4923,Loan Query,Medium
4924,Loan Query,Medium
4925,App Bug,Low
4927,Card Problem,Critical
4928,Loan Query,Medium
4929,Fraud Alert,Low
4930,Card Problem,Medium
4931,Billing,Low
4933,Loan Query,High
4934,Billing,Medium
4936,Loan Query,Medium
4937,Fraud Alert,High
4938,App Bug,Medium
4939,Card Problem,Medium
4940,App Bug,Critical
4941,App Bug,Low
4943,Loan Query,Medium
4944,Card Problem,Medium
4945,Card Problem,High
4946,Card Problem,Low
4947,Loan Query,High
4948,Loan Query,Low
4949,Login Issue,Medium
4950,Billing,High
4951,Login Issue,Medium
4952,Card Problem,Medium
4953,Loan Query,Medium
4954,Fraud Alert,Low
4955,Fraud Alert,Low
4956,Billing,Medium
4957,Loan Query,Low
4958,Fraud Alert,Medium
4959,Loan Query,Low
4960,Card Problem,Low
4961,Login Issue,Medium
4962,Fraud Alert,High
4963,App Bug,Medium
4964,Fraud Alert,High
4965,App Bug,High
4966,Login Issue,Low
4968,App Bug,Medium
4969,Fraud Alert,High
4970,App Bug,Medium
4971,App Bug,Medium
4972,Fraud Alert,Medium
4973,Billing,Medium
4974,Login Issue,Low
4975,Billing,Low
4976,Fraud Alert,Medium
4977,Fraud Alert,Low
4978,Billing,Low
4979,App Bug,Medium
4980,Loan Query,High
4981,App Bug,Medium
4982,Loan Query,Low
4983,Billing,Low
4984,Loan Query,Medium
4985,Billing,Medium
4986,Login Issue,Critical
4987,Billing,Low
4988,Loan Query,Medium
4989,Fraud Alert,Medium
4990,Loan Query,Medium
4991,Login Issue,Low
4992,Loan Query,Low
4993,Billing,High
4994,App Bug,Low
4995,Card Problem,Low
4996,App Bug,High
4997,Fraud Alert,Low
4998,Fraud Alert,Medium
4999,Billing,Low
5000,Billing,High
5001,Login Issue,Low
5002,Login Issue,High
5003,Card Problem,Medium
5004,Loan Query,Low
5005,Billing,Medium
5006,Loan Query,Medium
5007,App Bug,Critical
5008,Login Issue,Medium
5009,Login Issue,High
5010,Login Issue,Medium
5011,Loan Query,Medium
5012,Fraud Alert,Low
5013,App Bug,High
5014,Fraud Alert,Low
5015,App Bug,High
5016,Card Problem,Critical
5017,App Bug,Low
5018,Card Problem,Critical
5019,Loan Query,Medium
5020,Card Problem,Medium
5021,Loan Query,Medium
5022,Loan Query,Medium
5023,Login Issue,Low
5024,Loan Query,Medium
5025,Login Issue,Medium
5026,Fraud Alert,Low
5027,App Bug,Critical
5028,Billing,Medium
5029,Card Problem,Medium
5030,Card Problem,Medium
5031,Loan Query,Medium
5032,Card Problem,Low
5033,Fraud Alert,Critical
5034,Card Problem,Critical
5035,Fraud Alert,High
5036,Login Issue,Low
5037,Fraud Alert,Low
5038,App Bug,Low
5039,Billing,High
5040,Loan Query,Medium
5041,Login Issue,High
5042,Card Problem,Medium
5043,Fraud Alert,Medium
5044,Login Issue,Medium
5045,Card Problem,Medium
5046,Fraud Alert,Medium
5047,Loan Query,Low
5048,App Bug,Low
5049,Fraud Alert,Medium
5050,App Bug,Medium
5051,Loan Query,Low
5052,App Bug,Low
5053,Login Issue,Medium
5054,Billing,Medium
5055,App Bug,Medium
5056,Fraud Alert,Low
5057,Billing,Medium
5058,Billing,Medium
5059,Billing,Low
5060,App Bug,Critical
5061,Card Problem,High
5062,Billing,Low
5063,Loan Query,Critical
5064,Loan Query,High
5065,Loan Query,Low
5066,Login Issue,Medium
5067,Fraud Alert,Low
5068,Billing,Medium
5069,Card Problem,Medium
5070,Login Issue,Medium
5071,Login Issue,High
5072,App Bug,Medium
5073,App Bug,Low
5074,Loan Query,Low
5075,Login Issue,Low
5076,Card Problem,Medium
5077,Card Problem,Low
5078,Card Problem,Low
5079,Loan Query,Low
5080,Loan Query,Medium
5081,App Bug,Low
5082,Billing,Low
5083,Login Issue,Medium
5084,Card Problem,High
5085,Loan Query,High
5086,App Bug,High
5087,Card Problem,Medium
5088,App Bug,Medium
5089,Fraud Alert,High
5090,Loan Query,Low
5091,Login Issue,Medium
5092,App Bug,Medium
5093,Billing,Low
5094,Fraud Alert,Critical
5095,Login Issue,Medium
5096,Card Problem,Low
5097,Fraud Alert,Medium
5098,Login Issue,Low
5099,App Bug,Low
5100,App Bug,Low
5101,Login Issue,Low
5102,Login Issue,High
5103,Card Problem,Medium
5104,App Bug,Critical
5105,App Bug,Medium
5106,Card Problem,Low
5107,Loan Query,Low
5108,Loan Query,Low
5109,Fraud Alert,High
5110,Login Issue,Low
5111,Billing,Medium
5112,Fraud Alert,High
5113,Billing,High
5114,Fraud Alert,Low
5115,Card Problem,Medium
5116,Login Issue,Medium
5117,Fraud Alert,Medium
5118,Card Problem,Medium
5119,Loan Query,Low
5120,App Bug,Medium
5121,Card Problem,Low
5122,Fraud Alert,Medium
5123,App Bug,Low
5124,Billing,Medium
5125,Fraud Alert,Low
5126,Loan Query,Medium
5127,Login Issue,Medium
5128,Loan Query,Low
5129,Login Issue,Medium
5130,Billing,High
5131,App Bug,Medium
5132,App Bug,Low
5133,Login Issue,Medium
5134,Loan Query,Medium
5135,Card Problem,Low
5136,Fraud Alert,Medium
5137,Billing,High
5138,Loan Query,Low
5139,Loan Query,Low
5140,Card Problem,Medium
5141,Billing,Medium
5142,Billing,Medium
5143,Login Issue,Medium
5144,Card Problem,Medium
5145,Login Issue,Low
5146,App Bug,Medium
5147,Fraud Alert,Medium
5148,Loan Query,Low
5149,Login Issue,Medium
5150,Login Issue,Medium
5151,Fraud Alert,Low
5152,App Bug,Low
5153,Card Problem,Low
5154,Card Problem,Medium
5155,Card Problem,Low
5156,Login Issue,Low
5157,Loan Query,Low
5158,Card Problem,High
5159,App Bug,High
5160,Loan Query,Low
5162,Loan Query,Low
5163,App Bug,Low
5164,Login Issue,Low
5165,Card Problem,Low
5166,Loan Query,Low
5167,Login Issue,Low
5168,Login Issue,Medium
5169,Loan Query,Low
5170,Card Problem,High
5171,Login Issue,Critical
5172,Login Issue,Medium
5173,Billing,Medium
5174,Loan Query,Low
5175,Login Issue,Low
5176,Fraud Alert,Low
5177,Billing,Low
5178,Loan Query,Low
5179,Card Problem,Low
5180,Login Issue,Critical
5181,Card Problem,High
5182,App Bug,Low
5183,Card Problem,Low
5184,Billing,Medium
5185,Fraud Alert,Critical
5186,Fraud Alert,High
5187,Fraud Alert,Low
5188,Billing,Low
5189,Fraud Alert,Medium
5190,Fraud Alert,High
5191,Login Issue,Low
5192,Billing,Medium
5194,App Bug,Medium
5195,Billing,Medium
5196,Fraud Alert,Medium
5197,Card Problem,High
5198,Login Issue,High
5199,Billing,Medium
5200,Billing,High
5201,Billing,Medium
5202,Fraud Alert,Medium
5203,Billing,Medium
5204,Card Problem,Low
5206,App Bug,Medium
5207,Login Issue,Low
5208,Loan Query,High
5209,App Bug,Medium
5210,Loan Query,Critical
5211,Billing,Medium
5212,Billing,High
5213,Login Issue,Medium
5214,Loan Query,Low
5215,Card Problem,Medium
5216,App Bug,High
5218,Loan Query,High
5219,Billing,Low
5220,App Bug,Medium
5221,Billing,High
5222,Login Issue,Medium
5223,Loan Query,Low
5224,Loan Query,Medium
5225,Card Problem,Low
5226,Card Problem,High
5227,App Bug,Critical
5228,Card Problem,Low
5229,Fraud Alert,Medium
5230,App Bug,Medium
5231,Login Issue,Medium
5232,Fraud Alert,Low
5233,Fraud Alert,Low
5234,Loan Query,Low
5235,Card Problem,Low
5236,Fraud Alert,Low
5238,Fraud Alert,Low
5239,Fraud Alert,High
5240,Billing,Critical
5241,Billing,Low
5242,Billing,Medium
5243,Loan Query,Medium
5244,Card Problem,High
5245,Card Problem,Low
5246,Loan Query,High
5247,Login Issue,Medium
5248,Fraud Alert,Low
5249,Login Issue,Low
5250,Loan Query,Critical
5251,Fraud Alert,Medium
5252,Card Problem,High
5253,Billing,Medium
5254,Billing,Low
5255,Loan Query,Medium
5256,Card Problem,Low
5257,Loan Query,Low
5258,Loan Query,Medium
5259,Card Problem,High
5260,Card Problem,Medium
5261,Loan Query,Medium
5262,Loan Query,Medium
5263,Billing,High
5264,Loan Query,High
5265,Billing,Critical
5266,App Bug,Medium
5267,App Bug,Low
5268,Loan Query,Medium
5269,Loan Query,Medium
5270,Fraud Alert,Medium
5271,Fraud Alert,Critical
5272,Card Problem,Medium
5273,Billing,Medium
5274,Login Issue,High
5275,Card Problem,Low
5276,Login Issue,Medium
5277,Card Problem,High
5278,Fraud Alert,Low
5279,Billing,Medium
5280,Card Problem,Low
5281,Fraud Alert,Critical
5282,Billing,Low
5283,Billing,Low
5284,Billing,High
5285,App Bug,Low
5286,Billing,Low
5287,Billing,High
5288,Loan Query,Medium
5289,Billing,Medium
5290,Card Problem,Critical
5291,Fraud Alert,Medium
5292,Billing,Medium
5293,Login Issue,High
5294,Card Problem,Medium
5295,Loan Query,Low
5296,Billing,Medium
5297,Login Issue,Low
5300,App Bug,High
5301,Billing,Medium
5302,Loan Query,Medium
5303,Billing,Medium
5304,Fraud Alert,Low
5306,Card Problem,Low
5307,Card Problem,High
5308,Login Issue,Low
5309,Loan Query,Low
5310,Loan Query,High
5311,Login Issue,High
5312,Billing,High
5313,App Bug,Low
5314,Card Problem,Medium
5315,Card Problem,Low
5316,Billing,Medium
5317,Billing,Low
5318,Login Issue,High
5319,Card Problem,Medium
5320,Loan Query,High
5321,App Bug,High
5322,Loan Query,Low
5323,Billing,Low
5324,Billing,High
5325,Loan Query,Medium
5326,Loan Query,High
5327,App Bug,Low
5328,Billing,Low
5330,Loan Query,Low
5331,Card Problem,Low
5332,Billing,Low
5333,Login Issue,Low
5334,Card Problem,Low
5335,Card Problem,Medium
5336,Loan Query,Medium
5337,Billing,Medium
5338,Loan Query,Low
5339,Billing,Medium
5340,App Bug,Low
5341,Fraud Alert,Critical
5342,Fraud Alert,Medium
5343,Loan Query,Medium
5344,Loan Query,Low
5345,Loan Query,Low
5346,Loan Query,Critical
5347,Loan Query,High
5348,Login Issue,Medium
5349,Fraud Alert,Low
5350,App Bug,Medium
5351,Fraud Alert,Low
5352,Fraud Alert,Medium
5353,Loan Query,Low
5354,App Bug,Low
5355,Loan Query,Medium
5356,App Bug,High
5357,Loan Query,Medium
5358,Loan Query,High
5359,Card Problem,High
5360,Fraud Alert,High
5361,Fraud Alert,Critical
5362,Card Problem,Low
5363,Billing,Low
5364,Billing,Low
5365,Card Problem,High
5366,App Bug,Low
5367,Loan Query,Low
5368,Billing,Low
5369,Card Problem,Low
5370,Loan Query,Low
5371,Loan Query,Low
5372,Billing,Low
5373,Login Issue,Low
5374,Fraud Alert,Low
5375,Billing,Low
5376,Fraud Alert,Medium
5377,App Bug,Medium
5378,Card Problem,Medium
5379,App Bug,Medium
5381,App Bug,Low
5382,Billing,Medium
5383,Card Problem,Low
5384,App Bug,Low
5385,Billing,Low
5386,Login Issue,Medium
5387,App Bug,Medium
5388,Login Issue,High
5389,App Bug,Critical
5390,Fraud Alert,High
5391,Loan Query,High
5392,Billing,Medium
5393,Billing,High
5394,App Bug,Medium
5395,App Bug,High
5396,Billing,Low
5397,Card Problem,Medium
5399,Card Problem,Low
5400,Billing,Critical
5401,App Bug,Low
5402,App Bug,Medium
5403,Billing,Medium
5404,Card Problem,Low
5405,App Bug,Medium
5406,App Bug,Low
5407,App Bug,High
5408,Billing,Critical
5409,Loan Query,Low
5410,Fraud Alert,Low
5411,Loan Query,High
5412,Billing,Low
5413,Card Problem,Critical
5414,App Bug,High
5415,Card Problem,Medium
5416,App Bug,Low
5417,Loan Query,Low
5418,App Bug,High
5419,Card Problem,Medium
5420,Billing,Medium
5422,App Bug,Critical
5423,Card Problem,High
5424,App Bug,Low
5425,Login Issue,Medium
5426,Card Problem,Low
5427,Loan Query,Medium
5428,App Bug,Low
5429,Login Issue,Low
5430,Login Issue,Medium
5431,Loan Query,High
5432,Loan Query,Critical
5433,App Bug,High
5434,Loan Query,Low
5435,Card Problem,Low
5436,Loan Query,Low
5437,Loan Query,Medium
5438,Billing,Medium
5439,Login Issue,Critical
5440,App Bug,Low
5441,Billing,High
5442,Fraud Alert,Medium
5443,Login Issue,Medium
5444,Login Issue,Low
5445,Fraud Alert,Low
5446,Billing,Medium
5448,Login Issue,Low
5449,Billing,Medium
5450,Card Problem,Low
5451,Billing,Medium
5452,Login Issue,Low
5453,App Bug,High
5454,App Bug,Low
5455,Billing,Low
5456,Login Issue,Low
5457,Loan Query,Medium
5458,Card Problem,High
5459,Login Issue,Low
5460,Billing,Critical
5461,Fraud Alert,High
5462,Billing,Low
5463,Loan Query,Medium
5464,Loan Query,Medium
5465,Card Problem,Low
5466,Login Issue,Low
5467,Login Issue,Low
5468,Fraud Alert,Medium
5469,Loan Query,Medium
5470,Fraud Alert,Low
5471,App Bug,High
5472,Card Problem,Low
5473,Loan Query,Low
5474,Card Problem,High
5475,Login Issue,Low
5476,Billing,Low
5477,Fraud Alert,Medium
5478,Billing,Medium
5479,Fraud Alert,Medium
5480,App Bug,Medium
5481,Login Issue,Medium
5482,App Bug,High
5483,App Bug,High
5484,Fraud Alert,Medium
5485,Login Issue,Medium
5486,Loan Query,Low
5487,Card Problem,Low
5488,Billing,Medium
5489,Fraud Alert,Medium
5490,Fraud Alert,Medium
5491,Loan Query,Medium
5492,Loan Query,Medium
5493,Fraud Alert,Medium
5494,Card Problem,Critical
5495,Card Problem,High
5496,Fraud Alert,Medium
5497,Fraud Alert,Critical
5498,Fraud Alert,Low
5499,Billing,Low
5500,Fraud Alert,Low
5501,Card Problem,High
5502,Card Problem,Medium
5504,Loan Query,Medium
5505,App Bug,Medium
5506,App Bug,Medium
5507,Card Problem,Medium
5508,App Bug,Low
5509,App Bug,Medium
5510,Loan Query,Low
5511,Login Issue,High
5512,App Bug,Low
5513,Loan Query,High
5514,Login Issue,Low
5515,Loan Query,Medium
5516,Billing,Low
5517,Card Problem,Medium
5518,Fraud Alert,Medium
5519,Login Issue,Medium
5520,Fraud Alert,Low
5521,Billing,Medium
5522,Login Issue,Low
5523,Fraud Alert,Low
5524,Fraud Alert,Low
5525,Fraud Alert,Medium
5526,Fraud Alert,Medium
5527,Loan Query,Medium
5528,Login Issue,Low
5529,Fraud Alert,Low
5530,Card Problem,Medium
5531,App Bug,Medium
5532,Card Problem,Medium
5533,Login Issue,Critical
5534,Fraud Alert,Low
5535,Login Issue,Critical
5536,Fraud Alert,Low
5537,App Bug,Low
5539,Fraud Alert,Low
5540,Loan Query,Low
5541,Card Problem,High
5542,Fraud Alert,Medium
5543,Card Problem,Low
5544,Fraud Alert,Medium
5545,Card Problem,High
5546,Billing,Low
5547,Card Problem,High
5548,App Bug,Medium
5549,App Bug,Low
5550,Fraud Alert,Low
5551,Login Issue,Medium
5552,Card Problem,Low
5553,Fraud Alert,Low
5554,Loan Query,High
5555,Fraud Alert,Medium
5556,Billing,Low
5557,Billing,High
5558,Card Problem,Low
5559,Card Problem,Medium
5560,Billing,High
5561,Loan Query,Critical
5562,App Bug,Low
5563,App Bug,Medium
5564,Billing,Medium
5565,Billing,Low
5566,Fraud Alert,Medium
5567,Loan Query,High
5568,Card Problem,High
5569,App Bug,High
5570,Card Problem,Low
5571,Billing,Medium
5572,Loan Query,Low
5573,Billing,Medium
5574,Login Issue,Low
5575,Login Issue,High
5576,Fraud Alert,Medium
5577,Fraud Alert,Medium
5578,Login Issue,Low
5579,Loan Query,Medium
5580,Fraud Alert,Medium
5581,Login Issue,Low
5582,Billing,Low
5583,App Bug,High
5584,Billing,Medium
5585,App Bug,Medium
5586,App Bug,Medium
5587,Billing,Medium
5588,Card Problem,Low
5589,App Bug,Critical
5590,App Bug,Low
5591,Card Problem,Critical
5592,Card Problem,Low
5593,Loan Query,Low
5594,Loan Query,Medium
5595,Billing,Medium
5596,Card Problem,Low
5597,Fraud Alert,Low
5598,Card Problem,Low
5599,Card Problem,High
5600,Card Problem,Medium
5601,Login Issue,Medium
5602,Fraud Alert,Low
5603,Login Issue,Critical
5604,Fraud Alert,Medium
5605,Card Problem,Medium
5606,Fraud Alert,High
5607,App Bug,Medium
5608,Fraud Alert,Low
5609,Fraud Alert,Low
5610,Fraud Alert,Low
5611,Card Problem,Medium
5612,Login Issue,Low
5613,Card Problem,Low
5614,Card Problem,Medium
5616,Fraud Alert,High
5617,Fraud Alert,Low
5618,Billing,Low
5619,Card Problem,Critical
5620,Login Issue,Medium
5621,Loan Query,Low
5622,Login Issue,Low
5623,Card Problem,Low
5624,App Bug,High
5625,Card Problem,Low
5626,Loan Query,Low
5627,Billing,Medium
5628,Card Problem,Low
5629,Loan Query,Medium
5630,Card Problem,High
5631,App Bug,Low
5632,App Bug,High
5633,Login Issue,Low
5634,Fraud Alert,High
5635,Loan Query,Low
5636,Billing,High
5637,App Bug,Medium
5638,Card Problem,Low
5639,Fraud Alert,Medium
5640,Login Issue,Low
5641,Card Problem,Medium
5642,Billing,Low
5643,Loan Query,Low
5644,Fraud Alert,Medium
5645,Fraud Alert,Medium
5646,Loan Query,Medium
5647,Loan Query,Medium
5648,Loan Query,High
5649,App Bug,Medium
5650,App Bug,Critical
5652,Loan Query,Critical
5654,Loan Query,Low
5655,App Bug,Low
5656,Card Problem,Low
5657,Login Issue,Low
5658,Card Problem,Low
5659,Loan Query,Medium
5660,Fraud Alert,Medium
5661,Login Issue,High
5662,Fraud Alert,High
5663,App Bug,High
5664,Billing,Low
5666,Loan Query,Medium
5667,Fraud Alert,Medium
5668,Fraud Alert,High
5669,Loan Query,Low
5670,Card Problem,High
5671,Login Issue,Low
5672,App Bug,Medium
5673,Card Problem,Medium
5676,Card Problem,Medium
5677,Card Problem,Low
5678,App Bug,Medium
5679,Fraud Alert,Low
5680,Fraud Alert,Critical
5681,Loan Query,Low
5682,Fraud Alert,Low
5683,Billing,Low
5684,Card Problem,Medium
5685,Billing,Low
5686,Card Problem,Medium
5687,Billing,Medium
5688,Fraud Alert,Medium
5689,App Bug,Medium
5690,Card Problem,Low
5691,Loan Query,Low
5692,Login Issue,High
5693,Billing,Low
5694,Login Issue,Medium
5695,App Bug,High
5696,Fraud Alert,Low
5697,Loan Query,Medium
5698,Fraud Alert,Low
5699,App Bug,Medium
5700,Card Problem,Low
5701,App Bug,Low
5702,App Bug,High
5703,Login Issue,Low
5704,App Bug,Medium
5705,Loan Query,High
5706,Loan Query,Low
5707,Login Issue,Low
5708,Loan Query,Critical
5709,Fraud Alert,High
5710,Fraud Alert,Medium
5712,App Bug,Medium
5713,Billing,High
5714,Loan Query,Medium
5715,Fraud Alert,Low
5716,App Bug,Medium
5717,Loan Query,Low
5718,App Bug,Low
5719,Loan Query,High
5720,App Bug,Medium
5721,Loan Query,Medium
5722,Loan Query,Critical
5723,Fraud Alert,High
5724,Login Issue,Medium
5725,Card Problem,Low
5726,Billing,Medium
5727,Login Issue,Low
5728,Loan Query,Low
5729,Billing,Critical
5730,App Bug,Medium
5731,Card Problem,Critical
5732,Loan Query,Critical
5733,Card Problem,Medium
5734,Billing,Low
5735,Billing,Low
5736,Billing,Medium
5737,Login Issue,Critical
5738,Card Problem,Medium
5739,App Bug,High
5740,Login Issue,Low
5741,App Bug,Low
5742,Fraud Alert,High
5743,App Bug,High
5744,Login Issue,Low
5745,Billing,Medium
5746,Card Problem,High
5747,Card Problem,Low
5748,Billing,Medium
5749,Fraud Alert,Low
5750,Loan Query,Low
5751,Loan Query,Critical
5752,Billing,Medium
5753,Billing,High
5754,Billing,Medium
5755,App Bug,Low
5756,Loan Query,Medium
5757,Card Problem,Low
5758,App Bug,Low
5759,App Bug,High
5760,Login Issue,Medium
5761,Loan Query,Low
5762,Fraud Alert,Medium
5763,Card Problem,Low
5764,Card Problem,Low
5765,Billing,Low
5766,App Bug,Low
5767,Login Issue,High
5768,Loan Query,Low
5769,Billing,Low
5770,Login Issue,Medium
5771,Billing,Medium
5772,Login Issue,High
5773,Card Problem,Low
5774,Login Issue,Medium
5775,App Bug,Low
5776,Loan Query,Critical
5778,Loan Query,Critical
5779,Loan Query,Low
5780,Billing,Low
5781,Login Issue,High
5782,Card Problem,High
5783,Card Problem,Critical
5784,Login Issue,Medium
5785,Login Issue,Medium
5786,Billing,Medium
5787,Billing,Critical
5788,App Bug,High
5789,Billing,Critical
5790,App Bug,Medium
5791,App Bug,Low
5792,Loan Query,Medium
5793,Card Problem,Low
5794,Card Problem,Low
5795,Loan Query,Medium
5796,Login Issue,Low
5797,Login Issue,Medium
5798,App Bug,Medium
5799,Fraud Alert,High
5800,Card Problem,Medium
5801,Login Issue,Low
5802,Card Problem,High
5803,Card Problem,High
5804,App Bug,Medium
5805,Loan Query,Critical
5806,Login Issue,Medium
5807,Login Issue,Low
5808,Billing,Medium
5809,Loan Query,High
5810,Card Problem,Medium
5811,Billing,Low
5812,Login Issue,Critical
5813,App Bug,High
5814,Loan Query,High
5815,Billing,Critical
5816,Loan Query,High
5817,Fraud Alert,High
5818,Card Problem,High
5820,Card Problem,Medium
5821,Billing,Medium
5822,Loan Query,Low
5823,App Bug,Low
5824,Fraud Alert,High
5825,Login Issue,Critical
5826,Card Problem,High
5827,Loan Query,Medium
5828,Card Problem,Low
5829,Loan Query,High
5830,Login Issue,Low
5831,Billing,Low
5832,Fraud Alert,Low
5833,Fraud Alert,High
5834,Billing,Low
5835,Login Issue,Low
5836,Billing,High
5837,Fraud Alert,Medium
5838,Card Problem,Medium
5839,Billing,Critical
5840,Loan Query,Medium
5841,Fraud Alert,Low
5842,Fraud Alert,Low
5843,Loan Query,Medium
5844,Loan Query,Medium
5845,App Bug,Low
5846,App Bug,Medium
5847,Login Issue,High
5848,Card Problem,Medium
5849,Card Problem,Low
5850,Loan Query,Low
5851,Billing,High
5853,Billing,Medium
5854,Loan Query,Low
5855,Loan Query,Medium
5856,Billing,Low
5857,App Bug,Low
5858,Loan Query,Medium
5859,App Bug,Low
5860,App Bug,Medium
5861,Fraud Alert,Low
5862,Login Issue,Low
5863,Login Issue,Medium
5864,Login Issue,Medium
5865,Fraud Alert,Medium
5866,Billing,Low
5867,Card Problem,Medium
5868,Billing,Low
5869,App Bug,Medium
5870,Card Problem,Medium
5871,App Bug,Medium
5872,Fraud Alert,High
5873,App Bug,Low
5874,Card Problem,Low
5875,Login Issue,Low
5876,Fraud Alert,Low
5877,Fraud Alert,High
5878,Fraud Alert,Low
5879,Card Problem,Medium
5880,Card Problem,Critical
5881,Card Problem,Low
5882,App Bug,High
5883,App Bug,Medium
5884,Card Problem,Low
5885,Loan Query,Low
5886,Login Issue,Medium
5887,Card Problem,High
5888,Loan Query,Low
5889,App Bug,High
5890,Billing,Low
5891,Billing,Medium
5892,Billing,Low
5893,Login Issue,Low
5894,Card Problem,Medium
5895,Loan Query,Low
5896,Loan Query,High
5897,App Bug,Low
5898,Billing,Low
5899,App Bug,Critical
5900,Fraud Alert,Low
5901,Card Problem,Low
5902,App Bug,Low
5903,Billing,High
5904,Login Issue,Low
5905,Loan Query,Low
5906,App Bug,Medium
5907,Billing,Low
5908,Fraud Alert,Low
5909,Login Issue,High
5910,Fraud Alert,Medium
5911,Loan Query,High
5912,Loan Query,Low
5913,Card Problem,Medium
5914,Login Issue,Medium
5915,Card Problem,High
5916,Login Issue,Medium
5917,Loan Query,Low
5918,Login Issue,Low
5919,Loan Query,High
5920,Card Problem,Medium
5921,Login Issue,Medium
5922,Loan Query,Low
5923,Loan Query,Medium
5924,Loan Query,Medium
5925,Loan Query,High
5926,Billing,Medium
5927,Card Problem,High
5928,Loan Query,Medium
5929,App Bug,Medium
5930,Billing,Low
5931,Card Problem,Medium
5932,Login Issue,High
5933,Fraud Alert,High
5934,App Bug,Medium
5935,Loan Query,Medium
5936,Card Problem,Low
5937,Fraud Alert,Low
5938,Login Issue,Low
5939,Fraud Alert,Medium
5940,Fraud Alert,Low
5941,Billing,Medium
5942,Billing,Low
5943,App Bug,Medium
5944,Billing,High
5945,Card Problem,Medium
5946,Card Problem,Medium
5947,Loan Query,Low
5948,App Bug,High
5949,Loan Query,Medium
5950,Fraud Alert,Medium
5951,Fraud Alert,High
5952,Card Problem,Medium
5953,App Bug,Low
5954,Login Issue,High
5955,Login Issue,Medium
5956,Loan Query,Low
5957,Billing,Medium
5958,Login Issue,Critical
5959,Loan Query,High
5960,Fraud Alert,Medium
5961,Card Problem,Medium
5962,Fraud Alert,Low
5963,App Bug,Medium
5964,Card Problem,Low
5965,Fraud Alert,Medium
5966,Card Problem,Low
5967,Billing,Medium
5968,Login Issue,Low
5969,Loan Query,High
5970,Billing,Low
5971,Card Problem,High
5972,Login Issue,Medium
5973,Billing,Medium
5974,Loan Query,Critical
5975,Login Issue,Medium
5976,App Bug,High
5977,Loan Query,High
5978,Billing,Medium
5979,App Bug,High
5980,Fraud Alert,Low
5982,Login Issue,High
5983,Login Issue,High
5984,App Bug,Low
5985,Fraud Alert,Medium
5986,Login Issue,Low
5987,Card Problem,Low
5988,Loan Query,Medium
5989,Card Problem,Low
5990,Loan Query,Medium
5991,Loan Query,Low
5993,Card Problem,Medium
5994,Card Problem,Low
5995,Loan Query,High
5996,Billing,Low
5997,Billing,Critical
5998,Login Issue,High
5999,App Bug,High
6000,Login Issue,Low
6001,App Bug,Critical
6002,Card Problem,Low
6003,Loan Query,Low
6004,Billing,Low
6005,Loan Query,Low
6006,Login Issue,Medium
6007,Login Issue,High
6008,App Bug,Low
6009,App Bug,Low
6010,App Bug,High
6011,Card Problem,Low
6012,App Bug,Low
6013,Billing,Medium
6014,Fraud Alert,High
6015,App Bug,High
6016,Loan Query,High
6017,Card Problem,Medium
6018,App Bug,High
6019,Card Problem,High
6020,Login Issue,Medium
6021,Loan Query,Medium
6022,Loan Query,Low
6023,Fraud Alert,Low
6024,Billing,High
6025,Loan Query,Critical
6026,App Bug,Medium
6027,Billing,Low
6028,Login Issue,High
6029,App Bug,High
6030,Fraud Alert,Low
6032,Login Issue,Medium
6033,Card Problem,Low
6034,Billing,High
6035,Login Issue,Medium
6036,Loan Query,High
6037,Card Problem,Low
6038,Card Problem,High
6039,Fraud Alert,High
6040,Fraud Alert,Low
6041,Login Issue,Low
6042,Loan Query,Medium
6043,Card Problem,Low
6044,Fraud Alert,Medium
6045,Card Problem,High
6047,Login Issue,Medium
6048,Fraud Alert,Critical
6049,Login Issue,High
6050,App Bug,Low
6051,Loan Query,Low
6052,App Bug,Low
6053,Login Issue,Medium
6054,Fraud Alert,Medium
6055,Login Issue,Medium
6057,Loan Query,Low
6058,Login Issue,Low
6059,Login Issue,Medium
6060,Billing,Medium
6061,Loan Query,Low
6062,Loan Query,High
6063,Card Problem,High
6064,Fraud Alert,Medium
6065,App Bug,Medium
6066,Card Problem,High
6067,Fraud Alert,Low
6068,Fraud Alert,Medium
6069,Fraud Alert,Low
6070,Card Problem,Medium
6071,Login Issue,Medium
6072,Loan Query,Low
6073,Loan Query,Medium
6074,Fraud Alert,Low
6075,Fraud Alert,High
6076,App Bug,Medium
6077,Loan Query,Medium
6078,Login Issue,Medium
6079,Login Issue,Medium
6080,Loan Query,Medium
6081,Login Issue,Medium
6082,Loan Query,Medium
6083,Card Problem,Medium
6084,Billing,Low
6085,Card Problem,High
6086,Loan Query,High
6087,App Bug,Medium
6088,App Bug,Medium
6089,Login Issue,Low
6090,App Bug,Medium
6091,Login Issue,Low
6092,Card Problem,High
6093,Login Issue,Medium
6094,Loan Query,Critical
6095,Fraud Alert,Medium
6096,Login Issue,Critical
6097,App Bug,Low
6098,Loan Query,Low
6099,App Bug,Medium
6101,Loan Query,Medium
6102,Billing,Low
6103,Card Problem,Low
6104,Billing,Low
6105,Login Issue,Medium
6106,App Bug,Low
6107,Fraud Alert,Medium
6108,Login Issue,Low
6109,Card Problem,Medium
6110,Fraud Alert,Low
6111,Login Issue,Medium
6112,Billing,Critical
6113,Login Issue,Low
6114,App Bug,Low
6115,Billing,Critical
6116,Card Problem,Medium
6117,Card Problem,High
6119,App Bug,Low
6120,Login Issue,Low
6121,Fraud Alert,High
6122,Fraud Alert,Medium
6123,Card Problem,High
6124,Login Issue,High
6125,Billing,Medium
6126,Billing,Critical
6127,Loan Query,Medium
6128,Card Problem,Medium
6129,Login Issue,High
6130,App Bug,Low
6131,Card Problem,Medium
6132,Loan Query,Medium
6134,Loan Query,Critical
6135,App Bug,High
6136,Card Problem,Medium
6137,Card Problem,Low
6138,App Bug,High
6140,App Bug,High
6141,Fraud Alert,Critical
6142,Fraud Alert,High
6143,App Bug,Low
6144,Fraud Alert,Low
6145,Loan Query,Low
6146,Loan Query,High
6147,Loan Query,Medium
6148,Login Issue,Medium
6149,Card Problem,Medium
6150,Fraud Alert,Medium
6151,Billing,Low
6152,Billing,Low
6153,Loan Query,Medium
6154,Billing,Low
6155,Loan Query,Low
6156,App Bug,Low
6157,Login Issue,High
6158,Login Issue,Medium
6159,App Bug,Medium
6160,App Bug,Low
6161,Login Issue,Medium
6162,Fraud Alert,Low
6163,Billing,Medium
6164,Fraud Alert,High
6165,Card Problem,Low
6166,Login Issue,Medium
6167,Card Problem,Low
6168,Login Issue,Low
6169,Billing,High
6170,Fraud Alert,Medium
6171,Fraud Alert,Low
6172,Fraud Alert,Low
6173,App Bug,Medium
6174,Loan Query,Medium
6175,Card Problem,Low
6176,App Bug,Medium
6177,Billing,Low
6178,Billing,Low
6179,Fraud Alert,Low
6180,Loan Query,Medium
6181,Fraud Alert,Low
6182,Billing,High
6183,Billing,Low
6184,Card Problem,Medium
6185,Loan Query,Critical
6186,Billing,Medium
6187,Loan Query,High
6188,Fraud Alert,Medium
6189,Card Problem,Medium
6190,Loan Query,Medium
6191,Login Issue,Low
6192,Loan Query,High
6193,Fraud Alert,Low
6194,Loan Query,High
6195,Loan Query,Low
6196,Fraud Alert,Low
6197,Fraud Alert,High
6198,Loan Query,Critical
6199,Loan Query,High
6200,Card Problem,Low
6201,Login Issue,Medium
6202,App Bug,Low
6203,App Bug,Medium
6204,Loan Query,Medium
6205,Loan Query,Low
6206,Fraud Alert,Medium
6207,Login Issue,Medium
6208,Loan Query,High
6209,App Bug,Low
6210,Fraud Alert,Medium
6211,Login Issue,Medium
6212,App Bug,Critical
6213,Login Issue,Medium
6214,Login Issue,High
6215,Billing,Critical
6216,Loan Query,Low
6217,Billing,Low
6218,Fraud Alert,Low
6219,Billing,Medium
6220,Fraud Alert,Low
6221,App Bug,Low
6222,App Bug,Low
6223,Fraud Alert,Low
6224,Fraud Alert,Low
6225,Billing,Medium
6226,App Bug,Medium
6228,Fraud Alert,Medium
6229,App Bug,High
6230,App Bug,Low
6231,App Bug,Low
6232,Fraud Alert,Low
6233,Loan Query,Medium
6234,Billing,Low
6235,Billing,Low
6236,App Bug,High
6237,App Bug,High
6238,Billing,Low
6239,Billing,Low
6240,Billing,Low
6241,Loan Query,Critical
6242,Fraud Alert,High
6243,Login Issue,Medium
6244,Card Problem,High
6245,Billing,High
6246,Billing,Low
6247,Card Problem,Medium
6248,App Bug,Low
6249,Card Problem,Low
6250,Billing,High
6251,Loan Query,Low
6252,App Bug,Medium
6253,Card Problem,Low
6254,Card Problem,Low
6255,Login Issue,Low
6256,Login Issue,Medium
6257,Card Problem,Low
6258,Login Issue,Medium
6259,Loan Query,High
6261,Fraud Alert,High
6262,Fraud Alert,Low
6263,App Bug,High
6264,Card Problem,Low
6265,Card Problem,Low
6266,Card Problem,Low
6267,Card Problem,Medium
6268,Billing,Low
6269,Loan Query,Low
6270,Billing,High
6271,Loan Query,Medium
6272,Login Issue,Low
6273,Billing,Low
6274,App Bug,Low
6275,Billing,Low
6276,Login Issue,Medium
6277,App Bug,Low
6278,Loan Query,Critical
6279,Loan Query,Medium
6280,Card Problem,Low
6281,Card Problem,High
6282,Card Problem,Low
6283,Card Problem,Low
6284,Fraud Alert,Medium
6285,Card Problem,High
6286,Billing,Medium
6287,App Bug,High
6288,Billing,Low
6289,Login Issue,Low
6290,Loan Query,Medium
6291,Card Problem,Low
6292,Login Issue,Critical
6293,Login Issue,Low
6295,App Bug,Medium
6296,Loan Query,Low
6297,App Bug,Medium
6298,Billing,High
6299,App Bug,Low
6300,Login Issue,Low
6301,Card Problem,High
6302,Login Issue,Low
6303,Loan Query,Low
6304,Card Problem,Medium
6305,Loan Query,Low
6306,Loan Query,High
6307,Fraud Alert,Medium
6308,Fraud Alert,Low
6309,Card Problem,Medium
6310,Fraud Alert,Low
6311,Login Issue,High
6312,Card Problem,Medium
6313,Card Problem,Medium
6314,App Bug,Medium
6315,Loan Query,High
6316,Loan Query,Low
6317,Loan Query,Low
6318,Login Issue,High
6319,Fraud Alert,Medium
6320,Fraud Alert,Low
6321,Loan Query,Critical
6322,Billing,High
6323,Loan Query,Medium
6324,App Bug,Low
6325,Card Problem,Low
6326,Fraud Alert,Medium
6327,Fraud Alert,High
6328,Login Issue,High
6329,App Bug,Low
6331,Login Issue,Medium
6332,Fraud Alert,Low
6333,Fraud Alert,Low
6334,Billing,Low
6335,Billing,High
6337,Fraud Alert,Low
6338,Fraud Alert,High
6339,App Bug,Medium
6340,Fraud Alert,Low
6341,Fraud Alert,Low
6342,Loan Query,High
6343,Billing,Low
6344,Login Issue,Medium
6345,App Bug,Low
6346,App Bug,Medium
6347,Billing,Low
6348,Loan Query,Medium
6349,Loan Query,Medium
6350,App Bug,Low
6351,Login Issue,Medium
6352,Fraud Alert,Low
6353,Fraud Alert,High
6354,Card Problem,High
6355,Fraud Alert,Medium
6356,Fraud Alert,High
6357,App Bug,Medium
6358,App Bug,Critical
6359,Login Issue,Low
6361,Billing,Low
6362,Billing,Medium
6363,Billing,Medium
6364,Billing,High
6365,App Bug,Medium
6366,App Bug,High
6367,Card Problem,Medium
6368,Loan Query,Low
6369,App Bug,Medium
6370,Fraud Alert,Medium
6371,App Bug,Critical
6372,Login Issue,Critical
6373,App Bug,Low
6374,App Bug,Low
6375,App Bug,Low
6376,Fraud Alert,High
6377,Loan Query,Medium
6378,Card Problem,Medium
6379,Loan Query,High
6380,Loan Query,Low
6381,Billing,Medium
6382,Login Issue,Low
6383,Fraud Alert,Low
6384,Login Issue,Low
6385,App Bug,Medium
6386,Card Problem,High
6387,Card Problem,High
6389,Login Issue,High
6390,Billing,High
6391,Login Issue,Medium
6392,Billing,Low
6393,Card Problem,Low
6394,Billing,Low
6395,Fraud Alert,High
6396,App Bug,Low
6397,Loan Query,Medium
6398,Fraud Alert,Critical
6399,Loan Query,Low
6400,Login Issue,Medium
6401,Loan Query,Medium
6402,Login Issue,Low
6403,Billing,High
6404,Login Issue,Medium
6405,Loan Query,Low
6406,Login Issue,High
6407,App Bug,Low
6408,App Bug,Low
6409,Loan Query,Low
6410,Card Problem,Low
6411,Billing,Low
6412,Billing,Medium
6413,Login Issue,Low
6414,App Bug,Medium
6415,Loan Query,Low
6416,Fraud Alert,Low
6417,Login Issue,Low
6418,App Bug,High
6419,App Bug,Low
6420,Login Issue,Medium
6421,Loan Query,Medium
6422,Login Issue,High
6423,Card Problem,High
6424,Fraud Alert,Low
6425,Fraud Alert,High
6426,Card Problem,Low
6427,Loan Query,Medium
6428,Loan Query,Low
6429,Fraud Alert,High
6430,Billing,Low
6431,App Bug,Low
6432,Loan Query,Medium
6433,App Bug,Medium
6434,Billing,Medium
6435,Login Issue,Low
6436,App Bug,High
6437,Login Issue,Medium
6438,Fraud Alert,High
6439,Card Problem,Critical
6440,Card Problem,Medium
6441,App Bug,Medium
6442,Loan Query,Critical
6443,Fraud Alert,Low
6444,Loan Query,High
6445,App Bug,Low
6446,Login Issue,Medium
6447,Fraud Alert,Low
6448,Billing,High
6449,Card Problem,Low
6450,Billing,Low
6451,Login Issue,High
6452,App Bug,High
6453,Billing,Critical
6454,Billing,Medium
6455,Login Issue,High
6456,App Bug,Low
6457,App Bug,Medium
6458,Loan Query,Low
6459,Card Problem,High
6460,Fraud Alert,Low
6461,Fraud Alert,Medium
6462,Loan Query,High
6463,Fraud Alert,High
6465,Loan Query,Medium
6466,App Bug,Low
6467,Billing,Low
6468,Loan Query,Medium
6469,App Bug,High
6470,Billing,Low
6471,Fraud Alert,Medium
6472,Card Problem,Critical
6473,Loan Query,Low
6474,Loan Query,Low
6475,App Bug,Medium
6476,Fraud Alert,Medium
6477,App Bug,Critical
6478,Billing,Low
6479,Login Issue,Low
6480,Loan Query,Low
6481,Fraud Alert,Medium
6482,App Bug,Low
6483,App Bug,Medium
6484,Card Problem,High
6485,Billing,Low
6486,Card Problem,Critical
6487,Card Problem,High
6488,App Bug,Medium
6489,Billing,Critical
6490,App Bug,Low
6491,Billing,Low
6492,Card Problem,Medium
6493,Login Issue,Medium
6494,App Bug,Medium
6495,Billing,Low
6496,App Bug,High
6497,App Bug,High
6498,Billing,Medium
6499,Card Problem,High
6500,Billing,Critical
6501,Fraud Alert,Low
6502,Card Problem,Low
6503,App Bug,Medium
6504,Loan Query,Low
6505,Fraud Alert,Low
6506,Billing,Medium
6507,Billing,Low
6508,Login Issue,Medium
6509,App Bug,Medium
6510,Loan Query,Critical
6511,App Bug,Medium
6512,Loan Query,Critical
6513,Billing,Medium
6514,Card Problem,Medium
6515,Fraud Alert,Medium
6516,Loan Query,Medium
6517,Fraud Alert,High
6518,Loan Query,Medium
6519,Billing,Medium
6520,Card Problem,Critical
6521,Fraud Alert,Low
6522,Fraud Alert,Medium
6523,Billing,High
6524,Card Problem,High
6525,App Bug,Medium
6526,Billing,High
6527,Login Issue,Medium
6528,Billing,Medium
6529,Billing,Critical
6530,Fraud Alert,High
6531,Loan Query,Low
6532,Login Issue,Critical
6533,Billing,High
6534,Billing,Medium
6535,App Bug,Low
6536,Login Issue,Medium
6537,Card Problem,High
6538,Loan Query,High
6539,Loan Query,Low
6540,Login Issue,Medium
6541,Fraud Alert,Medium
6542,Loan Query,Medium
6543,App Bug,Low
6544,Fraud Alert,High
6545,Fraud Alert,High
6546,Login Issue,Low
6547,Login Issue,Low
6548,Fraud Alert,Low
6549,Billing,Low
6550,Billing,Medium
6551,Billing,High
6552,Loan Query,Critical
6553,App Bug,Medium
6554,Card Problem,Low
6555,Fraud Alert,Medium
6556,Billing,Low
6557,Loan Query,Medium
6558,Billing,High
6559,Billing,Medium
6560,Fraud Alert,High
6561,Fraud Alert,Low
6562,Login Issue,Medium
6563,Card Problem,Low
6564,Card Problem,Low
6565,Login Issue,Low
6566,Login Issue,Medium
6567,Billing,Low
6568,Fraud Alert,Low
6569,Loan Query,Medium
6571,App Bug,Low
6572,Fraud Alert,Medium
6573,Fraud Alert,Low
6574,App Bug,Low
6575,Card Problem,Medium
6576,Card Problem,Low
6578,Login Issue,Low
6579,Card Problem,Medium
6580,App Bug,Medium
6581,App Bug,Medium
6582,Billing,Low
6583,Loan Query,Medium
6584,App Bug,Low
6585,Login Issue,Low
6586,Card Problem,Medium
6587,App Bug,Critical
6588,Loan Query,Low
6589,Login Issue,Critical
6590,Loan Query,Medium
6591,Card Problem,Medium
6592,Card Problem,Medium
6593,App Bug,Low
6594,Loan Query,Low
6595,Login Issue,Low
6596,Fraud Alert,Low
6597,Fraud Alert,Medium
6598,Card Problem,High
6599,Billing,Medium
6600,Loan Query,Medium
6601,Loan Query,Medium
6602,Billing,Medium
6603,App Bug,Medium
6604,Loan Query,High
6605,Fraud Alert,Critical
6606,Loan Query,Low
6607,Card Problem,Medium
6608,Loan Query,Medium
6609,App Bug,Medium
6610,Card Problem,Low
6611,Card Problem,Low
6612,Fraud Alert,Medium
6613,Fraud Alert,High
6614,Billing,Low
6615,App Bug,Medium
6616,Billing,Low
6617,Login Issue,Critical
6618,Card Problem,Medium
6619,Loan Query,Medium
6621,App Bug,Low
6622,Fraud Alert,Medium
6623,Login Issue,Medium
6624,Login Issue,Medium
6625,Fraud Alert,Medium
6626,App Bug,Low
6627,Billing,Low
6628,Fraud Alert,High
6629,Login Issue,Medium
6630,Fraud Alert,High
6631,Billing,Low
6632,Billing,High
6633,App Bug,Low
6634,Billing,High
6635,App Bug,Critical
6636,Billing,Low
6637,Billing,Critical
6638,Fraud Alert,Medium
6639,App Bug,High
6640,Loan Query,Medium
6641,Login Issue,Low
6642,Login Issue,High
6643,Card Problem,Medium
6644,App Bug,Medium
6645,App Bug,Low
6646,Fraud Alert,Medium
6647,Login Issue,Medium
6648,Loan Query,Medium
6649,Billing,Low
6650,Billing,Medium
6651,Billing,Medium
6652,Fraud Alert,High
6653,Login Issue,Low
6654,Login Issue,Low
6655,Loan Query,High
6656,Billing,Low
6657,Card Problem,Medium
6658,Card Problem,Low
6659,App Bug,Low
6660,Login Issue,Low
6661,Billing,Medium
6662,Billing,Medium
6663,Login Issue,Low
6664,Loan Query,Critical
6665,Fraud Alert,High
6666,Loan Query,High
6667,Loan Query,Medium
6668,Fraud Alert,Medium
6669,App Bug,Low
6670,Loan Query,Low
6671,Login Issue,Critical
6672,Card Problem,Low
6673,Login Issue,Low
6674,Loan Query,High
6675,Loan Query,Low
6676,Billing,Medium
6678,Loan Query,Critical
6679,Fraud Alert,High
6680,Billing,Medium
6681,Loan Query,Medium
6682,Card Problem,Medium
6683,Loan Query,Medium
6684,Login Issue,High
6685,Loan Query,Medium
6686,Fraud Alert,Medium
6687,Fraud Alert,Low
6688,Loan Query,High
6689,App Bug,Medium
6690,App Bug,Critical
6691,Card Problem,Low
6692,App Bug,Medium
6693,Billing,Low
6694,Fraud Alert,Medium
6695,Loan Query,Low
6696,Billing,Medium
6697,Login Issue,High
6698,Login Issue,Low
6699,App Bug,Critical
6700,Loan Query,Medium
6701,Login Issue,Low
6703,Loan Query,High
6704,Fraud Alert,Low
6705,Card Problem,Low
6706,Billing,Low
6707,Card Problem,Low
6708,Card Problem,Medium
6709,App Bug,Low
6710,Card Problem,Low
6711,Card Problem,Low
6712,Fraud Alert,Low
6713,App Bug,Low
6714,Fraud Alert,Critical
6715,Card Problem,High
6716,App Bug,Low
6717,Loan Query,Low
6718,Loan Query,Medium
6720,Login Issue,Low
6722,Card Problem,Low
6723,Loan Query,Low
6724,Billing,Low
6725,Card Problem,Low
6726,Login Issue,Medium
6727,Login Issue,Critical
6728,Login Issue,Medium
6729,Billing,Low
6730,Fraud Alert,Medium
6732,Loan Query,Medium
6733,Billing,High
6734,Fraud Alert,Low
6735,Card Problem,Low
6736,Fraud Alert,Low
6737,Billing,High
6738,Loan Query,Low
6739,App Bug,Low
6740,Billing,High
6741,Fraud Alert,Medium
6742,Billing,Medium
6743,Loan Query,Critical
6744,Login Issue,Low
6745,Loan Query,High
6746,Billing,Low
6747,Card Problem,Critical
6748,Card Problem,Medium
6749,App Bug,Medium
6750,App Bug,High
6751,App Bug,High
6752,Loan Query,Medium
6753,Loan Query,Medium
6754,Billing,Critical
6755,Card Problem,High
6756,Loan Query,Medium
6757,Billing,Medium
6758,App Bug,High
6759,Loan Query,Low
6760,App Bug,Low
6761,App Bug,Medium
6762,Loan Query,Medium
6763,Billing,Low
6764,Billing,Critical
6765,Billing,Medium
6766,Fraud Alert,Low
6767,Loan Query,Low
6768,Card Problem,Medium
6769,Login Issue,Medium
6770,Fraud Alert,High
6771,Fraud Alert,Low
6772,Login Issue,High
6773,Card Problem,Medium
6774,Billing,Low
6775,Fraud Alert,Critical
6776,Billing,High
6777,Card Problem,Medium
6778,Billing,Medium
6779,Billing,Medium
6780,Loan Query,Critical
6781,Card Problem,Critical
6782,Login Issue,Low
6783,Login Issue,Medium
6784,Card Problem,Medium
6785,Fraud Alert,Medium
6786,Billing,Medium
6787,Loan Query,High
6788,Loan Query,High
6789,Login Issue,High
6790,Login Issue,Low
6791,Fraud Alert,Medium
6792,App Bug,Low
6793,Card Problem,Medium
6794,Login Issue,Low
6795,App Bug,Medium
6796,Login Issue,Medium
6797,Loan Query,High
6798,Loan Query,Low
6799,Login Issue,Low
6800,Billing,Low
6802,Fraud Alert,Low
6803,Card Problem,High
6804,Login Issue,High
6805,Login Issue,Medium
6806,Billing,Medium
6807,App Bug,Medium
6809,App Bug,High
6810,App Bug,Low
6811,Loan Query,Low
6812,Loan Query,Low
6813,Fraud Alert,Low
6814,Billing,High
6815,Card Problem,Medium
6816,Fraud Alert,Low
6817,Card Problem,Low
6818,Billing,Medium
6819,Card Problem,Low
6820,Card Problem,Low
6821,Fraud Alert,Medium
6822,Login Issue,Low
6823,Billing,High
6824,App Bug,Medium
6825,Billing,Low
6826,Card Problem,Low
6827,App Bug,Low
6828,Card Problem,Medium
6829,Fraud Alert,High
6830,Login Issue,Medium
6831,Loan Query,Critical
6832,Billing,Medium
6833,App Bug,Low
6834,Card Problem,Low
6835,Fraud Alert,Low
6836,Billing,Low
6837,App Bug,Medium
6838,Loan Query,Low
6839,Login Issue,Low
6840,Loan Query,Medium
6841,Loan Query,Medium
6842,Card Problem,Medium
6843,Card Problem,High
6844,Card Problem,Low
6845,Fraud Alert,Medium
6846,Loan Query,High
6847,Login Issue,High
6848,Login Issue,Medium
6849,Loan Query,Medium
6850,Billing,High
6851,App Bug,Medium
6852,Login Issue,Medium
6853,Loan Query,Low
6854,Login Issue,Medium
6855,Fraud Alert,Low
6856,Fraud Alert,Low
6857,App Bug,Medium
6858,App Bug,Critical
6859,Card Problem,Low
6860,Card Problem,High
6861,Fraud Alert,Medium
6862,Card Problem,Low
6863,Card Problem,Low
6864,Loan Query,Medium
6865,Card Problem,Medium
6866,Card Problem,Medium
6867,Card Problem,Medium
6868,Login Issue,Medium
6869,Billing,Low
6870,Fraud Alert,Low
6871,Login Issue,Medium
6872,Login Issue,High
6873,Fraud Alert,Low
6874,Fraud Alert,Low
6875,Card Problem,Low
6876,Billing,Low
6877,Login Issue,Low
6878,Fraud Alert,Low
6879,Login Issue,Medium
6880,Card Problem,Low
6881,Loan Query,Medium
6882,Loan Query,Medium
6883,Billing,Low
6884,Login Issue,Low
6885,Billing,High
6886,App Bug,High
6887,Card Problem,High
6888,Login Issue,Medium
6889,Card Problem,Low
6890,Billing,Low
6891,Card Problem,Medium
6892,Login Issue,Low
6893,Loan Query,Medium
6894,Billing,Medium
6895,Fraud Alert,Medium
6896,Fraud Alert,Medium
6897,Login Issue,Medium
6898,Billing,High
6899,Loan Query,Low
6900,Login Issue,Medium
6901,Loan Query,Low
6902,Billing,Medium
6903,Card Problem,High
6904,App Bug,Low
6905,Fraud Alert,High
6906,Login Issue,Low
6907,App Bug,Low
6908,Loan Query,High
6909,Login Issue,Medium
6910,Loan Query,Medium
6911,App Bug,Medium
6912,Card Problem,Medium
6913,Billing,Medium
6914,Loan Query,Low
6915,Loan Query,Low
6916,Billing,Medium
6917,Billing,Low
6918,Card Problem,Critical
6919,App Bug,Low
6920,Card Problem,Medium
6921,Card Problem,Medium
6922,Billing,Low
6923,Login Issue,Medium
6924,Card Problem,High
6925,App Bug,High
6926,Login Issue,High
6927,App Bug,High
6928,Card Problem,Medium
6929,Login Issue,Critical
6930,Billing,High
6931,Login Issue,Medium
6932,Fraud Alert,Low
6933,Login Issue,Medium
6934,Card Problem,High
6935,Fraud Alert,Medium
6936,Card Problem,High
6937,Billing,Low
6938,Login Issue,Medium
6939,Login Issue,Low
6940,Billing,High
6941,App Bug,Low
6942,Login Issue,Medium
6943,Fraud Alert,Medium
6944,Fraud Alert,Low
6945,App Bug,Low
6946,Card Problem,Critical
6947,Billing,Low
6948,Billing,Low
6949,Loan Query,Critical
6950,Card Problem,Low
6952,Loan Query,Low
6953,Fraud Alert,Low
6954,Fraud Alert,Medium
6955,Login Issue,Low
6956,Loan Query,Low
6957,Login Issue,Medium
6958,App Bug,Medium
6959,Loan Query,Medium
6960,Fraud Alert,Medium
6961,Billing,Medium
6962,Login Issue,Critical
6963,Billing,Low
6964,Loan Query,High
6965,Fraud Alert,High
6966,Fraud Alert,High
6967,Billing,Low
6968,Card Problem,Low
6969,Fraud Alert,Medium
6970,App Bug,Critical
6971,Billing,High
6972,Login Issue,Medium
6973,Billing,Medium
6974,Fraud Alert,High
6975,Loan Query,High
6976,Billing,Medium
6977,Fraud Alert,Low
6978,Card Problem,Low
6979,Loan Query,Medium
6980,Fraud Alert,Critical
6981,Billing,Low
6982,Billing,Low
6983,Login Issue,Low
6984,Fraud Alert,High
6985,Login Issue,High
6986,Card Problem,Low
6987,Card Problem,Low
6988,Card Problem,Medium
6989,Billing,Low
6990,Fraud Alert,Medium
6991,App Bug,High
6992,Fraud Alert,Low
6993,App Bug,High
6994,Card Problem,Medium
6995,Fraud Alert,Low
6996,Login Issue,Low
6997,Fraud Alert,Medium
6998,Billing,Low
6999,App Bug,Critical
7000,Card Problem,Medium
7001,Billing,Medium
7002,Loan Query,Medium
7003,Loan Query,Low
7004,Card Problem,Medium
7005,Billing,Medium
7007,Card Problem,Critical
7008,App Bug,Critical
7009,App Bug,High
7010,Login Issue,High
7012,Billing,High
7013,App Bug,High
7014,Card Problem,Medium
7015,Fraud Alert,High
7016,Card Problem,Medium
7017,Card Problem,Medium
7018,Login Issue,High
7019,Loan Query,Medium
7020,Loan Query,High
7021,Login Issue,High
7022,App Bug,Low
7023,Loan Query,Low
7024,Card Problem,Critical
7025,Billing,Low
7026,Card Problem,Low
7027,Login Issue,Medium
7028,Billing,High
7029,App Bug,Low
7030,Card Problem,Critical
7031,Loan Query,Critical
7032,App Bug,Low
7033,Card Problem,Medium
7034,Loan Query,High
7035,Card Problem,Low
7036,Fraud Alert,Low
7037,App Bug,Medium
7038,Billing,High
7039,Card Problem,Medium
7040,Card Problem,Low
7041,Billing,Low
7042,Card Problem,Medium
7043,App Bug,Low
7044,Card Problem,Low
7045,Login Issue,Low
7046,Billing,High
7047,Login Issue,Low
7048,App Bug,Low
7049,Login Issue,Low
7050,Card Problem,Medium
7051,Card Problem,Low
7052,Card Problem,Low
7053,App Bug,High
7054,Card Problem,Low
7055,App Bug,Low
7056,Login Issue,Low
7057,Billing,Critical
7058,Login Issue,Medium
7059,Fraud Alert,Low
7060,Login Issue,Low
7061,App Bug,Medium
7062,Billing,Low
7063,App Bug,Low
7064,Loan Query,High
7065,Login Issue,Low
7066,Fraud Alert,Medium
7067,Card Problem,Low
7068,Card Problem,Medium
7069,Card Problem,Low
7070,Fraud Alert,Low
7071,Login Issue,Medium
7072,App Bug,Low
7073,Card Problem,Low
7074,Card Problem,Medium
7076,App Bug,Low
7077,Loan Query,Low
7078,Fraud Alert,Medium
7079,Billing,Low
7080,App Bug,Medium
7081,Loan Query,Low
7082,Billing,Medium
7083,Card Problem,High
7084,Login Issue,Low
7085,Card Problem,Critical
7086,Loan Query,Low
7087,Loan Query,Medium
7088,Loan Query,Low
7089,Fraud Alert,Low
7090,Billing,Medium
7091,Login Issue,Medium
7092,App Bug,Medium
7093,App Bug,High
7094,App Bug,Low
7095,Fraud Alert,Medium
7096,App Bug,Low
7097,Billing,Medium
7098,Card Problem,Low
7099,Login Issue,High
7100,Login Issue,Medium
7101,Loan Query,Medium
7102,Fraud Alert,Critical
7103,App Bug,High
7104,App Bug,Medium
7105,Login Issue,Medium
7106,Fraud Alert,High
7107,Login Issue,Medium
7108,Card Problem,High
7109,Billing,Low
7110,Billing,Low
7111,App Bug,High
7112,Card Problem,Low
7113,Fraud Alert,Low
7114,Login Issue,Low
7115,App Bug,Low
7116,Card Problem,Critical
7117,Fraud Alert,Medium
7118,Billing,High
7119,Fraud Alert,Low
7120,Login Issue,Low
7121,Billing,Medium
7122,Loan Query,Low
7123,App Bug,Critical
7124,Card Problem,Medium
7125,Card Problem,Low
7126,Login Issue,Medium
7127,Login Issue,Low
7128,Card Problem,Low
7129,App Bug,Medium
7130,Card Problem,Medium
7131,Card Problem,Medium
7132,Fraud Alert,High
7133,Card Problem,Medium
7134,Card Problem,Medium
7135,Loan Query,Critical
7136,Login Issue,Medium
7137,Loan Query,Low
7138,Card Problem,Low
7139,App Bug,Critical
7140,App Bug,Medium
7141,Card Problem,Low
7142,App Bug,Low
7143,Fraud Alert,Low
7144,Fraud Alert,Medium
7145,Login Issue,Medium
7147,Fraud Alert,Low
7148,Card Problem,Low
7149,Loan Query,Critical
7150,Card Problem,Medium
7151,Fraud Alert,Low
7152,Fraud Alert,Critical
7153,Card Problem,Low
7154,Fraud Alert,Medium
7155,Login Issue,Medium
7156,Login Issue,Medium
7157,App Bug,Low
7158,Billing,High
7159,App Bug,Low
7160,Card Problem,Medium
7161,Loan Query,Low
7162,Login Issue,Medium
7163,Card Problem,Low
7164,Card Problem,High
7165,Loan Query,Critical
7166,Card Problem,Low
7167,Billing,Low
7168,Login Issue,Low
7169,Billing,Critical
7170,Card Problem,Medium
7171,Loan Query,Medium
7172,Fraud Alert,High
7173,Card Problem,Low
7174,App Bug,Medium
7175,Card Problem,Medium
7176,Loan Query,Medium
7177,Card Problem,High
7178,Loan Query,Low
7179,Fraud Alert,Medium
7181,Fraud Alert,Critical
7182,Fraud Alert,Critical
7183,Card Problem,Medium
7184,Login Issue,Medium
7185,Loan Query,Low
7186,Login Issue,Low
7187,Loan Query,Medium
7188,Loan Query,Medium
7189,Loan Query,Medium
7190,App Bug,High
7191,Login Issue,Low
7192,App Bug,Medium
7193,Billing,Medium
7194,Loan Query,High
7195,Billing,Low
7196,Login Issue,Low
7197,Fraud Alert,Low
7198,Fraud Alert,Low
7199,Fraud Alert,Medium
7200,Fraud Alert,High
7201,Loan Query,Low
7202,Loan Query,Medium
7203,Fraud Alert,Low
7204,Loan Query,Low
7205,Fraud Alert,Medium
7206,Fraud Alert,Medium
7207,Billing,Medium
7208,Fraud Alert,Medium
7209,Loan Query,Low
7210,Card Problem,Low
7211,Login Issue,Medium
7213,Loan Query,High
7214,Card Problem,Low
7215,Loan Query,Medium
7216,Card Problem,Medium
7218,Loan Query,High
7219,Billing,High
7220,App Bug,Medium
7221,Billing,Low
7222,App Bug,Low
7223,Loan Query,Medium
7224,Fraud Alert,Low
7225,Billing,Medium
7226,Loan Query,Low
7227,App Bug,Critical
7228,App Bug,High
7229,Billing,Low
7230,Loan Query,Medium
7231,Card Problem,Low
7232,Card Problem,High
7233,Fraud Alert,Low
7234,Card Problem,Low
7235,Card Problem,Medium
7236,Billing,Low
7237,Fraud Alert,Medium
7238,Login Issue,Medium
7239,Loan Query,Low
7240,Fraud Alert,High
7241,Card Problem,Medium
7242,Fraud Alert,Medium
7243,Fraud Alert,Low
7244,Card Problem,Medium
7245,Billing,High
7246,Loan Query,Medium
7247,Login Issue,Medium
7248,Login Issue,Medium
7249,Login Issue,Low
7251,Card Problem,Low
7252,App Bug,Low
7253,Card Problem,Medium
7254,Login Issue,Medium
7255,Billing,High
7256,Loan Query,Medium
7257,Login Issue,Medium
7258,Loan Query,Low
7259,Card Problem,Medium
7260,Login Issue,Low
7261,Loan Query,Critical
7262,Loan Query,Low
7263,Loan Query,Medium
7264,Loan Query,Medium
7265,Fraud Alert,Medium
7266,Fraud Alert,High
7267,Fraud Alert,Medium
7268,Fraud Alert,Medium
7269,Loan Query,Medium
7270,Login Issue,Medium
7271,Billing,Medium
7272,App Bug,Low
7273,Fraud Alert,Critical
7274,Card Problem,Low
7276,Login Issue,High
7277,Loan Query,Critical
7278,Fraud Alert,Low
7279,Card Problem,High
7280,App Bug,Medium
7281,App Bug,Low
7283,Login Issue,Medium
7284,Fraud Alert,Low
7285,App Bug,High
7286,Fraud Alert,High
7287,App Bug,Medium
7288,Login Issue,Medium
7289,Fraud Alert,Medium
7290,Card Problem,Low
7291,Card Problem,Medium
7292,Login Issue,High
7293,Loan Query,Low
7295,Card Problem,Low
7296,Billing,Low
7297,Loan Query,Low
7298,Billing,Low
7299,Login Issue,Low
7300,Billing,Critical
7301,Login Issue,Low
7302,Fraud Alert,Low
7303,Billing,Medium
7304,Login Issue,High
7305,App Bug,Critical
7306,Loan Query,Low
7307,Fraud Alert,Medium
7308,Billing,Medium
7309,Login Issue,High
7310,Login Issue,Medium
7311,Billing,Low
7312,Login Issue,Critical
7313,Card Problem,High
7314,App Bug,Low
7315,Login Issue,Low
7316,Login Issue,Medium
7317,Fraud Alert,Critical
7318,Billing,High
7319,Billing,Medium
7320,Billing,Medium
7321,Billing,Low
7322,Fraud Alert,Low
7323,Fraud Alert,Critical
7325,Billing,Low
7326,Fraud Alert,Low
7327,Card Problem,Low
7328,Billing,Critical
7329,Loan Query,Low
7330,App Bug,Medium
7331,Loan Query,Low
7332,Login Issue,Low
7333,Card Problem,Low
7334,Card Problem,Low
7335,App Bug,Low
7336,Billing,Medium
7337,App Bug,Low
7338,Login Issue,Critical
7339,Card Problem,Medium
7340,Fraud Alert,Medium
7341,Billing,Medium
7342,Billing,Medium
7343,Card Problem,Medium
7344,Loan Query,Low
7345,App Bug,Medium
7346,Fraud Alert,Low
7347,Card Problem,High
7348,App Bug,Medium
7349,Billing,High
7350,Card Problem,Low
7351,Card Problem,Medium
7352,Card Problem,Medium
7353,Loan Query,Low
7354,Card Problem,Low
7355,Billing,High
7356,App Bug,Medium
7357,Card Problem,Medium
7358,Fraud Alert,High
7359,Login Issue,Low
7360,Billing,High
7361,App Bug,Medium
7362,Login Issue,Low
7363,Loan Query,High
7364,Billing,High
7365,Card Problem,High
7366,Billing,Low
7367,Fraud Alert,Low
7368,Login Issue,Low
7369,Loan Query,Medium
7370,Login Issue,Low
7371,Billing,Low
7372,Card Problem,Low
7373,Loan Query,Low
7374,Loan Query,Low
7375,Card Problem,Critical
7376,App Bug,Low
7377,Fraud Alert,Medium
7378,Login Issue,Low
7379,Billing,Medium
7380,Login Issue,Low
7381,Billing,Medium
7382,Loan Query,Medium
7383,Fraud Alert,Medium
7384,Loan Query,Critical
7385,Fraud Alert,High
7386,Billing,Medium
7387,Fraud Alert,High
7388,Login Issue,Medium
7389,Login Issue,High
7390,Login Issue,Low
7391,Login Issue,Low
7392,App Bug,Low
7393,App Bug,High
7394,Login Issue,Low
7395,Billing,High
7396,Card Problem,Medium
7397,Card Problem,High
7398,Login Issue,Low
7399,Fraud Alert,Medium
7400,Fraud Alert,Low
7401,Loan Query,Low
7402,Fraud Alert,Low
7403,App Bug,Medium
7404,Card Problem,Low
7405,Fraud Alert,Low
7406,Card Problem,Medium
7407,Billing,Critical
7408,Billing,Critical
7409,Login Issue,Medium
7410,App Bug,Medium
7411,Login Issue,Medium
7412,App Bug,High
7413,App Bug,Low
7414,Login Issue,Medium
7415,Loan Query,Medium
7416,Loan Query,Low
7417,Login Issue,Low
7418,App Bug,Critical
7419,Fraud Alert,Low
7420,Fraud Alert,High
7421,Fraud Alert,Medium
7422,Loan Query,Low
7423,Card Problem,Medium
7424,Card Problem,Low
7425,App Bug,Critical
7426,Fraud Alert,Low
7427,App Bug,Medium
7428,Fraud Alert,Low
7429,Loan Query,Low
7430,Card Problem,Low
7431,Login Issue,Medium
7432,Billing,Low
7433,App Bug,High
7434,App Bug,Medium
7435,App Bug,High
7436,Billing,Medium
7437,Loan Query,Low
7438,Card Problem,Medium
7439,App Bug,High
7441,Billing,Low
7442,Card Problem,High
7444,App Bug,Critical
7445,App Bug,High
7446,Loan Query,Low
7447,Fraud Alert,Low
7448,Fraud Alert,Medium
7449,Card Problem,Low
7450,Fraud Alert,Low
7451,Billing,High
7452,App Bug,Critical
7453,Fraud Alert,Medium
7454,App Bug,Medium
7455,Billing,Medium
7456,Loan Query,Low
7457,Login Issue,Critical
7458,Loan Query,Low
7459,Login Issue,Medium
7460,Card Problem,Low
7461,Login Issue,Medium
7462,App Bug,Medium
7463,Card Problem,Medium
7464,Billing,Low
7465,Billing,Low
7466,Login Issue,Low
7467,Billing,High
7468,App Bug,Medium
7469,Fraud Alert,Medium
7470,Login Issue,Medium
7471,Fraud Alert,Low
7472,Login Issue,High
7473,Fraud Alert,Medium
7474,Login Issue,Low
7475,App Bug,High
7476,Card Problem,Medium
7477,Login Issue,Low
7478,Fraud Alert,Medium
7479,Login Issue,Medium
7480,Login Issue,Low
7481,Loan Query,Low
7482,App Bug,Medium
7483,Loan Query,Low
7484,Loan Query,Critical
7485,Billing,Medium
7486,Billing,Low
7487,Billing,Low
7488,Billing,High
7489,Fraud Alert,Medium
7490,Card Problem,Low
7491,Fraud Alert,High
7492,Billing,Low
7493,Loan Query,Medium
7494,Loan Query,Low
7495,Login Issue,Medium
7496,Loan Query,High
7497,Billing,Medium
7498,Card Problem,Low
7499,Loan Query,High
7500,Card Problem,High
7501,Card Problem,High
7502,Billing,High
7503,Loan Query,Low
7504,Loan Query,Low
7505,Loan Query,Low
7506,Billing,Medium
7507,Loan Query,Critical
7508,Card Problem,Critical
7509,App Bug,Medium
7510,App Bug,Low
7511,Loan Query,Medium
7512,Card Problem,High
7513,App Bug,Low
7514,Billing,Medium
7515,Loan Query,Medium
7516,Card Problem,Low
7517,Loan Query,High
7518,Loan Query,Low
7519,App Bug,Critical
7520,Fraud Alert,Low
7521,Fraud Alert,Low
7522,Loan Query,Low
7523,Login Issue,Low
7524,App Bug,Medium
7525,Fraud Alert,Low
7526,Fraud Alert,Critical
7527,Billing,Medium
7528,Card Problem,Medium
7529,Login Issue,Low
7530,App Bug,High
7531,App Bug,High
7532,App Bug,Critical
7533,App Bug,Low
7534,Fraud Alert,Low
7535,Billing,Medium
7536,App Bug,Medium
7537,Loan Query,High
7538,Login Issue,Medium
7539,Fraud Alert,Low
7540,Card Problem,Low
7541,Loan Query,High
7542,App Bug,Low
7543,Fraud Alert,Low
7544,App Bug,Low
7545,Loan Query,Medium
7546,Login Issue,High
7547,Billing,Medium
7548,Billing,Low
7549,Loan Query,High
7550,Loan Query,Low
7551,Billing,Medium
7552,Billing,Medium
7553,App Bug,High
7554,Login Issue,Low
7555,Loan Query,Medium
7556,Card Problem,Low
7557,Fraud Alert,Low
7558,Fraud Alert,High
7559,Billing,Low
7560,Login Issue,Medium
7561,Fraud Alert,High
7562,Billing,High
7563,Card Problem,Low
7564,Loan Query,Medium
7565,Card Problem,Medium
7566,Card Problem,Low
7567,Login Issue,Medium
7568,Billing,Low
7569,Login Issue,High
7570,Card Problem,Low
7571,Card Problem,Medium
7572,Fraud Alert,High
7573,Loan Query,High
7574,Card Problem,Low
7575,App Bug,Medium
7576,Login Issue,Critical
7577,App Bug,Medium
7578,Fraud Alert,Low
7579,Card Problem,High
7580,Fraud Alert,Low
7582,Card Problem,High
7583,Billing,High
7584,Login Issue,Low
7585,App Bug,Low
7586,Loan Query,Medium
7587,Login Issue,Medium
7588,App Bug,Low
7589,Billing,High
7590,Loan Query,Medium
7591,Card Problem,Medium
7592,Billing,High
7593,Loan Query,Medium
7594,Card Problem,Medium
7595,App Bug,Medium
7596,Login Issue,Medium
7597,App Bug,Critical
7598,Fraud Alert,Medium
7599,Fraud Alert,Low
7600,App Bug,Medium
7601,Card Problem,Low
7602,App Bug,Medium
7603,Loan Query,Medium
7604,App Bug,Low
7605,App Bug,Critical
7606,Login Issue,Low
7607,Login Issue,Medium
7608,Card Problem,Low
7609,Loan Query,Medium
7610,Card Problem,Medium
7611,Fraud Alert,Critical
7612,App Bug,Low
7613,Loan Query,Low
7614,Login Issue,Low
7615,Card Problem,High
7616,Fraud Alert,High
7617,Billing,Low
7618,App Bug,Low
7619,App Bug,Medium
7620,App Bug,Low
7621,Billing,Medium
7622,Card Problem,High
7623,Login Issue,Low
7624,Card Problem,High
7625,Card Problem,Medium
7626,Fraud Alert,Low
7627,Fraud Alert,High
7628,App Bug,Low
7629,Billing,Low
7630,Loan Query,Low
7631,Fraud Alert,High
7632,Login Issue,Medium
7633,Card Problem,Low
7634,Fraud Alert,High
7636,Billing,Low
7637,Fraud Alert,Low
7638,Fraud Alert,Medium
7639,Loan Query,Low
7640,Fraud Alert,Medium
7641,Loan Query,Low
7642,Billing,Low
7643,Billing,Medium
7644,App Bug,High
7645,Billing,High
7646,Login Issue,Low
7647,Login Issue,Low
7648,Loan Query,High
7649,Fraud Alert,Medium
7650,Billing,Critical
7651,Loan Query,Low
7652,Loan Query,Medium
7653,Login Issue,Medium
7654,App Bug,Medium
7656,Billing,Medium
7657,Loan Query,Low
7658,Billing,Medium
7659,Loan Query,Low
7660,Card Problem,High
7661,Login Issue,Critical
7662,Card Problem,Low
7663,Loan Query,High
7664,Billing,Medium
7665,Login Issue,High
7666,Login Issue,High
7667,Fraud Alert,Critical
7668,App Bug,Medium
7669,Billing,Medium
7670,Billing,Low
7671,Billing,Medium
7672,Billing,High
7673,Loan Query,Low
7674,Fraud Alert,High
7675,Loan Query,Low
7676,Loan Query,Low
7677,Billing,Low
7678,Fraud Alert,Critical
7679,Fraud Alert,Low
7680,Login Issue,High
7681,Login Issue,Medium
7682,Billing,Medium
7683,Loan Query,Medium
7684,Loan Query,High
7685,Loan Query,High
7686,Card Problem,High
7687,Loan Query,Medium
7688,App Bug,Medium
7689,Loan Query,Low
7690,Loan Query,Medium
7691,App Bug,Medium
7692,Loan Query,Low
7693,Loan Query,Medium
7694,Billing,High
7695,Loan Query,Critical
7696,Card Problem,Medium
7698,App Bug,High
7699,Fraud Alert,High
7700,Loan Query,High
7701,Billing,Critical
7702,App Bug,Medium
7703,Loan Query,Critical
7704,Fraud Alert,Medium
7705,Fraud Alert,Low
7706,Loan Query,High
7707,Fraud Alert,Critical
7708,Login Issue,Medium
7709,Login Issue,Medium
7710,Fraud Alert,Low
7711,Card Problem,Low
7712,Loan Query,Low
7714,Fraud Alert,Low
7715,Fraud Alert,Low
7716,Loan Query,Low
7717,App Bug,High
7718,App Bug,Critical
7719,Card Problem,Low
7720,Login Issue,High
7721,Billing,Medium
7722,Fraud Alert,Medium
7723,Billing,Critical
7724,Login Issue,Low
7725,App Bug,Medium
7726,Card Problem,Medium
7727,Card Problem,Medium
7728,Login Issue,Medium
7729,Card Problem,Critical
7730,App Bug,Low
7731,Fraud Alert,Low
7732,Login Issue,Low
7733,Billing,Medium
7734,Card Problem,High
7735,Login Issue,High
7736,Fraud Alert,Low
7737,Billing,Medium
7738,Loan Query,Medium
7739,Billing,High
7740,Loan Query,Low
7741,Card Problem,Low
7742,Billing,Medium
7743,Login Issue,Medium
7744,Fraud Alert,Medium
7745,Login Issue,Low
7746,Loan Query,Low
7747,Loan Query,Medium
7748,App Bug,Low
7749,Billing,Low
7750,Login Issue,Low
7751,Fraud Alert,Low
7752,Loan Query,Medium
7753,Card Problem,Medium
7754,App Bug,High
7755,App Bug,Medium
7756,Card Problem,High
7757,Billing,High
7758,App Bug,Low
7759,App Bug,Medium
7760,Loan Query,Critical
7761,Billing,Medium
7762,Loan Query,Low
7763,Loan Query,Medium
7764,Login Issue,Low
7765,Loan Query,Medium
7766,Fraud Alert,High
7767,Billing,Medium
7768,Card Problem,High
7769,App Bug,High
7770,Fraud Alert,Low
7771,Card Problem,Low
7772,Fraud Alert,Medium
7773,Card Problem,Low
7774,App Bug,Critical
7775,Loan Query,Low
7776,Card Problem,High
7777,Billing,Medium
7778,Card Problem,Low
7779,Loan Query,Low
7780,Fraud Alert,Low
7781,App Bug,Medium
7782,App Bug,Low
7783,App Bug,Low
7784,Billing,Low
7785,App Bug,Low
7786,Card Problem,Medium
7787,Login Issue,Low
7788,Billing,Low
7789,Login Issue,Low
7790,Fraud Alert,Low
7791,App Bug,Low
7792,Card Problem,Low
7793,Login Issue,Low
7794,App Bug,Low
7795,Billing,Low
7796,Fraud Alert,High
7797,App Bug,Medium
7798,Billing,High
7799,Billing,Critical
7800,Card Problem,Medium
7801,Billing,Medium
7802,Loan Query,Low
7803,App Bug,Medium
7804,Billing,High
7805,Loan Query,Medium
7806,Login Issue,Low
7807,Billing,Low
7808,Loan Query,Low
7809,Billing,Low
7810,Loan Query,Low
7811,App Bug,Low
7812,Billing,Low
7813,Login Issue,Medium
7814,Loan Query,Medium
7815,App Bug,Medium
7816,App Bug,Medium
7817,Card Problem,Medium
7818,Loan Query,Critical
7819,Billing,Low
7820,Loan Query,Medium
7821,Fraud Alert,Low
7822,Fraud Alert,Critical
7823,Billing,Medium
7824,Loan Query,Low
7825,Billing,Medium
7826,Loan Query,High
7827,Card Problem,Medium
7828,App Bug,Low
7829,Card Problem,Medium
7830,App Bug,Low
7831,Login Issue,Medium
7832,Login Issue,Low
7833,Loan Query,Low
7834,Billing,High
7835,Card Problem,Low
7836,App Bug,Low
7837,Card Problem,Low
7838,Login Issue,Medium
7839,Login Issue,High
7840,Loan Query,Medium
7841,Fraud Alert,Low
7842,App Bug,Medium
7843,Billing,Medium
7844,Billing,Low
7845,App Bug,Low
7846,Card Problem,Low
7847,Login Issue,Medium
7848,Billing,Low
7849,Card Problem,Low
7850,Card Problem,Low
7851,Login Issue,Medium
7852,Card Problem,Low
7853,Login Issue,Low
7854,App Bug,Low
7855,App Bug,Medium
7856,App Bug,High
7857,Fraud Alert,High
7858,Card Problem,Low
7859,Fraud Alert,Low
7860,Billing,Medium
7861,Billing,High
7862,Login Issue,Medium
7863,Billing,Low
7864,Loan Query,Medium
7865,Fraud Alert,Low
7866,Fraud Alert,Medium
7867,Loan Query,Medium
7868,Loan Query,Low
7869,Loan Query,Medium
7870,Card Problem,Low
7871,Login Issue,High
7872,Loan Query,Medium
7873,App Bug,Low
7874,Loan Query,Low
7875,Login Issue,High
7876,Loan Query,Low
7877,App Bug,High
7878,Login Issue,Medium
7879,App Bug,Low
7880,Loan Query,Medium
7881,Fraud Alert,High
7882,Billing,Medium
7883,Loan Query,Critical
7884,App Bug,Critical
7885,Fraud Alert,Low
7886,Loan Query,Medium
7888,Card Problem,Medium
7889,Login Issue,Low
7890,Login Issue,Medium
7891,App Bug,Critical
7892,App Bug,Low
7893,Login Issue,Low
7894,Loan Query,Medium
7895,App Bug,Medium
7896,Card Problem,Low
7897,Billing,Medium
7898,Loan Query,Low
7899,Loan Query,Low
7900,Login Issue,High
7901,Card Problem,Medium
7902,Card Problem,Critical
7903,Login Issue,Medium
7904,Card Problem,Medium
7905,Fraud Alert,Medium
7906,Loan Query,Low
7907,App Bug,Medium
7908,Card Problem,Low
7909,Fraud Alert,Critical
7910,Login Issue,Critical
7911,Billing,Medium
7912,Billing,Medium
7913,Loan Query,Medium
7914,App Bug,Medium
7915,Card Problem,High
7916,App Bug,Medium
7917,Billing,Medium
7918,Billing,Critical
7919,Fraud Alert,Low
7920,Billing,Low
7921,Login Issue,Low
7922,Loan Query,Low
7923,Login Issue,Low
7924,Loan Query,Medium
7925,Loan Query,Medium
7926,Billing,Low
7927,Loan Query,High
7928,Fraud Alert,Low
7929,Card Problem,High
7930,App Bug,High
7931,Login Issue,Medium
7932,Billing,Low
7933,App Bug,Medium
7934,Fraud Alert,Low
7935,Loan Query,Critical
7936,Billing,Medium
7937,Fraud Alert,Critical
7938,Fraud Alert,High
7939,Login Issue,Medium
7940,App Bug,Medium
7941,Billing,Low
7942,Fraud Alert,Medium
7943,App Bug,High
7944,Billing,Medium
7945,Login Issue,High
7946,Login Issue,Medium
7947,Login Issue,Medium
7948,Loan Query,Medium
7949,Loan Query,Low
7950,Loan Query,Low
7951,App Bug,Medium
7952,Fraud Alert,Critical
7954,Loan Query,High
7955,Card Problem,Low
7956,Fraud Alert,Medium
7957,Card Problem,Low
7958,Billing,High
7959,App Bug,Medium
7960,Fraud Alert,High
7961,Card Problem,Medium
7962,Loan Query,Low
7963,Fraud Alert,High
7964,Card Problem,Low
7965,Billing,Medium
7966,Loan Query,Low
7967,Card Problem,Low
7968,App Bug,Medium
7969,Loan Query,Medium
7970,Billing,Medium
7971,App Bug,Medium
7972,Loan Query,Low
7973,Billing,Low
7974,Billing,Low
7975,App Bug,High
7976,App Bug,Critical
7977,Billing,Medium
7978,Billing,Medium
7979,Login Issue,Low
7980,Fraud Alert,High
7981,Card Problem,High
7982,Billing,Low
7983,App Bug,Medium
7984,Loan Query,High
7985,Card Problem,Low
7986,App Bug,Medium
7987,App Bug,Medium
7988,Card Problem,Critical
7989,Card Problem,High
7990,Login Issue,High
7991,Card Problem,Medium
7992,Fraud Alert,Low
7993,Login Issue,Low
7994,App Bug,Low
7995,Loan Query,Medium
7996,Fraud Alert,High
7997,Billing,Low
7998,App Bug,High
7999,App Bug,Medium
8000,Card Problem,Medium
8001,Login Issue,Medium
8002,Card Problem,Medium
8003,Billing,High
8004,Card Problem,Low
8005,Loan Query,Low
8006,App Bug,Medium
8007,Fraud Alert,Medium
8008,Card Problem,High
8009,Card Problem,Low
8010,Fraud Alert,Medium
8011,Login Issue,High
8012,App Bug,Low
8013,App Bug,Medium
8014,Card Problem,High
8015,Fraud Alert,Low
8016,Loan Query,High
8017,Billing,Medium
8018,Fraud Alert,High
8019,Fraud Alert,High
8020,Fraud Alert,Medium
8021,App Bug,High
8022,Billing,Low
8023,Loan Query,Low
8024,Fraud Alert,Low
8025,Card Problem,Low
8026,Loan Query,Medium
8027,Billing,Low
8028,Fraud Alert,Low
8029,Login Issue,High
8030,Fraud Alert,Low
8031,App Bug,High
8032,Fraud Alert,Medium
8033,Loan Query,Low
8034,App Bug,High
8035,Loan Query,Low
8036,App Bug,High
8037,Login Issue,Medium
8038,Billing,Low
8039,Loan Query,High
8040,Card Problem,Medium
8041,App Bug,Low
8042,Login Issue,Low
8043,App Bug,Low
8044,Fraud Alert,Medium
8045,Fraud Alert,Low
8046,Loan Query,High
8047,Loan Query,Low
8048,Loan Query,Critical
8049,Loan Query,Low
8050,Loan Query,Critical
8051,Card Problem,Medium
8053,Fraud Alert,Medium
8054,Fraud Alert,Low
8055,Billing,Medium
8056,Fraud Alert,Medium
8057,Billing,Low
8058,Fraud Alert,Medium
8059,Billing,Low
8060,Billing,Medium
8061,App Bug,Critical
8062,Login Issue,Medium
8063,Billing,Medium
8064,Billing,Critical
8065,Loan Query,Low
8066,Billing,Medium
8067,Card Problem,Low
8068,Login Issue,Medium
8069,App Bug,Low
8070,App Bug,High
8071,Login Issue,Low
8072,Loan Query,Critical
8073,Fraud Alert,High
8074,Loan Query,High
8075,Billing,Low
8076,Card Problem,Low
8077,Fraud Alert,Low
8078,Loan Query,Low
8079,App Bug,Medium
8080,Loan Query,High
8081,Billing,Low
8082,Fraud Alert,Medium
8083,App Bug,Low
8084,Card Problem,Medium
8085,Login Issue,Critical
8086,Card Problem,Medium
8087,Fraud Alert,Medium
8088,Fraud Alert,Medium
8089,Card Problem,Low
8090,Fraud Alert,Low
8091,Fraud Alert,Medium
8092,Loan Query,High
8093,Billing,Low
8094,Billing,Low
8095,Card Problem,Medium
8096,Loan Query,High
8097,Loan Query,Low
8098,Loan Query,High
8099,Login Issue,Medium
8100,App Bug,Low
8101,Login Issue,High
8102,Fraud Alert,Medium
8103,Loan Query,High
8104,Billing,Low
8105,Loan Query,High
8106,Loan Query,Medium
8107,Login Issue,Low
8108,App Bug,Medium
8109,Card Problem,High
8110,Fraud Alert,Medium
8111,Billing,Low
8112,Loan Query,Low
8113,Billing,Medium
8114,App Bug,Low
8115,App Bug,Low
8116,Fraud Alert,Low
8117,Card Problem,High
8118,App Bug,Medium
8119,App Bug,Medium
8120,Billing,High
8121,Card Problem,Low
8122,App Bug,Low
8123,Fraud Alert,Low
8124,Loan Query,Medium
8125,Billing,Medium
8126,Login Issue,Low
8127,Card Problem,Low
8128,Loan Query,Medium
8129,Fraud Alert,Low
8130,App Bug,Critical
8131,Fraud Alert,Medium
8132,App Bug,Medium
8133,Card Problem,Medium
8134,Billing,High
8135,Billing,Low
8136,App Bug,Medium
8137,Fraud Alert,Medium
8138,App Bug,Medium
8139,Billing,Low
8141,App Bug,Low
8142,Billing,Low
8143,Card Problem,Medium
8144,Card Problem,High
8145,Billing,Medium
8146,Billing,Low
8147,Fraud Alert,High
8148,Fraud Alert,Medium
8149,Loan Query,Low
8150,Login Issue,Medium
8151,App Bug,Low
8152,Billing,Critical
8153,Loan Query,Low
8154,Billing,High
8155,Card Problem,Low
8156,Login Issue,Medium
8157,Billing,High
8158,Loan Query,Medium
8159,Loan Query,Low
8160,Card Problem,Medium
8161,Fraud Alert,High
8162,Loan Query,Low
8163,Login Issue,Medium
8164,Loan Query,High
8165,Login Issue,Low
8166,Billing,Medium
8167,Billing,Low
8168,Loan Query,Medium
8169,Loan Query,Low
8170,Loan Query,Medium
8171,Login Issue,Low
8172,Billing,Low
8173,Card Problem,Medium
8174,Loan Query,Low
8175,Billing,Low
8176,Billing,High
8177,Card Problem,Low
8178,Login Issue,Medium
8179,App Bug,Low
8180,Billing,Low
8181,Billing,Medium
8182,App Bug,Low
8183,Card Problem,Low
8184,Fraud Alert,Low
8185,Loan Query,High
8186,Login Issue,Low
8187,Billing,Low
8188,Loan Query,Medium
8189,Billing,Low
8190,Login Issue,Medium
8191,Card Problem,Medium
8192,Fraud Alert,Medium
8193,Fraud Alert,Low
8194,Card Problem,High
8195,App Bug,Medium
8196,App Bug,High
8197,Card Problem,High
8198,Card Problem,Low
8199,Fraud Alert,High
8200,Loan Query,Medium
8201,Login Issue,High
8202,Login Issue,Medium
8203,Fraud Alert,Medium
8204,Login Issue,High
8205,Fraud Alert,Low
8206,Billing,Medium
8207,Fraud Alert,Medium
8208,App Bug,Critical
8209,Billing,Critical
8210,App Bug,Low
8211,Fraud Alert,Medium
8212,Billing,Medium
8213,Card Problem,Low
8214,Login Issue,High
8215,Billing,Low
8216,Card Problem,High
8218,Card Problem,Low
8219,Login Issue,Low
8220,Fraud Alert,High
8221,Billing,High
8222,Login Issue,High
8223,Login Issue,Medium
8224,Card Problem,Low
8225,Fraud Alert,Low
8226,Billing,Low
8227,Fraud Alert,High
8228,Fraud Alert,High
8229,Billing,Low
8230,Loan Query,High
8231,Login Issue,Low
8232,App Bug,Medium
8233,App Bug,Medium
8234,App Bug,High
8235,Fraud Alert,High
8236,App Bug,High
8237,App Bug,Medium
8238,Fraud Alert,Medium
8239,Loan Query,Low
8240,App Bug,Critical
8241,App Bug,Low
8242,Card Problem,Low
8243,Login Issue,Medium
8244,App Bug,Low
8245,Card Problem,High
8246,Fraud Alert,Low
8247,Loan Query,Critical
8248,Login Issue,Medium
8249,Loan Query,Critical
8250,Loan Query,High
8251,Login Issue,High
8252,Login Issue,Medium
8253,Login Issue,Medium
8254,Loan Query,Medium
8255,Card Problem,High
8256,Billing,High
8257,Card Problem,Critical
8259,Billing,Low
8260,Fraud Alert,Low
8261,App Bug,Low
8262,Billing,Medium
8263,Fraud Alert,Low
8264,Fraud Alert,Low
8265,Login Issue,Low
8266,Billing,High
8267,Loan Query,Medium
8268,Fraud Alert,Medium
8269,Fraud Alert,High
8270,Login Issue,High
8271,Billing,Low
8272,Login Issue,Medium
8273,Fraud Alert,Low
8274,Login Issue,Medium
8275,Card Problem,High
8276,App Bug,Medium
8277,Loan Query,Low
8278,Fraud Alert,Low
8279,App Bug,Low
8280,Card Problem,Medium
8281,Loan Query,Low
8282,App Bug,Medium
8283,Loan Query,Low
8284,Loan Query,High
8285,Billing,High
8286,Loan Query,Low
8287,Fraud Alert,High
8288,Billing,Critical
8289,Login Issue,Low
8290,Billing,Low
8291,Card Problem,High
8292,Card Problem,Medium
8293,App Bug,Medium
8294,Login Issue,High
8295,Fraud Alert,Medium
8296,Card Problem,Low
8297,Login Issue,Medium
8298,Fraud Alert,Low
8299,Loan Query,High
8300,Loan Query,Medium
8301,Card Problem,Low
8302,Loan Query,Medium
8303,App Bug,High
8304,Login Issue,High
8305,Login Issue,Low
8306,Billing,Low
8307,Card Problem,Medium
8308,Billing,Low
8309,Loan Query,Medium
8310,Loan Query,Low
8311,App Bug,Medium
8312,Billing,Medium
8313,Fraud Alert,Medium
8314,Fraud Alert,Medium
8315,App Bug,Medium
8316,Loan Query,Low
8317,Login Issue,High
8318,Billing,Low
8319,Fraud Alert,Low
8320,Billing,Low
8321,App Bug,Medium
8322,App Bug,Critical
8323,Card Problem,Low
8324,Loan Query,High
8325,Fraud Alert,Low
8326,Loan Query,Low
8327,Billing,Low
8328,Login Issue,High
8329,App Bug,Low
8330,Billing,Critical
8331,Loan Query,High
8332,Card Problem,Low
8333,Fraud Alert,High
8334,Fraud Alert,Medium
8335,Card Problem,Medium
8336,Login Issue,High
8337,Login Issue,Low
8338,Card Problem,Critical
8339,Billing,High
8340,Billing,Low
8341,Loan Query,Low
8342,Fraud Alert,Low
8343,Login Issue,Medium
8345,Fraud Alert,Low
8346,Card Problem,High
8347,Card Problem,Low
8349,Fraud Alert,High
8350,Fraud Alert,Low
8351,App Bug,Low
8352,Fraud Alert,Medium
8353,Login Issue,High
8354,App Bug,Medium
8355,Login Issue,Low
8356,App Bug,High
8357,Loan Query,Low
8358,Loan Query,High
8359,Fraud Alert,Medium
8360,Loan Query,Medium
8361,Login Issue,Medium
8362,Fraud Alert,Low
8363,Billing,Low
8364,Loan Query,Medium
8365,Fraud Alert,Critical
8366,Billing,Low
8367,App Bug,High
8368,App Bug,High
8369,Loan Query,High
8370,Login Issue,Medium
8371,Login Issue,Medium
8372,App Bug,Medium
8373,Fraud Alert,Low
8374,Fraud Alert,Medium
8375,Fraud Alert,High
8376,Login Issue,Medium
8377,Fraud Alert,Medium
8378,Billing,Low
8379,Fraud Alert,Low
8380,App Bug,Critical
8381,Fraud Alert,Low
8382,Billing,Medium
8383,Fraud Alert,Medium
8384,Loan Query,High
8385,Fraud Alert,Medium
8386,Loan Query,Medium
8387,Billing,Low
8388,Card Problem,Low
8389,Loan Query,Critical
8390,Loan Query,Medium
8391,App Bug,Medium
8392,Loan Query,Medium
8393,Fraud Alert,Low
8394,Billing,Low
8395,Fraud Alert,Critical
8396,Login Issue,Low
8397,Fraud Alert,Low
8398,Loan Query,Low
8399,Login Issue,Low
8400,Loan Query,Critical
8401,App Bug,Medium
8402,Fraud Alert,High
8403,Billing,High
8404,Fraud Alert,Low
8405,Fraud Alert,Low
8406,Card Problem,Medium
8407,Fraud Alert,Critical
8408,App Bug,Low
8409,Card Problem,Medium
8411,App Bug,Medium
8412,Billing,Low
8413,Billing,Medium
8414,App Bug,Medium
8415,Fraud Alert,Low
8416,Billing,Low
8417,Loan Query,Medium
8418,Fraud Alert,Medium
8419,Billing,Medium
8420,Billing,Low
8421,Card Problem,High
8422,Login Issue,Low
8423,Loan Query,Low
8424,Fraud Alert,High
8425,Loan Query,Low
8426,Card Problem,Low
8427,Fraud Alert,Low
8428,App Bug,Medium
8429,Billing,Medium
8430,Card Problem,Low
8431,Login Issue,Critical
8432,Billing,Low
8433,Loan Query,Medium
8434,Billing,Low
8435,Loan Query,Low
8436,Login Issue,Low
8437,Loan Query,Low
8438,Fraud Alert,Medium
8439,App Bug,Medium
8440,Login Issue,Critical
8441,Loan Query,Medium
8442,Card Problem,Medium
8443,Loan Query,Medium
8444,Card Problem,Low
8445,Fraud Alert,Medium
8446,Card Problem,Medium
8447,Fraud Alert,Medium
8448,Billing,Low
8449,App Bug,Medium
8450,Fraud Alert,Medium
8451,App Bug,High
8452,Loan Query,Low
8453,Billing,Low
8454,Card Problem,High
8455,Login Issue,High
8456,Card Problem,Critical
8457,Fraud Alert,Medium
8458,Card Problem,Medium
8459,Fraud Alert,Low
8460,Card Problem,Medium
8461,Fraud Alert,Medium
8462,Fraud Alert,Medium
8463,Loan Query,Medium
8464,App Bug,Medium
8465,Loan Query,Medium
8466,Fraud Alert,Low
8467,Billing,Medium
8468,Login Issue,Medium
8469,Billing,Low
8470,Loan Query,Medium
8471,Loan Query,High
8472,Loan Query,High
8473,Billing,High
8474,Billing,Medium
8475,Login Issue,High
8476,Loan Query,Low
8477,App Bug,Low
8478,Loan Query,High
8479,Loan Query,Medium
8480,Loan Query,Critical
8481,Billing,High
8482,Loan Query,Medium
8483,Loan Query,Medium
8484,Login Issue,Critical
8485,App Bug,Low
8486,Fraud Alert,Low
8487,Fraud Alert,Medium
8488,Card Problem,High
8489,Loan Query,High
8490,Billing,Medium
8492,Login Issue,Low
8493,Billing,Medium
8494,Card Problem,High
8495,Card Problem,High
8496,Login Issue,Critical
8497,App Bug,High
8498,Login Issue,Medium
8499,Loan Query,Critical
8500,Fraud Alert,Low
8501,App Bug,Medium
8502,Fraud Alert,Low
8503,Fraud Alert,Low
8504,Login Issue,High
8505,Fraud Alert,Medium
8506,Login Issue,High
8507,Loan Query,Low
8508,App Bug,Medium
8509,App Bug,Low
8510,Loan Query,Medium
8511,Loan Query,Low
8512,Billing,Low
8513,Login Issue,Medium
8514,Billing,Low
8515,Billing,Low
8516,Fraud Alert,High
8517,Fraud Alert,Low
8518,Fraud Alert,Critical
8519,Loan Query,High
8521,App Bug,Low
8522,Login Issue,Low
8523,App Bug,High
8524,Billing,High
8525,Card Problem,Low
8526,Billing,Medium
8527,Fraud Alert,Low
8528,Loan Query,Medium
8529,Login Issue,Medium
8530,Billing,Medium
8531,Login Issue,Low
8532,Login Issue,High
8533,App Bug,Medium
8535,Loan Query,Low
8536,App Bug,Medium
8537,Fraud Alert,High
8538,App Bug,Medium
8539,Billing,Low
8540,Card Problem,High
8541,Fraud Alert,Low
8542,Card Problem,Low
8543,Loan Query,Low
8544,App Bug,High
8545,Card Problem,Medium
8546,Card Problem,Medium
8547,Loan Query,Medium
8548,App Bug,Low
8549,Login Issue,High
8550,Login Issue,Low
8551,Fraud Alert,Low
8552,Loan Query,High
8553,Billing,Medium
8554,Login Issue,High
8555,Fraud Alert,Medium
8556,Loan Query,Low
8557,Billing,Medium
8558,Billing,Medium
8559,Login Issue,Medium
8560,App Bug,Low
8561,App Bug,Low
8562,App Bug,Low
8563,Loan Query,Medium
8564,Loan Query,Critical
8565,Card Problem,High
8566,Fraud Alert,Medium
8567,App Bug,Low
8568,App Bug,Low
8569,Billing,High
8570,Login Issue,Medium
8571,Card Problem,Critical
8572,Card Problem,Medium
8573,Billing,High
8574,Card Problem,Medium
8575,Loan Query,Medium
8576,Card Problem,High
8577,Card Problem,Medium
8578,Billing,Medium
8579,Loan Query,High
8580,Billing,Medium
8581,Loan Query,Low
8582,Loan Query,Medium
8583,Card Problem,Medium
8584,Card Problem,Medium
8585,Login Issue,High
8586,App Bug,Medium
8587,Login Issue,Low
8588,Fraud Alert,Low
8589,App Bug,Low
8590,Loan Query,Medium
8591,Loan Query,Low
8592,Loan Query,Medium
8593,Login Issue,Medium
8594,Fraud Alert,Low
8595,App Bug,Medium
8596,Billing,Low
8597,Fraud Alert,High
8598,Card Problem,High
8599,Billing,Medium
8600,Loan Query,Low
8601,Login Issue,Low
8602,App Bug,High
8603,Fraud Alert,Low
8604,Card Problem,Low
8605,Login Issue,Low
8606,Login Issue,Medium
8607,Fraud Alert,High
8608,Login Issue,Low
8609,Fraud Alert,Medium
8610,App Bug,High
8611,Loan Query,Medium
8612,Billing,Low
8613,Login Issue,High
8614,Card Problem,High
8615,Loan Query,Low
8616,Login Issue,Low
8617,Card Problem,High
8618,Loan Query,Medium
8619,Fraud Alert,Critical
8620,Fraud Alert,Low
8621,Login Issue,High
8622,App Bug,Low
8623,Fraud Alert,High
8624,Loan Query,Medium
8625,Fraud Alert,Low
8626,Billing,High
8627,Loan Query,Medium
8628,Billing,Low
8629,Card Problem,Low
8630,Fraud Alert,Low
8631,Billing,Low
8632,Login Issue,High
8633,App Bug,Medium
8634,Billing,Low
8635,Login Issue,Low
8636,Card Problem,Low
8637,Billing,Medium
8638,Login Issue,Medium
8639,Fraud Alert,Low
8640,Loan Query,Medium
8641,Billing,Medium
8642,Billing,Low
8643,Card Problem,High
8644,Billing,Critical
8645,Billing,Critical
8646,App Bug,Low
8647,Loan Query,Low
8648,App Bug,Low
8649,Loan Query,Medium
8650,Billing,Low
8651,Fraud Alert,Low
8652,Loan Query,Low
8653,Loan Query,Low
8654,Fraud Alert,Medium
8655,App Bug,Medium
8656,Fraud Alert,Low
8657,Loan Query,Medium
8658,App Bug,Low
8659,Loan Query,Low
8660,Billing,Medium
8661,App Bug,Medium
8662,Billing,Low
8663,Login Issue,Low
8664,Card Problem,Medium
8665,Loan Query,Low
8666,Fraud Alert,Low
8667,Loan Query,Low
8668,Fraud Alert,Medium
8669,Login Issue,Medium
8670,Loan Query,Low
8671,Fraud Alert,Medium
8672,Card Problem,Low
8673,Billing,Low
8674,App Bug,Low
8675,App Bug,Low
8676,App Bug,High
8677,Billing,Low
8678,App Bug,Low
8679,App Bug,Medium
8680,Billing,Medium
8681,Billing,Medium
8682,Fraud Alert,Medium
8683,Billing,Low
8684,Fraud Alert,High
8685,App Bug,Medium
8686,Billing,High
8687,Card Problem,Low
8688,Fraud Alert,Low
8689,Card Problem,Medium
8690,Loan Query,High
8691,App Bug,High
8692,Login Issue,Medium
8693,App Bug,Low
8694,App Bug,Low
8695,Login Issue,Medium
8696,Login Issue,Low
8697,Loan Query,Medium
8698,Login Issue,Low
8699,App Bug,Low
8700,App Bug,Low
8701,Billing,Medium
8702,Login Issue,Medium
8703,Loan Query,Low
8704,Fraud Alert,Low
8705,App Bug,High
8706,Card Problem,Medium
8707,Login Issue,Medium
8708,App Bug,Low
8709,App Bug,Low
8710,Fraud Alert,Low
8711,Loan Query,High
8712,Fraud Alert,Medium
8713,Login Issue,Low
8714,Billing,Medium
8715,Card Problem,Medium
8716,Billing,Low
8717,Loan Query,Medium
8718,Card Problem,Critical
8719,Card Problem,Medium
8720,App Bug,Medium
8721,Billing,High
8722,Card Problem,Critical
8723,Billing,Medium
8724,Loan Query,Medium
8725,Loan Query,High
8726,Fraud Alert,Medium
8727,Loan Query,Low
8728,Card Problem,Low
8729,Login Issue,Medium
8730,Card Problem,Medium
8731,App Bug,High
8732,Loan Query,Low
8733,Card Problem,Critical
8734,Fraud Alert,Low
8735,Card Problem,Low
8736,App Bug,Medium
8737,Billing,Critical
8738,App Bug,Medium
8739,Fraud Alert,Low
8740,Loan Query,Low
8741,Fraud Alert,Medium
8742,Fraud Alert,Critical
8743,Billing,Low
8744,Fraud Alert,Low
8746,Login Issue,Medium
8747,Billing,Medium
8748,Login Issue,Medium
8749,Billing,Low
8750,App Bug,Low
8751,Loan Query,High
8752,App Bug,Medium
8753,Fraud Alert,High
8754,App Bug,High
8755,Login Issue,Critical
8756,Fraud Alert,Low
8757,App Bug,Medium
8758,Login Issue,Low
8759,Loan Query,Medium
8760,Fraud Alert,Low
8761,Fraud Alert,Medium
8762,Billing,High
8763,Fraud Alert,Low
8764,Billing,Low
8765,App Bug,Low
8766,Card Problem,Low
8767,Fraud Alert,Medium
8768,Fraud Alert,Medium
8769,Card Problem,Medium
8770,Login Issue,High
8771,Billing,Medium
8772,Billing,Low
8773,Login Issue,High
8774,Billing,Medium
8775,Card Problem,Critical
8776,Fraud Alert,Critical
8777,Billing,Medium
8778,App Bug,Medium
8779,Fraud Alert,High
8780,Card Problem,Medium
8781,Loan Query,Medium
8782,Loan Query,High
8783,Loan Query,Low
8784,Login Issue,Low
8785,Loan Query,Medium
8786,Fraud Alert,Medium
8787,Fraud Alert,Medium
8788,Loan Query,Critical
8789,Card Problem,Low
8790,Card Problem,High
8791,App Bug,Low
8792,Login Issue,Low
8793,Fraud Alert,Medium
8794,Loan Query,Medium
8795,App Bug,Medium
8796,App Bug,Medium
8797,Login Issue,Medium
8798,App Bug,Critical
8799,Billing,Medium
8800,Fraud Alert,Medium
8801,Card Problem,Low
8802,Login Issue,Low
8803,Billing,Low
8805,Card Problem,Low
8806,App Bug,Critical
8807,App Bug,Low
8808,Login Issue,Low
8809,Login Issue,Medium
8810,Billing,Medium
8811,App Bug,Low
8812,Loan Query,Low
8813,App Bug,Low
8814,Fraud Alert,Medium
8815,Billing,Low
8816,Billing,Low
8817,Loan Query,Low
8818,Login Issue,High
8819,Login Issue,Low
8820,App Bug,Medium
8821,Fraud Alert,Low
8822,Fraud Alert,Low
8823,Fraud Alert,Low
8824,Fraud Alert,Low
8825,Card Problem,Medium
8826,Fraud Alert,High
8827,Card Problem,Medium
8828,Billing,Low
8829,Fraud Alert,Medium
8831,Card Problem,Medium
8832,Login Issue,High
8833,App Bug,Low
8834,Fraud Alert,Low
8835,App Bug,Medium
8836,Billing,Medium
8837,Card Problem,Low
8838,App Bug,Low
8839,Billing,Low
8840,Card Problem,Medium
8841,Billing,High
8842,Card Problem,High
8843,Fraud Alert,Low
8844,Login Issue,Low
8845,Login Issue,High
8846,Fraud Alert,Low
8847,Card Problem,Medium
8848,Card Problem,Medium
8849,Fraud Alert,Medium
8850,Fraud Alert,Low
8851,App Bug,High
8852,Billing,Medium
8853,Billing,High
8854,Card Problem,Low
8856,Billing,Medium
8857,Billing,Critical
8858,App Bug,Medium
8859,Card Problem,High
8860,App Bug,Medium
8861,App Bug,Low
8862,Login Issue,Medium
8863,Billing,Medium
8864,Login Issue,Medium
8865,Login Issue,Low
8866,Billing,Low
8867,Billing,Low
8868,Fraud Alert,Low
8869,Fraud Alert,Medium
8870,Fraud Alert,Low
8871,Login Issue,Low
8872,Billing,Medium
8873,App Bug,Medium
8874,App Bug,Medium
8875,Billing,High
8876,Card Problem,Medium
8877,Loan Query,Low
8878,Fraud Alert,High
8879,Card Problem,Medium
8880,Card Problem,Low
8881,Card Problem,Medium
8882,Billing,Low
8883,App Bug,Low
8884,Loan Query,Low
8885,App Bug,High
8886,Billing,High
8887,Login Issue,Medium
8888,Loan Query,High
8889,Billing,Low
8890,Loan Query,Medium
8891,Login Issue,Low
8892,Login Issue,Low
8893,Loan Query,Low
8894,App Bug,Low
8895,Card Problem,High
8896,Loan Query,Low
8897,App Bug,Medium
8898,Fraud Alert,Medium
8899,Loan Query,High
8900,Loan Query,Medium
8901,Login Issue,Low
8902,App Bug,High
8903,Billing,Medium
8904,Login Issue,Medium
8905,Loan Query,Low
8906,Loan Query,Low
8908,Billing,Medium
8909,Card Problem,Low
8910,Fraud Alert,Low
8911,Card Problem,Medium
8912,Fraud Alert,High
8913,Card Problem,Medium
8914,Card Problem,Medium
8915,Loan Query,Medium
8916,Billing,Low
8917,Billing,Low
8918,Login Issue,High
8919,Card Problem,Low
8920,App Bug,Critical
8921,Card Problem,Medium
8922,Billing,Medium
8923,Billing,Low
8924,App Bug,Low
8925,Login Issue,High
8926,Billing,Medium
8927,Loan Query,Low
8928,Billing,Medium
8929,App Bug,Low
8930,Login Issue,Medium
8931,Login Issue,Low
8932,App Bug,Medium
8933,Loan Query,Low
8934,Billing,Critical
8935,App Bug,Critical
8936,Card Problem,Low
8937,App Bug,Medium
8938,Card Problem,Medium
8939,App Bug,Critical
8940,Loan Query,Critical
8941,Billing,Low
8942,Login Issue,Medium
8943,App Bug,Low
8944,Loan Query,Medium
8945,Billing,Low
8946,App Bug,Low
8947,Fraud Alert,Medium
8948,Card Problem,Low
8949,Fraud Alert,High
8950,Fraud Alert,Low
8951,Billing,High
8952,Loan Query,Critical
8953,Card Problem,Critical
8955,Loan Query,Critical
8957,App Bug,Medium
8958,Login Issue,Medium
8959,Fraud Alert,Low
8960,Login Issue,Medium
8961,Card Problem,Medium
8962,Card Problem,Medium
8963,Fraud Alert,Medium
8964,Login Issue,Medium
8965,Billing,Medium
8966,Login Issue,Medium
8967,Fraud Alert,Medium
8968,Card Problem,Low
8969,Billing,Low
8970,Fraud Alert,Medium
8971,Billing,Medium
8972,App Bug,Medium
8973,Billing,High
8974,Card Problem,Medium
8975,Loan Query,Low
8976,Card Problem,High
8977,Loan Query,High
8978,Billing,Critical
8979,Fraud Alert,High
8980,Fraud Alert,Medium
8981,App Bug,High
8982,App Bug,High
8983,Login Issue,Low
8984,Loan Query,Critical
8985,App Bug,Low
8986,Card Problem,Low
8987,Card Problem,High
8988,App Bug,Critical
8989,Loan Query,Medium
8990,Card Problem,Medium
8991,Login Issue,High
8992,Loan Query,Low
8993,Billing,High
8994,Fraud Alert,Low
8995,Login Issue,Medium
8996,Fraud Alert,High
8997,Billing,Medium
8998,Card Problem,Critical
8999,Loan Query,Medium
9000,Card Problem,Low
9001,Billing,Low
9002,Fraud Alert,Medium
9003,Billing,High
9004,Loan Query,High
9005,App Bug,Medium
9006,Fraud Alert,Medium
9007,Fraud Alert,Low
9008,Fraud Alert,Medium
9009,App Bug,High
9010,App Bug,Low
9011,Card Problem,Low
9012,Card Problem,Medium
9013,Billing,Medium
9014,Billing,Low
9015,App Bug,Medium
9016,Login Issue,Low
9017,App Bug,Medium
9018,Login Issue,Medium
9019,Fraud Alert,Medium
9020,App Bug,Medium
9021,Login Issue,High
9022,App Bug,Low
9023,Loan Query,Low
9024,Login Issue,Medium
9025,Login Issue,Medium
9026,Login Issue,Low
9027,Login Issue,Medium
9028,Fraud Alert,Critical
9029,Billing,Low
9030,Login Issue,Medium
9031,Fraud Alert,Low
9032,Fraud Alert,Low
9033,Loan Query,Medium
9034,Card Problem,Low
9035,Billing,Low
9036,Loan Query,Medium
9037,Card Problem,Medium
9038,Billing,Medium
9039,App Bug,High
9040,Card Problem,Medium
9041,App Bug,Low
9042,Loan Query,Low
9043,Fraud Alert,Medium
9044,Billing,High
9045,Billing,High
9046,Login Issue,Medium
9047,App Bug,Low
9048,Fraud Alert,Medium
9049,Card Problem,Low
9050,Billing,Low
9051,Login Issue,High
9052,Billing,Low
9053,Card Problem,Low
9054,Fraud Alert,Low
9055,Billing,High
9056,Billing,Low
9057,Card Problem,High
9058,Loan Query,Low
9059,Card Problem,Low
9060,Loan Query,Medium
9062,Card Problem,Low
9063,Loan Query,Medium
9064,Fraud Alert,Low
9065,Card Problem,Low
9066,Login Issue,High
9067,Billing,Low
9068,Billing,High
9069,Card Problem,High
9070,App Bug,Medium
9071,Fraud Alert,High
9072,Card Problem,Low
9073,Card Problem,Critical
9074,Billing,Low
9075,Fraud Alert,Low
9076,Login Issue,High
9077,Card Problem,Low
9078,Card Problem,High
9079,Login Issue,High
9080,Login Issue,Low
9081,Billing,High
9082,App Bug,Low
9083,Card Problem,Medium
9084,Billing,Medium
9085,Card Problem,Low
9086,Billing,Medium
9087,App Bug,Low
9088,Card Problem,Medium
9089,Card Problem,High
9090,Billing,Medium
9091,Billing,Medium
9092,App Bug,High
9093,App Bug,Low
9094,App Bug,Critical
9095,App Bug,High
9096,Login Issue,Low
9097,App Bug,Medium
9098,Fraud Alert,Low
9099,Login Issue,Critical
9100,App Bug,High
9101,Login Issue,High
9102,Billing,Low
9103,Billing,Medium
9104,Login Issue,Low
9106,Login Issue,High
9107,Billing,Critical
9108,Card Problem,Low
9109,Card Problem,High
9110,Loan Query,Low
9112,Billing,Medium
9113,Card Problem,Medium
9114,Login Issue,Medium
9115,App Bug,Low
9116,Loan Query,Low
9117,App Bug,Medium
9118,Fraud Alert,Low
9119,App Bug,Medium
9120,Billing,High
9121,Loan Query,Low
9122,Loan Query,Low
9123,Fraud Alert,Medium
9124,App Bug,Medium
9125,App Bug,Low
9126,Login Issue,High
9127,Loan Query,High
9128,Fraud Alert,Low
9129,Login Issue,Low
9130,Loan Query,Low
9131,Card Problem,High
9132,Fraud Alert,Medium
9133,Loan Query,Medium
9134,Loan Query,High
9135,App Bug,Medium
9136,App Bug,High
9137,App Bug,Medium
9138,Card Problem,Low
9139,Card Problem,Low
9140,Loan Query,Medium
9141,Loan Query,Low
9142,App Bug,Medium
9143,Billing,Critical
9144,Billing,High
9145,Billing,Medium
9146,Login Issue,Low
9147,Loan Query,Low
9148,Login Issue,Low
9149,Loan Query,Medium
9150,Card Problem,High
9151,Card Problem,Medium
9152,Billing,Low
9153,Login Issue,Medium
9154,Card Problem,High
9155,Billing,Medium
9156,Fraud Alert,Medium
9157,Fraud Alert,Low
9158,App Bug,Medium
9159,App Bug,Low
9160,Login Issue,Low
9161,Card Problem,Low
9162,Loan Query,Low
9163,App Bug,Low
9164,Fraud Alert,Medium
9165,Card Problem,High
9166,Billing,Medium
9167,Card Problem,Medium
9168,Login Issue,Medium
9169,Billing,Low
9170,Login Issue,Low
9171,App Bug,Low
9172,Card Problem,Low
9173,Login Issue,Low
9174,Fraud Alert,Low
9175,Loan Query,Medium
9176,Loan Query,Critical
9177,Loan Query,Critical
9178,App Bug,Low
9179,Loan Query,Medium
9180,Fraud Alert,Medium
9181,Login Issue,Medium
9182,Loan Query,Medium
9183,Billing,High
9184,Card Problem,Medium
9185,Login Issue,Medium
9186,Login Issue,Medium
9187,Login Issue,Low
9188,Fraud Alert,Low
9189,Login Issue,Medium
9190,Card Problem,Medium
9191,Billing,High
9192,App Bug,Medium
9193,App Bug,Medium
9194,Fraud Alert,High
9195,Fraud Alert,Low
9196,Card Problem,Medium
9197,Fraud Alert,Low
9198,Card Problem,Medium
9199,Billing,Low
9200,Billing,Medium
9201,Fraud Alert,Medium
9202,Loan Query,Low
9203,Card Problem,Low
9204,Login Issue,Medium
9205,Loan Query,Medium
9206,Loan Query,Low
9207,Fraud Alert,Low
9208,Login Issue,High
9209,App Bug,Medium
9210,Card Problem,Low
9211,Loan Query,Low
9212,Login Issue,Critical
9213,App Bug,High
9214,Login Issue,Low
9215,Billing,Low
9216,Loan Query,Medium
9217,App Bug,High
9218,App Bug,Low
9219,Card Problem,Medium
9220,Login Issue,Low
9221,Loan Query,Low
9222,App Bug,Medium
9223,Billing,Medium
9224,Billing,Medium
9225,Fraud Alert,High
9226,Loan Query,Critical
9227,Loan Query,Medium
9228,App Bug,Medium
9229,Login Issue,High
9230,Loan Query,Low
9231,App Bug,Low
9232,Loan Query,Medium
9233,App Bug,Medium
9234,Billing,Low
9235,App Bug,Critical
9236,Loan Query,Medium
9237,Login Issue,Medium
9238,Loan Query,Low
9239,Billing,Low
9240,App Bug,Low
9241,App Bug,Low
9242,Fraud Alert,Critical
9243,App Bug,Low
9244,Card Problem,Low
9245,Login Issue,Medium
9246,Loan Query,High
9247,Billing,Low
9248,Login Issue,Low
9249,Login Issue,Medium
9250,Loan Query,High
9251,Fraud Alert,Low
9252,Billing,High
9253,Loan Query,Low
9254,Card Problem,Low
9255,Card Problem,Low
9256,App Bug,Low
9257,Fraud Alert,Medium
9258,Billing,Low
9259,Loan Query,Low
9260,Fraud Alert,Low
9261,Card Problem,Critical
9262,Billing,Low
9263,Billing,Low
9264,Billing,Medium
9265,Billing,High
9266,App Bug,Low
9267,Login Issue,Low
9268,Billing,Medium
9269,Card Problem,High
9270,Loan Query,Low
9271,Card Problem,Medium
9272,Fraud Alert,Critical
9273,Login Issue,Critical
9275,Loan Query,Medium
9276,Fraud Alert,Medium
9277,Login Issue,Medium
9278,Loan Query,High
9279,Loan Query,Medium
9280,Card Problem,Medium
9281,Fraud Alert,Low
9282,App Bug,Medium
9283,Billing,Medium
9284,Card Problem,Medium
9285,Fraud Alert,Medium
9286,Fraud Alert,Low
9287,Card Problem,Low
9288,Loan Query,Low
9289,Fraud Alert,Medium
9290,Billing,Low
9291,Fraud Alert,Low
9292,Card Problem,High
9293,Login Issue,High
9294,Login Issue,Low
9295,App Bug,Low
9296,Billing,High
9297,Loan Query,High
9298,Billing,Low
9299,Loan Query,Medium
9300,Fraud Alert,Low
9301,App Bug,Medium
9302,Fraud Alert,Medium
9303,Billing,Low
9304,App Bug,Medium
9305,Loan Query,Critical
9306,Fraud Alert,Medium
9307,Login Issue,High
9308,Billing,Low
9309,Login Issue,Medium
9310,Loan Query,Low
9311,App Bug,Medium
9312,Loan Query,Low
9313,Card Problem,Medium
9314,Fraud Alert,Critical
9315,Loan Query,Medium
9316,Billing,Low
9317,Fraud Alert,Medium
9318,Card Problem,High
9319,App Bug,Low
9320,Card Problem,Medium
9321,Loan Query,Low
9322,Login Issue,Low
9323,Loan Query,Low
9324,Loan Query,Low
9325,Loan Query,High
9326,Login Issue,Low
9327,Login Issue,Medium
9328,Loan Query,Low
9329,App Bug,Critical
9330,Fraud Alert,Low
9331,Login Issue,Medium
9332,Fraud Alert,Low
9333,Card Problem,Medium
9334,Card Problem,Medium
9335,App Bug,Medium
9336,Fraud Alert,Low
9337,Loan Query,Low
9338,Fraud Alert,High
9339,Fraud Alert,Low
9340,Fraud Alert,Low
9341,Fraud Alert,Low
9342,App Bug,Low
9343,Card Problem,Critical
9344,Loan Query,Medium
9346,Login Issue,Critical
9347,Billing,Medium
9348,Login Issue,Low
9349,App Bug,Low
9350,Login Issue,Medium
9351,Card Problem,Low
9352,App Bug,Medium
9353,Fraud Alert,Low
9355,Loan Query,Low
9356,App Bug,Low
9357,Login Issue,Low
9358,Fraud Alert,High
9359,Login Issue,Low
9360,Fraud Alert,Low
9361,Login Issue,Medium
9362,App Bug,Low
9363,Fraud Alert,Low
9364,Card Problem,Low
9365,Fraud Alert,Medium
9366,Fraud Alert,Low
9367,Login Issue,High
9368,App Bug,Low
9369,Loan Query,Low
9370,Billing,Low
9371,Billing,Low
9372,Billing,Medium
9373,Loan Query,Low
9374,Login Issue,High
9375,Fraud Alert,Low
9376,Login Issue,Medium
9377,Card Problem,High
9378,Login Issue,Medium
9379,Card Problem,Low
9380,Billing,Low
9381,Fraud Alert,Low
9382,App Bug,Low
9383,Fraud Alert,Medium
9384,Card Problem,Medium
9385,Card Problem,Low
9386,Loan Query,Medium
9387,Loan Query,Medium
9388,Card Problem,Medium
9389,App Bug,Medium
9390,Login Issue,Medium
9391,Billing,Medium
9392,Fraud Alert,Medium
9393,Card Problem,Low
9394,App Bug,Low
9395,Billing,Critical
9396,App Bug,Low
9397,Billing,Medium
9398,Fraud Alert,Medium
9399,Billing,Medium
9400,App Bug,Medium
9401,Billing,Low
9402,Billing,Low
9403,Login Issue,Medium
9404,App Bug,Low
9405,App Bug,Low
9406,Billing,Low
9407,Login Issue,Medium
9408,Loan Query,Low
9409,Fraud Alert,Medium
9410,Billing,Low
9411,Billing,Low
9412,App Bug,Medium
9413,App Bug,High
9414,Billing,Low
9415,Fraud Alert,Low
9416,Card Problem,Medium
9417,Loan Query,Low
9418,Billing,Medium
9419,Card Problem,Medium
9420,App Bug,Low
9421,Billing,High
9422,Login Issue,Low
9423,Loan Query,Medium
9424,Billing,Medium
9425,Card Problem,Medium
9426,Login Issue,Critical
9427,Fraud Alert,High
9428,Billing,Medium
9429,Fraud Alert,Low
9430,Login Issue,Medium
9431,Fraud Alert,High
9432,Login Issue,High
9433,Billing,Low
9434,Fraud Alert,Low
9435,Loan Query,Medium
9436,Fraud Alert,High
9437,Billing,Medium
9438,App Bug,Low
9439,Login Issue,Low
9440,Card Problem,Medium
9442,Fraud Alert,Low
9443,Card Problem,Medium
9444,App Bug,Medium
9445,Billing,Medium
9446,Loan Query,High
9447,Loan Query,Low
9448,Loan Query,Medium
9449,Card Problem,Critical
9450,Loan Query,Medium
9451,Loan Query,High
9452,Card Problem,Medium
9453,Card Problem,Medium
9454,Card Problem,Medium
9455,Fraud Alert,Low
9456,Billing,Medium
9457,Login Issue,Medium
9458,Fraud Alert,Medium
9459,Loan Query,Low
9460,Loan Query,High
9461,Login Issue,Low
9462,Loan Query,Medium
9463,Card Problem,Low
9464,Card Problem,Medium
9465,Loan Query,Critical
9466,Loan Query,Low
9467,Fraud Alert,Low
9468,Fraud Alert,Low
9469,Billing,Critical
9470,Loan Query,Medium
9471,Loan Query,Low
9472,Billing,High
9473,Fraud Alert,High
9474,Fraud Alert,High
9475,App Bug,Low
9476,Fraud Alert,Low
9477,Card Problem,High
9478,Billing,Low
9479,Loan Query,Low
9480,Fraud Alert,Medium
9481,Billing,Critical
9482,Card Problem,High
9483,Loan Query,Medium
9484,Card Problem,Low
9485,Card Problem,Medium
9486,Billing,Medium
9487,Loan Query,High
9488,Fraud Alert,Low
9489,Card Problem,Low
9490,App Bug,Low
9491,Billing,Low
9492,Loan Query,Medium
9493,Loan Query,Low
9494,Fraud Alert,High
9495,Card Problem,Medium
9496,Loan Query,Low
9497,Loan Query,High
9498,Loan Query,Low
9499,Loan Query,High
9500,Billing,Medium
9501,Login Issue,Low
9502,Card Problem,High
9503,Billing,Medium
9504,Billing,Low
9505,Loan Query,Low
9506,Billing,Medium
9507,Billing,Medium
9508,Billing,Medium
9509,Billing,Low
9510,App Bug,Low
9511,Billing,Low
9512,Fraud Alert,Low
9513,Loan Query,Low
9514,Login Issue,Low
9515,Loan Query,Medium
9516,App Bug,Low
9517,Card Problem,Low
9518,Login Issue,Low
9519,Card Problem,High
9520,App Bug,Low
9521,Billing,Low
9522,Fraud Alert,Low
9523,App Bug,Medium
9524,Card Problem,Low
9525,Fraud Alert,Critical
9526,Login Issue,Medium
9527,Card Problem,Medium
9528,Billing,Low
9529,Loan Query,Medium
9530,Billing,Critical
9531,Billing,Medium
9532,App Bug,Medium
9533,Card Problem,Low
9534,Billing,High
9535,Card Problem,Low
9536,Card Problem,Medium
9537,Billing,Low
9538,Billing,Low
9539,Card Problem,Medium
9540,App Bug,Low
9541,Fraud Alert,Low
9542,Card Problem,Medium
9543,Login Issue,Medium
9544,Card Problem,Low
9545,App Bug,Medium
9546,Billing,Medium
9547,Fraud Alert,High
9548,App Bug,Low
9549,Card Problem,Medium
9550,Card Problem,Medium
9551,Fraud Alert,Low
9552,Loan Query,High
9553,Fraud Alert,Low
9554,Fraud Alert,Low
9555,Billing,Low
9556,Loan Query,Medium
9557,Loan Query,Low
9558,Fraud Alert,High
9559,Billing,Low
9560,Fraud Alert,Low
9561,Card Problem,High
9562,Loan Query,Low
9563,Fraud Alert,Low
9564,Loan Query,High
9565,Fraud Alert,Medium
9566,App Bug,Low
9567,Loan Query,High
9568,Fraud Alert,High
9569,Card Problem,High
9570,Fraud Alert,Medium
9571,Card Problem,High
9572,Loan Query,Medium
9573,Billing,Low
9574,App Bug,Low
9575,Billing,Low
9576,Login Issue,Critical
9577,Login Issue,High
9578,App Bug,High
9579,Billing,Medium
9580,Billing,Medium
9581,App Bug,Low
9582,App Bug,Medium
9583,Billing,Critical
9584,Loan Query,High
9585,Login Issue,Low
9586,Card Problem,Low
9587,Login Issue,Medium
9588,Loan Query,Low
9589,Fraud Alert,Medium
9590,Billing,Critical
9591,Loan Query,Medium
9592,Login Issue,Low
9593,Loan Query,Low
9594,Loan Query,Medium
9595,Login Issue,Medium
9596,Fraud Alert,High
9597,Fraud Alert,High
9598,Fraud Alert,Low
9599,App Bug,Medium
9600,Billing,Medium
9601,Loan Query,Medium
9602,Login Issue,Low
9603,Fraud Alert,Medium
9604,App Bug,Medium
9605,Fraud Alert,Low
9606,Billing,Medium
9607,Loan Query,Low
9608,Loan Query,Low
9609,Card Problem,Low
9610,Loan Query,Low
9611,Fraud Alert,Medium
9612,Billing,Medium
9613,Loan Query,Low
9614,Loan Query,Low
9615,Fraud Alert,Medium
9616,Login Issue,High
9617,App Bug,Low
9618,Card Problem,Low
9620,Fraud Alert,High
9621,App Bug,High
9622,Fraud Alert,Low
9623,App Bug,Medium
9624,Fraud Alert,Low
9625,Card Problem,High
9626,Card Problem,Critical
9627,Loan Query,Medium
9628,Loan Query,Critical
9629,App Bug,Low
9630,Login Issue,Medium
9631,Login Issue,High
9632,Login Issue,Low
9633,Fraud Alert,High
9634,App Bug,Low
9635,Billing,Low
9636,Loan Query,Low
9637,App Bug,Medium
9638,App Bug,High
9639,Login Issue,Critical
9640,Fraud Alert,Medium
9641,Fraud Alert,Medium
9642,Card Problem,Critical
9643,Billing,Low
9644,Card Problem,High
9645,Fraud Alert,High
9646,Loan Query,Low
9647,App Bug,Low
9648,Fraud Alert,Medium
9649,Loan Query,Low
9650,Billing,Medium
9651,Card Problem,High
9652,Login Issue,Medium
9653,Billing,Low
9654,Loan Query,Medium
9655,Loan Query,Medium
9656,App Bug,Medium
9657,Billing,Low
9658,App Bug,Medium
9659,Loan Query,Medium
9660,Billing,Low
9661,Billing,Low
9662,Fraud Alert,Medium
9663,App Bug,Medium
9664,App Bug,Low
9665,Loan Query,High
9666,Billing,Low
9667,Loan Query,Medium
9668,Loan Query,Medium
9669,Login Issue,High
9670,Fraud Alert,Low
9671,Login Issue,Medium
9672,Fraud Alert,High
9673,Login Issue,Medium
9674,Card Problem,Low
9675,Loan Query,Low
9676,Fraud Alert,High
9677,App Bug,Medium
9678,Loan Query,Low
9679,Billing,Medium
9680,App Bug,Low
9681,Card Problem,Low
9682,Billing,High
9683,Billing,Medium
9684,Billing,Medium
9685,Billing,Medium
9686,Billing,Low
9687,Login Issue,Medium
9688,Loan Query,Medium
9689,Loan Query,Low
9690,App Bug,Medium
9691,Fraud Alert,Low
9692,Loan Query,Medium
9693,Login Issue,Low
9694,Loan Query,Low
9695,Loan Query,Low
9696,Loan Query,Medium
9697,App Bug,Low
9698,App Bug,Low
9699,Loan Query,Medium
9700,App Bug,High
9701,Login Issue,Low
9702,Fraud Alert,Low
9703,Loan Query,Low
9704,Loan Query,Medium
9705,App Bug,High
9706,Fraud Alert,High
9707,Billing,High
9708,Fraud Alert,Low
9709,App Bug,Low
9710,Loan Query,Medium
9711,Billing,High
9712,Card Problem,Low
9713,Login Issue,Critical
9714,Loan Query,Medium
9715,Billing,Critical
9716,Loan Query,Low
9717,App Bug,Low
9718,Billing,Medium
9719,App Bug,Medium
9720,Login Issue,Low
9721,Fraud Alert,High
9722,App Bug,High
9723,Billing,Medium
9724,Login Issue,Low
9725,Card Problem,Critical
9726,Fraud Alert,Low
9727,Fraud Alert,Low
9728,Loan Query,Low
9729,Login Issue,Medium
9730,Login Issue,Medium
9731,Card Problem,Medium
9732,App Bug,High
9733,Login Issue,Low
9734,Card Problem,Low
9735,Loan Query,High
9736,App Bug,Medium
9737,App Bug,Medium
9738,Billing,High
9739,Loan Query,Medium
9740,Login Issue,Medium
9741,App Bug,High
9742,Login Issue,Low
9743,Fraud Alert,Low
9744,Fraud Alert,Medium
9746,Card Problem,Medium
9747,Fraud Alert,Medium
9748,Card Problem,High
9749,Fraud Alert,Low
9750,Fraud Alert,Medium
9751,Billing,High
9753,Billing,Low
9754,App Bug,Medium
9755,App Bug,High
9756,Loan Query,Low
9757,Fraud Alert,Low
9759,Billing,Low
9760,Login Issue,Medium
9761,App Bug,High
9762,Fraud Alert,Low
9763,Loan Query,Medium
9764,Loan Query,Low
9765,Billing,Medium
9766,Loan Query,Critical
9767,Billing,Medium
9768,Login Issue,Low
9769,Billing,Medium
9770,Billing,Low
9771,Login Issue,Low
9772,Loan Query,Medium
9773,Card Problem,Low
9774,Fraud Alert,Low
9775,Loan Query,Medium
9776,App Bug,Medium
9777,Fraud Alert,Medium
9778,Card Problem,Low
9779,App Bug,Critical
9780,Billing,Medium
9781,App Bug,Medium
9782,Billing,Medium
9783,Billing,Medium
9784,Loan Query,Low
9785,Login Issue,Critical
9786,Login Issue,Low
9787,Login Issue,Low
9788,Fraud Alert,Medium
9789,Loan Query,Low
9790,Login Issue,High
9791,App Bug,Critical
9792,Fraud Alert,Medium
9793,Login Issue,Medium
9794,Loan Query,Medium
9795,Loan Query,High
9796,Login Issue,High
9797,Loan Query,High
9798,Billing,Critical
9799,Loan Query,Medium
9800,Billing,Medium
9801,Fraud Alert,Low
9802,Card Problem,Low
9803,Fraud Alert,Medium
9804,Billing,Low
9805,Fraud Alert,Low
9806,Billing,High
9807,App Bug,Low
9808,App Bug,Low
9809,Fraud Alert,Medium
9810,App Bug,Medium
9811,Login Issue,Medium
9812,Loan Query,Medium
9813,Login Issue,High
9814,Fraud Alert,Low
9815,Billing,Medium
9816,Card Problem,Low
9818,Billing,Critical
9819,App Bug,High
9820,Fraud Alert,Low
9821,Loan Query,High
9822,App Bug,Low
9823,Card Problem,Low
9824,Card Problem,Medium
9825,Login Issue,Medium
9826,Loan Query,Low
9827,Login Issue,Medium
9828,App Bug,Medium
9829,Billing,Low
9830,Login Issue,Critical
9831,Billing,Low
9832,Billing,Low
9833,App Bug,Critical
9834,App Bug,Low
9835,Fraud Alert,Medium
9837,Login Issue,Low
9838,Card Problem,High
9839,Loan Query,Medium
9840,Loan Query,Medium
9841,Card Problem,High
9842,Card Problem,Low
9843,Card Problem,High
9844,Login Issue,Medium
9845,Card Problem,Low
9846,Login Issue,Medium
9847,Loan Query,Medium
9848,Loan Query,Medium
9849,Card Problem,Low
9850,Card Problem,Low
9851,Billing,Low
9852,Fraud Alert,High
9853,Billing,Low
9854,Fraud Alert,Medium
9855,Card Problem,Medium
9856,Loan Query,Low
9857,Fraud Alert,Low
9858,Login Issue,Low
9859,Fraud Alert,Low
9860,Fraud Alert,Medium
9861,Loan Query,Medium
9862,Card Problem,Low
9863,Login Issue,Low
9864,Loan Query,Medium
9865,App Bug,Low
9866,Login Issue,Medium
9867,App Bug,Medium
9868,Login Issue,High
9869,Loan Query,Low
9870,Card Problem,High
9871,Login Issue,Medium
9872,Loan Query,Low
9873,Login Issue,Medium
9874,Billing,Low
9875,Login Issue,High
9876,Login Issue,Medium
9878,Loan Query,Low
9879,Fraud Alert,High
9880,Card Problem,Low
9881,Card Problem,Medium
9882,App Bug,Medium
9883,Login Issue,High
9884,Loan Query,Medium
9885,Billing,Medium
9886,Fraud Alert,Medium
9887,Card Problem,High
9888,Loan Query,Medium
9889,Card Problem,Medium
9890,Loan Query,Medium
9891,Fraud Alert,High
9892,Login Issue,Low
9893,Card Problem,High
9894,Loan Query,Medium
9895,Login Issue,Critical
9896,Login Issue,Medium
9897,Card Problem,Low
9898,Card Problem,Low
9899,Login Issue,Medium
9900,Billing,High
9901,Login Issue,Low
9902,Loan Query,Low
9903,Card Problem,Medium
9904,App Bug,Medium
9905,App Bug,High
9906,App Bug,High
9907,Fraud Alert,Medium
9908,App Bug,Medium
9909,Fraud Alert,High
9910,Login Issue,Critical
9911,Card Problem,Medium
9912,Card Problem,Low
9913,Fraud Alert,Low
9914,Login Issue,Low
9915,Card Problem,Low
9916,Card Problem,Medium
9917,Card Problem,Medium
9918,Fraud Alert,Medium
9919,Fraud Alert,Low
9920,Login Issue,Low
9921,App Bug,Low
9922,Billing,Medium
9923,App Bug,Low
9924,Login Issue,Medium
9925,Loan Query,Low
9926,App Bug,High
9927,Card Problem,High
9928,App Bug,Critical
9929,Loan Query,Medium
9930,App Bug,Low
9931,Billing,Low
9932,Billing,Low
9933,Billing,Critical
9934,Login Issue,Medium
9935,Billing,High
9936,Card Problem,High
9937,Loan Query,High
9938,App Bug,Medium
9939,App Bug,Low
9940,Card Problem,Medium
9941,Fraud Alert,Low
9942,Loan Query,Low
9943,Login Issue,Low
9944,Fraud Alert,Low
9945,App Bug,Low
9946,Card Problem,Low
9947,App Bug,High
9948,Loan Query,Low
9949,Login Issue,Medium
9950,Billing,High
9951,Billing,Low
9952,Login Issue,High
9953,Loan Query,Low
9954,Loan Query,Medium
9955,Login Issue,Low
9956,Login Issue,Low
9957,Card Problem,Low
9958,Loan Query,Low
9959,Loan Query,Medium
9960,Login Issue,Low
9961,Card Problem,Medium
9962,Billing,High
9963,App Bug,Low
9964,Card Problem,High
9965,App Bug,Low
9966,Billing,Critical
9967,Card Problem,High
9968,Loan Query,High
9969,Loan Query,Medium
9970,Loan Query,Medium
9971,Billing,Medium
9972,Loan Query,High
9973,Billing,Low
9974,Fraud Alert,Medium
9975,Loan Query,Medium
9976,Loan Query,Medium
9977,Login Issue,Medium
9978,Billing,Critical
9979,Login Issue,Critical
9980,Billing,Medium
9981,Fraud Alert,Low
9982,Login Issue,Low
9983,Loan Query,High
9984,App Bug,Medium
9985,Billing,Medium
9986,Billing,Low
9987,Fraud Alert,Low
9988,Card Problem,Medium
9989,App Bug,Critical
9990,Card Problem,Medium
9991,Fraud Alert,Low
9992,Billing,High
9993,Fraud Alert,Low
9994,Loan Query,Medium
9995,Card Problem,Medium
9996,Card Problem,Medium
9997,Login Issue,Medium
9998,Card Problem,High
9999,Card Problem,Medium
10000,Card Problem,Medium
10001,Fraud Alert,Medium
10002,Fraud Alert,High
10003,App Bug,Low
10004,Billing,Medium
10005,Loan Query,Medium
10006,Billing,High
10007,Card Problem,High
10008,Fraud Alert,Medium
10009,Login Issue,Low
10010,Login Issue,Medium
10011,Loan Query,Low
10012,Loan Query,Low
10013,Login Issue,Low
10014,App Bug,Low
10015,Loan Query,Low
10017,Fraud Alert,Low
10018,App Bug,Medium
10019,Loan Query,Low
10020,App Bug,High
10021,Loan Query,Critical
10023,Billing,Low
10024,Card Problem,Medium
10025,Card Problem,Low
10026,Card Problem,Critical
10027,Card Problem,Medium
10028,Login Issue,Low
10029,Loan Query,Low
10030,Loan Query,High
10031,Login Issue,High
10032,Login Issue,Medium
10033,Card Problem,Medium
10034,Login Issue,Medium
10035,Fraud Alert,Critical
10036,App Bug,Low
10037,Fraud Alert,High
10038,App Bug,High
10039,Loan Query,Low
10040,Loan Query,Low
10041,Card Problem,Medium
10042,Loan Query,Medium
10043,App Bug,High
10044,App Bug,Low
10045,App Bug,Medium
10046,App Bug,Low
10047,App Bug,Medium
10048,Billing,High
10049,Loan Query,Medium
10050,Login Issue,Low
10051,Billing,Medium
10052,Fraud Alert,Low
10053,Fraud Alert,High
10055,Billing,Medium
10056,Fraud Alert,Low
10057,Loan Query,Medium
10058,Fraud Alert,High
10059,App Bug,Low
10060,Card Problem,Low
10061,Fraud Alert,High
10062,App Bug,Medium
10063,Login Issue,Low
10064,App Bug,Low
10065,Loan Query,Low
10066,Billing,Low
10067,Card Problem,Medium
10068,App Bug,Medium
10069,Login Issue,Medium
10070,Loan Query,High
10071,Card Problem,Low
10072,Billing,Medium
10073,Card Problem,High
10074,Billing,Low
10075,App Bug,High
10076,Fraud Alert,Low
10077,Login Issue,High
10078,Card Problem,Medium
10079,Login Issue,Critical
10080,Card Problem,Medium
10081,Loan Query,Low
10082,Card Problem,Medium
10083,Fraud Alert,Low
10084,Card Problem,Low
10085,Card Problem,Medium
10086,Card Problem,Critical
10087,Loan Query,Low
10088,Loan Query,High
10089,Loan Query,Critical
10090,Login Issue,Low
10092,Fraud Alert,Medium
10093,App Bug,High
10094,Card Problem,Medium
10095,Loan Query,Critical
10096,Card Problem,Low
10097,Fraud Alert,High
10098,Login Issue,Low
10099,Card Problem,Low
10100,Loan Query,Low
10101,Loan Query,Low
10102,Fraud Alert,Low
10103,Card Problem,High
10104,Billing,Low
10105,Login Issue,Medium
10106,Login Issue,Low
10107,Billing,Medium
10108,Billing,Low
10109,Loan Query,Low
10110,App Bug,Medium
10111,App Bug,Low
10112,Card Problem,Low
10113,Loan Query,Low
10114,Login Issue,Low
10115,Loan Query,Medium
10116,Billing,High
10117,Card Problem,Critical
10118,Billing,Low
10119,Card Problem,High
10120,App Bug,High
10121,App Bug,High
10122,Fraud Alert,Low
10123,App Bug,Medium
10124,App Bug,High
10125,Login Issue,Low
10126,Login Issue,Low
10127,Loan Query,Low
10128,App Bug,High
10129,App Bug,Low
10130,Billing,Low
10131,Fraud Alert,Medium
10132,App Bug,Low
10133,App Bug,Low
10134,App Bug,Low
10135,Card Problem,High
10136,Login Issue,Low
10137,Loan Query,Low
10138,App Bug,Low
10139,App Bug,Critical
10140,Fraud Alert,Medium
10142,Billing,Medium
10143,Fraud Alert,Medium
10144,App Bug,Medium
10145,Loan Query,Low
10146,App Bug,Medium
10147,Billing,Low
10148,Login Issue,Medium
10149,Loan Query,Low
10150,Login Issue,High
10151,Fraud Alert,Medium
10152,Loan Query,Medium
10153,App Bug,Medium
10154,Login Issue,Medium
10155,Card Problem,Medium
10156,Login Issue,Medium
10157,Fraud Alert,Low
10158,Card Problem,Low
10159,Billing,High
10160,Fraud Alert,Medium
10161,Billing,Low
10162,Billing,Low
10163,Login Issue,Low
10164,Fraud Alert,Low
10165,App Bug,Medium
10166,Login Issue,Low
10167,Loan Query,Medium
10168,Loan Query,High
10169,Login Issue,Low
10170,Loan Query,High
10171,App Bug,Low
10173,Fraud Alert,Medium
10174,Login Issue,Medium
10175,App Bug,Medium
10176,Billing,Medium
10177,Fraud Alert,Low
10178,Loan Query,Low
10179,Loan Query,High
10180,Loan Query,Low
10181,Card Problem,Medium
10182,Fraud Alert,High
10183,Fraud Alert,Low
10184,Card Problem,Medium
10185,Loan Query,Low
10186,App Bug,High
10187,Loan Query,Medium
10188,Loan Query,Low
10189,Card Problem,Medium
10190,Card Problem,Medium
10191,Loan Query,Medium
10192,Billing,Medium
10193,Login Issue,Low
10194,Loan Query,Low
10195,Fraud Alert,Medium
10196,Login Issue,Medium
10197,App Bug,Medium
10198,Card Problem,Critical
10199,Login Issue,Low
10200,Fraud Alert,Medium
10201,Card Problem,Medium
10202,Card Problem,Low
10203,Loan Query,Medium
10204,Loan Query,Medium
10205,Fraud Alert,High
10206,Billing,Low
10207,Card Problem,High
10208,Login Issue,High
10209,Loan Query,Low
10210,Card Problem,Low
10211,Card Problem,Low
10212,Card Problem,Critical
10214,Fraud Alert,Medium
10215,Card Problem,Critical
10216,Login Issue,Low
10217,Fraud Alert,Medium
10218,App Bug,Low
10219,Login Issue,Low
10220,App Bug,Low
10221,Login Issue,Low
10222,Fraud Alert,Critical
10223,Card Problem,Medium
10224,Login Issue,High
10225,Card Problem,Low
10226,Loan Query,High
10227,Billing,Low
10228,Login Issue,Critical
10229,App Bug,High
10230,Fraud Alert,Critical
10231,App Bug,Low
10232,Login Issue,High
10233,App Bug,Medium
10234,Loan Query,Medium
10235,Card Problem,Critical
10236,Login Issue,Medium
10237,App Bug,Low
10238,Login Issue,Medium
10239,Login Issue,Low
10240,Card Problem,High
10241,Fraud Alert,Critical
10242,App Bug,Critical
10243,Card Problem,High
10244,Fraud Alert,Low
10245,Fraud Alert,Low
10246,Card Problem,High
10247,Loan Query,High
10248,Billing,Low
10249,App Bug,Low
10251,App Bug,Medium
10252,Loan Query,Medium
10253,App Bug,High
10254,Billing,Low
10255,Login Issue,Low
10256,App Bug,Low
10257,App Bug,Critical
10258,Loan Query,High
10260,App Bug,High
10261,Fraud Alert,Low
10262,Billing,Medium
10263,Billing,Low
10264,Login Issue,Low
10265,Billing,Low
10266,Loan Query,Critical
10267,Fraud Alert,Medium
10268,App Bug,Medium
10269,Fraud Alert,Low
10270,Fraud Alert,Critical
10271,Loan Query,Low
10272,Fraud Alert,Medium
10273,Fraud Alert,Low
10274,Card Problem,Medium
10275,Loan Query,Medium
10276,Fraud Alert,Low
10277,Login Issue,Medium
10278,Login Issue,Medium
10279,Card Problem,Low
10280,Fraud Alert,High
10281,App Bug,Low
10282,Card Problem,Low
10283,App Bug,Low
10284,Login Issue,Medium
10286,Billing,Medium
10287,Card Problem,Low
10288,Fraud Alert,Low
10289,Loan Query,Medium
10290,Card Problem,Low
10291,Login Issue,Low
10292,Card Problem,Low
10293,Loan Query,Low
10294,Card Problem,Medium
10295,App Bug,Low
10296,Fraud Alert,Low
10297,Loan Query,Critical
10298,App Bug,Medium
10299,App Bug,Medium
10300,Fraud Alert,Medium
10301,Login Issue,Low
10302,Loan Query,Medium
10303,App Bug,Low
10304,Card Problem,Medium
10305,Billing,Medium
10306,Card Problem,Medium
10307,Billing,Low
10308,Card Problem,Low
10309,App Bug,Low
10310,App Bug,High
10311,Loan Query,Critical
10312,Card Problem,Medium
10313,Billing,Critical
10314,Login Issue,Low
10315,Loan Query,Medium
10316,Loan Query,Medium
10317,Card Problem,Medium
10319,Loan Query,Critical
10320,Fraud Alert,High
10321,App Bug,Medium
10322,Fraud Alert,Medium
10323,Loan Query,Medium
10324,Billing,Critical
10325,Fraud Alert,Medium
10326,Fraud Alert,Low
10327,Login Issue,Low
10328,Billing,High
10329,Card Problem,Medium
10330,Fraud Alert,High
10331,Loan Query,Low
10332,App Bug,Medium
10333,Card Problem,Medium
10334,Card Problem,Low
10335,Fraud Alert,Medium
10336,Loan Query,Low
10337,Card Problem,High
10338,Loan Query,Medium
10339,Billing,Medium
10340,Billing,High
10341,Fraud Alert,Medium
10342,Card Problem,Medium
10343,Card Problem,Medium
10344,Login Issue,Low
10345,App Bug,Low
10346,Login Issue,Medium
10347,Login Issue,Low
10348,Loan Query,High
10349,Billing,Critical
10350,Loan Query,Low
10351,App Bug,Medium
10352,Card Problem,Medium
10353,Fraud Alert,Low
10355,Loan Query,Medium
10356,Loan Query,Medium
10357,App Bug,Low
10358,App Bug,Critical
10359,Fraud Alert,Medium
10360,Billing,High
10361,App Bug,Medium
10362,Card Problem,Low
10363,App Bug,Low
10364,Loan Query,Critical
10365,Card Problem,High
10366,Login Issue,Low
10367,Card Problem,High
10368,Login Issue,Medium
10369,Loan Query,Low
10370,Card Problem,Medium
10371,Billing,Medium
10372,Card Problem,Low
10373,Login Issue,Low
10374,App Bug,Low
10375,Loan Query,Low
10376,Login Issue,Medium
10378,Card Problem,Low
10379,App Bug,Medium
10380,Fraud Alert,Medium
10381,Fraud Alert,Low
10382,Billing,Medium
10383,Loan Query,Low
10384,App Bug,Low
10385,Login Issue,Medium
10386,Card Problem,Medium
10387,Login Issue,Low
10388,Loan Query,Medium
10389,App Bug,High
10390,Fraud Alert,Low
10391,Fraud Alert,Low
10392,App Bug,Medium
10393,Login Issue,Medium
10394,Billing,Medium
10395,App Bug,Low
10396,App Bug,Medium
10397,Fraud Alert,Low
10398,Billing,Medium
10399,App Bug,Medium
10400,Billing,Low
10401,Fraud Alert,Low
10402,Loan Query,Low
10403,App Bug,Medium
10404,Login Issue,High
10405,Loan Query,Medium
10406,Billing,Medium
10407,Billing,Low
10408,Card Problem,Medium
10409,Card Problem,Critical
10410,App Bug,Low
10411,Loan Query,High
10412,Card Problem,High
10413,Login Issue,Medium
10414,Card Problem,Low
10415,Billing,Medium
10416,App Bug,High
10417,Loan Query,Medium
10418,Card Problem,Low
10419,Fraud Alert,Low
10420,App Bug,Critical
10421,App Bug,Medium
10422,Fraud Alert,Medium
10423,Loan Query,Low
10424,Card Problem,Medium
10425,Billing,Low
10426,Fraud Alert,Medium
10427,Billing,Medium
10428,Billing,Medium
10429,App Bug,Low
10430,Login Issue,Medium
10431,App Bug,Medium
10432,Loan Query,High
10433,Billing,High
10434,Login Issue,Medium
10435,Login Issue,Critical
10436,Loan Query,Low
10437,Billing,Low
10438,Card Problem,Low
10439,Loan Query,Low
10440,Loan Query,Medium
10441,Fraud Alert,Low
10442,Billing,Low
10443,Billing,Low
10444,Card Problem,Low
10445,Fraud Alert,Low
10446,Fraud Alert,Medium
10447,Loan Query,Low
10448,Loan Query,High
10449,Loan Query,High
10450,Billing,Low
10451,App Bug,Medium
10452,Billing,High
10453,Card Problem,Low
10454,Fraud Alert,Medium
10455,Login Issue,Medium
10456,Login Issue,High
10457,Loan Query,Medium
10458,Loan Query,High
10459,Fraud Alert,Medium
10460,Fraud Alert,Low
10461,Card Problem,Medium
10462,Login Issue,Medium
10463,Fraud Alert,Critical
10464,Loan Query,Low
10465,Fraud Alert,Medium
10466,Billing,High
10467,Fraud Alert,Low
10468,Billing,Medium
10469,Loan Query,Critical
10470,App Bug,Low
10471,Card Problem,Medium
10472,App Bug,Medium
10473,Billing,Medium
10474,Billing,Medium
10475,Loan Query,Medium
10476,Login Issue,Medium
10477,App Bug,Low
10478,Fraud Alert,Medium
10479,Loan Query,Medium
10480,Loan Query,Medium
10481,App Bug,Medium
10482,Fraud Alert,Low
10483,Card Problem,Critical
10484,App Bug,Medium
10485,Billing,Low
10486,Billing,Medium
10487,Login Issue,High
10488,Card Problem,Critical
10489,Fraud Alert,Medium
10490,App Bug,Medium
10491,Loan Query,Low
10492,Loan Query,High
10493,App Bug,Low
10494,App Bug,Low
10495,Card Problem,Critical
10496,Fraud Alert,Medium
10497,Login Issue,Medium
10498,Billing,Low
10499,Card Problem,High
10500,Fraud Alert,Low
10501,Card Problem,Low
10502,Login Issue,Low
10503,Card Problem,Medium
10504,Billing,Low
10505,Billing,Medium
10506,Fraud Alert,Medium
10507,Fraud Alert,Medium
10508,Billing,Low
10509,Login Issue,Low
10510,App Bug,Medium
10511,App Bug,Low
10512,Card Problem,High
10513,Card Problem,Medium
10514,App Bug,High
10515,Fraud Alert,Medium
10516,Billing,Medium
10517,Card Problem,High
10518,Card Problem,High
10519,Loan Query,Low
10520,App Bug,High
10521,Card Problem,Medium
10522,Fraud Alert,Critical
10523,App Bug,Medium
10524,Billing,High
10525,Fraud Alert,High
10526,Login Issue,Medium
10527,Card Problem,Low
10528,App Bug,Medium
10529,App Bug,Critical
10530,App Bug,Medium
10531,Loan Query,Medium
10532,Loan Query,High
10533,App Bug,Medium
10534,App Bug,High
10535,Login Issue,Medium
10536,Loan Query,Medium
10537,Billing,Low
10538,Billing,Low
10539,Fraud Alert,Low
10540,Fraud Alert,Medium
10541,Login Issue,High
10542,Fraud Alert,Low
10543,Login Issue,High
10544,Loan Query,Low
10545,Login Issue,Medium
10546,Loan Query,High
10547,Login Issue,Low
10548,Login Issue,High
10549,App Bug,Low
10550,Billing,Medium
10551,Card Problem,High
10552,Billing,Low
10553,Billing,Medium
10554,Login Issue,Medium
10555,Billing,Low
10556,Card Problem,High
10557,Card Problem,Low
10558,Loan Query,High
10559,App Bug,High
10560,Login Issue,Low
10561,Card Problem,Medium
10563,Billing,Medium
10564,Fraud Alert,Low
10565,Loan Query,Medium
10566,Billing,Medium
10567,Login Issue,Low
10568,App Bug,Low
10569,App Bug,Low
10570,Loan Query,High
10571,Card Problem,Low
10572,Fraud Alert,Critical
10573,Billing,Low
10574,Billing,Low
10575,Login Issue,Medium
10576,Loan Query,Medium
10577,Loan Query,Low
10578,Card Problem,Low
10579,Card Problem,Critical
10580,Login Issue,Medium
10581,Billing,Medium
10582,Fraud Alert,High
10583,Loan Query,Low
10584,Loan Query,Low
10585,Fraud Alert,Low
10586,Login Issue,Low
10587,Login Issue,Medium
10588,Billing,Low
10589,Billing,Medium
10590,Login Issue,High
10591,Login Issue,Low
10592,Loan Query,Medium
10593,Card Problem,High
10594,App Bug,Medium
10595,Card Problem,Low
10598,App Bug,Medium
10599,Login Issue,High
10600,Billing,Low
10601,Card Problem,Medium
10602,Loan Query,Low
10603,Billing,Medium
10604,Billing,Critical
10605,App Bug,Medium
10606,Login Issue,Critical
10607,Fraud Alert,Low
10608,Login Issue,Low
10609,App Bug,Medium
10610,App Bug,Medium
10611,Billing,Medium
10612,Fraud Alert,Medium
10613,Billing,High
10614,App Bug,Low
10615,Login Issue,Medium
10616,Card Problem,Low
10617,Loan Query,Low
10618,Login Issue,Low
10619,Loan Query,Low
10620,Loan Query,Critical
10621,Fraud Alert,High
10622,Loan Query,Medium
10623,Billing,Low
10624,Billing,Low
10625,Fraud Alert,Medium
10626,Login Issue,Low
10627,Login Issue,Low
10628,Login Issue,Low
10629,Login Issue,High
10630,Card Problem,Low
10631,Billing,Medium
10632,Login Issue,Low
10633,Fraud Alert,Low
10634,Card Problem,Low
10635,Fraud Alert,Medium
10636,App Bug,Low
10637,Login Issue,Medium
10638,Card Problem,Low
10639,Billing,Critical
10640,Loan Query,High
10641,Billing,Medium
10642,Billing,High
10643,App Bug,Low
10644,Fraud Alert,High
10645,Fraud Alert,Low
10646,Billing,Low
10647,Loan Query,Medium
10648,Loan Query,Low
10649,Loan Query,High
10650,Fraud Alert,Medium
10651,App Bug,Low
10652,Login Issue,Low
10653,Loan Query,Low
10654,Card Problem,High
10655,Loan Query,Medium
10656,Card Problem,High
10657,Loan Query,Medium
10658,Loan Query,Critical
10659,Fraud Alert,Low
10660,Loan Query,Medium
10661,Card Problem,Medium
10662,Login Issue,Low
10663,App Bug,Low
10664,Loan Query,Medium
10665,Card Problem,Medium
10666,Login Issue,Medium
10667,Loan Query,Low
10668,App Bug,Medium
10669,Loan Query,Medium
10670,Loan Query,High
10671,Billing,Medium
10672,Login Issue,Low
10673,Card Problem,Low
10674,Card Problem,Low
10675,App Bug,Critical
10676,Fraud Alert,Low
10677,Login Issue,Medium
10678,Fraud Alert,Medium
10679,App Bug,Critical
10680,Loan Query,Low
10681,Fraud Alert,Medium
10683,Loan Query,Medium
10684,App Bug,Low
10685,App Bug,Low
10686,Card Problem,Critical
10687,Fraud Alert,High
10688,Login Issue,Low
10689,Login Issue,Critical
10690,App Bug,Medium
10691,Fraud Alert,Low
10692,Billing,Critical
10693,Fraud Alert,Medium
10694,Login Issue,Medium
10695,App Bug,Low
10696,App Bug,Critical
10697,Card Problem,Low
10698,Loan Query,Low
10699,Billing,Low
10700,Fraud Alert,Low
10701,App Bug,Medium
10702,Card Problem,High
10703,Loan Query,Low
10705,Billing,Low
10706,Fraud Alert,Low
10707,Fraud Alert,Low
10708,Fraud Alert,Low
10709,Card Problem,Low
10710,Fraud Alert,High
10711,Fraud Alert,Low
10712,Loan Query,Low
10713,Loan Query,Medium
10714,App Bug,Low
10715,Loan Query,High
10716,App Bug,Low
10717,Card Problem,High
10718,Login Issue,High
10719,Card Problem,Medium
10720,Login Issue,Medium
10721,Fraud Alert,High
10722,App Bug,Low
10723,Billing,High
10724,Loan Query,Low
10725,Loan Query,Critical
10726,Fraud Alert,Medium
10727,Loan Query,Low
10728,Billing,Low
10729,Loan Query,High
10730,Fraud Alert,Low
10731,App Bug,Low
10732,Login Issue,Medium
10733,Card Problem,High
10734,Card Problem,Low
10735,Card Problem,High
10736,Billing,Medium
10737,Billing,Medium
10738,Fraud Alert,Medium
10739,Billing,High
10741,Billing,High
10742,App Bug,Low
10743,Card Problem,Medium
10744,Loan Query,Low
10745,Fraud Alert,High
10746,App Bug,Critical
10747,Card Problem,Medium
10748,App Bug,Low
10750,Loan Query,Medium
10751,Fraud Alert,Low
10752,App Bug,Low
10753,Card Problem,Low
10754,Card Problem,Low
10755,Fraud Alert,High
10756,Loan Query,Medium
10757,App Bug,Low
10758,Loan Query,Low
10759,Login Issue,High
10760,Loan Query,Medium
10761,Loan Query,Low
10762,App Bug,Low
10763,Card Problem,Low
10764,App Bug,Low
10765,Login Issue,Low
10766,Loan Query,Low
10767,Login Issue,Low
10768,Login Issue,Low
10769,Card Problem,High
10770,Card Problem,Low
10771,Billing,Low
10772,App Bug,Critical
10773,App Bug,High
10774,Fraud Alert,Medium
10775,Card Problem,Medium
10776,Login Issue,Medium
10777,Card Problem,Medium
10778,Login Issue,Low
10779,Billing,Low
10781,Fraud Alert,Medium
10782,App Bug,Medium
10783,Fraud Alert,Medium
10784,Loan Query,Medium
10785,Loan Query,High
10786,Login Issue,Medium
10787,Login Issue,Medium
10788,Card Problem,Medium
10789,Loan Query,Low
10790,Loan Query,Medium
10791,App Bug,High
10792,Billing,Low
10793,Fraud Alert,Medium
10794,Billing,Medium
10795,Fraud Alert,High
10796,Card Problem,High
10797,Card Problem,Medium
10798,Login Issue,Medium
10799,Fraud Alert,Low
10800,App Bug,Low
10801,Login Issue,Medium
10802,Fraud Alert,Medium
10803,Fraud Alert,Low
10804,Fraud Alert,Medium
10805,Fraud Alert,High
10806,App Bug,High
10807,App Bug,Low
10808,App Bug,High
10809,App Bug,Low
10810,App Bug,High
10811,Card Problem,Low
10812,Fraud Alert,Low
10813,App Bug,Low
10814,Loan Query,Medium
10815,Card Problem,Medium
10816,Loan Query,Low
10817,Fraud Alert,Medium
10818,Loan Query,Low
10819,App Bug,Medium
10820,Login Issue,Medium
10821,Loan Query,Medium
10822,Login Issue,Low
10823,Billing,Critical
10824,Login Issue,Low
10825,Billing,Medium
10826,Login Issue,Medium
10827,App Bug,Medium
10828,Billing,High
10829,Loan Query,Medium
10830,App Bug,Low
10831,Loan Query,Low
10832,Fraud Alert,Medium
10833,Card Problem,Medium
10834,Login Issue,Low
10835,Fraud Alert,Low
10836,Fraud Alert,Medium
10837,Billing,Low
10838,Card Problem,High
10839,Card Problem,Low
10840,Loan Query,Low
10841,App Bug,Medium
10842,Login Issue,Medium
10843,Loan Query,Low
10844,Fraud Alert,Medium
10845,Fraud Alert,Low
10846,Card Problem,Medium
10847,Card Problem,Low
10848,Login Issue,Medium
10849,App Bug,Medium
10850,Card Problem,Low
10851,Billing,Medium
10852,Billing,Medium
10853,Billing,Low
10854,App Bug,High
10855,Card Problem,High
10857,Login Issue,Low
10858,Loan Query,Medium
10859,Fraud Alert,Medium
10860,Loan Query,Low
10861,Billing,Medium
10862,Login Issue,Medium
10863,App Bug,Low
10864,Card Problem,High
10865,App Bug,High
10866,Loan Query,High
10867,Loan Query,Medium
10868,Login Issue,High
10869,Loan Query,Low
10870,Fraud Alert,Medium
10871,Login Issue,Low
10872,Loan Query,Low
10873,Card Problem,Critical
10874,Login Issue,Low
10875,Loan Query,Low
10876,Login Issue,Low
10877,Fraud Alert,Medium
10878,App Bug,High
10879,Loan Query,High
10880,Login Issue,High
10881,App Bug,Critical
10882,Card Problem,Medium
10883,Login Issue,Medium
10884,Card Problem,Low
10885,Login Issue,Medium
10886,Card Problem,Medium
10887,Fraud Alert,Low
10888,Login Issue,Low
10889,Fraud Alert,Low
10890,Loan Query,Low
10891,Loan Query,Low
10892,App Bug,Medium
10893,Billing,Medium
10894,Billing,Medium
10895,Billing,High
10896,Fraud Alert,Medium
10898,App Bug,Low
10899,Fraud Alert,High
10900,Billing,High
10902,Card Problem,Critical
10903,Loan Query,Low
10904,Login Issue,Medium
10905,Card Problem,Low
10906,Fraud Alert,Low
10907,App Bug,Low
10908,Billing,Low
10909,Fraud Alert,High
10910,Fraud Alert,High
10911,Fraud Alert,Low
10912,Loan Query,Critical
10913,Fraud Alert,Low
10914,Card Problem,High
10915,Login Issue,Low
10916,Billing,Critical
10917,Card Problem,High
10918,Loan Query,Medium
10919,Login Issue,Medium
10920,Billing,Low
10921,Billing,Low
10922,App Bug,Medium
10923,App Bug,Low
10924,Login Issue,High
10926,Fraud Alert,Low
10927,App Bug,Medium
10928,Billing,Low
10929,Card Problem,Critical
10931,App Bug,Low
10932,App Bug,Medium
10933,Billing,Low
10934,Login Issue,Medium
10935,Billing,Low
10936,Login Issue,Medium
10938,Card Problem,Low
10939,Login Issue,High
10940,Login Issue,Low
10941,Card Problem,Low
10942,Login Issue,Low
10943,Login Issue,Low
10944,Fraud Alert,Low
10945,Loan Query,Medium
10946,Billing,Low
10947,App Bug,Low
10948,Login Issue,Low
10949,App Bug,High
10950,Loan Query,Medium
10951,Card Problem,Low
10952,Card Problem,Medium
10953,Billing,High
10954,Login Issue,Critical
10955,Billing,Medium
10956,App Bug,High
10957,Fraud Alert,High
10958,Fraud Alert,High
10959,Card Problem,Low
10960,Loan Query,High
10961,Card Problem,High
10962,Login Issue,Low
10963,Loan Query,Low
10964,Fraud Alert,High
10965,Card Problem,Low
10966,App Bug,High
10967,Login Issue,Medium
10968,App Bug,Low
10969,App Bug,Low
10970,Card Problem,Low
10971,App Bug,Medium
10972,Login Issue,Medium
10973,Login Issue,Critical
10974,Card Problem,Medium
10975,Login Issue,High
10976,Login Issue,High
10977,Billing,Medium
10978,App Bug,High
10979,Billing,Medium
10980,App Bug,Low
10981,Card Problem,Medium
10982,Login Issue,Medium
10983,Fraud Alert,Low
10984,Billing,Medium
10985,Loan Query,Medium
10986,App Bug,Medium
10987,Loan Query,Medium
10988,App Bug,High
10989,App Bug,High
10990,Loan Query,Critical
10991,Loan Query,Medium
10992,Loan Query,Critical
10993,Fraud Alert,Medium
10994,Fraud Alert,Low
10995,Loan Query,Low
10996,Fraud Alert,Low
10997,App Bug,High
10998,Billing,High
10999,Fraud Alert,Low
11000,Card Problem,Medium
11001,Card Problem,Low
11002,Loan Query,Low
11003,Fraud Alert,Low
11004,Billing,Medium
11005,Card Problem,Low
11006,Loan Query,Low
11007,Billing,Medium
11008,Billing,High
11009,Card Problem,Medium
11010,Fraud Alert,Low
11011,Loan Query,Medium
11012,Billing,Medium
11013,Fraud Alert,Critical
11014,Login Issue,Medium
11015,Card Problem,Critical
11016,Fraud Alert,Critical
11017,Loan Query,Low
11018,Fraud Alert,Low
11019,Loan Query,Low
11020,App Bug,Low
11021,Loan Query,Medium
11022,Login Issue,High
11023,Login Issue,Low
11024,Loan Query,Medium
11025,Billing,Low
11026,Fraud Alert,Low
11027,Billing,Medium
11028,Login Issue,Critical
11029,Fraud Alert,Medium
11030,Card Problem,Low
11031,Loan Query,Critical
11032,Login Issue,Medium
11033,Loan Query,Low
11034,Fraud Alert,Low
11035,Loan Query,Low
11037,Loan Query,Medium
11038,Fraud Alert,Low
11039,App Bug,Medium
11040,Loan Query,High
11041,Fraud Alert,Medium
11042,Card Problem,High
11043,Login Issue,High
11044,Fraud Alert,Medium
11045,Billing,Medium
11046,App Bug,Medium
11047,Billing,Low
11048,Billing,Low
11049,Card Problem,Medium
11050,Fraud Alert,High
11051,Card Problem,Low
11052,Fraud Alert,High
11053,Fraud Alert,Medium
11054,App Bug,High
11055,Fraud Alert,Low
11056,Loan Query,Low
11057,Billing,High
11058,Fraud Alert,Critical
11059,Billing,Medium
11060,Loan Query,Medium
11062,App Bug,Low
11063,Fraud Alert,High
11064,Fraud Alert,Low
11065,Loan Query,Low
11066,Card Problem,Medium
11067,Loan Query,Low
11068,App Bug,Critical
11069,Loan Query,Low
11070,Card Problem,Low
11071,Loan Query,Low
11072,App Bug,Low
11074,Loan Query,Medium
11075,Login Issue,Low
11076,Fraud Alert,Medium
11077,Login Issue,Low
11078,App Bug,High
11079,App Bug,Low
11080,App Bug,High
11081,Login Issue,High
11083,Fraud Alert,Low
11084,App Bug,High
11085,Login Issue,Low
11086,Login Issue,High
11087,Fraud Alert,Medium
11088,Billing,Low
11089,Card Problem,Low
11090,Fraud Alert,Medium
11091,Loan Query,Low
11092,Fraud Alert,Medium
11093,Loan Query,Low
11094,Fraud Alert,Low
11095,Card Problem,Low
11096,App Bug,High
11097,Billing,Medium
11098,Billing,High
11099,Fraud Alert,Low
11100,App Bug,Low
11101,Loan Query,Low
11102,Billing,Medium
11103,Loan Query,High
11104,Login Issue,Medium
11105,App Bug,Low
11106,Billing,Medium
11107,Billing,High
11108,App Bug,Medium
11109,App Bug,Low
11110,Billing,Low
11111,Billing,Medium
11112,Loan Query,Low
11113,Loan Query,Low
11114,Fraud Alert,Low
11115,Loan Query,High
11116,Card Problem,High
11117,Fraud Alert,Medium
11118,Fraud Alert,High
11119,Billing,Low
11120,Login Issue,Medium
11121,Loan Query,Low
11122,Loan Query,High
11123,App Bug,Low
11124,Login Issue,Medium
11125,Login Issue,Low
11126,Billing,High
11127,Loan Query,High
11128,Login Issue,High
11129,Fraud Alert,Medium
11130,Login Issue,Medium
11131,Card Problem,High
11132,App Bug,Low
11133,Card Problem,Low
11134,Loan Query,Low
11135,Billing,High
11136,Billing,Medium
11137,Loan Query,Low
11138,Loan Query,Low
11139,Fraud Alert,Low
11140,Billing,Medium
11141,App Bug,Critical
11142,Card Problem,Low
11143,Fraud Alert,Low
11144,Fraud Alert,Low
11145,Card Problem,Low
11146,Billing,Low
11147,Fraud Alert,Medium
11148,Fraud Alert,Medium
11149,Billing,Low
11150,Login Issue,High
11151,Card Problem,Medium
11152,App Bug,Critical
11153,Card Problem,Low
11154,Billing,Low
11155,Login Issue,High
11156,Loan Query,High
11157,Billing,Medium
11158,Fraud Alert,Medium
11159,Login Issue,Critical
11160,Fraud Alert,Low
11161,Login Issue,Low
11162,Loan Query,Medium
11163,Login Issue,Low
11165,Billing,Medium
11166,Billing,Medium
11167,Billing,Low
11168,Billing,High
11169,App Bug,Medium
11170,Login Issue,Medium
11171,Login Issue,High
11172,Loan Query,Low
11173,Fraud Alert,Low
11174,Billing,High
11175,Loan Query,High
11176,App Bug,Medium
11177,Fraud Alert,Low
11178,Billing,High
11179,App Bug,High
11180,Login Issue,Low
11181,Login Issue,High
11182,Login Issue,Low
11183,Login Issue,Low
11184,Loan Query,Low
11185,Loan Query,Low
11186,Fraud Alert,Low
11187,Login Issue,Low
11188,Billing,Low
11190,App Bug,Medium
11191,Loan Query,Medium
11192,Login Issue,Medium
11193,Fraud Alert,High
11194,Login Issue,Low
11195,Card Problem,Medium
11196,Login Issue,Low
11197,Billing,High
11198,Loan Query,High
11199,Login Issue,Medium
11200,Billing,High
11201,Fraud Alert,Low
11202,Loan Query,Medium
11203,Billing,Low
11204,Login Issue,Low
11205,Fraud Alert,Medium
11206,Fraud Alert,Medium
11207,Billing,Low
11208,Login Issue,Low
11209,Card Problem,High
11210,Fraud Alert,Medium
11211,Login Issue,Medium
11212,Billing,Medium
11213,Fraud Alert,Low
11214,Loan Query,Medium
11215,Card Problem,Medium
11216,App Bug,High
11217,Loan Query,Medium
11218,App Bug,Medium
11219,Fraud Alert,Low
11220,Card Problem,High
11221,Card Problem,Medium
11222,Login Issue,Low
11223,Fraud Alert,Medium
11224,Billing,Medium
11225,Loan Query,Low
11226,Billing,Low
11227,Fraud Alert,Medium
11228,Card Problem,Critical
11229,Login Issue,High
11230,Login Issue,High
11231,Card Problem,Medium
11232,Billing,Medium
11233,Loan Query,Low
11234,Login Issue,Low
11235,Card Problem,Medium
11236,Fraud Alert,Low
11237,Billing,Medium
11238,Fraud Alert,Medium
11239,App Bug,High
11240,Loan Query,Low
11241,Loan Query,Medium
11242,Login Issue,High
11243,Card Problem,Medium
11244,App Bug,Low
11245,App Bug,Medium
11246,Loan Query,Low
11247,Billing,High
11248,App Bug,Medium
11249,Billing,High
11250,App Bug,Low
11251,Login Issue,Medium
11252,Fraud Alert,Critical
11254,Loan Query,Low
11255,Fraud Alert,Low
11256,Login Issue,Low
11257,Login Issue,Critical
11258,Fraud Alert,Medium
11259,Loan Query,Low
11260,Loan Query,Medium
11261,Fraud Alert,Low
11262,Fraud Alert,Low
11263,Card Problem,Medium
11264,Card Problem,Medium
11265,Card Problem,Medium
11266,Login Issue,Medium
11267,Loan Query,Medium
11268,Card Problem,Low
11269,Loan Query,High
11270,Card Problem,Critical
11271,Card Problem,Low
11272,Card Problem,Low
11273,Billing,Medium
11274,App Bug,High
11275,Card Problem,Medium
11276,Loan Query,High
11277,Fraud Alert,Low
11278,Fraud Alert,Medium
11279,Billing,Medium
11280,Fraud Alert,Medium
11281,Card Problem,Medium
11282,Card Problem,Medium
11283,Loan Query,High
11284,Login Issue,Medium
11285,Card Problem,Medium
11286,Fraud Alert,High
11287,Billing,Low
11288,App Bug,Medium
11289,Loan Query,High
11290,Billing,Low
11291,Fraud Alert,Medium
11292,Card Problem,Low
11293,Loan Query,High
11294,Card Problem,Medium
11295,Fraud Alert,Medium
11296,Login Issue,Medium
11297,Login Issue,Medium
11299,App Bug,Medium
11300,Card Problem,Medium
11301,Billing,Low
11302,App Bug,Medium
11303,Billing,Low
11304,Card Problem,Low
11305,Card Problem,High
11306,Billing,Low
11307,App Bug,Low
11308,App Bug,Medium
11309,App Bug,High
11310,Billing,High
11311,Fraud Alert,Low
11313,Loan Query,Low
11314,Billing,Critical
11315,Loan Query,Low
11316,Fraud Alert,Low
11317,Card Problem,Medium
11318,Fraud Alert,Low
11319,Billing,Low
11320,Login Issue,Low
11321,App Bug,Low
11322,App Bug,High
11323,App Bug,Critical
11324,Fraud Alert,Low
11325,App Bug,Low
11326,Billing,Low
11327,Fraud Alert,High
11328,Card Problem,Medium
11329,Login Issue,Low
11330,Billing,Medium
11331,Billing,High
11332,Loan Query,Medium
11333,Billing,Medium
11334,Billing,Medium
11335,Card Problem,High
11336,Login Issue,Critical
11337,App Bug,Medium
11338,Loan Query,Low
11339,Login Issue,Low
11340,Card Problem,Low
11341,Loan Query,Medium
11342,Fraud Alert,Low
11343,Login Issue,Medium
11344,Fraud Alert,Low
11345,Loan Query,High
11346,Loan Query,High
11347,Login Issue,Low
11348,Card Problem,Low
11349,Loan Query,Medium
11350,Fraud Alert,Low
11351,Billing,Medium
11352,App Bug,Medium
11353,App Bug,Medium
11354,Login Issue,Low
11355,Billing,High
11356,Billing,Low
11357,App Bug,High
11358,Billing,Low
11359,App Bug,Medium
11360,Fraud Alert,Medium
11361,Login Issue,High
11362,Card Problem,Critical
11363,App Bug,Critical
11364,Card Problem,Critical
11365,Login Issue,Low
11366,Card Problem,Medium
11367,Fraud Alert,Low
11368,Card Problem,High
11369,Login Issue,Medium
11370,Login Issue,Medium
11371,App Bug,Low
11372,Fraud Alert,Medium
11373,Loan Query,Low
11374,Billing,Medium
11375,App Bug,Medium
11376,Fraud Alert,Medium
11377,Card Problem,Low
11378,Billing,Low
11379,App Bug,High
11380,Login Issue,Medium
11381,Card Problem,Medium
11382,Card Problem,Low
11383,Billing,Critical
11384,Card Problem,Medium
11385,App Bug,Medium
11386,Login Issue,Medium
11387,Loan Query,Medium
11388,Billing,Medium
11389,Loan Query,Critical
11390,App Bug,Medium
11391,Fraud Alert,Low
11392,Billing,Medium
11393,Login Issue,Critical
11394,Card Problem,Medium
11395,Billing,Low
11396,Billing,Critical
11397,Loan Query,Low
11398,Login Issue,Medium
11399,Billing,Low
11400,Login Issue,Low
11401,Card Problem,Low
11402,Loan Query,Low
11403,App Bug,Low
11404,Login Issue,Critical
11405,Loan Query,Medium
11406,Login Issue,Medium
11407,Login Issue,Low
11408,Billing,Low
11409,Card Problem,Medium
11410,Card Problem,Medium
11411,Billing,Low
11412,Billing,Low
11413,Login Issue,Low
11414,Card Problem,Medium
11415,App Bug,Critical
11416,Card Problem,Low
11417,Fraud Alert,Medium
11418,Billing,Low
11420,App Bug,Medium
11421,Login Issue,Low
11422,Billing,Medium
11423,App Bug,Medium
11424,App Bug,Low
11425,Login Issue,Low
11426,Loan Query,Low
11427,App Bug,Critical
11428,Billing,Medium
11429,Login Issue,Medium
11430,Billing,Low
11431,Billing,Medium
11432,Card Problem,High
11433,Login Issue,Medium
11434,Loan Query,Low
11436,Loan Query,Low
11437,App Bug,Low
11438,Fraud Alert,Medium
11439,Login Issue,Low
11440,App Bug,Low
11441,App Bug,Low
11442,Billing,Low
11443,Card Problem,Medium
11444,Card Problem,Medium
11445,Billing,Medium
11446,Loan Query,Low
11447,Billing,Low
11448,Billing,High
11449,Card Problem,Medium
11450,Login Issue,Low
11451,App Bug,Medium
11452,Billing,Medium
11453,Loan Query,Medium
11454,App Bug,Low
11455,Login Issue,Critical
11456,Fraud Alert,Low
11457,Fraud Alert,Medium
11458,Billing,Medium
11459,Login Issue,Medium
11460,App Bug,High
11461,Fraud Alert,High
11462,Fraud Alert,Low
11463,Login Issue,Critical
11464,Fraud Alert,High
11465,Loan Query,Medium
11466,App Bug,Low
11467,Card Problem,High
11468,Loan Query,Medium
11469,Fraud Alert,Medium
11470,Loan Query,Low
11471,Billing,Medium
11472,App Bug,Low
11473,Billing,Low
11474,App Bug,Medium
11475,Login Issue,Low
11476,Loan Query,Low
11477,Billing,High
11478,App Bug,Low
11479,App Bug,Low
11480,Billing,Low
11481,Login Issue,Medium
11482,App Bug,High
11483,Fraud Alert,Medium
11484,Card Problem,High
11485,Fraud Alert,Low
11486,Billing,High
11487,Login Issue,Low
11488,Fraud Alert,Medium
11489,Card Problem,Critical
11490,App Bug,Low
11491,Fraud Alert,High
11492,Fraud Alert,Low
11493,Login Issue,Critical
11494,Login Issue,Medium
11495,Billing,Medium
11496,App Bug,High
11497,Loan Query,Critical
11498,Loan Query,Low
11499,Login Issue,Low
11500,App Bug,High
11501,App Bug,Medium
11502,Login Issue,Low
11503,Loan Query,Medium
11504,Billing,Low
11505,App Bug,Medium
11506,Fraud Alert,Medium
11507,App Bug,Medium
11508,App Bug,Low
11509,Card Problem,Low
11510,App Bug,Low
11511,Fraud Alert,Medium
11512,Loan Query,Low
11513,Billing,Low
11514,App Bug,Low
11515,Card Problem,Low
11516,App Bug,Medium
11517,Login Issue,Low
11518,Fraud Alert,Medium
11519,Billing,High
11520,App Bug,Low
11521,Fraud Alert,Low
11522,Loan Query,Low
11523,Login Issue,Medium
11524,Card Problem,Low
11525,Fraud Alert,Low
11526,Login Issue,High
11527,Fraud Alert,Low
11528,Loan Query,Low
11529,App Bug,Low
11530,Billing,Low
11531,Loan Query,Low
11532,Fraud Alert,High
11533,Card Problem,Low
11534,Fraud Alert,Critical
11535,Login Issue,Medium
11536,Fraud Alert,High
11537,Card Problem,Medium
11538,Card Problem,High
11539,Fraud Alert,Low
11540,Login Issue,Medium
11541,Login Issue,Medium
11542,App Bug,Medium
11543,App Bug,Critical
11544,App Bug,Medium
11545,Fraud Alert,Low
11546,Loan Query,Low
11547,Card Problem,Medium
11548,Loan Query,High
11549,Loan Query,Medium
11550,App Bug,Medium
11551,Fraud Alert,High
11552,App Bug,Critical
11553,Loan Query,Medium
11554,Loan Query,Medium
11555,Loan Query,Medium
11556,Login Issue,Medium
11557,Fraud Alert,Low
11558,App Bug,Medium
11559,App Bug,Low
11560,App Bug,Critical
11561,Fraud Alert,High
11562,Loan Query,Medium
11563,Login Issue,Critical
11564,Fraud Alert,High
11565,Login Issue,High
11566,Card Problem,High
11567,Card Problem,High
11568,Loan Query,Medium
11569,Billing,Medium
11570,Billing,Critical
11571,Login Issue,Low
11572,Loan Query,Medium
11573,Card Problem,Medium
11574,Fraud Alert,Medium
11575,Fraud Alert,Low
11576,Billing,Low
11577,Fraud Alert,Medium
11578,Billing,Medium
11579,Loan Query,Low
11580,Billing,Low
11581,Card Problem,Critical
11582,Fraud Alert,Low
11583,Billing,Medium
11584,Fraud Alert,Low
11585,Card Problem,Low
11586,Fraud Alert,Low
11587,Loan Query,Medium
11588,Fraud Alert,Low
11589,App Bug,Low
11590,Card Problem,Medium
11591,Card Problem,Medium
11592,Billing,Low
11593,Billing,Critical
11594,Login Issue,Medium
11595,Fraud Alert,Medium
11596,Billing,High
11597,Loan Query,High
11598,App Bug,Low
11599,Card Problem,Medium
11600,Card Problem,Medium
11601,Billing,Medium
11602,App Bug,Medium
11603,Login Issue,Medium
11604,Loan Query,Medium
11605,Billing,Medium
11606,App Bug,Medium
11607,App Bug,Medium
11608,Loan Query,Medium
11609,Fraud Alert,Medium
11610,Loan Query,High
11611,Login Issue,Medium
11613,Loan Query,High
11614,Loan Query,Low
11615,Login Issue,Low
11616,App Bug,Medium
11617,Card Problem,Critical
11618,Loan Query,Low
11619,Billing,Low
11620,Billing,Medium
11621,Billing,Medium
11622,Card Problem,Low
11623,Billing,Low
11624,Loan Query,Medium
11625,Loan Query,Low
11626,App Bug,Low
11627,Card Problem,Medium
11628,App Bug,Low
11629,App Bug,Medium
11630,Login Issue,High
11631,Billing,Medium
11632,App Bug,Medium
11633,Billing,Medium
11634,Login Issue,Medium
11635,Card Problem,Low
11636,Login Issue,High
11637,Loan Query,Critical
11638,Card Problem,Medium
11639,Card Problem,Medium
11640,Billing,Low
11641,Loan Query,Low
11642,Fraud Alert,Critical
11643,Billing,Low
11644,Loan Query,Low
11645,Card Problem,Low
11646,Fraud Alert,Medium
11647,App Bug,Medium
11648,App Bug,High
11649,Billing,High
11650,Login Issue,Medium
11651,App Bug,Low
11652,Card Problem,Critical
11653,Loan Query,Critical
11654,Card Problem,Low
11655,Fraud Alert,High
11656,Card Problem,Low
11657,Billing,Low
11658,Card Problem,Low
11659,Loan Query,Low
11660,Billing,Low
11661,Billing,Medium
11662,App Bug,Low
11663,Login Issue,Medium
11664,Loan Query,High
11665,Login Issue,Medium
11666,Loan Query,High
11667,Card Problem,Medium
11668,Card Problem,Medium
11669,Loan Query,Low
11670,App Bug,Medium
11671,App Bug,Low
11672,App Bug,Critical
11673,Billing,Medium
11674,Login Issue,Medium
11675,Billing,Medium
11676,App Bug,Low
11677,App Bug,Medium
11678,App Bug,Low
11679,Card Problem,Medium
11680,Billing,Low
11681,App Bug,High
11682,Card Problem,Low
11683,Loan Query,Low
11684,Login Issue,Medium
11685,Loan Query,Medium
11686,Card Problem,Low
11687,Fraud Alert,Medium
11688,Login Issue,Low
11689,Card Problem,Critical
11690,Loan Query,Critical
11691,Fraud Alert,Critical
11692,Card Problem,High
11693,Card Problem,Medium
11694,Login Issue,Medium
11695,Billing,Medium
11696,Login Issue,Low
11697,App Bug,High
11698,Fraud Alert,Low
11699,Loan Query,Low
11700,Card Problem,Medium
11701,App Bug,High
11702,Login Issue,Medium
11703,Billing,Critical
11704,App Bug,Low
11705,Loan Query,High
11706,Login Issue,Medium
11707,Card Problem,Low
11708,Fraud Alert,Critical
11709,Billing,Low
11710,Billing,Low
11711,Loan Query,Low
11712,App Bug,High
11713,App Bug,Low
11714,App Bug,Medium
11715,Fraud Alert,High
11716,App Bug,Low
11717,Billing,Low
11718,App Bug,Medium
11719,App Bug,Low
11720,Fraud Alert,Medium
11721,Fraud Alert,High
11722,Card Problem,Low
11723,Billing,High
11725,Billing,Low
11726,Billing,Low
11727,Billing,Medium
11728,Login Issue,High
11729,Fraud Alert,Medium
11730,Loan Query,Medium
11731,Billing,Medium
11732,Fraud Alert,High
11733,App Bug,Medium
11734,Loan Query,Medium
11735,Login Issue,Critical
11736,Loan Query,Critical
11737,Loan Query,High
11739,App Bug,High
11740,Billing,Low
11741,Loan Query,High
11742,Loan Query,Medium
11743,Billing,Medium
11744,Billing,Medium
11745,App Bug,High
11746,Login Issue,Low
11747,Fraud Alert,Low
11748,Login Issue,High
11749,Card Problem,High
11750,Loan Query,Medium
11751,Fraud Alert,High
11752,Fraud Alert,Low
11753,Card Problem,Medium
11754,App Bug,Medium
11755,Billing,Medium
11756,Loan Query,Low
11757,Fraud Alert,Low
11758,Fraud Alert,Medium
11759,Fraud Alert,Medium
11760,Fraud Alert,High
11761,App Bug,High
11762,Fraud Alert,Medium
11763,App Bug,High
11764,Login Issue,Low
11765,App Bug,Low
11766,Billing,Low
11767,Billing,Medium
11768,Fraud Alert,Low
11769,Login Issue,Medium
11770,Fraud Alert,Low
11771,Card Problem,Low
11772,App Bug,High
11773,Loan Query,Critical
11774,Login Issue,Low
11775,Billing,Low
11776,Billing,Low
11777,Card Problem,Medium
11778,Loan Query,Medium
11779,Fraud Alert,Medium
11780,Login Issue,Low
11781,Billing,Medium
11782,Login Issue,High
11783,Fraud Alert,High
11784,Fraud Alert,Medium
11785,Fraud Alert,Medium
11786,Card Problem,Low
11787,Card Problem,Medium
11788,Card Problem,Low
11789,App Bug,Critical
11790,App Bug,Low
11791,Billing,Low
11792,Billing,Medium
11793,Loan Query,Low
11794,Login Issue,Medium
11795,Login Issue,Low
11796,Login Issue,Medium
11797,Card Problem,Low
11798,Fraud Alert,Low
11799,Card Problem,High
11800,Card Problem,Medium
11801,Login Issue,High
11802,Loan Query,High
11803,Card Problem,Medium
11804,Billing,High
11805,App Bug,Low
11806,Login Issue,Medium
11807,Login Issue,Medium
11808,Fraud Alert,Medium
11809,Login Issue,High
11810,Login Issue,Critical
11811,App Bug,Critical
11813,Fraud Alert,Medium
11814,Card Problem,Low
11815,Fraud Alert,Critical
11816,App Bug,Medium
11817,Login Issue,Medium
11818,Billing,Low
11819,Fraud Alert,High
11820,Fraud Alert,Low
11821,App Bug,High
11822,Fraud Alert,Low
11823,Loan Query,Medium
11824,Card Problem,Low
11825,Billing,Low
11826,Login Issue,Medium
11827,Billing,Critical
11828,Loan Query,Medium
11829,Fraud Alert,Low
11830,Card Problem,Medium
11831,Fraud Alert,Low
11832,Fraud Alert,Medium
11833,Fraud Alert,Low
11834,App Bug,Medium
11835,App Bug,Low
11836,Login Issue,High
11837,App Bug,Low
11838,Loan Query,Low
11839,Login Issue,High
11840,Card Problem,Medium
11841,Card Problem,Low
11842,Billing,Medium
11843,App Bug,Medium
11844,Billing,Medium
11845,Card Problem,Medium
11846,App Bug,High
11847,Login Issue,Low
11848,Loan Query,High
11849,App Bug,Low
11850,Card Problem,High
11851,Login Issue,Low
11852,App Bug,Low
11853,Card Problem,Critical
11854,App Bug,Low
11855,Card Problem,Medium
11856,App Bug,Medium
11857,Card Problem,Medium
11858,Login Issue,Low
11859,Billing,Medium
11860,Login Issue,Medium
11861,Loan Query,High
11862,Login Issue,Critical
11863,Login Issue,Low
11864,Card Problem,Low
11865,Loan Query,Medium
11866,Billing,Low
11867,App Bug,Low
11868,Billing,Low
11869,App Bug,High
11870,Billing,Critical
11871,App Bug,Low
11872,Billing,Critical
11873,Card Problem,Low
11874,Fraud Alert,Critical
11875,Fraud Alert,Medium
11876,Loan Query,High
11877,Billing,Medium
11878,Login Issue,Medium
11879,Card Problem,Medium
11880,App Bug,Low
11881,App Bug,Low
11882,Loan Query,Low
11883,Loan Query,Low
11884,Fraud Alert,High
11885,Fraud Alert,Low
11886,App Bug,Medium
11887,Loan Query,Medium
11888,Billing,Low
11889,Card Problem,Low
11890,Card Problem,Low
11891,App Bug,Low
11892,Card Problem,High
11893,Card Problem,Medium
11894,App Bug,Medium
11895,Login Issue,Low
11896,Fraud Alert,Medium
11897,Card Problem,High
11898,App Bug,Medium
11899,Card Problem,Low
11900,Login Issue,Medium
11901,Loan Query,Medium
11902,Card Problem,Medium
11903,App Bug,High
11904,Loan Query,Medium
11905,Billing,Medium
11906,Fraud Alert,Low
11908,Login Issue,Low
11909,Fraud Alert,Low
11910,Login Issue,Low
11911,Loan Query,Medium
11912,Loan Query,High
11913,Login Issue,High
11914,Card Problem,Medium
11915,Billing,Low
11916,Card Problem,Low
11917,Billing,Medium
11918,Billing,Low
11919,Billing,Medium
11920,Billing,Medium
11921,Loan Query,Medium
11922,Loan Query,High
11923,App Bug,Critical
11924,Login Issue,Medium
11925,Billing,Medium
11926,Loan Query,Medium
11927,Login Issue,Medium
11928,Billing,Low
11929,Login Issue,Low
11930,Card Problem,Low
11931,Fraud Alert,Medium
11932,Billing,Low
11933,Login Issue,Medium
11934,Login Issue,Low
11935,Login Issue,Medium
11936,Login Issue,Medium
11937,Card Problem,Low
11938,Billing,Medium
11939,Card Problem,Medium
11940,Billing,Medium
11941,Fraud Alert,Medium
11942,Billing,Low
11943,Billing,Medium
11944,Login Issue,High
11945,Login Issue,Low
11946,App Bug,Low
11947,Card Problem,Low
11948,App Bug,Low
11949,Login Issue,High
11950,Login Issue,High
11951,App Bug,Low
11952,Billing,High
11953,Fraud Alert,High
11954,Loan Query,High
11955,Login Issue,Medium
11956,Card Problem,Medium
11957,Card Problem,Medium
11958,Billing,High
11960,Card Problem,High
11961,Login Issue,Critical
11962,Card Problem,Medium
11963,App Bug,Medium
11964,Loan Query,Medium
11965,Fraud Alert,Low
11966,Card Problem,Medium
11967,Loan Query,Medium
11968,Login Issue,Medium
11969,Billing,High
11970,App Bug,High
11971,Card Problem,Medium
11972,Card Problem,Medium
11973,Billing,Low
11974,Card Problem,Medium
11975,Billing,Medium
11976,Loan Query,Critical
11977,Loan Query,Medium
11978,Card Problem,Medium
11979,Fraud Alert,High
11980,Loan Query,High
11982,Card Problem,High
11983,App Bug,Medium
11984,Billing,High
11986,Login Issue,Low
11987,Login Issue,Medium
11988,Loan Query,Low
11989,Card Problem,Medium
11990,Billing,Low
11991,App Bug,Critical
11992,Card Problem,Low
11993,Fraud Alert,Medium
11994,Login Issue,Low
11995,Fraud Alert,Low
11996,Loan Query,Medium
11997,Fraud Alert,Low
11999,Fraud Alert,Low
12000,App Bug,Low
12001,Billing,Medium
12002,Card Problem,Medium
12003,Login Issue,Medium
12004,Login Issue,Medium
12005,App Bug,Low
12006,App Bug,Critical
12007,Billing,Critical
12008,Loan Query,Low
12009,Login Issue,High
12010,App Bug,Low
12011,Card Problem,Low
12013,Login Issue,High
12014,Card Problem,Low
12015,Fraud Alert,High
12016,App Bug,High
12017,App Bug,Medium
12018,Card Problem,Low
12019,Login Issue,Medium
12020,App Bug,Medium
12021,Card Problem,Medium
12022,Loan Query,Low
12023,Loan Query,Medium
12024,App Bug,High
12025,Loan Query,Low
12026,Login Issue,Medium
12027,App Bug,Medium
12028,Card Problem,High
12029,Loan Query,Low
12030,Billing,Low
12031,App Bug,Critical
12032,App Bug,Low
12033,Login Issue,Low
12034,Loan Query,Medium
12035,Login Issue,High
12036,Loan Query,Low
12037,Login Issue,Low
12038,Fraud Alert,Low
12039,Login Issue,Low
12040,Card Problem,Medium
12041,App Bug,Low
12042,App Bug,Critical
12043,App Bug,Medium
12044,Loan Query,Medium
12045,Loan Query,Low
12046,Fraud Alert,Critical
12047,Card Problem,Critical
12048,Login Issue,Low
12049,App Bug,Medium
12050,Billing,High
12051,Login Issue,Low
12052,Loan Query,Medium
12053,Billing,High
12054,Login Issue,Medium
12055,Fraud Alert,Low
12056,Login Issue,High
12057,App Bug,High
12058,App Bug,Low
12059,Fraud Alert,Medium
12060,App Bug,Low
12061,Billing,Medium
12062,Billing,High
12063,Fraud Alert,Low
12064,Card Problem,Low
12065,Fraud Alert,High
12066,Login Issue,High
12067,Fraud Alert,Low
12068,Card Problem,Medium
12069,App Bug,High
12070,Login Issue,Low
12071,Loan Query,Medium
12072,Fraud Alert,Low
12073,Billing,Low
12074,Login Issue,Low
12075,Login Issue,Low
12076,Fraud Alert,Low
12078,App Bug,Low
12079,Login Issue,Low
12080,Card Problem,Low
12081,App Bug,Low
12082,Card Problem,Medium
12083,Card Problem,Medium
12084,Billing,Medium
12085,Fraud Alert,High
12086,Loan Query,High
12087,Card Problem,High
12088,Card Problem,Low
12089,Card Problem,Medium
12090,Billing,Low
12091,Login Issue,Low
12092,Login Issue,Critical
12093,App Bug,Critical
12094,Fraud Alert,Low
12095,App Bug,Low
12096,Fraud Alert,High
12097,App Bug,Low
12098,Fraud Alert,High
12099,Login Issue,High
12100,App Bug,Medium
12101,Loan Query,High
12102,Loan Query,Low
12103,Fraud Alert,Low
12104,Loan Query,Low
12105,Login Issue,Low
12106,App Bug,Low
12107,Fraud Alert,Critical
12108,Card Problem,High
12109,Billing,Low
12110,Loan Query,Medium
12111,Loan Query,Low
12112,Loan Query,Medium
12113,Card Problem,Medium
12114,Billing,Low
12115,Fraud Alert,Medium
12116,App Bug,Medium
12117,Login Issue,Medium
12118,Login Issue,Low
12119,App Bug,Low
12120,Card Problem,Low
12121,Card Problem,Medium
12122,Loan Query,Low
12123,Fraud Alert,Critical
12124,Billing,Low
12125,Login Issue,Low
12126,Billing,Low
12127,App Bug,High
12128,Billing,High
12129,App Bug,High
12130,Fraud Alert,Low
12131,App Bug,Low
12132,Login Issue,High
12133,Login Issue,Low
12134,Login Issue,Medium
12135,Loan Query,High
12136,Card Problem,Low
12137,App Bug,Critical
12138,Login Issue,Medium
12139,Card Problem,Medium
12140,App Bug,High
12141,Login Issue,Critical
12142,App Bug,Low
12143,Login Issue,High
12144,Login Issue,Critical
12145,App Bug,Low
12146,Login Issue,High
12147,App Bug,Low
12148,Login Issue,Low
12149,Loan Query,Low
12150,Login Issue,Low
12151,Billing,Low
12152,Loan Query,Medium
12153,Billing,Medium
12155,App Bug,High
12156,Fraud Alert,Medium
12157,Billing,Low
12158,Fraud Alert,Low
12159,Fraud Alert,Low
12160,App Bug,Medium
12161,App Bug,Medium
12162,Card Problem,High
12163,App Bug,Low
12164,Billing,Low
12165,App Bug,High
12166,Loan Query,High
12167,Card Problem,Low
12168,Fraud Alert,Low
12169,Card Problem,High
12170,Fraud Alert,High
12171,Billing,Low
12172,Loan Query,Low
12173,Login Issue,Low
12174,App Bug,Low
12175,Login Issue,Low
12176,Loan Query,Medium
12177,Card Problem,Low
12178,Login Issue,Low
12179,Card Problem,High
12180,App Bug,Medium
12181,Loan Query,Low
12182,Billing,Low
12183,Fraud Alert,High
12184,Billing,Medium
12185,App Bug,Low
12186,Loan Query,Medium
12187,Login Issue,Low
12188,App Bug,Low
12189,Billing,High
12190,Loan Query,Low
12191,App Bug,Low
12192,Card Problem,Medium
12193,Billing,Low
12194,Fraud Alert,Low
12195,Fraud Alert,Medium
12196,Fraud Alert,Medium
12197,App Bug,Critical
12198,Billing,Low
12199,Loan Query,Low
12200,Login Issue,Low
12201,Loan Query,High
12202,Login Issue,Critical
12203,Fraud Alert,Medium
12204,Billing,High
12205,Card Problem,Medium
12206,Loan Query,Low
12207,Billing,Medium
12208,Login Issue,Medium
12209,Fraud Alert,Low
12210,Card Problem,Low
12211,App Bug,Medium
12212,Login Issue,High
12213,Login Issue,Medium
12214,Loan Query,High
12215,App Bug,Medium
12216,Login Issue,High
12217,Billing,Medium
12218,App Bug,High
12219,Loan Query,Medium
12220,Login Issue,High
12221,Billing,Critical
12222,Card Problem,Medium
12223,Billing,High
12224,Loan Query,Low
12225,Fraud Alert,Low
12226,Billing,Low
12227,Login Issue,Critical
12228,App Bug,Low
12229,Card Problem,High
12230,Card Problem,Medium
12231,App Bug,Low
12232,Fraud Alert,High
12233,Billing,Low
12234,Card Problem,Critical
12235,App Bug,High
12236,Billing,Low
12237,Loan Query,Low
12238,Billing,Medium
12239,Loan Query,Medium
12240,App Bug,Low
12241,App Bug,Medium
12242,Login Issue,Low
12243,Card Problem,Medium
12244,Fraud Alert,Medium
12245,Card Problem,Low
12247,Card Problem,High
12248,Card Problem,High
12249,Login Issue,Low
12250,App Bug,Low
12251,Billing,Low
12252,Billing,Low
12253,Billing,Low
12254,Loan Query,Medium
12255,Fraud Alert,Medium
12256,Fraud Alert,Low
12257,Login Issue,High
12258,App Bug,Critical
12259,Billing,High
12260,Login Issue,Low
12261,Loan Query,Critical
12262,Loan Query,High
12263,Loan Query,Medium
12264,Login Issue,Low
12265,App Bug,High
12266,App Bug,Critical
12267,Loan Query,Medium
12268,Card Problem,High
12269,Fraud Alert,Critical
12270,Card Problem,Low
12271,Loan Query,High
12272,Billing,Low
12273,Loan Query,Medium
12274,Billing,High
12275,Card Problem,Medium
12276,App Bug,Medium
12277,Card Problem,Medium
12278,Fraud Alert,Medium
12279,Loan Query,Medium
12280,Card Problem,High
12281,Billing,Medium
12282,App Bug,High
12283,Card Problem,Medium
12284,Billing,Low
12285,App Bug,High
12286,Billing,Critical
12287,Card Problem,Low
12288,Fraud Alert,Low
12289,Fraud Alert,Low
12290,App Bug,Low
12291,Loan Query,Medium
12292,App Bug,Low
12294,App Bug,Medium
12295,Login Issue,Medium
12296,Fraud Alert,Low
12297,Card Problem,High
12298,Loan Query,Low
12299,Billing,Low
12300,App Bug,Medium
12301,Fraud Alert,High
12302,Login Issue,Medium
12303,App Bug,High
12304,Billing,High
12305,Billing,Low
12306,Billing,High
12307,App Bug,Medium
12308,Fraud Alert,Low
12309,Billing,Critical
12310,Fraud Alert,Medium
12311,Billing,Critical
12312,App Bug,Low
12313,App Bug,Low
12314,App Bug,Low
12315,Fraud Alert,Medium
12316,Fraud Alert,Medium
12317,App Bug,Low
12318,Billing,Low
12319,Billing,Low
12320,App Bug,Medium
12321,Loan Query,Low
12322,Card Problem,Low
12323,Login Issue,Medium
12324,Fraud Alert,Low
12325,Billing,Medium
12326,Billing,High
12327,App Bug,Low
12328,Billing,Critical
12329,App Bug,Medium
12330,Loan Query,Medium
12331,Fraud Alert,Low
12332,Loan Query,Medium
12333,Fraud Alert,Medium
12334,App Bug,High
12335,App Bug,Low
12336,Login Issue,Low
12337,App Bug,Low
12338,Card Problem,Low
12339,Login Issue,Low
12340,App Bug,Medium
12341,Billing,Medium
12342,Loan Query,Low
12343,Loan Query,Medium
12344,Billing,Medium
12345,Billing,Medium
12346,Billing,Medium
12347,App Bug,Low
12348,Fraud Alert,Medium
12349,Loan Query,Medium
12350,Login Issue,Medium
12351,Loan Query,High
12352,Card Problem,Low
12353,App Bug,Low
12354,Card Problem,Medium
12355,Loan Query,Low
12356,Loan Query,Critical
12357,Login Issue,Medium
12358,Loan Query,Medium
12359,Fraud Alert,Critical
12360,Card Problem,High
12361,Card Problem,Medium
12362,Login Issue,Medium
12363,Fraud Alert,Critical
12364,Card Problem,High
12365,App Bug,Low
12366,Billing,Medium
12367,Loan Query,Low
12368,Card Problem,High
12369,Login Issue,Low
12370,App Bug,Low
12371,Login Issue,Low
12372,Login Issue,Low
12373,Loan Query,Low
12374,Fraud Alert,Medium
12375,Card Problem,Medium
12376,Billing,Medium
12377,Card Problem,High
12378,Loan Query,Critical
12379,Loan Query,Low
12380,Loan Query,Low
12381,App Bug,High
12382,Login Issue,High
12383,Billing,Medium
12384,Fraud Alert,Medium
12385,Login Issue,Low
12386,App Bug,Medium
12387,Fraud Alert,Low
12388,Billing,Medium
12389,Login Issue,High
12390,App Bug,Medium
12391,Login Issue,High
12392,Billing,High
12393,Billing,Low
12394,App Bug,Medium
12395,Loan Query,Medium
12396,Billing,High
12397,Billing,High
12398,Fraud Alert,High
12399,App Bug,Low
12400,App Bug,Low
12401,App Bug,Medium
12402,Login Issue,High
12403,Fraud Alert,Medium
12404,Card Problem,High
12405,Billing,Low
12406,App Bug,Critical
12407,Card Problem,Medium
12408,App Bug,Low
12409,App Bug,Medium
12410,Fraud Alert,High
12411,App Bug,High
12412,Card Problem,Low
12413,Loan Query,High
12414,Login Issue,Medium
12415,Login Issue,Low
12416,App Bug,Low
12417,App Bug,Low
12418,Card Problem,High
12419,App Bug,Medium
12420,App Bug,High
12421,Card Problem,High
12422,Billing,Medium
12423,Billing,Medium
12424,Loan Query,Low
12425,Card Problem,Critical
12426,App Bug,Low
12427,Login Issue,High
12429,Fraud Alert,Low
12430,Card Problem,High
12431,Loan Query,Low
12432,App Bug,Low
12433,Loan Query,Medium
12434,Loan Query,High
12435,Loan Query,High
12436,Fraud Alert,Low
12437,Card Problem,Low
12438,Loan Query,High
12439,Fraud Alert,Low
12440,Fraud Alert,Low
12441,Card Problem,Low
12442,Loan Query,Medium
12443,Fraud Alert,Medium
12444,Fraud Alert,Low
12445,Fraud Alert,Medium
12446,Login Issue,Medium
12447,Card Problem,High
12448,App Bug,Low
12449,Loan Query,Low
12450,Fraud Alert,Critical
12451,Card Problem,Critical
12452,App Bug,Medium
12453,Card Problem,Critical
12454,App Bug,Medium
12455,Fraud Alert,Medium
12456,Loan Query,High
12457,Card Problem,Critical
12458,Billing,Low
12459,App Bug,Low
12460,Login Issue,Medium
12461,Fraud Alert,High
12463,App Bug,Medium
12464,App Bug,Low
12465,App Bug,Critical
12466,Loan Query,Low
12467,Billing,High
12468,Card Problem,High
12469,App Bug,Medium
12470,App Bug,Medium
12471,Card Problem,High
12472,App Bug,Medium
12473,Fraud Alert,Critical
12474,Billing,Medium
12475,Loan Query,Critical
12476,App Bug,Low
12477,Login Issue,Medium
12478,Billing,Low
12479,Loan Query,Medium
12480,Billing,Low
12481,Billing,Medium
12482,Loan Query,High
12483,Login Issue,Low
12484,Loan Query,Low
12485,Fraud Alert,Low
12486,Card Problem,Low
12487,App Bug,Medium
12488,Billing,Medium
12489,Billing,Medium
12490,App Bug,Critical
12491,App Bug,Medium
12492,Card Problem,Medium
12493,Billing,Medium
12494,Login Issue,Low
12496,Billing,Low
12497,Loan Query,High
12498,Login Issue,Medium
12499,Card Problem,Low
12500,Fraud Alert,Medium
12502,Fraud Alert,High
12503,Billing,High
12504,Card Problem,Low
12505,Billing,Low
12506,Card Problem,High
12507,Fraud Alert,High
12508,Login Issue,Medium
12509,Billing,Medium
12510,Login Issue,Low
12511,Billing,Medium
12512,App Bug,Low
12513,Fraud Alert,High
12514,Login Issue,High
12515,Loan Query,Medium
12516,Loan Query,Medium
12517,Billing,Low
12518,Login Issue,Low
12519,Loan Query,Medium
12520,Card Problem,Medium
12521,Loan Query,High
12522,Fraud Alert,Medium
12523,Card Problem,Medium
12524,App Bug,High
12525,Card Problem,High
12526,Billing,Medium
12527,Loan Query,Medium
12528,Loan Query,Low
12529,App Bug,High
12530,Billing,Medium
12531,Card Problem,Low
12532,App Bug,Low
12533,Fraud Alert,Medium
12534,Card Problem,Medium
12535,Fraud Alert,Medium
12536,Fraud Alert,Low
12537,Fraud Alert,Low
12538,Loan Query,Medium
12539,App Bug,Low
12540,Billing,Low
12541,Login Issue,Low
12542,Loan Query,Medium
12543,Login Issue,High
12544,Login Issue,High
12545,Login Issue,High
12546,Card Problem,High
12547,Card Problem,Medium
12548,Card Problem,Medium
12549,App Bug,Critical
12550,Card Problem,Critical
12551,Loan Query,Low
12552,Fraud Alert,Low
12553,Loan Query,Low
12554,Card Problem,Low
12555,Card Problem,Low
12556,Fraud Alert,Critical
12557,App Bug,Low
12558,App Bug,Medium
12559,Login Issue,Medium
12560,App Bug,High
12561,Card Problem,Medium
12562,Fraud Alert,Low
12563,Login Issue,Low
12564,Login Issue,Low
12565,Card Problem,Medium
12566,App Bug,Low
12567,Loan Query,Low
12568,App Bug,Medium
12569,Card Problem,Medium
12570,Card Problem,High
12571,Card Problem,Low
12572,Card Problem,Medium
12573,App Bug,Low
12574,Loan Query,Critical
12575,Login Issue,High
12576,Loan Query,High
12577,Billing,Medium
12578,Card Problem,High
12579,Loan Query,High
12580,App Bug,Medium
12581,Loan Query,Medium
12582,Login Issue,Medium
12583,Card Problem,High
12584,Fraud Alert,Low
12585,Fraud Alert,Medium
12586,Loan Query,Medium
12587,Fraud Alert,Low
12588,Loan Query,Medium
12590,Card Problem,Medium
12591,Login Issue,Low
12592,Login Issue,Medium
12593,Fraud Alert,Low
12594,Login Issue,Critical
12595,Card Problem,Low
12596,Fraud Alert,Low
12598,Billing,Medium
12599,Billing,Critical
12600,Billing,Critical
12601,Loan Query,Medium
12602,Login Issue,Low
12603,Card Problem,High
12604,App Bug,Medium
12605,Loan Query,Medium
12606,App Bug,Medium
12607,Loan Query,Medium
12608,Billing,High
12609,Billing,Low
12610,Loan Query,Low
12611,App Bug,Low
12612,Login Issue,Low
12613,App Bug,Medium
12614,Login Issue,Low
12615,Card Problem,Medium
12616,Card Problem,Low
12617,Fraud Alert,High
12618,App Bug,Low
12619,Card Problem,Low
12620,App Bug,Low
12621,App Bug,Medium
12622,Loan Query,High
12623,App Bug,Medium
12624,Billing,Low
12626,Card Problem,Medium
12627,Billing,Critical
12628,Card Problem,Low
12629,App Bug,Medium
12630,Loan Query,Medium
12631,Fraud Alert,Low
12632,App Bug,High
12633,Card Problem,Medium
12634,Billing,Medium
12635,Loan Query,Low
12636,App Bug,Low
12637,Login Issue,Medium
12638,Billing,Medium
12639,Fraud Alert,Low
12640,Card Problem,Medium
12641,Billing,High
12642,Billing,Medium
12643,Loan Query,Low
12644,Login Issue,High
12645,Fraud Alert,Low
12646,App Bug,Medium
12647,Fraud Alert,Medium
12648,Card Problem,High
12649,Loan Query,Low
12650,Login Issue,Low
12651,App Bug,Low
12652,Fraud Alert,Medium
12653,Card Problem,High
12654,App Bug,Low
12656,Loan Query,Critical
12657,Billing,Medium
12658,Login Issue,Medium
12659,Login Issue,Low
12660,Login Issue,Medium
12661,Loan Query,Medium
12662,Card Problem,Low
12663,Card Problem,Medium
12664,Login Issue,Medium
12665,Card Problem,Medium
12666,Login Issue,High
12667,Login Issue,Low
12668,Fraud Alert,Low
12669,Loan Query,Medium
12670,Billing,Low
12671,Loan Query,Low
12672,App Bug,Low
12673,Fraud Alert,Low
12674,Billing,Medium
12675,Fraud Alert,Low
12676,Fraud Alert,Medium
12677,Loan Query,Medium
12678,Fraud Alert,Low
12679,Billing,Critical
12680,Login Issue,Low
12681,Loan Query,Low
12682,Fraud Alert,Medium
12683,Loan Query,Medium
12684,App Bug,Low
12685,Card Problem,Medium
12686,Card Problem,High
12688,Login Issue,Low
12689,App Bug,Low
12690,Fraud Alert,Low
12691,App Bug,Low
12692,Fraud Alert,Medium
12693,Card Problem,Low
12694,Card Problem,Medium
12695,Billing,Low
12696,Login Issue,High
12697,App Bug,Low
12698,Fraud Alert,High
12699,Fraud Alert,Low
12700,Login Issue,Medium
12701,Card Problem,Low
12702,Loan Query,Low
12703,Card Problem,Low
12704,Billing,Medium
12705,Billing,Low
12706,Loan Query,High
12707,Fraud Alert,Medium
12708,Billing,Medium
12709,Billing,High
12710,Login Issue,High
12711,Fraud Alert,Low
12712,Fraud Alert,Low
12713,Billing,Medium
12714,Fraud Alert,Medium
12715,Login Issue,Critical
12716,Login Issue,Medium
12717,Fraud Alert,Low
12718,Billing,Critical
12719,Billing,Medium
12720,Card Problem,Low
12721,Login Issue,Medium
12722,Fraud Alert,Medium
12723,Card Problem,Low
12724,Login Issue,Low
12725,App Bug,Low
12726,App Bug,High
12727,Login Issue,Medium
12728,Billing,Medium
12729,App Bug,High
12730,Loan Query,Low
12731,App Bug,Medium
12732,Fraud Alert,Medium
12733,Fraud Alert,High
12734,Fraud Alert,Low
12735,Login Issue,High
12736,Fraud Alert,Medium
12737,Loan Query,High
12738,Billing,Medium
12739,Fraud Alert,Medium
12740,Loan Query,Low
12741,Loan Query,Critical
12742,Billing,Low
12743,Billing,Medium
12744,App Bug,Low
12745,App Bug,Low
12746,App Bug,Low
12747,Billing,Low
12748,Billing,High
12749,Card Problem,Critical
12750,Billing,Medium
12751,Billing,Low
12752,Loan Query,Low
12753,Fraud Alert,Medium
12754,Login Issue,Medium
12755,Card Problem,Low
12756,Login Issue,Medium
12757,Login Issue,High
12758,Card Problem,Low
12759,Fraud Alert,Low
12760,Billing,Low
12761,Loan Query,High
12762,Loan Query,Low
12763,Loan Query,Low
12764,Loan Query,Low
12765,Fraud Alert,Medium
12766,Card Problem,Medium
12767,Loan Query,High
12768,App Bug,Medium
12769,Login Issue,High
12770,Billing,Medium
12771,Billing,Low
12772,App Bug,Low
12773,App Bug,Medium
12774,Fraud Alert,Medium
12775,Loan Query,Low
12776,Billing,Medium
12777,Login Issue,Medium
12778,Fraud Alert,Low
12779,Card Problem,Critical
12780,Fraud Alert,Low
12782,App Bug,Low
12783,Card Problem,Low
12784,Billing,Low
12785,Card Problem,Medium
12786,App Bug,Low
12787,Login Issue,High
12788,Fraud Alert,High
12789,Card Problem,High
12790,App Bug,High
12791,Login Issue,Low
12792,Billing,Medium
12793,Billing,Low
12794,Loan Query,Low
12795,Login Issue,Low
12796,App Bug,Low
12797,App Bug,Low
12799,Login Issue,Medium
12800,Billing,Medium
12801,Login Issue,Critical
12802,Card Problem,Medium
12803,Login Issue,Medium
12804,Fraud Alert,Medium
12805,Card Problem,High
12806,Fraud Alert,High
12807,Login Issue,Low
12808,Fraud Alert,High
12809,Fraud Alert,Low
12810,Login Issue,Medium
12811,Card Problem,Low
12812,Fraud Alert,Low
12813,Billing,High
12814,App Bug,Medium
12815,Billing,Medium
12816,App Bug,High
12817,App Bug,Medium
12818,Card Problem,Low
12819,Login Issue,Low
12820,Fraud Alert,Low
12821,Billing,Low
12822,Fraud Alert,Medium
12823,Card Problem,Medium
12824,Billing,Medium
12825,Billing,Low
12826,Login Issue,Low
12827,Login Issue,Medium
12828,Billing,Medium
12829,Card Problem,High
12830,Loan Query,Low
12832,Billing,Medium
12833,Fraud Alert,High
12834,App Bug,Low
12835,App Bug,High
12836,Card Problem,Medium
12837,Loan Query,Low
12838,Billing,Medium
12839,Card Problem,Low
12840,App Bug,Low
12841,App Bug,Low
12842,Billing,Medium
12843,Loan Query,Low
12844,Billing,High
12845,Fraud Alert,Medium
12846,Fraud Alert,High
12847,Loan Query,Low
12848,App Bug,Medium
12849,Card Problem,Low
12850,Fraud Alert,Medium
12851,Billing,Critical
12852,Card Problem,Critical
12853,App Bug,Medium
12854,Loan Query,Medium
12855,Fraud Alert,Medium
12856,Loan Query,Low
12857,Loan Query,Low
12858,Loan Query,Medium
12859,Login Issue,Medium
12860,Fraud Alert,Medium
12861,Fraud Alert,Medium
12862,Login Issue,Low
12863,Login Issue,Medium
12864,App Bug,Low
12865,Loan Query,Low
12866,Billing,Low
12867,Card Problem,Low
12868,App Bug,Medium
12869,Login Issue,High
12870,Billing,High
12871,Fraud Alert,Medium
12872,Card Problem,Medium
12873,App Bug,Medium
12874,Card Problem,Low
12875,App Bug,Medium
12876,Login Issue,High
12877,Card Problem,High
12878,Fraud Alert,High
12879,Loan Query,Low
12880,App Bug,Low
12881,App Bug,High
12882,Loan Query,High
12883,Loan Query,Medium
12884,Login Issue,Low
12885,Fraud Alert,Critical
12886,Login Issue,Critical
12887,Fraud Alert,Low
12888,Loan Query,High
12889,Login Issue,Low
12890,Fraud Alert,Low
12891,Billing,High
12892,Login Issue,Medium
12893,Login Issue,Low
12895,Loan Query,Low
12897,Card Problem,Medium
12899,Billing,Low
12900,Card Problem,Low
12901,Card Problem,High
12902,Loan Query,Medium
12903,Login Issue,High
12905,App Bug,Medium
12906,Loan Query,Medium
12907,App Bug,Low
12908,Billing,Medium
12909,Card Problem,Low
12910,Loan Query,Low
12911,Loan Query,Low
12912,Fraud Alert,Low
12913,Fraud Alert,High
12914,Loan Query,Low
12916,App Bug,Medium
12917,Loan Query,High
12918,Login Issue,Low
12919,Fraud Alert,Low
12920,Login Issue,High
12921,Billing,Medium
12922,Fraud Alert,High
12923,Loan Query,Low
12924,Billing,Medium
12926,App Bug,High
12927,Login Issue,Low
12928,Billing,Medium
12929,Billing,Low
12930,Fraud Alert,High
12931,Card Problem,Low
12932,Login Issue,Medium
12933,Loan Query,High
12934,Card Problem,High
12935,Fraud Alert,Low
12936,Billing,Low
12937,Login Issue,High
12938,Loan Query,Low
12939,App Bug,High
12940,Billing,Low
12941,Billing,Low
12942,Login Issue,Low
12943,Fraud Alert,Low
12944,Fraud Alert,Low
12945,Billing,Low
12946,App Bug,Medium
12947,Login Issue,Low
12948,Card Problem,Critical
12949,Login Issue,Low
12950,Fraud Alert,High
12951,Fraud Alert,Low
12952,Fraud Alert,Medium
12953,Login Issue,Low
12954,Fraud Alert,High
12955,Card Problem,Medium
12956,App Bug,Low
12957,Loan Query,High
12958,Billing,Medium
12959,Loan Query,Low
12960,Card Problem,Low
12961,Card Problem,Medium
12962,Card Problem,Low
12963,Billing,Low
12964,Card Problem,Medium
12965,App Bug,Low
12966,Fraud Alert,Medium
12967,Billing,Medium
12968,App Bug,High
12969,Card Problem,Low
12970,Billing,Medium
12971,Card Problem,Medium
12972,Fraud Alert,Low
12973,Fraud Alert,Medium
12974,Login Issue,Low
12975,Login Issue,Low
12976,App Bug,Low
12977,Billing,High
12978,Fraud Alert,Critical
12979,Loan Query,High
12980,Card Problem,Medium
12981,Fraud Alert,Low
12982,Loan Query,Critical
12983,Billing,High
12984,Fraud Alert,Critical
12985,Fraud Alert,Medium
12986,App Bug,Low
12987,App Bug,Critical
12988,Login Issue,Medium
12989,App Bug,Critical
12990,Fraud Alert,Medium
12991,App Bug,Low
12992,Login Issue,Medium
12993,App Bug,Low
12994,Billing,Low
12995,Card Problem,High
12996,Card Problem,Low
12997,Billing,High
12998,Login Issue,Medium
12999,App Bug,Medium
13000,Login Issue,Critical
13001,Fraud Alert,Medium
13002,Loan Query,High
13003,Card Problem,High
13004,Billing,Medium
13005,Fraud Alert,Low
13006,Billing,Medium
13007,Login Issue,Medium
13008,Login Issue,Medium
13009,Fraud Alert,Medium
13010,Billing,High
13011,Card Problem,Low
13012,Loan Query,High
13013,Loan Query,Medium
13014,App Bug,Medium
13015,Billing,Low
13016,Login Issue,Low
13017,Login Issue,Medium
13018,Login Issue,Low
13019,App Bug,Low
13020,Card Problem,Low
13021,Fraud Alert,Low
13023,Fraud Alert,Low
13024,App Bug,High
13025,Loan Query,High
13026,Fraud Alert,Low
13027,Fraud Alert,Low
13028,Loan Query,Low
13029,Fraud Alert,High
13030,Loan Query,Low
13031,Fraud Alert,Medium
13032,Loan Query,Medium
13033,Fraud Alert,Critical
13034,Fraud Alert,High
13035,Billing,High
13036,App Bug,Low
13037,Loan Query,High
13038,Card Problem,Medium
13039,Card Problem,Low
13040,Billing,Medium
13041,Card Problem,Low
13042,Fraud Alert,Low
13043,Loan Query,Low
13044,Login Issue,High
13045,Fraud Alert,Low
13047,Loan Query,High
13048,Loan Query,Low
13049,Fraud Alert,Medium
13050,Card Problem,High
13051,App Bug,Critical
13052,Loan Query,High
13053,Login Issue,Low
13054,Login Issue,Low
13055,Loan Query,Low
13056,Billing,Low
13057,Login Issue,Low
13058,Loan Query,Medium
13059,App Bug,Medium
13060,Loan Query,Medium
13061,Loan Query,High
13062,Loan Query,Low
13063,Billing,Low
13064,Loan Query,Low
13065,App Bug,Low
13066,Loan Query,Medium
13067,App Bug,Medium
13068,App Bug,High
13069,App Bug,Medium
13070,Loan Query,Low
13071,Login Issue,High
13072,Billing,Medium
13073,Login Issue,Low
13074,Billing,High
13075,Card Problem,Critical
13076,Card Problem,Medium
13077,App Bug,Medium
13079,Billing,Low
13080,Billing,Low
13081,Fraud Alert,High
13082,Billing,High
13083,Loan Query,High
13084,Fraud Alert,Low
13085,Login Issue,Medium
13086,Card Problem,Low
13087,Login Issue,Medium
13088,Billing,Medium
13089,Loan Query,High
13090,Loan Query,Low
13091,Loan Query,Medium
13092,Card Problem,Medium
13093,Loan Query,Low
13094,Billing,Medium
13095,Billing,Low
13096,App Bug,Medium
13097,App Bug,High
13098,Login Issue,High
13099,Fraud Alert,Medium
13100,Fraud Alert,Low
13101,App Bug,Low
13102,Billing,Low
13103,App Bug,Medium
13104,Loan Query,High
13105,Login Issue,Low
13106,Loan Query,Critical
13107,App Bug,Medium
13108,App Bug,Low
13109,Billing,Low
13110,Loan Query,Low
13111,App Bug,Medium
13112,Fraud Alert,Medium
13113,Card Problem,High
13114,Loan Query,Low
13115,Billing,Low
13116,Loan Query,High
13118,Card Problem,Low
13119,Card Problem,Low
13120,Card Problem,High
13121,Billing,Low
13122,App Bug,Medium
13123,Billing,Low
13124,Login Issue,Medium
13125,Login Issue,Low
13126,Fraud Alert,High
13127,Card Problem,Low
13128,Billing,Medium
13129,Card Problem,Low
13130,Login Issue,Medium
13131,Fraud Alert,Low
13132,Loan Query,Medium
13133,Card Problem,High
13134,App Bug,Low
13135,Card Problem,Low
13136,Billing,Medium
13137,App Bug,Low
13139,Fraud Alert,Low
13140,Loan Query,High
13141,Card Problem,High
13142,App Bug,Medium
13143,App Bug,Medium
13144,Card Problem,Low
13145,Card Problem,Medium
13146,Card Problem,Medium
13147,Fraud Alert,Medium
13148,Card Problem,Low
13149,Card Problem,Medium
13150,Login Issue,Low
13151,Login Issue,High
13152,Fraud Alert,Medium
13153,Billing,High
13154,App Bug,High
13155,App Bug,Medium
13156,Billing,Low
13157,Fraud Alert,Low
13158,Billing,Low
13159,Card Problem,Medium
13160,Login Issue,Low
13161,App Bug,Low
13162,Fraud Alert,Medium
13163,Login Issue,Medium
13164,App Bug,Low
13166,App Bug,Medium
13167,Loan Query,Low
13168,Billing,Low
13169,Billing,Low
13170,App Bug,High
13171,Fraud Alert,Medium
13172,Card Problem,Low
13173,Loan Query,Medium
13174,Billing,Low
13175,Billing,High
13176,Billing,Medium
13177,Billing,Medium
13178,Loan Query,Low
13179,Fraud Alert,Medium
13180,Card Problem,High
13181,Card Problem,High
13182,Card Problem,High
13183,Card Problem,High
13184,Card Problem,Low
13185,App Bug,Low
13186,Card Problem,Medium
13187,Fraud Alert,Low
13188,Fraud Alert,Low
13189,App Bug,Low
13190,Login Issue,High
13191,Billing,Medium
13192,Card Problem,High
13193,Card Problem,High
13194,Fraud Alert,Low
13195,Login Issue,Critical
13196,Login Issue,Medium
13197,Card Problem,High
13198,Login Issue,Low
13199,App Bug,Low
13200,App Bug,High
13201,Login Issue,High
13202,Card Problem,Low
13203,Loan Query,Critical
13204,Billing,Medium
13205,Billing,High
13206,Fraud Alert,Low
13208,Login Issue,Medium
13209,Billing,Medium
13210,Card Problem,High
13212,Login Issue,Medium
13213,Loan Query,High
13214,Loan Query,High
13215,Billing,Low
13216,Card Problem,Low
13217,Card Problem,Low
13218,Login Issue,Critical
13219,Billing,Low
13220,Fraud Alert,Medium
13221,Billing,Critical
13222,Loan Query,High
13223,Billing,Medium
13224,App Bug,Medium
13225,Billing,Low
13226,Login Issue,Medium
13227,Fraud Alert,Low
13228,App Bug,Medium
13229,Loan Query,Medium
13230,Card Problem,High
13231,Card Problem,Low
13232,Loan Query,Low
13233,Card Problem,High
13234,Fraud Alert,High
13235,Card Problem,Medium
13236,Billing,Medium
13238,Loan Query,Low
13239,Login Issue,Low
13240,Fraud Alert,Low
13241,Billing,Low
13242,Card Problem,Medium
13243,Loan Query,Low
13244,App Bug,Medium
13245,App Bug,High
13246,Loan Query,Medium
13247,Login Issue,Medium
13248,App Bug,Medium
13249,Card Problem,Medium
13250,Login Issue,Critical
13251,Fraud Alert,High
13252,Billing,Low
13253,App Bug,Critical
13254,Loan Query,Medium
13255,Card Problem,Low
13256,Loan Query,Low
13257,App Bug,High
13258,Fraud Alert,Low
13259,Login Issue,Low
13260,Login Issue,Medium
13261,Loan Query,Medium
13262,Billing,Low
13263,Billing,Medium
13264,Fraud Alert,High
13265,Billing,High
13266,App Bug,Low
13267,Loan Query,Medium
13268,Billing,Low
13269,App Bug,Medium
13270,Billing,Low
13271,App Bug,Low
13272,Login Issue,High
13273,App Bug,Low
13274,App Bug,Low
13275,Loan Query,Medium
13276,Card Problem,Low
13277,Loan Query,Medium
13278,Billing,Critical
13279,App Bug,Medium
13280,Fraud Alert,Critical
13281,Fraud Alert,Low
13282,Billing,Low
13283,App Bug,Low
13284,Fraud Alert,Medium
13285,Loan Query,Low
13286,App Bug,Medium
13287,App Bug,Low
13288,Fraud Alert,Low
13289,Loan Query,Critical
13290,App Bug,High
13291,App Bug,Critical
13292,Login Issue,High
13293,Loan Query,Medium
13294,Login Issue,High
13295,Fraud Alert,Medium
13296,Loan Query,Low
13297,App Bug,Low
13298,Billing,High
13299,Fraud Alert,Low
13300,Login Issue,Medium
13301,Billing,Low
13302,Fraud Alert,Low
13303,App Bug,Medium
13304,Login Issue,Low
13305,Fraud Alert,Medium
13306,Billing,High
13307,App Bug,Medium
13308,Billing,Low
13309,Login Issue,Low
13310,Login Issue,Low
13311,App Bug,Low
13312,Card Problem,High
13313,App Bug,Low
13314,App Bug,High
13315,App Bug,Low
13316,Card Problem,Low
13317,App Bug,Low
13318,Loan Query,Low
13319,Fraud Alert,Critical
13320,Loan Query,Medium
13321,Login Issue,Low
13322,Loan Query,Critical
13323,Card Problem,Medium
13324,Billing,Medium
13325,Card Problem,Low
13326,Card Problem,Medium
13327,App Bug,Low
13328,App Bug,Low
13329,Loan Query,Medium
13330,Login Issue,High
13331,Loan Query,Low
13332,Fraud Alert,High
13333,Loan Query,High
13334,App Bug,High
13335,Login Issue,Medium
13336,Login Issue,Medium
13337,Loan Query,Low
13338,Billing,Low
13339,App Bug,Medium
13340,App Bug,High
13341,Loan Query,High
13342,Card Problem,High
13343,Login Issue,Low
13344,Loan Query,Medium
13345,Card Problem,Medium
13346,Fraud Alert,Medium
13347,Loan Query,Low
13348,Loan Query,High
13349,Loan Query,Critical
13350,App Bug,Low
13351,App Bug,Medium
13352,Card Problem,Low
13353,Billing,Low
13354,App Bug,Medium
13355,Login Issue,High
13356,Card Problem,High
13357,Fraud Alert,Low
13358,App Bug,Medium
13359,Card Problem,Medium
13360,Login Issue,High
13361,Loan Query,High
13362,Login Issue,High
13363,Billing,Medium
13364,Login Issue,Medium
13365,App Bug,Medium
13366,Fraud Alert,Low
13367,Fraud Alert,Low
13368,Fraud Alert,High
13369,Card Problem,Medium
13370,Card Problem,Medium
13371,Login Issue,High
13372,Fraud Alert,High
13373,App Bug,Low
13374,Card Problem,Critical
13375,Card Problem,Low
13376,Loan Query,High
13377,Loan Query,Medium
13378,App Bug,Low
13379,Card Problem,High
13380,Loan Query,High
13381,Fraud Alert,Low
13382,Card Problem,Critical
13383,Billing,Low
13384,Fraud Alert,High
13385,App Bug,High
13386,Billing,Low
13387,Billing,Medium
13388,Loan Query,Low
13389,Billing,High
13390,Login Issue,Medium
13391,Loan Query,Medium
13392,Billing,Medium
13393,Login Issue,Medium
13394,Card Problem,Medium
13395,Loan Query,Critical
13397,Login Issue,Medium
13398,Billing,Medium
13399,Loan Query,High
13400,Fraud Alert,Medium
13401,Fraud Alert,Low
13402,App Bug,High
13403,Card Problem,Medium
13404,Card Problem,Medium
13405,Loan Query,Medium
13406,Loan Query,Low
13407,Card Problem,Medium
13408,App Bug,Medium
13409,Card Problem,Medium
13410,App Bug,High
13412,Login Issue,Low
13413,Login Issue,Medium
13414,Billing,Low
13415,Fraud Alert,High
13416,Loan Query,Low
13417,App Bug,Medium
13418,Card Problem,Medium
13419,Fraud Alert,Medium
13420,Card Problem,Medium
13421,Login Issue,Medium
13422,Billing,High
13423,Loan Query,Critical
13424,Login Issue,Medium
13425,Loan Query,High
13426,Login Issue,Medium
13427,Card Problem,High
13428,Card Problem,Medium
13429,Billing,Medium
13430,Fraud Alert,Low
13431,App Bug,High
13432,Login Issue,Low
13433,Card Problem,High
13434,Loan Query,Low
13435,App Bug,High
13436,Card Problem,Medium
13437,Loan Query,Low
13438,App Bug,Medium
13439,Login Issue,Low
13440,Card Problem,Medium
13441,Loan Query,Critical
13442,Login Issue,Low
13443,Login Issue,Low
13444,Card Problem,Low
13445,Loan Query,Low
13446,Card Problem,High
13447,App Bug,Medium
13448,Card Problem,Low
13449,Loan Query,Medium
13450,App Bug,Low
13451,Loan Query,Medium
13452,Fraud Alert,High
13453,Login Issue,Low
13454,Loan Query,Low
13455,Fraud Alert,Critical
13456,App Bug,Low
13457,App Bug,Medium
13458,Fraud Alert,Medium
13459,Login Issue,High
13460,App Bug,Low
13461,Loan Query,High
13462,Login Issue,High
13463,Card Problem,Low
13464,Fraud Alert,Low
13465,Loan Query,Low
13466,Fraud Alert,Medium
13467,App Bug,Low
13468,Fraud Alert,Low
13469,App Bug,Medium
13470,Login Issue,Medium
13471,Card Problem,Low
13472,App Bug,Medium
13473,Login Issue,Medium
13474,Loan Query,Medium
13475,Billing,Medium
13476,Billing,High
13478,Login Issue,Critical
13479,Card Problem,Medium
13480,Login Issue,Low
13481,Loan Query,Medium
13482,App Bug,Low
13483,Fraud Alert,Medium
13484,Billing,Low
13485,Loan Query,Medium
13486,App Bug,High
13487,Billing,Low
13488,Billing,Low
13489,App Bug,Low
13490,Loan Query,High
13491,Billing,Low
13492,Login Issue,Low
13493,Login Issue,Medium
13494,Card Problem,Medium
13495,App Bug,Medium
13496,Loan Query,Low
13497,App Bug,High
13498,Billing,Medium
13499,Billing,Low
13500,Fraud Alert,Low
13501,App Bug,Medium
13502,Loan Query,Low
13503,App Bug,Medium
13504,App Bug,Low
13505,Loan Query,Low
13506,Login Issue,Medium
13507,Card Problem,Medium
13508,Billing,Medium
13509,Login Issue,Low
13510,Loan Query,Low
13511,Login Issue,Medium
13512,Fraud Alert,Low
13513,Card Problem,Low
13514,Login Issue,Medium
13515,Fraud Alert,Low
13516,Card Problem,Low
13517,Login Issue,High
13518,Loan Query,Medium
13519,Loan Query,Low
13520,Loan Query,Medium
13521,App Bug,Medium
13522,Login Issue,High
13523,Card Problem,Medium
13524,Billing,Medium
13525,Billing,Medium
13526,Login Issue,Low
13527,Loan Query,Medium
13528,Card Problem,High
13529,Loan Query,Low
13530,Fraud Alert,Low
13531,App Bug,Medium
13532,Fraud Alert,Low
13533,Fraud Alert,Medium
13534,Billing,Medium
13535,Card Problem,Low
13536,Loan Query,Low
13537,Fraud Alert,Low
13538,App Bug,Medium
13539,App Bug,Low
13540,Login Issue,High
13541,App Bug,Low
13542,Billing,Medium
13543,App Bug,Low
13544,App Bug,Critical
13545,Card Problem,Medium
13546,Loan Query,Medium
13547,Billing,Medium
13548,Fraud Alert,Medium
13549,Loan Query,High
13550,Login Issue,Low
13551,Loan Query,Low
13552,Login Issue,Medium
13553,Card Problem,Critical
13554,App Bug,Low
13555,App Bug,Low
13556,Card Problem,Medium
13557,Fraud Alert,Medium
13558,Login Issue,High
13559,App Bug,Medium
13560,Card Problem,Low
13562,Fraud Alert,Medium
13563,Login Issue,Medium
13564,Card Problem,Low
13565,Card Problem,Medium
13566,Login Issue,Low
13567,App Bug,Low
13568,App Bug,High
13569,Billing,High
13570,App Bug,Medium
13571,Loan Query,Low
13572,Card Problem,Low
13573,Billing,Low
13574,Loan Query,Critical
13575,Fraud Alert,Low
13576,Billing,Low
13577,Billing,Medium
13578,Login Issue,High
13579,Login Issue,Low
13580,Login Issue,Low
13581,Card Problem,Low
13582,Fraud Alert,High
13583,Loan Query,Low
13584,Billing,Low
13585,Card Problem,Medium
13586,Loan Query,Medium
13587,Billing,Medium
13588,Fraud Alert,High
13589,Billing,Medium
13590,Billing,Medium
13591,Billing,Low
13592,Fraud Alert,Medium
13593,Fraud Alert,High
13594,Login Issue,Medium
13595,Billing,Low
13596,Loan Query,Critical
13597,Loan Query,Medium
13598,Card Problem,Medium
13599,Card Problem,Low
13600,Fraud Alert,Critical
13601,Card Problem,Low
13602,Card Problem,Medium
13603,Loan Query,Medium
13604,Fraud Alert,Medium
13605,Loan Query,Medium
13606,App Bug,High
13607,Card Problem,High
13608,Billing,Medium
13609,Fraud Alert,Medium
13610,Loan Query,Medium
13611,Card Problem,Medium
13612,App Bug,Low
13613,App Bug,High
13614,Fraud Alert,Medium
13615,App Bug,Medium
13616,Loan Query,Medium
13617,Loan Query,High
13618,Billing,Low
13619,Login Issue,Medium
13620,Fraud Alert,Low
13621,Fraud Alert,High
13622,Loan Query,High
13623,Billing,Critical
13624,Billing,Medium
13625,Billing,Low
13626,App Bug,Low
13627,Loan Query,Medium
13628,App Bug,Low
13629,Loan Query,Medium
13631,Fraud Alert,Low
13632,Billing,Low
13633,Billing,Low
13634,Fraud Alert,Medium
13635,App Bug,Medium
13636,Loan Query,Medium
13637,Login Issue,Medium
13638,Fraud Alert,Medium
13639,Fraud Alert,Low
13640,Login Issue,Low
13641,Loan Query,Medium
13642,Loan Query,High
13643,Fraud Alert,Medium
13644,Fraud Alert,Low
13645,Login Issue,Medium
13646,Card Problem,Low
13647,Login Issue,Medium
13648,App Bug,High
13649,App Bug,Medium
13650,Loan Query,High
13651,Fraud Alert,Medium
13652,Billing,Low
13653,Loan Query,High
13654,Fraud Alert,Low
13655,App Bug,Low
13656,Login Issue,Low
13657,App Bug,Critical
13658,Loan Query,High
13659,Login Issue,Medium
13660,Login Issue,Medium
13661,Card Problem,Low
13662,Loan Query,Medium
13663,Card Problem,Medium
13664,Loan Query,Low
13665,Billing,High
13666,Login Issue,High
13667,Login Issue,Medium
13668,App Bug,Low
13669,Fraud Alert,Medium
13670,Login Issue,Low
13671,Card Problem,Low
13672,Billing,High
13673,Fraud Alert,Low
13674,App Bug,Low
13675,Login Issue,Medium
13676,Card Problem,High
13677,Login Issue,Low
13678,Fraud Alert,Medium
13679,App Bug,Low
13680,Fraud Alert,Medium
13681,Loan Query,Low
13682,Card Problem,Low
13683,Card Problem,Medium
13684,Card Problem,Critical
13685,Login Issue,Medium
13686,Login Issue,Low
13687,Fraud Alert,Medium
13688,Loan Query,Low
13689,Loan Query,High
13690,Loan Query,Medium
13691,App Bug,Medium
13692,App Bug,Medium
13693,Loan Query,Low
13694,Billing,Low
13695,Login Issue,Medium
13696,Card Problem,Medium
13697,Login Issue,Critical
13698,Fraud Alert,Low
13699,Login Issue,Low
13700,Login Issue,Medium
13701,Card Problem,Critical
13702,Loan Query,Medium
13703,Card Problem,Low
13704,Billing,Medium
13705,Billing,Medium
13706,Fraud Alert,Critical
13707,Loan Query,Medium
13708,Loan Query,High
13709,Login Issue,High
13710,Card Problem,Medium
13711,Billing,Low
13712,Fraud Alert,Medium
13713,Billing,Low
13714,Card Problem,Low
13715,Loan Query,Low
13716,Billing,Medium
13717,Billing,Low
13718,App Bug,Low
13719,Loan Query,Medium
13720,Billing,High
13721,App Bug,Critical
13722,Login Issue,Low
13723,Login Issue,Low
13724,Loan Query,Low
13725,App Bug,Medium
13726,Loan Query,Medium
13727,App Bug,Low
13728,App Bug,Low
13729,Fraud Alert,High
13730,Loan Query,Low
13731,Card Problem,Low
13732,Login Issue,Low
13733,Billing,Medium
13734,Fraud Alert,Low
13735,Card Problem,Medium
13736,Loan Query,Medium
13737,Billing,High
13738,Loan Query,Critical
13739,Billing,Low
13740,App Bug,Low
13741,Card Problem,Low
13742,App Bug,Low
13743,App Bug,High
13744,Loan Query,Medium
13745,Card Problem,Low
13746,Card Problem,High
13747,Card Problem,Low
13748,Card Problem,High
13749,Billing,Critical
13750,Loan Query,Low
13751,Fraud Alert,Low
13752,Login Issue,Medium
13753,Fraud Alert,Low
13754,Login Issue,Low
13755,App Bug,Medium
13756,Loan Query,Low
13757,Card Problem,Low
13758,Billing,High
13759,Loan Query,Low
13760,App Bug,Low
13761,Card Problem,Medium
13762,Loan Query,Medium
13763,Billing,Medium
13764,Card Problem,Low
13765,Billing,Medium
13767,Billing,Low
13768,Billing,Medium
13769,Fraud Alert,Low
13770,Billing,Medium
13771,Fraud Alert,Critical
13772,Login Issue,Critical
13773,Login Issue,Low
13774,Loan Query,Low
13775,Billing,Critical
13776,Card Problem,High
13777,Loan Query,Low
13778,Loan Query,Medium
13779,Fraud Alert,High
13780,Fraud Alert,Medium
13781,Fraud Alert,Low
13782,App Bug,Medium
13783,Loan Query,Medium
13784,Login Issue,High
13785,Fraud Alert,Low
13786,Loan Query,Low
13788,Fraud Alert,High
13789,App Bug,Low
13790,Card Problem,Low
13791,Card Problem,Medium
13792,Loan Query,Low
13793,Loan Query,Low
13794,App Bug,Low
13795,Card Problem,Medium
13796,Login Issue,High
13797,Billing,Low
13798,Fraud Alert,Low
13799,Fraud Alert,High
13800,Login Issue,Low
13801,Loan Query,Medium
13802,Card Problem,Low
13803,App Bug,Medium
13804,Card Problem,Low
13805,Loan Query,High
13806,Fraud Alert,Medium
13807,Billing,Low
13808,Card Problem,Medium
13809,Card Problem,Medium
13810,Billing,Medium
13811,Fraud Alert,High
13812,App Bug,Medium
13813,Fraud Alert,Medium
13814,Card Problem,Low
13815,Billing,High
13816,Fraud Alert,High
13817,App Bug,Low
13818,Card Problem,Low
13819,Loan Query,High
13820,Billing,High
13821,Billing,Low
13822,Card Problem,Medium
13824,Loan Query,High
13825,App Bug,Critical
13826,Loan Query,Low
13827,Billing,Medium
13828,Fraud Alert,Low
13829,Card Problem,Medium
13830,Card Problem,Medium
13831,Login Issue,High
13832,Billing,Low
13833,Fraud Alert,High
13834,Card Problem,Medium
13835,Login Issue,Low
13836,Fraud Alert,Medium
13837,Fraud Alert,Low
13838,Fraud Alert,Low
13839,Billing,Low
13840,Billing,High
13841,Login Issue,High
13842,Login Issue,Low
13843,Login Issue,High
13844,Billing,High
13845,Loan Query,Low
13846,Card Problem,Medium
13847,Fraud Alert,Medium
13848,Login Issue,Low
13849,App Bug,Low
13850,Login Issue,Medium
13851,Billing,Medium
13852,App Bug,Medium
13853,Fraud Alert,Critical
13854,Fraud Alert,Low
13855,Loan Query,High
13856,Loan Query,High
13857,App Bug,High
13858,Fraud Alert,Low
13859,Billing,Low
13860,Loan Query,Low
13861,App Bug,Low
13862,Login Issue,High
13863,Billing,Medium
13864,Loan Query,Medium
13865,Login Issue,Medium
13866,Login Issue,Low
13867,Billing,Low
13868,Card Problem,Critical
13869,Card Problem,High
13870,Card Problem,Low
13871,Loan Query,Critical
13872,Fraud Alert,Medium
13873,Loan Query,Low
13874,Billing,Low
13875,Billing,Medium
13876,Card Problem,High
13877,App Bug,High
13878,Card Problem,Critical
13879,Login Issue,Low
13880,Fraud Alert,High
13881,Loan Query,High
13882,Login Issue,Low
13883,Billing,Low
13884,Billing,Low
13886,Login Issue,Low
13887,App Bug,Medium
13888,Loan Query,Low
13889,Login Issue,Low
13890,Card Problem,Low
13891,Card Problem,Low
13892,Fraud Alert,Medium
13893,Login Issue,High
13894,Card Problem,High
13895,Login Issue,Critical
13896,Fraud Alert,Medium
13897,Billing,Medium
13898,Billing,Low
13899,Billing,Medium
13900,Login Issue,Critical
13901,Loan Query,Low
13902,App Bug,Medium
13903,Billing,Low
13904,Fraud Alert,High
13905,Card Problem,High
13906,Loan Query,Medium
13907,Fraud Alert,High
13908,Login Issue,High
13909,Login Issue,Low
13910,Card Problem,High
13911,Card Problem,Low
13912,Loan Query,Low
13913,App Bug,Low
13914,Loan Query,High
13915,Billing,Low
13916,Login Issue,High
13917,Billing,Low
13918,Loan Query,Medium
13919,Card Problem,Low
13920,Loan Query,Medium
13921,Fraud Alert,Low
13922,Billing,Medium
13923,Card Problem,Medium
13924,App Bug,High
13925,Fraud Alert,Medium
13926,Login Issue,Low
13927,App Bug,Medium
13928,Billing,Low
13929,Login Issue,Low
13930,Login Issue,Medium
13931,Loan Query,Low
13932,Login Issue,High
13933,Login Issue,Low
13934,Login Issue,Low
13935,Loan Query,Low
13936,Billing,Low
13937,Login Issue,Low
13938,Fraud Alert,High
13939,Login Issue,Medium
13940,App Bug,High
13941,Billing,Low
13942,Login Issue,Low
13943,Loan Query,Low
13944,App Bug,Medium
13945,Billing,Low
13946,Loan Query,Low
13947,App Bug,Medium
13948,Card Problem,Low
13949,Billing,Medium
13950,Card Problem,Medium
13951,App Bug,High
13952,Billing,Critical
13953,Billing,Low
13954,App Bug,Critical
13955,Fraud Alert,Low
13956,App Bug,Medium
13957,Card Problem,Low
13958,Card Problem,High
13959,App Bug,Medium
13960,App Bug,Medium
13961,Card Problem,Low
13962,Loan Query,Low
13963,Fraud Alert,High
13964,Fraud Alert,Critical
13965,Card Problem,Medium
13966,Billing,High
13967,Card Problem,Low
13968,Card Problem,Low
13969,Login Issue,Low
13970,Loan Query,Low
13971,Login Issue,High
13972,App Bug,Medium
ticket_1127,Loan Query,Medium
ticket_1143,Billing,High
ticket_1270,Card Problem,Low
ticket_1527,App Bug,High
ticket_1803,Billing,Low
ticket_1881,App Bug,Critical
ticket_1902,Billing,High
ticket_1918,Loan Query,Medium
ticket_2207,App Bug,Medium
ticket_2301,Card Problem,Medium
ticket_2406,Card Problem,Medium
ticket_2555,Loan Query,High
ticket_2647,Card Problem,Low
ticket_2931,Card Problem,Medium
ticket_3103,Login Issue,Low
ticket_3113,Login Issue,Low
ticket_3198,Card Problem,Low
ticket_3235,Loan Query,High
ticket_3262,Loan Query,Low
ticket_3547,Login Issue,Medium
ticket_4040,Card Problem,Low
ticket_4193,App Bug,Critical
ticket_4384,Loan Query,Medium
ticket_4420,Fraud Alert,Low
ticket_4530,App Bug,Low
ticket_4652,Card Problem,Low
ticket_4659,Login Issue,Medium
ticket_4703,Billing,Low
ticket_4704,Login Issue,Low
ticket_4735,Login Issue,Low
ticket_4926,Fraud Alert,High
ticket_4932,App Bug,Medium
ticket_4967,Card Problem,Medium
ticket_5217,Card Problem,Low
ticket_5298,Fraud Alert,High
ticket_5380,Fraud Alert,Critical
ticket_5421,Login Issue,Low
ticket_5447,Billing,Low
ticket_5503,Fraud Alert,High
ticket_5538,App Bug,High
ticket_5651,App Bug,Low
ticket_5777,Login Issue,Low
ticket_5852,Card Problem,Medium
ticket_5981,Fraud Alert,High
ticket_6046,Loan Query,High
ticket_6330,App Bug,Low
ticket_6360,Loan Query,Low
ticket_6464,App Bug,Medium
ticket_6570,Billing,Medium
ticket_6702,Card Problem,Low
ticket_6721,Fraud Alert,Medium
ticket_7011,Fraud Alert,Medium
ticket_7250,App Bug,Medium
ticket_7282,Login Issue,Low
ticket_7294,Loan Query,High
ticket_7324,Login Issue,Critical
ticket_7655,Login Issue,Low
ticket_7697,Login Issue,Low
ticket_7887,Loan Query,High
ticket_8140,Loan Query,Medium
ticket_8217,Card Problem,High
ticket_8258,App Bug,High
ticket_9061,Card Problem,Low
ticket_9111,Billing,Low
ticket_9441,Card Problem,High
ticket_9619,App Bug,Medium
ticket_9817,Billing,Medium
ticket_13787,Loan Query,Low
ticket_13477,App Bug,Low
ticket_13396,Loan Query,Low
ticket_13022,Login Issue,Low
ticket_12896,Loan Query,Medium
ticket_12894,App Bug,High
ticket_12687,Loan Query,Low
ticket_12655,Login Issue,High
ticket_12501,Card Problem,Medium
ticket_12246,Billing,Medium
ticket_12077,Card Problem,High
ticket_11907,Login Issue,Low
ticket_11435,Billing,High
ticket_11312,Fraud Alert,High
ticket_11189,Loan Query,Medium
ticket_11061,Billing,Low
ticket_11036,Login Issue,Medium
ticket_10937,Login Issue,Low
ticket_10925,Billing,Medium
ticket_10901,Billing,Low
ticket_10740,App Bug,Low
ticket_10704,Loan Query,Low
ticket_10562,Card Problem,Medium
ticket_10354,Card Problem,Low
ticket_10318,Loan Query,Low
ticket_10213,App Bug,Medium
ticket_10054,Billing,Low
ticket_10022,Loan Query,Low
ticket_10016,Loan Query,Medium
ticket_324,Loan Query,High
ticket_339,Fraud Alert,Low
ticket_385,Billing,Low
ticket_442,Loan Query,Medium
ticket_472,Card Problem,Low
ticket_596,Fraud Alert,Medium
ticket_647,Login Issue,Medium
ticket_664,App Bug,Medium
ticket_678,Loan Query,Low
ticket_737,Card Problem,Medium
ticket_774,Login Issue,Low
ticket_889,Billing,Low
,No Ticket,
